# Blender 5.1.2
# www.blender.org
o PlotterFuerHeinrichV1.010
v 130.000031 212.300018 24.000015
v 130.000031 212.300018 26.000004
v 130.000031 212.300018 31.000004
v 131.618790 209.446533 26.299973
v 132.518784 207.946533 26.299973
v 132.733704 208.692871 26.299973
v 131.787491 210.964874 26.299973
v 132.318344 210.953171 26.299973
v 132.992874 209.418762 26.299973
v 133.343231 210.135696 26.299973
v 133.704742 210.827774 26.299973
v 131.618790 209.446533 30.699982
v 132.518784 207.946533 30.699984
v 132.733704 208.692871 30.699984
v 131.787491 210.964874 30.699982
v 132.318344 210.953171 30.699982
v 132.992874 209.418762 30.699984
v 133.343231 210.135696 30.699984
v 133.704742 210.827774 30.699984
v 132.000031 212.300018 25.000015
v 131.852127 211.604218 26.299973
v 131.914276 212.334259 26.299973
v 132.000031 212.300018 26.000004
v 131.971558 213.126984 26.299973
v 132.021759 213.951904 26.299973
v 134.007568 211.516129 26.299973
v 134.318176 212.264755 26.299973
v 133.118790 213.946533 26.299973
v 131.852127 211.604218 30.699982
v 131.914276 212.334259 30.699982
v 132.000031 212.300018 31.000004
v 131.971558 213.126984 30.699982
v 132.021759 213.951904 30.699982
v 134.007568 211.516129 30.699984
v 134.318176 212.264755 30.699984
v 133.118790 213.946533 30.699984
v 130.000031 212.300018 33.205784
v 131.200027 212.300018 33.205780
v 130.000031 212.314606 33.446854
v 130.000031 212.358124 33.684410
v 130.000031 212.429993 33.914989
v 131.200027 212.314606 33.446854
v 131.200027 212.358124 33.684410
v 131.200027 212.429993 33.914989
v 130.000031 212.529114 34.135227
v 130.000031 212.654053 34.341908
v 130.000031 212.803009 34.532024
v 130.000031 212.973770 34.702801
v 130.000031 213.163879 34.851746
v 130.000031 213.370575 34.976692
v 130.000031 213.590805 35.075813
v 130.000046 213.821381 35.147663
v 131.200027 212.529114 34.135227
v 131.200027 212.654053 34.341908
v 131.200027 212.803009 34.532024
v 131.200027 212.973770 34.702801
v 131.200027 213.163879 34.851746
v 131.200027 213.370575 34.976692
v 131.200027 213.590805 35.075813
v 131.200043 213.821381 35.147663
v 132.062958 214.777313 26.299973
v 132.093567 215.571518 26.299973
v 132.112427 216.303955 26.299973
v 132.118790 216.946518 26.299973
v 132.062958 214.777313 30.699982
v 132.093567 215.571518 30.699982
v 132.112427 216.303955 30.699982
v 132.118790 216.946518 30.699982
v 132.118790 218.247055 26.299973
v 133.118790 218.247055 26.299973
v 132.118790 218.247055 30.699982
v 133.118790 218.247055 30.699984
v 130.000046 214.058945 35.191196
v 130.000046 214.300018 35.205780
v 131.200043 214.058945 35.191196
v 131.200043 214.300018 35.205780
v 134.500031 212.300018 24.000015
v 134.500031 212.300018 25.000015
v 134.537308 213.119232 26.299973
v 134.618790 213.946533 26.299973
v 134.537308 213.119232 30.699984
v 134.618790 213.946533 30.699984
v 134.500031 218.217453 24.000015
v 134.500031 218.217453 25.000015
v 134.515320 218.645493 24.000015
v 134.561096 219.071335 24.000015
v 134.515320 218.645493 25.000015
v 134.561096 219.071335 25.000015
v 134.637146 219.492844 24.000015
v 134.743073 219.907852 24.000015
v 134.637146 219.492844 25.000015
v 134.743073 219.907852 25.000015
v 130.000046 212.429993 44.896561
v 130.000046 212.314606 45.364697
v 130.000046 212.358124 45.127140
v 130.000046 212.300018 45.605770
v 131.200043 212.429993 44.896561
v 131.200043 212.314606 45.364697
v 131.200043 212.358124 45.127140
v 131.200043 212.300018 45.605770
v 130.000046 212.654053 44.469643
v 130.000046 212.803009 44.279526
v 130.000046 212.973770 44.108749
v 130.000046 213.163879 43.959805
v 130.000046 213.821381 43.663887
v 130.000046 213.370575 43.834862
v 130.000046 213.590805 43.735741
v 131.200043 212.654053 44.469643
v 131.200043 212.803009 44.279526
v 131.200043 212.973770 44.108749
v 131.200043 213.163879 43.959805
v 131.200043 213.821381 43.663887
v 131.200043 213.370575 43.834858
v 131.200043 213.590805 43.735741
v 130.000046 212.529114 44.676327
v 131.200043 212.529114 44.676327
v 130.000046 212.300018 46.999996
v 130.000046 212.300018 52.000000
v 130.000046 212.300018 53.999992
v 131.618790 209.446533 47.300022
v 132.518784 207.946533 47.300022
v 132.733704 208.692871 47.300018
v 131.787491 210.964874 47.300022
v 132.318344 210.953171 47.300018
v 132.992874 209.418762 47.300018
v 133.343231 210.135696 47.300018
v 133.704742 210.827774 47.300022
v 131.618790 209.446533 51.699966
v 132.518784 207.946533 51.699966
v 132.733704 208.692871 51.699966
v 131.787491 210.964874 51.699966
v 132.318344 210.953171 51.699966
v 132.992874 209.418762 51.699966
v 133.343231 210.135696 51.699966
v 133.704742 210.827774 51.699966
v 131.852127 211.604218 47.300018
v 131.914276 212.334259 47.300022
v 132.000031 212.300018 46.999992
v 131.971558 213.126984 47.300022
v 132.021759 213.951904 47.300022
v 134.007568 211.516129 47.300022
v 134.318176 212.264755 47.300022
v 133.118790 213.946533 47.300022
v 131.852127 211.604218 51.699966
v 131.914276 212.334259 51.699966
v 132.000046 212.300018 51.999996
v 132.000046 212.300018 52.999992
v 131.971558 213.126984 51.699966
v 132.021759 213.951904 51.699966
v 134.007568 211.516129 51.699966
v 134.318176 212.264755 51.699966
v 133.118790 213.946533 51.699966
v 130.000046 214.058945 43.620354
v 130.000046 214.300018 43.605774
v 131.200043 214.058945 43.620354
v 131.200043 214.300018 43.605770
v 132.062958 214.777313 47.300022
v 132.093567 215.571518 47.300022
v 132.112427 216.303955 47.300022
v 132.118790 216.946518 47.300022
v 132.062958 214.777313 51.699966
v 132.093567 215.571518 51.699966
v 132.112427 216.303955 51.699966
v 132.118790 216.946518 51.699966
v 132.118790 218.247055 47.300022
v 133.118790 218.247055 47.300022
v 132.118790 218.247055 51.699966
v 133.118790 218.247055 51.699966
v 134.537308 213.119232 47.300022
v 134.618790 213.946533 47.300022
v 134.500031 212.300018 52.999992
v 134.500031 212.300018 53.999992
v 134.537308 213.119232 51.699966
v 134.618790 213.946533 51.699966
v 134.500031 218.217453 52.999992
v 134.500031 218.217453 53.999992
v 134.515320 218.645493 52.999992
v 134.561096 219.071335 52.999992
v 134.515320 218.645493 53.999992
v 134.561096 219.071335 53.999992
v 134.637146 219.492844 52.999992
v 134.743073 219.907852 52.999992
v 134.637146 219.492844 53.999992
v 134.743073 219.907852 53.999992
v 129.141571 223.130157 26.299982
v 130.000000 222.238586 25.775084
v 130.000031 222.238586 25.775084
v 129.999985 222.765686 25.775082
v 130.000031 222.765686 25.775082
v 130.000031 222.238586 26.000004
v 130.000000 222.238586 26.299984
v 129.999985 222.765686 26.299982
v 131.199982 222.245041 26.000004
v 131.199982 222.245041 26.299984
v 131.199982 222.772156 26.000004
v 131.199982 222.772156 26.299982
v 129.141571 223.130157 30.699989
v 130.000000 222.238586 30.699993
v 130.000031 222.238586 31.000004
v 130.000000 222.238586 31.127760
v 130.000031 222.238586 31.127760
v 129.999985 222.765686 30.699989
v 129.999985 222.765686 31.127758
v 130.000031 222.765686 31.127758
v 131.199982 222.245041 30.699993
v 131.199982 222.245041 31.000004
v 131.199982 222.772156 30.699989
v 131.199982 222.772156 31.000004
v 128.609329 223.849136 26.299982
v 129.747375 223.925781 26.299982
v 129.479874 224.341232 26.299982
v 128.371521 224.871933 26.299982
v 128.490845 225.752884 26.299982
v 129.371490 224.879547 26.299982
v 129.443176 225.447784 26.299982
v 129.698044 225.898636 26.299982
v 129.999985 223.765671 25.775082
v 130.000031 223.765671 25.775082
v 129.999985 223.765671 26.299982
v 131.199997 223.772125 26.000004
v 131.199997 223.772125 26.299982
v 129.990723 225.487793 25.775082
v 130.000031 225.487839 25.775082
v 130.000031 225.487839 26.000004
v 129.990723 225.487793 26.299980
v 130.063065 226.169449 26.299982
v 131.190720 225.494247 26.000004
v 131.190720 225.494247 26.299980
v 131.142990 226.196686 26.299982
v 128.609329 223.849136 30.699989
v 129.747375 223.925781 30.699989
v 129.479874 224.341232 30.699989
v 128.371521 224.871933 30.699989
v 128.490845 225.752884 30.699989
v 129.371490 224.879547 30.699989
v 129.443176 225.447784 30.699989
v 129.698044 225.898636 30.699989
v 129.999985 223.765671 30.699989
v 129.999985 223.765671 31.127758
v 130.000031 223.765671 31.127758
v 131.199997 223.772125 30.699989
v 131.199997 223.772125 31.000004
v 129.990723 225.487793 30.699989
v 130.000031 225.487839 31.000004
v 129.990723 225.487793 31.127756
v 130.000031 225.487839 31.127756
v 130.063065 226.169449 30.699989
v 131.190720 225.494247 30.699989
v 131.190720 225.494247 31.000004
v 131.142990 226.196686 30.699989
v 132.118790 224.176727 26.299973
v 132.095001 224.700027 26.299982
v 132.038452 225.129440 26.299982
v 131.551300 225.938828 26.299982
v 131.853653 225.546890 26.299982
v 132.654800 226.145355 26.299982
v 133.118790 224.176727 26.299973
v 133.089828 224.801590 26.299982
v 132.984543 225.453339 26.299982
v 132.118790 224.176727 30.699982
v 132.095001 224.700027 30.699989
v 132.038452 225.129440 30.699989
v 131.551300 225.938828 30.699989
v 131.853653 225.546890 30.699989
v 132.654800 226.145355 30.699989
v 133.118790 224.176727 30.699984
v 133.089828 224.801590 30.699989
v 132.984543 225.453339 30.699989
v 128.943222 226.554581 26.299982
v 129.745483 227.117676 26.299982
v 130.000031 227.528305 24.000015
v 130.635254 226.274063 26.299982
v 130.000031 227.528305 26.000004
v 130.608536 227.273712 26.299982
v 128.943222 226.554581 30.699989
v 129.745483 227.117676 30.699989
v 130.635254 226.274063 30.699989
v 130.000031 227.528305 31.000004
v 130.608536 227.273712 30.699989
v 130.000031 232.300018 24.000015
v 130.000031 232.300018 26.000004
v 130.000031 232.300018 31.000002
v 132.000031 226.300018 25.000015
v 132.000031 226.300018 26.000004
v 131.481033 227.137817 26.299982
v 132.000031 227.528305 26.000004
v 132.211868 226.689590 26.299982
v 132.893814 228.650009 24.000015
v 132.842239 228.760605 24.000015
v 132.810669 228.878464 24.000015
v 132.800034 229.000015 24.000015
v 132.893814 228.650009 26.000004
v 132.842239 228.760605 26.000004
v 132.810669 228.878464 26.000004
v 132.800034 229.000015 26.000004
v 132.961670 226.300018 25.000015
v 132.961670 226.300018 26.000002
v 133.050079 228.463791 24.000015
v 133.150024 228.393799 24.000015
v 133.260620 228.342224 24.000015
v 133.378479 228.310654 24.000015
v 133.500031 228.300018 24.000015
v 132.963806 228.550064 24.000015
v 133.050079 228.463791 26.000004
v 133.150024 228.393799 26.000004
v 133.260620 228.342224 26.000004
v 133.378479 228.310654 26.000004
v 133.500031 228.300018 26.000004
v 132.963806 228.550064 26.000004
v 132.000031 226.300018 31.000004
v 131.481033 227.137817 30.699989
v 132.000031 227.528305 31.000004
v 132.211868 226.689590 30.699989
v 132.893814 228.650009 31.000002
v 132.842239 228.760605 31.000002
v 132.810669 228.878464 31.000000
v 132.800034 229.000015 31.000000
v 132.961670 226.300018 31.000004
v 133.050079 228.463791 31.000000
v 133.150024 228.393799 31.000002
v 133.260620 228.342224 31.000002
v 133.378479 228.310654 31.000002
v 133.500031 228.300018 31.000000
v 132.963806 228.550064 31.000000
v 132.800034 230.700012 24.000015
v 132.800034 230.700012 26.000004
v 132.800034 230.700012 31.000000
v 130.000046 229.300018 35.205780
v 130.000046 229.541092 35.220360
v 131.200043 229.300018 35.205780
v 131.200043 229.541092 35.220360
v 130.000046 229.778641 35.263897
v 130.000046 230.009232 35.335747
v 130.000046 230.229462 35.434868
v 130.000046 230.436142 35.559811
v 130.000046 230.626266 35.708759
v 131.200043 229.778641 35.263897
v 131.200043 230.009232 35.335747
v 131.200043 230.229462 35.434868
v 131.200043 230.436142 35.559811
v 131.200043 230.626266 35.708759
v 130.000046 230.797043 35.879532
v 130.000046 230.945984 36.069649
v 130.000046 231.070923 36.276333
v 130.000046 231.170044 36.496571
v 130.000046 231.241898 36.727146
v 130.000046 231.285431 36.964706
v 131.200043 230.797043 35.879532
v 131.200043 230.945984 36.069649
v 131.200043 231.070923 36.276333
v 131.200043 231.170044 36.496571
v 131.200043 231.241898 36.727146
v 131.200043 231.285431 36.964706
v 130.000046 231.300018 37.205780
v 131.200043 231.300018 37.205780
v 134.878326 220.314240 24.000015
v 135.042236 220.709946 24.000015
v 134.878326 220.314240 25.000015
v 135.042236 220.709946 25.000015
v 135.233963 221.092941 24.000015
v 135.452515 221.461288 24.000015
v 135.233963 221.092941 25.000015
v 135.452515 221.461288 25.000015
v 135.696777 221.813110 24.000015
v 135.696777 221.813110 25.000015
v 135.965530 222.146606 24.000015
v 135.965530 222.146606 25.000015
v 136.257385 222.460098 24.000015
v 136.570862 222.751953 24.000015
v 136.257385 222.460098 25.000015
v 136.570862 222.751953 25.000015
v 136.904358 223.020691 24.000015
v 136.904358 223.020691 25.000015
v 137.256180 223.264969 24.000015
v 137.256180 223.264969 25.000015
v 136.730850 224.219971 25.000015
v 136.730850 224.219971 26.000004
v 136.730850 224.219971 31.000006
v 137.624542 223.483521 24.000015
v 138.007538 223.675247 24.000015
v 137.624542 223.483521 25.000015
v 138.007538 223.675247 25.000015
v 138.403244 223.839142 24.000015
v 138.403244 223.839142 25.000015
v 138.809631 223.974411 24.000015
v 138.809631 223.974411 25.000015
v 139.224640 224.080338 24.000015
v 139.646149 224.156372 24.000015
v 139.224640 224.080338 25.000015
v 139.646149 224.156372 25.000015
v 140.071991 224.202164 24.000015
v 140.071991 224.202164 25.000015
v 136.730850 226.300018 25.000015
v 136.730850 226.300018 25.000015
v 136.730850 226.300018 26.000004
v 136.730850 226.300018 31.000006
v 134.500031 230.700012 24.000015
v 134.500031 230.700012 26.000004
v 134.500031 232.300018 24.000015
v 134.500031 232.300018 26.000004
v 134.500031 230.700012 31.000000
v 134.500031 232.300018 31.000002
v 129.141571 223.130157 47.300030
v 130.000000 222.238586 46.829010
v 130.000046 222.238586 46.829010
v 130.000046 222.238586 46.999996
v 130.000000 222.238586 47.300030
v 129.999985 222.765686 46.829010
v 130.000046 222.765686 46.829010
v 129.999985 222.765686 47.300030
v 131.199982 222.245041 46.999996
v 131.199982 222.245041 47.300030
v 131.199982 222.772156 46.999996
v 131.199982 222.772156 47.300030
v 129.141571 223.130157 51.699974
v 130.000000 222.238586 51.699978
v 130.000046 222.238586 51.999996
v 130.000000 222.238586 52.092667
v 130.000046 222.238586 52.092667
v 129.999985 222.765686 51.699974
v 129.999985 222.765686 52.092667
v 130.000046 222.765686 52.092667
v 131.199982 222.245041 51.699978
v 131.199982 222.245041 51.999996
v 131.199982 222.772156 51.699974
v 131.199982 222.772156 51.999996
v 128.609329 223.849136 47.300030
v 129.747375 223.925781 47.300030
v 129.479874 224.341232 47.300030
v 128.371521 224.871933 47.300030
v 128.490845 225.752884 47.300030
v 129.371490 224.879547 47.300030
v 129.443176 225.447784 47.300030
v 129.698044 225.898636 47.300030
v 129.999985 223.765671 46.829010
v 130.000046 223.765671 46.829010
v 129.999985 223.765671 47.300030
v 131.199997 223.772125 46.999996
v 131.199997 223.772125 47.300030
v 129.990723 225.487793 46.829010
v 130.000046 225.487839 46.829010
v 130.000046 225.487839 46.999996
v 129.990723 225.487793 47.300026
v 130.063065 226.169449 47.300030
v 131.190720 225.494247 46.999996
v 131.190720 225.494247 47.300026
v 131.142990 226.196686 47.300030
v 128.609329 223.849136 51.699974
v 129.747375 223.925781 51.699974
v 129.479874 224.341232 51.699974
v 128.371521 224.871933 51.699974
v 128.490845 225.752884 51.699974
v 129.371490 224.879547 51.699974
v 129.443176 225.447784 51.699974
v 129.698044 225.898636 51.699974
v 129.999985 223.765671 51.699974
v 129.999985 223.765671 52.092667
v 130.000046 223.765671 52.092667
v 131.199997 223.772125 51.699974
v 131.199997 223.772125 51.999996
v 129.990723 225.487793 51.699974
v 130.000046 225.487839 51.999996
v 129.990723 225.487793 52.092663
v 130.000046 225.487839 52.092663
v 130.063065 226.169449 51.699974
v 131.190720 225.494247 51.699974
v 131.190720 225.494247 51.999996
v 131.142990 226.196686 51.699974
v 132.118790 224.176727 47.300022
v 132.095001 224.700027 47.300030
v 132.038452 225.129440 47.300030
v 131.551300 225.938828 47.300030
v 131.853653 225.546890 47.300030
v 132.654800 226.145355 47.300030
v 133.118790 224.176727 47.300022
v 133.089828 224.801590 47.300030
v 132.984543 225.453339 47.300030
v 132.118790 224.176727 51.699966
v 132.095001 224.700027 51.699974
v 132.038452 225.129440 51.699974
v 131.551300 225.938828 51.699974
v 131.853653 225.546890 51.699974
v 132.654800 226.145355 51.699974
v 133.118790 224.176727 51.699966
v 133.089828 224.801590 51.699974
v 132.984543 225.453339 51.699974
v 130.000046 231.300018 41.605774
v 130.000046 230.945984 42.741905
v 130.000046 231.070923 42.535221
v 130.000046 231.285431 41.846848
v 130.000046 231.241898 42.084408
v 130.000046 231.170044 42.314983
v 131.200043 231.300018 41.605774
v 131.200043 230.945984 42.741905
v 131.200043 231.070923 42.535221
v 131.200043 231.285431 41.846848
v 131.200043 231.241898 42.084408
v 131.200043 231.170044 42.314983
v 130.000046 229.300018 43.605774
v 130.000046 229.541092 43.591194
v 130.000046 229.778641 43.547653
v 130.000046 230.009232 43.475803
v 130.000046 230.229462 43.376686
v 130.000046 230.626266 43.102798
v 130.000046 230.436142 43.251740
v 131.200043 229.300018 43.605770
v 131.200043 229.541092 43.591190
v 131.200043 229.778641 43.547653
v 131.200043 230.009232 43.475803
v 131.200043 230.229462 43.376682
v 131.200043 230.626266 43.102798
v 131.200043 230.436142 43.251740
v 130.000046 230.797043 42.932022
v 131.200043 230.797043 42.932022
v 128.943222 226.554581 47.300030
v 129.745483 227.117676 47.300030
v 130.635254 226.274063 47.300030
v 130.000046 227.528305 46.999996
v 130.608536 227.273712 47.300030
v 128.943222 226.554581 51.699974
v 129.745483 227.117676 51.699974
v 130.635254 226.274063 51.699974
v 130.000046 227.528305 51.999996
v 130.608536 227.273712 51.699974
v 130.000046 227.528305 53.999992
v 130.000046 232.300018 47.000000
v 130.000046 232.300018 51.999992
v 130.000046 232.300018 53.999992
v 132.000031 226.300018 46.999992
v 131.481033 227.137817 47.300030
v 132.000031 227.528305 46.999992
v 132.211868 226.689590 47.300030
v 132.893814 228.650009 46.999996
v 132.842239 228.760605 46.999996
v 132.810669 228.878464 46.999996
v 132.800034 229.000015 46.999996
v 132.961670 226.300018 46.999996
v 133.050079 228.463791 46.999996
v 133.150024 228.393799 46.999996
v 133.260620 228.342224 46.999996
v 133.378479 228.310654 46.999996
v 133.500031 228.300018 46.999996
v 132.963806 228.550064 46.999996
v 132.000046 226.300018 51.999996
v 131.481033 227.137817 51.699974
v 132.000046 227.528305 51.999996
v 132.211868 226.689590 51.699974
v 132.000046 226.300018 52.999992
v 132.893829 228.650009 51.999992
v 132.842255 228.760605 51.999992
v 132.810669 228.878464 52.000000
v 132.800049 229.000015 52.000000
v 132.893829 228.650009 53.999992
v 132.842255 228.760605 53.999992
v 132.810684 228.878464 53.999992
v 132.800049 229.000015 53.999992
v 132.961670 226.300018 51.999996
v 132.961670 226.300018 52.999992
v 133.050079 228.463791 52.000000
v 133.150024 228.393799 51.999992
v 133.260620 228.342224 51.999992
v 133.378479 228.310654 51.999992
v 133.500031 228.300018 52.000000
v 132.963806 228.550064 52.000000
v 133.050095 228.463791 53.999992
v 133.150040 228.393799 53.999992
v 133.260620 228.342224 53.999992
v 133.378479 228.310654 53.999992
v 133.500031 228.300018 53.999992
v 132.963821 228.550064 53.999992
v 132.800034 230.700012 46.999992
v 132.800049 230.700012 51.999992
v 132.800049 230.700012 53.999992
v 134.878326 220.314240 52.999992
v 135.042236 220.709946 52.999992
v 134.878326 220.314240 53.999992
v 135.042236 220.709946 53.999992
v 135.233963 221.092941 52.999992
v 135.452515 221.461288 52.999992
v 135.233963 221.092941 53.999992
v 135.452515 221.461288 53.999992
v 135.696777 221.813110 52.999992
v 135.696777 221.813110 53.999992
v 135.965530 222.146606 52.999992
v 135.965530 222.146606 53.999992
v 136.257385 222.460098 52.999992
v 136.570862 222.751953 52.999992
v 136.257385 222.460098 53.999992
v 136.570862 222.751953 53.999992
v 136.904358 223.020691 52.999992
v 136.904358 223.020691 53.999992
v 136.730850 224.219971 46.999996
v 136.730850 224.219971 51.999996
v 137.256180 223.264969 52.999992
v 137.256180 223.264969 53.999992
v 136.730850 224.219971 52.999992
v 137.624542 223.483521 52.999992
v 138.007538 223.675247 52.999992
v 137.624542 223.483521 53.999992
v 138.007538 223.675247 53.999992
v 138.403244 223.839142 52.999992
v 138.403244 223.839142 53.999992
v 138.809631 223.974411 52.999992
v 138.809631 223.974411 53.999992
v 139.224640 224.080338 52.999992
v 139.646149 224.156372 52.999992
v 139.224640 224.080338 53.999992
v 139.646149 224.156372 53.999992
v 140.071991 224.202164 52.999992
v 140.071991 224.202164 53.999992
v 139.300034 228.300018 44.000000
v 139.715408 230.715393 42.214329
v 139.496140 230.770645 42.495811
v 139.691879 230.546402 42.599998
v 139.641739 230.641724 42.394787
v 139.622589 230.622574 42.495811
v 139.672989 230.672974 42.299999
v 139.553345 230.683762 42.599998
v 139.936676 230.394379 42.495811
v 140.116577 230.319870 42.495811
v 140.024139 230.344147 42.599998
v 139.767700 230.767685 42.140373
v 139.891281 230.662140 42.140373
v 139.847809 230.602310 42.214329
v 139.996277 230.511337 42.214329
v 140.029846 230.577225 42.140373
v 140.111771 230.738022 42.036182
v 139.941635 230.731445 42.080383
v 140.068741 230.653564 42.080383
v 139.786560 230.518021 42.394787
v 139.812546 230.553772 42.299999
v 139.770660 230.496124 42.495811
v 139.850082 230.432266 42.599998
v 139.948975 230.418503 42.394787
v 139.969040 230.457886 42.299999
v 140.124939 230.345612 42.394787
v 140.138596 230.387650 42.299999
v 140.310150 230.301147 42.394787
v 140.305908 230.274414 42.495811
v 140.209778 230.284180 42.599998
v 140.317062 230.344803 42.299999
v 140.402481 230.253830 42.599998
v 140.157135 230.444702 42.214329
v 140.179993 230.515030 42.140373
v 140.235748 230.686661 42.036182
v 140.206467 230.596512 42.080383
v 140.338013 230.477097 42.140373
v 140.326447 230.404053 42.214329
v 140.351410 230.561707 42.080383
v 140.366241 230.655334 42.036182
v 140.382050 230.755112 42.009113
v 139.345627 231.124924 42.394787
v 139.319885 231.116562 42.495811
v 139.348267 231.014282 42.599998
v 139.301163 231.310135 42.394787
v 139.344818 231.317047 42.299999
v 139.274429 231.305893 42.495811
v 139.286713 231.199402 42.599998
v 139.259140 231.500000 42.495811
v 139.286209 231.500000 42.394787
v 139.330414 231.500000 42.299999
v 139.254715 231.391846 42.599998
v 139.444717 231.157120 42.214329
v 139.511353 230.996262 42.214329
v 139.602325 230.847794 42.214329
v 139.662155 230.891266 42.140373
v 139.731461 230.941620 42.080383
v 139.738037 231.111755 42.036182
v 139.577240 231.029831 42.140373
v 139.653580 231.068726 42.080383
v 139.418518 230.948959 42.394787
v 139.394394 230.936661 42.495811
v 139.518036 230.786545 42.394787
v 139.437866 230.841003 42.599998
v 139.387665 231.138580 42.299999
v 139.457901 230.969025 42.299999
v 139.553787 230.812531 42.299999
v 139.404068 231.326431 42.214329
v 139.515045 231.179977 42.140373
v 139.477112 231.337997 42.140373
v 139.390396 231.500000 42.214329
v 139.464355 231.500000 42.140373
v 139.550034 231.500000 42.080383
v 139.686676 231.235733 42.036182
v 139.596527 231.206451 42.080383
v 139.644821 231.500000 42.036182
v 139.655350 231.366226 42.036182
v 139.561722 231.351379 42.080383
v 139.301163 231.689896 42.394787
v 139.344818 231.682983 42.299999
v 139.274429 231.694122 42.495811
v 139.253052 231.586914 42.599998
v 139.345627 231.875092 42.394787
v 139.319885 231.883453 42.495811
v 139.281769 231.779877 42.599998
v 139.340149 231.966034 42.599998
v 139.404068 231.673599 42.214329
v 139.477112 231.662018 42.140373
v 139.444717 231.842896 42.214329
v 139.515045 231.820038 42.140373
v 139.655350 231.633789 42.036182
v 139.561722 231.648621 42.080383
v 139.686676 231.764282 42.036182
v 139.738037 231.888275 42.036182
v 139.596527 231.793579 42.080383
v 139.387665 231.861450 42.299999
v 139.511353 232.003754 42.214329
v 139.577240 231.970184 42.140373
v 139.653580 231.931305 42.080383
v 139.662155 232.108765 42.140373
v 139.731461 232.058411 42.080383
v 139.602325 232.152222 42.214329
v 139.691788 232.300018 42.250034
v 139.715408 232.284637 42.214329
v 139.418518 232.051071 42.394787
v 139.394394 232.063354 42.495811
v 139.457901 232.031006 42.299999
v 139.518036 232.213470 42.394787
v 139.496140 232.229370 42.495811
v 139.426788 232.140808 42.599998
v 139.546677 232.300018 42.522053
v 139.539566 232.300018 42.599998
v 139.553787 232.187500 42.299999
v 139.597839 232.300018 42.374870
v 139.641434 232.300018 42.307369
v 139.566238 232.300018 42.445114
v 139.895309 230.895294 42.036182
v 139.828278 230.828262 42.080383
v 139.808151 230.997330 42.036182
v 139.828049 231.157623 42.009113
v 139.889877 231.056717 42.009113
v 139.997345 230.808136 42.036182
v 139.966736 230.966721 42.009113
v 140.056732 230.889862 42.009113
v 140.002106 231.082199 42.000000
v 140.082214 231.002090 42.000000
v 139.782761 231.266953 42.009113
v 139.889236 231.277695 42.000000
v 139.755127 231.382019 42.009113
v 139.745834 231.500000 42.009113
v 139.859909 231.387146 42.000000
v 140.157639 230.828033 42.009113
v 140.266968 230.782745 42.009113
v 140.277710 230.889221 42.000000
v 139.755127 231.617981 42.009113
v 139.859909 231.612885 42.000000
v 139.889236 231.722321 42.000000
v 139.782761 231.733063 42.009113
v 139.828049 231.842407 42.009113
v 140.002106 231.917831 42.000000
v 139.808151 232.002686 42.036182
v 139.889877 231.943298 42.009113
v 139.895309 232.104736 42.036182
v 139.828278 232.171753 42.080383
v 139.767700 232.232330 42.140373
v 139.818710 232.300018 42.153828
v 139.752197 232.300018 42.198505
v 139.885895 232.300018 42.118961
v 139.966736 232.033295 42.009113
v 140.082214 231.997940 42.000000
v 139.997345 232.191895 42.036182
v 140.056732 232.110168 42.009113
v 140.111771 232.261993 42.036182
v 139.941635 232.268585 42.080383
v 140.030853 232.300018 42.068775
v 140.157639 232.171997 42.009113
v 140.187134 232.300018 42.038273
v 140.277710 232.110809 42.000000
v 140.266968 232.217285 42.009113
v 140.346313 232.300018 42.023136
v 140.382050 232.244904 42.009113
v 138.899887 229.918228 44.000000
v 138.583038 230.322037 44.000000
v 138.461182 230.548401 44.000000
v 138.729904 230.111069 44.000000
v 138.365936 230.787170 44.000000
v 138.298553 231.035248 44.000000
v 138.259903 231.289398 44.000000
v 138.250504 231.546280 44.000000
v 138.270462 231.802582 44.000000
v 138.319534 232.054901 44.000000
v 138.397049 232.300018 44.000000
v 139.300034 229.596725 44.000000
v 139.090759 229.746033 44.000000
v 139.691879 230.546402 44.000000
v 139.553345 230.683762 44.000000
v 140.024139 230.344147 44.000000
v 139.850082 230.432266 44.000000
v 140.209778 230.284180 44.000000
v 140.402481 230.253830 44.000000
v 139.348267 231.014282 44.000000
v 139.286713 231.199402 44.000000
v 139.254715 231.391846 44.000000
v 139.437866 230.841003 44.000000
v 139.253052 231.586914 44.000000
v 139.281769 231.779877 44.000000
v 139.340149 231.966034 44.000000
v 139.426788 232.140808 44.000000
v 139.539566 232.300018 44.000000
v 136.730850 226.300018 46.999996
v 136.730850 226.300018 51.999996
v 136.730850 226.300018 52.999992
v 134.500031 230.700012 46.999992
v 134.500031 232.300018 47.000000
v 134.500031 230.700012 51.999992
v 134.500031 230.700012 53.999992
v 134.500031 232.300018 51.999992
v 134.500031 232.300018 53.999992
v 139.300034 228.300018 46.999996
v 139.300034 228.300018 52.000000
v 139.300034 228.300018 53.999992
v 138.899887 229.918228 46.999996
v 138.583038 230.322037 46.999996
v 138.461182 230.548401 46.999996
v 138.729904 230.111069 46.999996
v 138.365936 230.787170 46.999996
v 138.298553 231.035248 47.000000
v 138.259903 231.289398 47.000000
v 138.250504 231.546280 47.000000
v 138.270462 231.802582 47.000000
v 138.319534 232.054901 47.000000
v 138.397049 232.300018 47.000000
v 139.300034 229.596725 46.999996
v 139.090759 229.746033 46.999996
v 138.899887 229.918228 51.999992
v 138.583038 230.322037 51.999992
v 138.461182 230.548401 51.999992
v 138.729904 230.111069 51.999992
v 138.899887 229.918228 53.999992
v 138.583038 230.322037 53.999992
v 138.461182 230.548401 53.999992
v 138.729904 230.111069 53.999992
v 138.365936 230.787170 51.999992
v 138.298553 231.035248 51.999992
v 138.259903 231.289398 51.999992
v 138.250504 231.546280 51.999992
v 138.270462 231.802582 51.999992
v 138.319534 232.054901 51.999992
v 138.397049 232.300018 51.999992
v 138.365936 230.787170 53.999992
v 138.298553 231.035248 53.999992
v 138.259903 231.289398 53.999992
v 138.250504 231.546280 53.999992
v 138.270462 231.802582 53.999992
v 138.319534 232.054901 53.999992
v 138.397049 232.300018 53.999992
v 139.300034 229.596725 51.999992
v 139.090759 229.746033 51.999992
v 139.300034 229.596725 53.999992
v 139.090759 229.746033 53.999992
v 146.500000 212.300018 24.000015
v 146.500000 212.300018 25.000015
v 146.462692 213.119232 26.299973
v 146.381210 213.946533 26.299973
v 146.462692 213.119232 30.699984
v 146.381210 213.946533 30.699984
v 146.500000 218.217453 24.000015
v 146.500000 218.217453 25.000015
v 146.484711 218.645493 24.000015
v 146.438934 219.071335 24.000015
v 146.484711 218.645493 25.000015
v 146.438934 219.071335 25.000015
v 146.362885 219.492844 24.000015
v 146.256958 219.907852 24.000015
v 146.362885 219.492844 25.000015
v 146.256958 219.907852 25.000015
v 148.007126 209.418762 26.299973
v 147.295258 210.827774 26.299973
v 147.656769 210.135696 26.299973
v 148.266296 208.692871 26.299973
v 148.481216 207.946533 26.299973
v 149.381210 209.446533 26.299973
v 148.681656 210.953171 26.299973
v 149.212509 210.964874 26.299973
v 148.007126 209.418762 30.699984
v 147.295258 210.827774 30.699984
v 147.656769 210.135696 30.699984
v 148.266296 208.692871 30.699984
v 148.481216 207.946533 30.699984
v 149.381210 209.446533 30.699982
v 148.681656 210.953171 30.699982
v 149.212509 210.964874 30.699982
v 146.992432 211.516129 26.299973
v 146.681824 212.264755 26.299973
v 147.881210 213.946533 26.299973
v 149.000000 212.300018 25.000015
v 149.147873 211.604218 26.299973
v 149.000000 212.300018 26.000004
v 149.085724 212.334259 26.299973
v 149.028458 213.126984 26.299973
v 148.978241 213.951904 26.299973
v 146.992432 211.516129 30.699984
v 146.681824 212.264755 30.699984
v 147.881210 213.946533 30.699984
v 149.147873 211.604218 30.699982
v 149.000000 212.300018 31.000004
v 149.085724 212.334259 30.699982
v 149.028458 213.126984 30.699982
v 148.978241 213.951904 30.699982
v 151.000000 212.300018 24.000015
v 151.000000 212.300018 26.000004
v 151.000000 212.300018 31.000004
v 149.800003 212.300018 33.205780
v 151.000000 212.300018 33.205784
v 149.800003 212.314606 33.446854
v 149.800003 212.358124 33.684410
v 149.800003 212.429993 33.914989
v 151.000000 212.314606 33.446854
v 151.000000 212.358124 33.684410
v 151.000000 212.429993 33.914989
v 149.800003 212.529114 34.135227
v 149.800003 212.654053 34.341908
v 149.800003 212.803009 34.532024
v 149.800003 212.973770 34.702801
v 149.800003 213.163879 34.851746
v 149.800003 213.370575 34.976692
v 149.800003 213.590805 35.075813
v 149.799988 213.821381 35.147663
v 151.000000 212.529114 34.135227
v 151.000000 212.654053 34.341908
v 151.000000 212.803009 34.532024
v 151.000000 212.973770 34.702801
v 151.000000 213.163879 34.851746
v 151.000000 213.370575 34.976692
v 151.000000 213.590805 35.075813
v 150.999985 213.821381 35.147663
v 148.937042 214.777313 26.299973
v 148.906433 215.571518 26.299973
v 148.887573 216.303955 26.299973
v 148.881210 216.946518 26.299973
v 148.937042 214.777313 30.699982
v 148.906433 215.571518 30.699982
v 148.887573 216.303955 30.699982
v 148.881210 216.946518 30.699982
v 147.881210 218.247055 26.299973
v 148.881210 218.247055 26.299973
v 147.881210 218.247055 30.699984
v 148.881210 218.247055 30.699982
v 149.799988 214.058945 35.191196
v 149.799988 214.300018 35.205780
v 150.999985 214.058945 35.191196
v 150.999985 214.300018 35.205780
v 146.462692 213.119232 47.300022
v 146.381210 213.946533 47.300022
v 146.500000 212.300018 52.999992
v 146.500000 212.300018 53.999992
v 146.462692 213.119232 51.699966
v 146.381210 213.946533 51.699966
v 146.500000 218.217453 52.999992
v 146.500000 218.217453 53.999992
v 146.484711 218.645493 52.999992
v 146.438934 219.071335 52.999992
v 146.484711 218.645493 53.999992
v 146.438934 219.071335 53.999992
v 146.362885 219.492844 52.999992
v 146.256958 219.907852 52.999992
v 146.362885 219.492844 53.999992
v 146.256958 219.907852 53.999992
v 149.799988 212.429993 44.896561
v 149.799988 212.314606 45.364697
v 149.799988 212.358124 45.127140
v 149.799988 212.300018 45.605770
v 150.999985 212.429993 44.896561
v 150.999985 212.314606 45.364697
v 150.999985 212.358124 45.127140
v 150.999985 212.300018 45.605770
v 149.799988 212.654053 44.469643
v 149.799988 212.803009 44.279526
v 149.799988 212.973770 44.108749
v 149.799988 213.163879 43.959805
v 149.799988 213.821381 43.663887
v 149.799988 213.370575 43.834858
v 149.799988 213.590805 43.735741
v 150.999985 212.654053 44.469643
v 150.999985 212.803009 44.279526
v 150.999985 212.973770 44.108749
v 150.999985 213.163879 43.959805
v 150.999985 213.821381 43.663887
v 150.999985 213.370575 43.834862
v 150.999985 213.590805 43.735741
v 149.799988 212.529114 44.676327
v 150.999985 212.529114 44.676327
v 148.007126 209.418762 47.300018
v 147.295258 210.827774 47.300022
v 147.656769 210.135696 47.300018
v 148.266296 208.692871 47.300018
v 148.481216 207.946533 47.300022
v 149.381210 209.446533 47.300022
v 148.681656 210.953171 47.300018
v 149.212509 210.964874 47.300022
v 148.007126 209.418762 51.699966
v 147.295258 210.827774 51.699966
v 147.656769 210.135696 51.699966
v 148.266296 208.692871 51.699966
v 148.481216 207.946533 51.699966
v 149.381210 209.446533 51.699966
v 148.681656 210.953171 51.699966
v 149.212509 210.964874 51.699966
v 146.992432 211.516129 47.300022
v 146.681824 212.264755 47.300022
v 147.881210 213.946533 47.300022
v 149.147873 211.604218 47.300018
v 149.000000 212.300018 46.999992
v 149.085724 212.334259 47.300022
v 149.028458 213.126984 47.300022
v 148.978241 213.951904 47.300022
v 146.992432 211.516129 51.699966
v 146.681824 212.264755 51.699966
v 147.881210 213.946533 51.699966
v 149.147873 211.604218 51.699966
v 148.999985 212.300018 51.999996
v 149.085724 212.334259 51.699966
v 148.999985 212.300018 52.999992
v 149.028458 213.126984 51.699966
v 148.978241 213.951904 51.699966
v 150.999985 212.300018 46.999996
v 150.999985 212.300018 52.000000
v 150.999985 212.300018 53.999992
v 149.799988 214.058945 43.620354
v 149.799988 214.300018 43.605770
v 150.999985 214.058945 43.620354
v 150.999985 214.300018 43.605774
v 148.937042 214.777313 47.300022
v 148.906433 215.571518 47.300022
v 148.887573 216.303955 47.300022
v 148.881210 216.946518 47.300022
v 148.937042 214.777313 51.699966
v 148.906433 215.571518 51.699966
v 148.887573 216.303955 51.699966
v 148.881210 216.946518 51.699966
v 147.881210 218.247055 47.300022
v 148.881210 218.247055 47.300022
v 147.881210 218.247055 51.699966
v 148.881210 218.247055 51.699966
v 140.500015 224.217453 24.000015
v 140.928040 224.202164 24.000015
v 140.500015 224.219131 25.000013
v 140.500015 224.219131 25.000013
v 140.928040 224.202164 25.000015
v 141.353882 224.156372 24.000015
v 141.775391 224.080338 24.000015
v 141.353882 224.156372 25.000015
v 141.775391 224.080338 25.000015
v 140.500015 224.219971 26.000004
v 142.596786 223.839142 24.000015
v 142.596786 223.839142 25.000015
v 142.190399 223.974411 24.000015
v 142.190399 223.974411 25.000015
v 142.992493 223.675247 24.000015
v 143.375488 223.483521 24.000015
v 142.992493 223.675247 25.000015
v 143.375488 223.483521 25.000015
v 140.500015 224.219971 31.000006
v 144.095673 223.020691 24.000015
v 144.095673 223.020691 25.000015
v 145.034500 222.146606 24.000015
v 145.034500 222.146606 25.000015
v 144.429169 222.751953 24.000015
v 144.742645 222.460098 24.000015
v 144.429169 222.751953 25.000015
v 144.742645 222.460098 25.000015
v 145.766068 221.092941 24.000015
v 145.547516 221.461288 24.000015
v 145.766068 221.092941 25.000015
v 145.547516 221.461288 25.000015
v 146.121704 220.314240 24.000015
v 145.957794 220.709946 24.000015
v 146.121704 220.314240 25.000015
v 145.957794 220.709946 25.000015
v 145.303253 221.813110 24.000015
v 145.303253 221.813110 25.000015
v 143.743851 223.264969 24.000015
v 143.743851 223.264969 25.000015
v 144.269180 224.219971 25.000015
v 144.269180 224.219971 26.000004
v 144.269180 224.219971 31.000006
v 140.500015 226.300018 25.000015
v 140.500015 228.300018 24.000015
v 140.500015 228.300018 26.000004
v 140.500015 228.300018 31.000002
v 144.269180 226.300018 25.000015
v 144.269180 226.300018 26.000004
v 144.269180 226.300018 31.000006
v 146.500000 230.700012 24.000015
v 146.500000 230.700012 26.000004
v 146.500000 232.300018 24.000015
v 146.500000 232.300018 26.000004
v 146.500000 230.700012 31.000000
v 146.500000 232.300018 31.000002
v 147.881210 224.176727 26.299973
v 147.910172 224.801590 26.299982
v 148.015457 225.453339 26.299982
v 148.881210 224.176727 26.299973
v 148.345200 226.145355 26.299982
v 148.904999 224.700027 26.299982
v 148.961548 225.129440 26.299982
v 149.146347 225.546890 26.299982
v 149.448715 225.938828 26.299982
v 147.881210 224.176727 30.699984
v 147.910172 224.801590 30.699989
v 148.015457 225.453339 30.699989
v 148.881210 224.176727 30.699982
v 148.345200 226.145355 30.699989
v 148.904999 224.700027 30.699989
v 148.961548 225.129440 30.699989
v 149.146347 225.546890 30.699989
v 149.448715 225.938828 30.699989
v 151.000000 222.238586 25.775084
v 151.000000 222.238586 25.775084
v 151.000015 222.765686 25.775082
v 151.000000 222.765686 25.775082
v 149.800018 222.245041 26.000004
v 149.800018 222.245041 26.299984
v 149.800018 222.772156 26.000004
v 149.800018 222.772156 26.299982
v 151.000000 222.238586 26.000004
v 151.000000 222.238586 26.299984
v 151.000015 222.765686 26.299982
v 151.858429 223.130157 26.299982
v 149.800018 222.245041 30.699993
v 149.800018 222.245041 31.000004
v 149.800018 222.772156 30.699989
v 149.800018 222.772156 31.000004
v 151.000000 222.238586 30.699993
v 151.000000 222.238586 31.000004
v 151.000000 222.238586 31.127760
v 151.000000 222.238586 31.127760
v 151.000015 222.765686 30.699989
v 151.000015 222.765686 31.127758
v 151.000000 222.765686 31.127758
v 151.858429 223.130157 30.699989
v 151.000015 223.765671 25.775082
v 151.000000 223.765671 25.775082
v 149.800003 223.772125 26.000004
v 149.800003 223.772125 26.299982
v 151.000015 223.765671 26.299982
v 151.009277 225.487793 25.775082
v 151.000000 225.487839 25.775082
v 149.809280 225.494247 26.000004
v 149.809280 225.494247 26.299980
v 149.857010 226.196686 26.299982
v 151.000000 225.487839 26.000004
v 151.009277 225.487793 26.299980
v 150.936935 226.169449 26.299982
v 151.252625 223.925781 26.299982
v 151.520126 224.341232 26.299982
v 152.390671 223.849136 26.299982
v 151.628510 224.879547 26.299982
v 151.556824 225.447784 26.299982
v 151.301971 225.898636 26.299982
v 152.628479 224.871933 26.299982
v 152.509155 225.752884 26.299982
v 149.800003 223.772125 30.699989
v 149.800003 223.772125 31.000004
v 151.000015 223.765671 30.699989
v 151.000015 223.765671 31.127758
v 151.000000 223.765671 31.127758
v 149.809280 225.494247 30.699989
v 149.809280 225.494247 31.000004
v 149.857010 226.196686 30.699989
v 151.009277 225.487793 30.699989
v 151.000000 225.487839 31.000004
v 151.009277 225.487793 31.127756
v 151.000000 225.487839 31.127756
v 150.936935 226.169449 30.699989
v 151.252625 223.925781 30.699989
v 151.520126 224.341232 30.699989
v 152.390671 223.849136 30.699989
v 151.628510 224.879547 30.699989
v 151.556824 225.447784 30.699989
v 151.301971 225.898636 30.699989
v 152.628479 224.871933 30.699989
v 152.509155 225.752884 30.699989
v 148.038361 226.300018 25.000015
v 148.038361 226.300018 26.000002
v 147.500000 228.300018 24.000015
v 147.621552 228.310654 24.000015
v 147.739410 228.342224 24.000015
v 147.850006 228.393799 24.000015
v 147.949951 228.463791 24.000015
v 148.036224 228.550064 24.000015
v 147.500000 228.300018 26.000004
v 147.621552 228.310654 26.000004
v 147.739410 228.342224 26.000004
v 147.850006 228.393799 26.000004
v 147.949951 228.463791 26.000004
v 148.036224 228.550064 26.000004
v 149.000000 226.300018 25.000015
v 148.788132 226.689590 26.299982
v 149.000000 226.300018 26.000004
v 149.000000 227.528305 26.000004
v 149.518967 227.137817 26.299982
v 148.106216 228.650009 24.000015
v 148.157791 228.760605 24.000015
v 148.189362 228.878464 24.000015
v 148.199997 229.000015 24.000015
v 148.106216 228.650009 26.000004
v 148.157791 228.760605 26.000004
v 148.189362 228.878464 26.000004
v 148.199997 229.000015 26.000004
v 148.038361 226.300018 31.000004
v 147.500000 228.300018 31.000000
v 147.621552 228.310654 31.000002
v 147.739410 228.342224 31.000002
v 147.850006 228.393799 31.000002
v 147.949951 228.463791 31.000000
v 148.036224 228.550064 31.000000
v 148.788132 226.689590 30.699989
v 149.000000 226.300018 31.000004
v 149.000000 227.528305 31.000004
v 149.518967 227.137817 30.699989
v 148.106216 228.650009 31.000002
v 148.157791 228.760605 31.000002
v 148.189362 228.878464 31.000000
v 148.199997 229.000015 31.000000
v 148.199997 230.700012 24.000015
v 148.199997 230.700012 26.000004
v 148.199997 230.700012 31.000000
v 151.000000 227.528305 24.000015
v 150.364746 226.274063 26.299982
v 150.391464 227.273712 26.299982
v 151.000000 227.528305 26.000004
v 151.254517 227.117676 26.299982
v 152.056778 226.554581 26.299982
v 150.364746 226.274063 30.699989
v 150.391464 227.273712 30.699989
v 151.000000 227.528305 31.000004
v 151.254517 227.117676 30.699989
v 152.056778 226.554581 30.699989
v 151.000000 232.300018 24.000015
v 151.000000 232.300018 26.000004
v 151.000000 232.300018 31.000002
v 149.799988 229.300018 35.205780
v 149.799988 229.541092 35.220360
v 150.999985 229.300018 35.205780
v 150.999985 229.541092 35.220360
v 149.799988 229.778641 35.263897
v 149.799988 230.009232 35.335747
v 149.799988 230.229462 35.434868
v 149.799988 230.436142 35.559811
v 149.799988 230.626266 35.708759
v 150.999985 229.778641 35.263897
v 150.999985 230.009232 35.335747
v 150.999985 230.229462 35.434868
v 150.999985 230.436142 35.559811
v 150.999985 230.626266 35.708759
v 149.799988 230.797043 35.879532
v 149.799988 230.945984 36.069649
v 149.799988 231.070923 36.276333
v 149.799988 231.170044 36.496571
v 149.799988 231.241898 36.727146
v 149.799988 231.285431 36.964706
v 150.999985 230.797043 35.879532
v 150.999985 230.945984 36.069649
v 150.999985 231.070923 36.276333
v 150.999985 231.170044 36.496571
v 150.999985 231.241898 36.727146
v 150.999985 231.285431 36.964706
v 149.799988 231.300018 37.205780
v 150.999985 231.300018 37.205780
v 140.500015 224.219971 46.999996
v 140.500015 224.219971 51.999996
v 140.500015 224.219131 52.999992
v 140.500015 224.219131 52.999992
v 140.928040 224.202164 52.999992
v 140.500015 224.217453 53.999992
v 140.928040 224.202164 53.999992
v 141.353882 224.156372 52.999992
v 141.775391 224.080338 52.999992
v 141.353882 224.156372 53.999992
v 141.775391 224.080338 53.999992
v 142.596786 223.839142 52.999992
v 142.596786 223.839142 53.999992
v 142.190399 223.974411 52.999992
v 142.190399 223.974411 53.999992
v 142.992493 223.675247 52.999992
v 143.375488 223.483521 52.999992
v 142.992493 223.675247 53.999992
v 143.375488 223.483521 53.999992
v 144.095673 223.020691 52.999992
v 144.095673 223.020691 53.999992
v 145.034500 222.146606 52.999992
v 145.034500 222.146606 53.999992
v 144.429169 222.751953 52.999992
v 144.742645 222.460098 52.999992
v 144.429169 222.751953 53.999992
v 144.742645 222.460098 53.999992
v 145.766068 221.092941 52.999992
v 145.547516 221.461288 52.999992
v 145.766068 221.092941 53.999992
v 145.547516 221.461288 53.999992
v 146.121704 220.314240 52.999992
v 145.957794 220.709946 52.999992
v 146.121704 220.314240 53.999992
v 145.957794 220.709946 53.999992
v 145.303253 221.813110 52.999992
v 145.303253 221.813110 53.999992
v 144.269180 224.219971 46.999996
v 144.269180 224.219971 51.999996
v 143.743851 223.264969 52.999992
v 143.743851 223.264969 53.999992
v 144.269180 224.219971 52.999992
v 140.500015 228.300018 44.000000
v 141.699997 228.300018 44.000000
v 140.500015 230.390381 42.214329
v 140.500015 230.286194 42.394787
v 140.500015 230.259125 42.495811
v 140.500015 230.330399 42.299999
v 140.682968 230.344803 42.299999
v 140.500015 230.253830 42.599998
v 140.597549 230.253830 42.599998
v 140.689880 230.301147 42.394787
v 140.694122 230.274414 42.495811
v 140.875092 230.345612 42.394787
v 140.861435 230.387650 42.299999
v 140.790253 230.284180 42.599998
v 140.500015 230.464340 42.140373
v 140.500015 230.550018 42.080383
v 140.662018 230.477097 42.140373
v 140.673584 230.404053 42.214329
v 140.648621 230.561707 42.080383
v 140.500015 230.644806 42.036182
v 140.500015 230.745819 42.009113
v 140.633789 230.655334 42.036182
v 140.617981 230.755112 42.009113
v 140.842896 230.444702 42.214329
v 140.820038 230.515030 42.140373
v 140.764282 230.686661 42.036182
v 140.793564 230.596512 42.080383
v 140.883453 230.319870 42.495811
v 141.063354 230.394379 42.495811
v 140.975891 230.344147 42.599998
v 140.970184 230.577225 42.140373
v 141.003754 230.511337 42.214329
v 140.888260 230.738022 42.036182
v 140.931290 230.653564 42.080383
v 141.058395 230.731445 42.080383
v 141.108749 230.662140 42.140373
v 141.152222 230.602310 42.214329
v 141.232330 230.767685 42.140373
v 141.051056 230.418503 42.394787
v 141.030991 230.457886 42.299999
v 141.187485 230.553772 42.299999
v 141.213470 230.518021 42.394787
v 141.229370 230.496124 42.495811
v 141.149948 230.432266 42.599998
v 141.284622 230.715393 42.214329
v 141.308151 230.546402 42.599998
v 141.327042 230.672974 42.299999
v 141.358292 230.641724 42.394787
v 141.377441 230.622574 42.495811
v 141.446686 230.683762 42.599998
v 141.503891 230.770645 42.495811
v 140.500015 230.850021 42.000000
v 140.733063 230.782745 42.009113
v 140.722321 230.889221 42.000000
v 140.842392 230.828033 42.009113
v 140.943298 230.889862 42.009113
v 141.002686 230.808136 42.036182
v 141.033295 230.966721 42.009113
v 140.917816 231.002090 42.000000
v 140.997925 231.082199 42.000000
v 141.104721 230.895294 42.036182
v 141.171753 230.828262 42.080383
v 141.110153 231.056717 42.009113
v 141.191879 230.997330 42.036182
v 141.171982 231.157623 42.009113
v 141.110794 231.277695 42.000000
v 141.217270 231.266953 42.009113
v 141.140121 231.387146 42.000000
v 141.244904 231.382019 42.009113
v 141.254196 231.500000 42.009113
v 140.500015 232.149994 42.000000
v 140.500015 232.254211 42.009113
v 140.500015 232.300018 42.019051
v 140.617981 232.244904 42.009113
v 140.653717 232.300018 42.023136
v 140.722321 232.110809 42.000000
v 140.733063 232.217285 42.009113
v 140.842392 232.171997 42.009113
v 140.812897 232.300018 42.038273
v 140.997925 231.917831 42.000000
v 141.140121 231.612885 42.000000
v 141.110794 231.722321 42.000000
v 141.244904 231.617981 42.009113
v 141.217270 231.733063 42.009113
v 141.171982 231.842407 42.009113
v 140.917816 231.997940 42.000000
v 141.033295 232.033295 42.009113
v 140.943298 232.110168 42.009113
v 140.888260 232.261993 42.036182
v 141.002686 232.191895 42.036182
v 140.969177 232.300018 42.068775
v 141.058395 232.268585 42.080383
v 141.110153 231.943298 42.009113
v 141.104721 232.104736 42.036182
v 141.191879 232.002686 42.036182
v 141.114136 232.300018 42.118961
v 141.171753 232.171753 42.080383
v 141.181320 232.300018 42.153828
v 141.232330 232.232330 42.140373
v 141.247833 232.300018 42.198505
v 141.268570 230.941620 42.080383
v 141.337875 230.891266 42.140373
v 141.397705 230.847794 42.214329
v 141.261993 231.111755 42.036182
v 141.346451 231.068726 42.080383
v 141.422791 231.029831 42.140373
v 141.488678 230.996262 42.214329
v 141.555313 231.157120 42.214329
v 141.446243 230.812531 42.299999
v 141.481995 230.786545 42.394787
v 141.581512 230.948959 42.394787
v 141.605637 230.936661 42.495811
v 141.562164 230.841003 42.599998
v 141.542130 230.969025 42.299999
v 141.612366 231.138580 42.299999
v 141.313354 231.235733 42.036182
v 141.403503 231.206451 42.080383
v 141.344681 231.366226 42.036182
v 141.355209 231.500000 42.036182
v 141.438309 231.351379 42.080383
v 141.484985 231.179977 42.140373
v 141.522919 231.337997 42.140373
v 141.595963 231.326431 42.214329
v 141.449997 231.500000 42.080383
v 141.535675 231.500000 42.140373
v 141.609634 231.500000 42.214329
v 141.654404 231.124924 42.394787
v 141.680145 231.116562 42.495811
v 141.651764 231.014282 42.599998
v 141.655212 231.317047 42.299999
v 141.698868 231.310135 42.394787
v 141.725601 231.305893 42.495811
v 141.713318 231.199402 42.599998
v 141.669617 231.500000 42.299999
v 141.713821 231.500000 42.394787
v 141.740891 231.500000 42.495811
v 141.745316 231.391846 42.599998
v 141.344681 231.633789 42.036182
v 141.438309 231.648621 42.080383
v 141.313354 231.764282 42.036182
v 141.261993 231.888275 42.036182
v 141.403503 231.793579 42.080383
v 141.522919 231.662018 42.140373
v 141.595963 231.673599 42.214329
v 141.484985 231.820038 42.140373
v 141.555313 231.842896 42.214329
v 141.612366 231.861450 42.299999
v 141.346451 231.931305 42.080383
v 141.268570 232.058411 42.080383
v 141.337875 232.108765 42.140373
v 141.422791 231.970184 42.140373
v 141.284622 232.284637 42.214329
v 141.308243 232.300018 42.250034
v 141.397705 232.152222 42.214329
v 141.488678 232.003754 42.214329
v 141.446243 232.187500 42.299999
v 141.358597 232.300018 42.307369
v 141.402191 232.300018 42.374870
v 141.433792 232.300018 42.445114
v 141.542130 232.031006 42.299999
v 141.581512 232.051071 42.394787
v 141.605637 232.063354 42.495811
v 141.481995 232.213470 42.394787
v 141.503891 232.229370 42.495811
v 141.453354 232.300018 42.522053
v 141.460464 232.300018 42.599998
v 141.573242 232.140808 42.599998
v 141.655212 231.682983 42.299999
v 141.698868 231.689896 42.394787
v 141.725601 231.694122 42.495811
v 141.746979 231.586914 42.599998
v 141.654404 231.875092 42.394787
v 141.680145 231.883453 42.495811
v 141.718262 231.779877 42.599998
v 141.659882 231.966034 42.599998
v 140.500015 230.253830 44.000000
v 140.597549 230.253830 44.000000
v 140.790253 230.284180 44.000000
v 140.975891 230.344147 44.000000
v 141.149948 230.432266 44.000000
v 141.699997 229.596725 44.000000
v 141.909271 229.746033 44.000000
v 141.308151 230.546402 44.000000
v 141.446686 230.683762 44.000000
v 141.562164 230.841003 44.000000
v 141.651764 231.014282 44.000000
v 141.713318 231.199402 44.000000
v 141.745316 231.391846 44.000000
v 141.460464 232.300018 44.000000
v 141.573242 232.140808 44.000000
v 141.746979 231.586914 44.000000
v 141.718262 231.779877 44.000000
v 141.659882 231.966034 44.000000
v 142.100143 229.918228 44.000000
v 142.270126 230.111069 44.000000
v 142.416992 230.322037 44.000000
v 142.538849 230.548401 44.000000
v 142.634094 230.787170 44.000000
v 142.701477 231.035248 44.000000
v 142.740128 231.289398 44.000000
v 142.749527 231.546280 44.000000
v 142.729568 231.802582 44.000000
v 142.680496 232.054901 44.000000
v 142.602982 232.300018 44.000000
v 141.699997 228.300018 46.999996
v 141.699997 228.300018 52.000000
v 141.699997 228.300018 53.999992
v 141.699997 229.596725 46.999996
v 141.909271 229.746033 46.999996
v 140.500015 232.300018 47.000000
v 142.100143 229.918228 46.999996
v 142.270126 230.111069 46.999996
v 142.416992 230.322037 46.999996
v 142.538849 230.548401 46.999996
v 142.634094 230.787170 46.999996
v 142.701477 231.035248 47.000000
v 142.740128 231.289398 47.000000
v 142.749527 231.546280 47.000000
v 142.729568 231.802582 47.000000
v 142.680496 232.054901 47.000000
v 142.602982 232.300018 47.000000
v 141.699997 229.596725 51.999992
v 141.909271 229.746033 51.999992
v 141.699997 229.596725 53.999992
v 141.909271 229.746033 53.999992
v 140.500015 232.300018 51.999992
v 140.500015 232.300018 53.999992
v 142.100143 229.918228 51.999992
v 142.270126 230.111069 51.999992
v 142.416992 230.322037 51.999992
v 142.538849 230.548401 51.999992
v 142.100143 229.918228 53.999992
v 142.270126 230.111069 53.999992
v 142.416992 230.322037 53.999992
v 142.538849 230.548401 53.999992
v 142.634094 230.787170 51.999992
v 142.701477 231.035248 51.999992
v 142.740128 231.289398 51.999992
v 142.749527 231.546280 51.999992
v 142.729568 231.802582 51.999992
v 142.680496 232.054901 51.999992
v 142.602982 232.300018 51.999992
v 142.634094 230.787170 53.999992
v 142.701477 231.035248 53.999992
v 142.740128 231.289398 53.999992
v 142.749527 231.546280 53.999992
v 142.729568 231.802582 53.999992
v 142.680496 232.054901 53.999992
v 142.602982 232.300018 53.999992
v 144.269180 226.300018 46.999996
v 144.269180 226.300018 51.999996
v 144.269180 226.300018 52.999992
v 146.500000 230.700012 46.999992
v 146.500000 232.300018 47.000000
v 146.500000 230.700012 51.999992
v 146.500000 230.700012 53.999992
v 146.500000 232.300018 51.999992
v 146.500000 232.300018 53.999992
v 147.881210 224.176727 47.300022
v 147.910172 224.801590 47.300030
v 148.015457 225.453339 47.300030
v 148.881210 224.176727 47.300022
v 148.345200 226.145355 47.300030
v 148.904999 224.700027 47.300030
v 148.961548 225.129440 47.300030
v 149.146347 225.546890 47.300030
v 149.448715 225.938828 47.300030
v 147.881210 224.176727 51.699966
v 147.910172 224.801590 51.699974
v 148.015457 225.453339 51.699974
v 148.881210 224.176727 51.699966
v 148.345200 226.145355 51.699974
v 148.904999 224.700027 51.699974
v 148.961548 225.129440 51.699974
v 149.146347 225.546890 51.699974
v 149.448715 225.938828 51.699974
v 149.800018 222.245041 46.999996
v 149.800018 222.245041 47.300030
v 149.800018 222.772156 46.999996
v 149.800018 222.772156 47.300030
v 151.000000 222.238586 46.829010
v 150.999985 222.238586 46.829010
v 150.999985 222.238586 46.999996
v 151.000000 222.238586 47.300030
v 151.000015 222.765686 46.829010
v 150.999985 222.765686 46.829010
v 151.000015 222.765686 47.300030
v 151.858429 223.130157 47.300030
v 149.800018 222.245041 51.699978
v 149.800018 222.245041 51.999996
v 149.800018 222.772156 51.699974
v 149.800018 222.772156 51.999996
v 151.000000 222.238586 51.699978
v 150.999985 222.238586 51.999996
v 151.000000 222.238586 52.092667
v 150.999985 222.238586 52.092667
v 151.000015 222.765686 51.699974
v 151.000015 222.765686 52.092667
v 150.999985 222.765686 52.092667
v 151.858429 223.130157 51.699974
v 149.800003 223.772125 46.999996
v 149.800003 223.772125 47.300030
v 151.000015 223.765671 46.829010
v 150.999985 223.765671 46.829010
v 151.000015 223.765671 47.300030
v 149.809280 225.494247 46.999996
v 149.809280 225.494247 47.300026
v 149.857010 226.196686 47.300030
v 151.009277 225.487793 46.829010
v 150.999985 225.487839 46.829010
v 150.999985 225.487839 46.999996
v 151.009277 225.487793 47.300026
v 150.936935 226.169449 47.300030
v 151.252625 223.925781 47.300030
v 151.520126 224.341232 47.300030
v 152.390671 223.849136 47.300030
v 151.628510 224.879547 47.300030
v 151.556824 225.447784 47.300030
v 151.301971 225.898636 47.300030
v 152.628479 224.871933 47.300030
v 152.509155 225.752884 47.300030
v 149.800003 223.772125 51.699974
v 149.800003 223.772125 51.999996
v 151.000015 223.765671 51.699974
v 151.000015 223.765671 52.092667
v 150.999985 223.765671 52.092667
v 149.809280 225.494247 51.699974
v 149.809280 225.494247 51.999996
v 149.857010 226.196686 51.699974
v 151.009277 225.487793 51.699974
v 150.999985 225.487839 51.999996
v 151.009277 225.487793 52.092663
v 150.999985 225.487839 52.092663
v 150.936935 226.169449 51.699974
v 151.252625 223.925781 51.699974
v 151.520126 224.341232 51.699974
v 152.390671 223.849136 51.699974
v 151.628510 224.879547 51.699974
v 151.556824 225.447784 51.699974
v 151.301971 225.898636 51.699974
v 152.628479 224.871933 51.699974
v 152.509155 225.752884 51.699974
v 149.799988 231.300018 41.605774
v 149.799988 230.945984 42.741905
v 149.799988 231.070923 42.535221
v 149.799988 231.285431 41.846848
v 149.799988 231.241898 42.084408
v 149.799988 231.170044 42.314983
v 150.999985 231.300018 41.605774
v 150.999985 230.945984 42.741905
v 150.999985 231.070923 42.535221
v 150.999985 231.285431 41.846848
v 150.999985 231.241898 42.084408
v 150.999985 231.170044 42.314983
v 149.799988 229.300018 43.605770
v 149.799988 229.541092 43.591190
v 149.799988 229.778641 43.547653
v 149.799988 230.009232 43.475803
v 149.799988 230.229462 43.376682
v 149.799988 230.626266 43.102798
v 149.799988 230.436142 43.251740
v 150.999985 229.300018 43.605774
v 150.999985 229.541092 43.591194
v 150.999985 229.778641 43.547653
v 150.999985 230.009232 43.475803
v 150.999985 230.229462 43.376686
v 150.999985 230.626266 43.102798
v 150.999985 230.436142 43.251740
v 149.799988 230.797043 42.932022
v 150.999985 230.797043 42.932022
v 148.038361 226.300018 46.999996
v 147.500000 228.300018 46.999996
v 147.621552 228.310654 46.999996
v 147.739410 228.342224 46.999996
v 147.850006 228.393799 46.999996
v 147.949951 228.463791 46.999996
v 148.036224 228.550064 46.999996
v 148.788132 226.689590 47.300030
v 149.000000 226.300018 46.999992
v 149.000000 227.528305 46.999992
v 149.518967 227.137817 47.300030
v 148.106216 228.650009 46.999996
v 148.157791 228.760605 46.999996
v 148.189362 228.878464 46.999996
v 148.199997 229.000015 46.999996
v 148.038361 226.300018 51.999996
v 148.038361 226.300018 52.999992
v 147.500000 228.300018 52.000000
v 147.621552 228.310654 51.999992
v 147.739410 228.342224 51.999992
v 147.850006 228.393799 51.999992
v 147.949951 228.463791 52.000000
v 148.036224 228.550064 52.000000
v 147.500000 228.300018 53.999992
v 147.621552 228.310654 53.999992
v 147.739410 228.342224 53.999992
v 147.849991 228.393799 53.999992
v 147.949936 228.463791 53.999992
v 148.036209 228.550064 53.999992
v 148.788132 226.689590 51.699974
v 148.999985 226.300018 51.999996
v 148.999985 227.528305 51.999996
v 149.518967 227.137817 51.699974
v 148.999985 226.300018 52.999992
v 148.106201 228.650009 51.999992
v 148.157776 228.760605 51.999992
v 148.189362 228.878464 52.000000
v 148.199982 229.000015 52.000000
v 148.106201 228.650009 53.999992
v 148.157776 228.760605 53.999992
v 148.189346 228.878464 53.999992
v 148.199982 229.000015 53.999992
v 148.199997 230.700012 46.999992
v 148.199982 230.700012 51.999992
v 148.199982 230.700012 53.999992
v 150.364746 226.274063 47.300030
v 150.391464 227.273712 47.300030
v 150.999985 227.528305 46.999996
v 151.254517 227.117676 47.300030
v 152.056778 226.554581 47.300030
v 150.364746 226.274063 51.699974
v 150.391464 227.273712 51.699974
v 150.999985 227.528305 51.999996
v 150.999985 227.528305 53.999992
v 151.254517 227.117676 51.699974
v 152.056778 226.554581 51.699974
v 150.999985 232.300018 47.000000
v 150.999985 232.300018 51.999992
v 150.999985 232.300018 53.999992
vn -0.7660 0.6428 -0.0000
vn -0.8660 0.5000 -0.0000
vn 0.4276 -0.8371 -0.3412
vn 0.5097 -0.7015 -0.4981
vn 0.5525 -0.7604 -0.3415
vn 0.7568 0.1212 -0.6423
vn 0.6428 -0.0000 -0.7660
vn 0.6350 0.1006 -0.7660
vn 0.6140 -0.6115 -0.4991
vn 0.6199 -0.4504 -0.6426
vn 0.7008 -0.5092 -0.4996
vn 0.7687 -0.0026 -0.6396
vn 0.8554 -0.1355 -0.5000
vn 0.7566 -0.1198 -0.6428
vn 0.2041 -0.2760 -0.9392
vn 0.0937 -0.0937 -0.9912
vn 0.2419 -0.2419 -0.9397
vn 0.9691 0.2466 -0.0000
vn 0.9909 0.1345 -0.0000
vn 0.9759 0.2182 -0.0006
vn 0.9976 0.0696 -0.0000
vn 0.9976 0.0695 -0.0000
vn 0.9726 -0.1547 -0.1738
vn 0.8942 -0.2906 -0.3406
vn 0.9283 -0.1470 -0.3417
vn 0.4754 0.1567 -0.8657
vn 0.5730 0.2920 -0.7658
vn 0.6115 0.1987 -0.7659
vn 0.2946 -0.5725 -0.7652
vn 0.2939 -0.4045 -0.8660
vn 0.3779 -0.5201 -0.7659
vn 0.2037 0.2786 -0.9386
vn 0.3537 0.3535 -0.8660
vn 0.2419 0.2419 -0.9397
vn -0.0000 -0.0000 -1.0000
vn 0.1365 -0.8554 -0.4996
vn 0.0612 -0.7644 -0.6418
vn 0.1199 -0.7568 -0.6426
vn -0.0000 -0.6631 0.7485
vn -0.0000 -0.7485 0.6631
vn 0.1682 -0.0526 -0.9843
vn 0.0001 -0.0005 -1.0000
vn 0.1727 -0.0287 -0.9846
vn 0.0993 -0.1403 -0.9851
vn 0.0011 -0.0015 -1.0000
vn 0.1398 -0.1029 -0.9848
vn -0.0169 0.0439 -0.9989
vn 0.1223 0.1211 -0.9851
vn 0.1401 0.1042 -0.9846
vn 0.0556 -0.1655 -0.9846
vn 0.0762 -0.0319 -0.9966
vn 0.0594 0.0707 -0.9957
vn 0.1511 0.0743 -0.9857
vn 0.1644 0.0560 -0.9848
vn 0.0606 0.1753 -0.9826
vn 0.0982 0.1426 -0.9849
vn 0.7723 -0.3924 -0.4996
vn 0.6825 -0.3478 -0.6428
vn 0.4942 0.0803 -0.8656
vn -0.0000 -0.7485 -0.6631
vn -0.0000 -0.8230 -0.5681
vn 0.4502 -0.6198 -0.6428
vn 0.5449 -0.5411 -0.6405
vn 0.6961 -0.6966 -0.1738
vn 0.6645 -0.6645 -0.3419
vn -0.0000 -0.9927 0.1205
vn -0.0000 -1.0000 -0.0000
vn 0.1525 -0.0739 -0.9855
vn 0.5406 0.5419 -0.6435
vn 0.5784 0.5701 -0.5835
vn 0.6383 0.5951 -0.4883
vn 0.5067 0.5426 -0.6699
vn 0.4545 0.4545 -0.7660
vn 0.4333 0.5087 -0.7440
vn 0.3638 0.4740 -0.8018
vn 0.2954 0.4141 -0.8610
vn 0.3068 -0.1535 -0.9393
vn 0.9694 -0.2457 -0.0005
vn 0.9214 -0.3886 -0.0000
vn -0.1423 -0.9898 -0.0000
vn -0.2126 -0.9771 -0.0000
vn 0.1717 0.0274 -0.9848
vn 0.1714 0.0028 -0.9852
vn 0.0523 0.2702 -0.9614
vn 0.1545 0.3037 -0.9402
vn 0.0623 0.1269 -0.9900
vn 0.0249 -0.0344 -0.9991
vn 0.0277 0.1463 -0.9889
vn 0.0489 0.0122 -0.9987
vn -0.0000 0.2553 -0.9669
vn 0.0182 0.1018 -0.9946
vn 0.6203 0.4509 -0.6418
vn 0.7017 0.5086 -0.4989
vn 0.1239 0.3164 -0.9405
vn 0.2342 0.3993 -0.8864
vn 0.6935 0.6149 -0.3754
vn 0.7602 0.5523 -0.3421
vn 0.7337 0.6286 -0.2581
vn 0.7967 0.5789 -0.1737
vn 0.7593 0.6376 -0.1300
vn 0.7683 0.6401 -0.0001
vn 0.8586 0.5127 -0.0001
vn 0.8778 0.4463 -0.1739
vn 0.6123 -0.1971 -0.7657
vn 0.7286 -0.2367 -0.6428
vn 0.0562 -0.3383 -0.9394
vn 0.0157 -0.1755 -0.9844
vn 0.0278 -0.1694 -0.9851
vn 0.8235 0.2686 -0.4997
vn 0.8377 0.4268 -0.3406
vn 0.8938 0.2904 -0.3417
vn -0.0000 -0.6631 -0.7485
vn 0.3253 -0.1057 -0.9397
vn 0.8239 -0.2677 -0.4995
vn -0.0000 -0.8230 0.5680
vn -0.0000 -0.8855 0.4647
vn 0.9279 0.3728 -0.0000
vn 0.9368 0.3035 -0.1738
vn -0.4793 -0.8777 -0.0000
vn -0.5406 -0.8413 -0.0000
vn 0.9727 0.1539 -0.1737
vn -0.9370 -0.3495 -0.0000
vn -0.9096 -0.4154 -0.0000
vn 0.9848 -0.0000 -0.1736
vn -0.0000 -0.5681 -0.8230
vn -0.8413 -0.5406 -0.0000
vn -0.8005 -0.5993 -0.0000
vn 0.3535 -0.3535 -0.8660
vn 0.4546 -0.4546 -0.7659
vn 0.6828 0.3479 -0.6425
vn 0.7717 0.3954 -0.4981
vn 0.9962 -0.0865 -0.0001
vn 0.2695 -0.8236 -0.4991
vn 0.3480 -0.6830 -0.6422
vn 0.3939 -0.7736 -0.4963
vn -0.0000 -0.9350 0.3546
vn -0.0000 -0.9709 0.2393
vn -0.9771 -0.2126 -0.0000
vn -0.9898 -0.1423 -0.0000
vn 0.9364 -0.3048 -0.1738
vn 0.3385 0.0566 -0.9393
vn 0.3253 0.1057 -0.9397
vn 0.1025 -0.6350 -0.7657
vn 0.0400 -0.5005 -0.8648
vn 0.0782 -0.4939 -0.8660
vn 0.8772 -0.4475 -0.1738
vn -0.0000 -0.0000 1.0000
vn -0.9595 -0.2817 -0.0000
vn 0.5729 -0.2919 -0.7659
vn 0.8497 -0.5272 -0.0001
vn 0.7965 -0.5792 -0.1737
vn 0.4478 -0.2250 -0.8654
vn 0.4756 -0.1545 -0.8660
vn 0.7573 -0.6530 -0.0001
vn 0.2768 0.2011 -0.9396
vn 0.3044 0.1578 -0.9394
vn 0.4045 0.2939 -0.8660
vn 0.4513 0.2299 -0.8622
vn 0.9370 0.3482 0.0286
vn 0.6465 -0.7629 -0.0001
vn 0.5786 -0.7969 -0.1738
vn 0.9485 -0.3168 -0.0000
vn 0.9062 -0.4229 -0.0000
vn -0.0718 -0.9974 -0.0002
vn -0.0704 -0.9975 0.0004
vn 0.5200 -0.8542 -0.0001
vn 0.4469 -0.8775 -0.1738
vn -0.4154 -0.9096 -0.0000
vn 0.3807 -0.9247 -0.0001
vn 0.3042 -0.9366 -0.1738
vn 0.2321 -0.9727 -0.0001
vn 0.1540 -0.9727 -0.1738
vn 0.0780 -0.9970 -0.0000
vn 0.0593 -0.9829 -0.1742
vn -0.0000 -0.9978 -0.0669
vn 0.5007 0.0022 -0.8656
vn 0.3378 -0.0535 -0.9397
vn 0.3421 -0.0000 -0.9397
vn 0.9746 0.2239 -0.0000
vn 0.1546 -0.4756 -0.8659
vn 0.2319 -0.4469 -0.8640
vn -0.3495 -0.9370 -0.0000
vn -0.2817 -0.9595 -0.0000
vn 0.2907 -0.8946 -0.3394
vn 0.5240 0.3765 -0.7640
vn -0.0000 1.0000 -0.0000
vn 0.7313 0.2388 -0.6388
vn 0.8555 0.1355 -0.4998
vn -0.0000 -0.4647 -0.8855
vn -0.0000 -0.3546 -0.9350
vn 0.5395 -0.8415 -0.0286
vn 0.6263 -0.7795 -0.0000
vn 0.5333 -0.8459 -0.0000
vn 0.1484 -0.9284 -0.3406
vn 0.5200 -0.8542 -0.0000
vn 0.5203 -0.3780 -0.7658
vn -0.0000 -0.9350 -0.3546
vn -0.0000 -0.8855 -0.4647
vn 0.4963 -0.0823 -0.8643
vn -0.9848 0.1736 -0.0000
vn -0.9397 0.3420 -0.0000
vn -0.0000 -0.9709 -0.2393
vn 0.0512 -0.6421 -0.7649
vn -0.0000 -0.9999 0.0152
vn -0.0000 -0.9927 -0.1205
vn -0.9975 -0.0713 -0.0000
vn -0.0000 -0.3546 0.9350
vn -0.0000 -0.2393 0.9709
vn -0.0000 -0.2393 -0.9709
vn -0.0000 -0.1205 -0.9927
vn 0.9956 -0.0936 -0.0000
vn 0.9784 -0.2066 -0.0000
vn 0.2828 -0.2055 -0.9369
vn 0.4046 -0.2939 -0.8660
vn -0.0000 -0.8230 -0.5680
vn -0.0000 -0.4647 0.8855
vn 0.1584 -0.3045 -0.9392
vn -0.0000 -0.8230 0.5681
vn -0.0000 -0.8854 0.4647
vn 0.8374 -0.4267 -0.3417
vn 0.7112 -0.7030 -0.0000
vn 0.8497 -0.5272 -0.0000
vn -0.2126 -0.9772 -0.0000
vn 0.7867 -0.6173 -0.0000
vn -0.9975 0.0570 -0.0416
vn -1.0000 -0.0000 -0.0000
vn -1.0000 -0.0001 -0.0000
vn 0.8664 -0.0008 -0.4993
vn 0.9998 0.0206 -0.0000
vn 0.9282 0.1470 -0.3419
vn -0.7071 -0.7071 -0.0000
vn -0.7558 -0.6549 -0.0000
vn 0.8520 -0.5235 -0.0000
vn 1.0000 -0.0000 -0.0000
vn 0.1965 -0.6131 -0.7651
vn 0.2355 -0.7294 -0.6423
vn -0.6702 -0.6701 0.3191
vn -0.5774 -0.5774 0.5773
vn -0.5993 -0.8005 -0.0000
vn -0.6549 -0.7558 -0.0000
vn 0.7605 -0.5535 -0.3395
vn 0.0002 1.0000 0.0001
vn -0.1736 0.9848 -0.0000
vn 0.1057 -0.3253 -0.9397
vn -0.0000 -0.8854 -0.4647
vn 0.9962 -0.0865 -0.0000
vn -0.8777 -0.4793 -0.0000
vn 0.2322 -0.9727 -0.0000
vn 0.3807 -0.9247 -0.0000
vn 0.7574 -0.6530 -0.0000
vn -0.0000 -0.5681 0.8230
vn 0.6380 -0.0980 -0.7638
vn 0.7684 0.6399 -0.0000
vn 0.8586 0.5127 -0.0000
vn -0.0704 -0.9975 -0.0004
vn -0.0718 -0.9974 0.0002
vn -0.0000 -0.1205 0.9927
vn 0.0692 -0.8637 -0.4993
vn -0.0000 -0.9993 0.0367
vn -0.0000 -0.9993 -0.0367
vn -0.0000 -0.9994 -0.0354
vn 0.9402 -0.0013 -0.3406
vn -0.6428 0.7660 -0.0000
vn 0.9706 -0.2405 -0.0000
vn 0.0435 -0.0599 -0.9973
vn 0.0608 -0.1240 -0.9904
vn 0.6466 -0.7629 -0.0000
vn -0.0000 0.9990 0.0439
vn -0.0268 0.9988 -0.0404
vn -0.5000 0.8660 -0.0000
vn -0.3420 0.9397 -0.0000
vn -0.0001 1.0000 -0.0000
vn 0.0003 1.0000 -0.0000
vn 0.6762 -0.6762 0.2926
vn -0.9993 0.0153 -0.0334
vn 0.9699 -0.2255 -0.0922
vn -1.0000 -0.0002 -0.0000
vn -0.9963 0.0851 -0.0141
vn -0.0875 0.9962 0.0010
vn 0.7874 -0.6165 -0.0000
vn 0.5990 -0.6208 0.5058
vn 0.5543 -0.5933 -0.5837
vn 0.9424 0.2785 0.1852
vn 0.9678 0.1770 -0.1792
vn 0.5483 -0.7278 -0.4120
vn 0.9092 -0.3030 0.2856
vn 0.8115 -0.4661 0.3525
vn -0.9966 0.0777 0.0276
vn -0.0761 0.9347 0.3472
vn -0.0845 0.9963 0.0157
vn 0.6820 -0.5339 -0.4999
vn -0.0358 0.9990 -0.0255
vn 0.9601 -0.1607 -0.2290
vn 0.9781 0.0504 -0.2021
vn 0.9660 -0.1136 -0.2321
vn -0.7066 0.5003 0.5004
vn -0.5525 0.4092 -0.7262
vn -0.9033 0.1268 0.4098
vn -0.1181 0.4577 0.8812
vn -0.1237 0.4436 0.8877
vn -0.6804 -0.6804 0.2724
vn -0.7071 -0.0000 -0.7071
vn -0.3162 -0.0000 -0.9487
vn -0.0366 -0.1904 -0.9810
vn -0.0398 -0.2279 -0.9729
vn 0.0770 -0.3653 -0.9277
vn 0.0744 -0.3866 -0.9192
vn 0.0004 -1.0000 -0.0003
vn -0.0002 -1.0000 -0.0004
vn -0.0001 -1.0000 -0.0005
vn 0.0002 -1.0000 -0.0000
vn 0.8660 0.5000 -0.0000
vn 0.7660 0.6428 -0.0000
vn -0.4262 -0.8377 -0.3415
vn -0.5097 -0.7015 -0.4981
vn -0.3932 -0.7716 -0.5000
vn -0.6441 -0.0029 -0.7649
vn -0.7568 0.1199 -0.6426
vn -0.6350 0.1006 -0.7660
vn -0.6117 -0.6132 -0.4997
vn -0.6199 -0.4504 -0.6426
vn -0.5417 -0.5417 -0.6427
vn -0.8553 -0.1366 -0.4998
vn -0.7697 -0.0003 -0.6384
vn -0.7566 -0.1198 -0.6428
vn -0.1995 -0.2790 -0.9393
vn -0.1228 -0.1228 -0.9848
vn -0.1025 -0.1409 -0.9847
vn -0.9691 0.2466 -0.0000
vn -0.9909 0.1345 -0.0000
vn -0.9635 0.2654 -0.0362
vn -0.9976 0.0696 -0.0000
vn -0.9746 0.2239 -0.0000
vn -0.8942 -0.2906 -0.3406
vn -0.9726 -0.1547 -0.1738
vn -0.9283 -0.1470 -0.3416
vn -0.4781 0.1519 -0.8651
vn -0.5730 0.2920 -0.7658
vn -0.4455 0.2270 -0.8660
vn -0.2925 -0.4062 -0.8657
vn -0.2919 -0.5728 -0.7660
vn -0.3779 -0.5202 -0.7659
vn -0.3529 0.3513 -0.8672
vn -0.2013 0.2766 -0.9397
vn -0.2419 0.2419 -0.9397
vn -0.1338 -0.8561 -0.4991
vn -0.1660 -0.0549 -0.9846
vn 0.0001 -0.0009 -1.0000
vn -0.0006 0.0006 -1.0000
vn -0.0000 0.0006 -1.0000
vn 0.0174 -0.0435 -0.9989
vn -0.1269 0.1217 -0.9844
vn 0.0007 0.0003 -1.0000
vn -0.0432 -0.0171 -0.9989
vn -0.0536 -0.1654 -0.9848
vn -0.0738 -0.1525 -0.9855
vn -0.1563 0.0781 -0.9846
vn -0.0344 -0.0281 -0.9990
vn -0.0998 0.1450 -0.9844
vn -0.0536 0.1675 -0.9844
vn -0.0242 -0.0000 -0.9997
vn -0.7717 -0.3932 -0.4998
vn -0.6825 -0.3478 -0.6428
vn -0.4960 0.0754 -0.8650
vn -0.6146 0.1964 -0.7640
vn -0.4488 -0.6220 -0.6416
vn -0.5534 -0.7603 -0.3402
vn -0.6961 -0.6966 -0.1738
vn -0.6645 -0.6645 -0.3419
vn -0.1542 -0.0804 -0.9848
vn -0.5406 0.5419 -0.6435
vn -0.6383 0.5951 -0.4883
vn -0.5784 0.5701 -0.5835
vn -0.5067 0.5426 -0.6699
vn -0.4545 0.4545 -0.7660
vn -0.4333 0.5087 -0.7440
vn -0.3638 0.4740 -0.8018
vn -0.2942 0.4158 -0.8606
vn -0.1464 -0.1027 -0.9839
vn -0.3049 -0.1554 -0.9396
vn -0.9794 -0.1985 -0.0370
vn -0.9214 -0.3886 -0.0000
vn -0.9706 -0.2405 -0.0000
vn 0.1423 -0.9898 -0.0000
vn 0.2126 -0.9771 -0.0000
vn 0.2126 -0.9772 -0.0000
vn -0.1742 -0.0015 -0.9847
vn -0.0001 0.0009 -1.0000
vn -0.1568 0.3051 -0.9393
vn -0.0513 0.2708 -0.9613
vn -0.1709 0.0519 -0.9839
vn -0.0438 0.0609 -0.9972
vn -0.0262 0.1313 -0.9910
vn -0.6209 0.4490 -0.6425
vn -0.2342 0.3993 -0.8864
vn -0.1239 0.3164 -0.9405
vn -0.7052 0.5072 -0.4954
vn -0.6935 0.6149 -0.3754
vn -0.7602 0.5523 -0.3421
vn -0.7337 0.6286 -0.2582
vn -0.7967 0.5789 -0.1737
vn -0.7593 0.6376 -0.1300
vn -0.7683 0.6401 -0.0001
vn -0.8586 0.5127 -0.0001
vn -0.8778 0.4463 -0.1739
vn -0.6117 -0.2018 -0.7649
vn -0.6351 -0.1006 -0.7659
vn -0.0535 -0.3379 -0.9397
vn -0.0208 -0.1332 -0.9909
vn -0.8248 0.2661 -0.4989
vn -0.8377 0.4268 -0.3406
vn -0.7717 0.3932 -0.4998
vn -0.5200 0.3778 -0.7661
vn -0.7318 -0.2381 -0.6385
vn -0.9279 0.3728 -0.0000
vn -0.9368 0.3035 -0.1738
vn 0.5406 -0.8413 -0.0000
vn 0.4793 -0.8777 -0.0000
vn -0.9727 0.1539 -0.1737
vn 0.9370 -0.3495 -0.0000
vn 0.9096 -0.4154 -0.0000
vn -0.9927 0.1128 -0.0421
vn -0.9848 -0.0000 -0.1736
vn 0.8413 -0.5406 -0.0000
vn 0.8005 -0.5993 -0.0000
vn -0.3535 -0.3535 -0.8661
vn -0.6827 0.3479 -0.6425
vn -0.7287 0.2368 -0.6426
vn -0.9962 -0.0865 -0.0001
vn -0.3472 -0.6836 -0.6420
vn -0.2676 -0.8237 -0.4999
vn 0.9771 -0.2126 -0.0000
vn 0.9898 -0.1423 -0.0000
vn -0.9364 -0.3048 -0.1738
vn -0.3391 0.0511 -0.9394
vn -0.1787 0.0269 -0.9835
vn -0.0981 -0.6363 -0.7652
vn -0.9365 -0.3480 -0.0429
vn -0.8772 -0.4475 -0.1738
vn -0.0637 0.1250 -0.9901
vn 0.9595 -0.2817 -0.0000
vn -0.5727 -0.2949 -0.7649
vn -0.8497 -0.5272 -0.0001
vn -0.7965 -0.5792 -0.1737
vn -0.4451 -0.2293 -0.8657
vn -0.3274 -0.1106 -0.9384
vn -0.7573 -0.6530 -0.0001
vn -0.2790 0.1996 -0.9393
vn -0.1429 0.1062 -0.9840
vn -0.3079 0.1531 -0.9390
vn -0.4045 0.2939 -0.8660
vn -0.9370 0.3482 0.0286
vn -0.9347 0.3555 -0.0000
vn -0.6465 -0.7629 -0.0001
vn -0.5786 -0.7969 -0.1738
vn -0.9485 -0.3168 -0.0000
vn -0.9062 -0.4229 -0.0000
vn -0.0000 -0.3715 -0.9284
vn 0.0719 -0.9974 -0.0002
vn -0.5200 -0.8542 -0.0001
vn -0.4469 -0.8775 -0.1738
vn 0.4154 -0.9096 -0.0000
vn -0.3807 -0.9247 -0.0001
vn -0.3042 -0.9366 -0.1738
vn -0.2321 -0.9727 -0.0000
vn -0.1540 -0.9727 -0.1738
vn -0.0780 -0.9970 -0.0000
vn -0.3390 -0.0572 -0.9390
vn -0.5001 -0.0000 -0.8660
vn -0.3421 -0.0000 -0.9397
vn -0.1546 -0.4757 -0.8659
vn -0.1987 -0.6114 -0.7660
vn 0.3495 -0.9370 -0.0000
vn 0.2817 -0.9595 -0.0000
vn -0.2913 -0.8944 -0.3395
vn -0.0011 1.0000 -0.0000
vn -0.8557 0.1345 -0.4996
vn -0.5395 -0.8415 -0.0286
vn -0.6263 -0.7795 -0.0000
vn -0.1482 -0.9282 -0.3412
vn -0.5200 -0.8542 -0.0000
vn -0.6466 -0.7629 -0.0000
vn -0.5197 -0.3808 -0.7648
vn -0.4775 -0.1522 -0.8654
vn 0.9848 0.1736 -0.0000
vn 0.9397 0.3420 -0.0000
vn -0.8586 0.5127 -0.0000
vn -0.1212 -0.7568 -0.6423
vn -0.0000 -0.9999 0.0153
vn 0.9975 -0.0713 -0.0000
vn 0.9369 -0.3495 -0.0000
vn -0.4540 -0.4584 -0.7640
vn -0.9956 -0.0936 -0.0000
vn -0.9784 -0.2066 -0.0000
vn -0.2825 -0.2059 -0.9369
vn -0.2472 -0.2472 -0.9369
vn -0.3298 0.1108 -0.9375
vn -0.1553 -0.3048 -0.9397
vn -0.8372 -0.4272 -0.3416
vn -0.7112 -0.7030 -0.0000
vn -0.8497 -0.5272 -0.0000
vn -0.7867 -0.6173 -0.0000
vn 0.9963 0.0852 0.0134
vn -0.8671 -0.0016 -0.4982
vn -0.7026 -0.5087 -0.4975
vn -0.9998 0.0206 -0.0000
vn -0.1761 -0.0308 -0.9839
vn -0.8946 0.2906 -0.3396
vn -0.9282 0.1470 -0.3418
vn 0.7071 -0.7071 -0.0000
vn 0.7558 -0.6549 -0.0000
vn -0.8520 -0.5235 -0.0000
vn -0.4071 -0.2923 -0.8653
vn -0.0751 -0.4979 -0.8640
vn -0.2356 -0.7318 -0.6395
vn -0.2252 -0.4503 -0.8640
vn -0.2322 -0.9727 -0.0000
vn -0.0000 -0.9999 -0.0152
vn 0.6722 -0.6721 0.3106
vn 0.5774 -0.5774 0.5773
vn 0.5993 -0.8005 -0.0000
vn 0.6549 -0.7558 -0.0000
vn -0.7616 -0.5518 -0.3399
vn -0.0002 1.0000 -0.0000
vn 0.1736 0.9848 -0.0000
vn 0.0032 0.9999 0.0168
vn -0.1057 -0.3253 -0.9397
vn -0.9962 -0.0865 -0.0000
vn 0.8777 -0.4793 -0.0000
vn -0.0000 -1.0000 0.0001
vn -0.3807 -0.9247 -0.0000
vn -0.7574 -0.6530 -0.0000
vn -0.5001 -0.0797 -0.8623
vn -0.7684 0.6399 -0.0000
vn -0.8241 -0.2694 -0.4982
vn 0.0702 -0.9975 -0.0005
vn -0.0748 -0.9369 -0.3416
vn 0.0704 -0.9975 0.0004
vn 0.0719 -0.9974 0.0002
vn -0.9406 -0.0000 -0.3395
vn 0.6428 0.7660 -0.0000
vn 0.5000 0.8660 -0.0000
vn 1.0000 -0.0001 -0.0000
vn 0.3420 0.9397 -0.0000
vn 0.0001 1.0000 -0.0000
vn -0.0003 1.0000 -0.0000
vn 0.9966 0.0770 -0.0283
vn 1.0000 -0.0002 -0.0000
vn -0.9458 -0.0736 -0.3162
vn 0.9975 0.0577 0.0416
vn 0.0446 0.9980 -0.0439
vn -0.9092 -0.3030 0.2855
vn -0.5990 -0.6208 0.5058
vn -0.7874 -0.6165 -0.0000
vn -0.5542 -0.5934 -0.5837
vn -0.5333 -0.8459 -0.0000
vn -0.9424 -0.0643 -0.3282
vn -0.9678 -0.2436 0.0640
vn -0.5982 -0.6281 -0.4976
vn -0.8576 -0.1998 0.4739
vn 0.9993 0.0160 0.0342
vn 0.0437 0.9990 -0.0049
vn -0.3010 -0.8596 0.4129
vn 0.0134 0.9994 0.0318
vn -0.6758 -0.6757 -0.2945
vn -0.9781 0.0736 -0.1948
vn -0.7821 0.2753 0.5591
vn -0.8456 -0.4875 -0.2177
vn 0.7066 0.5003 0.5004
vn 0.5774 -0.5773 0.5774
vn 0.9033 0.1268 0.4098
vn 0.6813 -0.6813 -0.2676
vn -0.2676 -0.3748 0.8877
vn -0.2542 -0.3986 0.8812
vn 0.7071 -0.0000 -0.7071
vn 0.6750 -0.6750 0.2979
vn 0.3162 -0.0000 -0.9487
vn 0.0132 0.2310 -0.9729
vn 0.0111 0.1936 -0.9810
vn -0.6820 -0.5339 -0.4999
vn -0.2789 0.2779 -0.9192
vn -0.2843 0.2419 -0.9277
vn 0.5525 0.4091 -0.7262
vn -0.0361 0.0082 0.9993
vn -0.0356 -0.0081 -0.9993
vn 0.3577 -0.7798 0.5138
vn 0.0208 -0.9724 0.2322
vn -0.0000 -1.0000 0.0008
vn -0.0000 -1.0000 -0.0008
vn 1.0000 0.0099 -0.0000
vn 0.9939 0.1104 -0.0000
vn 0.9949 0.1006 -0.0000
vn 0.9964 0.0848 -0.0000
vn 0.9974 0.0721 -0.0000
vn 0.9982 0.0607 -0.0000
vn 0.9988 0.0499 -0.0000
vn 0.9993 0.0385 -0.0000
vn 0.9997 0.0257 -0.0000
vn 0.8575 -0.5145 -0.0000
vn -0.9610 -0.2767 -0.0000
vn -0.9418 -0.3363 -0.0000
vn -0.8985 -0.4391 -0.0000
vn -0.8864 -0.4630 -0.0000
vn -0.9153 -0.4027 -0.0000
vn -0.9237 -0.3832 -0.0000
vn -0.9687 -0.2484 -0.0000
vn -0.9952 -0.0980 -0.0000
vn 0.9990 -0.0454 -0.0000
vn -0.9989 0.0463 -0.0000
vn 0.9914 -0.1306 -0.0000
vn -0.9872 0.1595 -0.0000
vn 0.9144 -0.4048 -0.0000
vn -0.9028 0.4302 -0.0000
vn 0.7918 -0.6108 -0.0000
vn -0.7756 0.6312 -0.0000
vn 0.5340 -0.8455 -0.0000
vn -0.5228 0.8524 -0.0000
vn 0.1506 -0.9886 -0.0000
vn -0.1539 0.9881 -0.0000
vn -0.1798 -0.9837 -0.0000
vn 0.5745 0.8185 -0.0000
vn -0.5958 -0.8031 -0.0000
vn 0.1779 0.9840 -0.0000
vn 0.8709 0.4914 -0.0000
vn -0.8705 -0.4921 -0.0000
vn -0.9921 -0.1252 -0.0000
vn 0.9909 0.1342 -0.0000
vn -0.8408 0.5414 -0.0000
vn 0.8037 -0.5950 -0.0000
vn -0.9803 0.1974 -0.0000
vn 0.9740 -0.2265 -0.0000
vn -0.5353 0.8446 -0.0000
vn 0.3908 -0.9205 -0.0000
vn 1.0000 -0.0054 -0.0000
vn -0.0507 -0.0000 0.9987
vn 0.0002 -0.0000 -1.0000
vn 0.0006 -0.0000 1.0000
vn -1.0000 0.0054 -0.0000
vn -0.0587 -0.0000 -0.9983
vn -0.0054 -1.0000 -0.0000
vn -0.0055 -1.0000 -0.0000
vn -0.0073 -1.0000 -0.0000
vn 0.1076 -0.0000 0.9942
vn 0.0343 -0.0000 0.9994
vn 0.0054 1.0000 -0.0000
vn -0.0001 -0.0000 1.0000
vn -1.0000 0.0099 -0.0000
vn -0.9939 0.1104 -0.0000
vn -0.9949 0.1006 -0.0000
vn -0.9964 0.0848 -0.0000
vn -0.9974 0.0721 -0.0000
vn -0.9982 0.0607 -0.0000
vn -0.9988 0.0499 -0.0000
vn -0.9993 0.0385 -0.0000
vn -0.9997 0.0257 -0.0000
vn -0.8575 -0.5145 -0.0000
vn 0.9610 -0.2767 -0.0000
vn 0.9418 -0.3363 -0.0000
vn 0.8985 -0.4391 -0.0000
vn 0.8864 -0.4630 -0.0000
vn 0.9153 -0.4027 -0.0000
vn 0.9237 -0.3832 -0.0000
vn 0.9687 -0.2484 -0.0000
vn 0.9952 -0.0980 -0.0000
vn -0.9990 -0.0454 -0.0000
vn 0.9989 0.0463 -0.0000
vn -0.9914 -0.1306 -0.0000
vn 0.9872 0.1595 -0.0000
vn -0.9144 -0.4048 -0.0000
vn 0.9028 0.4302 -0.0000
vn -0.7918 -0.6108 -0.0000
vn 0.7756 0.6312 -0.0000
vn -0.5340 -0.8455 -0.0000
vn 0.5228 0.8524 -0.0000
vn -0.1506 -0.9886 -0.0000
vn 0.1539 0.9881 -0.0000
vn 0.1798 -0.9837 -0.0000
vn -0.5745 0.8185 -0.0000
vn 0.5958 -0.8031 -0.0000
vn -0.1779 0.9840 -0.0000
vn -0.8709 0.4914 -0.0000
vn 0.8705 -0.4921 -0.0000
vn 0.9921 -0.1252 -0.0000
vn -0.9909 0.1342 -0.0000
vn 0.8408 0.5414 -0.0000
vn -0.8037 -0.5950 -0.0000
vn 0.9803 0.1974 -0.0000
vn -0.9740 -0.2265 -0.0000
vn 0.5353 0.8446 -0.0000
vn -0.3908 -0.9205 -0.0000
vn -1.0000 -0.0054 -0.0000
vn -0.0337 -0.0000 0.9994
vn -0.0001 -0.0000 -1.0000
vn 1.0000 0.0054 -0.0000
vn -0.0218 -0.0000 -0.9998
vn 0.0054 -1.0000 -0.0000
vn -0.0153 -0.0000 -0.9999
vn -0.0165 -0.0000 -0.9999
vn -0.0054 1.0000 -0.0000
vn -0.0002 -0.0000 1.0000
vn 0.0001 -0.0000 1.0000
vn 0.0022 -0.0024 -1.0000
vn 0.0025 -0.0030 -1.0000
vn 0.0022 0.0024 -1.0000
vn 0.9347 0.3555 -0.0000
vn 0.0036 1.0000 -0.0000
vn -0.0024 1.0000 -0.0000
vn -0.0008 1.0000 -0.0000
vn 0.0011 1.0000 -0.0000
vn -0.0000 1.0000 -0.0001
vn 0.8898 -0.4510 0.0699
vn 0.8792 -0.4187 -0.2272
vn 0.5811 -0.5811 0.5698
vn 0.9000 -0.2079 -0.3831
vn 0.9181 -0.0991 -0.3837
vn 0.9400 0.2704 -0.2079
vn 0.9453 0.2806 -0.1665
vn 0.9702 0.1644 -0.1782
vn 0.4614 0.1656 -0.8716
vn -0.9484 0.2926 -0.1219
vn 0.9571 0.2632 0.1215
vn 0.6789 -0.6789 0.2798
vn 0.9242 -0.1673 -0.3432
vn 0.9436 0.2802 0.1766
vn 1.0000 0.0001 -0.0000
vn 1.0000 -0.0000 -0.0003
vn 1.0000 -0.0000 0.0012
vn 1.0000 -0.0000 -0.0022
vn -0.0000 -0.9999 -0.0153
vn 0.5810 -0.5811 0.5699
vn -0.0000 -0.9994 0.0354
vn 0.9195 -0.1756 -0.3518
vn -0.9470 0.2944 -0.1286
vn 0.9552 0.2663 0.1291
vn 0.4471 0.1866 -0.8748
vn 0.3010 -0.8596 0.4129
vn 0.6760 -0.6760 -0.2934
vn -0.6813 -0.6813 -0.2676
vn -0.9673 -0.1260 0.2202
vn 0.9560 -0.2873 0.0597
vn 0.4759 -0.3689 0.7984
vn 0.7192 0.3109 0.6214
vn -0.5774 -0.5773 0.5774
vn -0.1685 0.4485 0.8777
vn 0.3853 0.2060 0.8995
vn 0.2431 -0.0624 -0.9680
vn -0.0432 -0.1229 -0.9915
vn 0.4030 0.0344 -0.9146
vn 0.0369 -0.3345 -0.9417
vn 0.0001 -1.0000 0.0004
vn 0.0003 -1.0000 0.0004
vn -0.0025 -0.0030 -1.0000
vn -0.0000 1.0000 0.0001
vn -0.0000 1.0000 -0.0002
vn 0.0008 1.0000 -0.0000
vn 0.0024 1.0000 0.0001
vn -0.0036 1.0000 -0.0000
vn -0.8239 0.2515 -0.5079
vn -0.9702 -0.0802 0.2288
vn 0.1901 -0.2188 0.9571
vn 0.1925 -0.2518 0.9484
vn -0.9436 -0.2654 -0.1981
vn -0.3784 -0.2638 -0.8873
vn -0.6759 -0.6759 0.2938
vn -0.9453 0.2026 0.2558
vn -0.9401 0.3317 -0.0792
vn -1.0000 0.0001 -0.0000
vn -0.5811 -0.5811 0.5698
vn -0.8793 0.0252 -0.4757
vn -0.8898 0.4563 0.0072
vn -0.9000 0.4354 -0.0201
vn -0.9181 0.3889 -0.0762
vn -1.0000 -0.0000 -0.0022
vn -1.0000 -0.0000 -0.0003
vn -1.0000 -0.0000 0.0012
vn -0.5810 -0.5811 0.5699
vn -0.6797 -0.6797 0.2755
vn 0.9552 -0.2927 -0.0439
vn -0.9470 -0.3183 0.0435
vn -0.3047 -0.0586 -0.9507
vn -0.9095 0.0635 -0.4108
vn -0.6353 -0.4328 0.6396
vn -0.9560 -0.1462 -0.2544
vn -0.9601 0.0284 -0.2783
vn -0.2535 -0.0099 0.9673
vn -0.4624 0.1255 0.8777
vn -0.1437 -0.4127 0.8995
vn 0.0203 0.2502 -0.9680
vn -0.1295 0.0136 -0.9915
vn -0.1482 0.3763 -0.9146
vn -0.2969 -0.1584 -0.9417
vn -0.2326 -0.4214 -0.8765
vn -0.0002 -1.0000 -0.0000
vn 0.0001 -0.0000 -1.0000
vn 0.0629 -0.0000 0.9980
vn 0.0696 -0.0000 -0.9976
vn -0.0057 -1.0000 -0.0000
vn -0.0049 -1.0000 -0.0000
vn -0.0047 -1.0000 -0.0000
vn -0.0090 -1.0000 -0.0000
vn 0.0541 -0.0000 -0.9985
vn -0.1024 -0.0000 0.9947
vn 0.0143 -0.0000 -0.9999
vn 0.0005 -0.0000 1.0000
vn 0.0121 -0.0000 0.9999
vn 0.0169 -0.0000 0.9999
vn 0.0056 -1.0000 -0.0000
vn 0.0053 -1.0000 -0.0000
vn 0.0055 -1.0000 -0.0000
vn 0.0052 -1.0000 -0.0000
vn -0.0045 -0.0000 1.0000
vn 0.0012 -0.0000 1.0000
vn -0.0055 1.0000 -0.0000
vn 0.0127 -0.0000 0.9999
vn 0.0003 -0.0000 1.0000
vt 0.000000 -0.048869
vt 0.356500 -0.036652
vt -0.000000 -0.036652
vt -0.020944 -0.050624
vt -0.031416 -0.067498
vt -0.020944 -0.067498
vt -0.041888 -0.185620
vt -0.052360 -0.168745
vt -0.052360 -0.185620
vt -0.031416 -0.084373
vt -0.041888 -0.101247
vt -0.031416 -0.101247
vt -0.041888 -0.168745
vt -0.031416 -0.151871
vt -0.041888 -0.151871
vt -0.073304 -0.067498
vt -0.083776 -0.084373
vt -0.073304 -0.084373
vt -1.000000 -0.409498
vt -0.706710 -0.383777
vt -1.000000 -0.383777
vt -0.140000 0.168122
vt -0.000000 0.187651
vt -0.140000 0.187651
vt -0.010472 -0.151871
vt -0.020944 -0.134996
vt -0.020944 -0.151871
vt -0.062832 -0.202494
vt -0.052360 -0.219369
vt -0.052360 -0.202494
vt -0.052360 -0.050624
vt -0.062832 -0.067498
vt -0.052360 -0.067498
vt -0.073304 -0.269992
vt -0.062832 -0.253118
vt -0.073304 -0.253118
vt -0.023785 0.213409
vt -0.001073 0.115177
vt 0.017439 0.121332
vt -0.031416 -0.016875
vt -0.041888 0.000000
vt -0.041888 -0.016875
vt 0.120000 0.012083
vt -0.000000 -0.012083
vt 0.120000 -0.012083
vt -0.083776 -0.134996
vt -0.094248 -0.149996
vt -0.083776 -0.151871
vt -0.083776 -0.067498
vt -0.094248 -0.093747
vt -0.083776 -0.101247
vt -0.094248 -0.262492
vt -0.083776 -0.253118
vt -0.083776 -0.236243
vt -0.083776 -0.033749
vt -0.094248 -0.074998
vt -0.094248 -0.243743
vt -0.083776 -0.219369
vt -0.083776 -0.202494
vt -0.083776 -0.303741
vt -0.083776 -0.269992
vt -0.031416 -0.118122
vt -0.041888 -0.118122
vt -0.062832 -0.185620
vt -0.930000 -0.012083
vt -1.050000 -0.036249
vt -0.930000 -0.036249
vt -0.041888 -0.067498
vt -0.041888 -0.084373
vt -0.010472 -0.084373
vt -0.020944 -0.084373
vt 0.120000 -0.132914
vt 0.000000 -0.157080
vt 0.120000 -0.157080
vt -0.083776 -0.118122
vt -0.041888 -0.253118
vt -0.037374 -0.252567
vt -0.030581 -0.249324
vt -0.044036 -0.256736
vt -0.052360 -0.253118
vt -0.050335 -0.261706
vt -0.055817 -0.267157
vt -0.062832 -0.269992
vt -0.073304 -0.118122
vt -0.140000 0.226708
vt 0.000000 0.246236
vt -0.140000 0.246236
vt 0.100000 -0.856798
vt -0.000000 -0.813958
vt -0.000000 -0.856798
vt -0.083776 -0.185620
vt -0.083776 -0.168745
vt -0.077568 -0.317098
vt -0.073304 -0.286867
vt -0.083776 -0.286867
vt -0.094248 -0.187494
vt -0.083776 -0.337490
vt -0.094248 -0.299991
vt -0.079087 -0.337490
vt -0.083776 -0.320616
vt -0.041888 -0.236243
vt -0.031416 -0.236243
vt -0.072875 -0.297438
vt -0.065371 -0.280510
vt -0.023091 -0.246676
vt -0.020944 -0.236243
vt -0.015667 -0.244844
vt -0.010472 -0.236243
vt -0.007822 -0.243746
vt -0.000000 -0.243352
vt -0.000000 -0.226570
vt -0.010472 -0.219369
vt -0.052360 -0.134996
vt -0.041888 -0.134996
vt -0.073304 -0.016875
vt -0.083776 0.000000
vt -0.083776 -0.016875
vt -0.031416 -0.202494
vt -0.020944 -0.219369
vt -0.020944 -0.202494
vt -1.050000 0.012083
vt -1.050000 -0.012083
vt -0.073304 -0.134996
vt -0.031416 -0.134996
vt 0.120000 -0.036249
vt 0.000000 -0.060415
vt 0.120000 -0.060415
vt -0.000000 -0.209787
vt -0.010472 -0.202494
vt -0.000000 -0.299879
vt 0.100000 -0.342719
vt 0.100000 -0.299879
vt -0.000000 -0.193004
vt -0.010472 -0.185620
vt 0.100000 -0.728278
vt 0.000000 -0.685438
vt -0.000000 -0.728278
vt -0.000000 -0.176221
vt -0.010472 -0.168745
vt 0.000000 -0.036249
vt 0.000000 -0.342719
vt 0.100000 -0.385559
vt -0.062832 -0.084373
vt -0.052360 -0.084373
vt -0.041888 -0.219369
vt -0.031416 -0.219369
vt -0.000000 -0.159438
vt -0.031416 -0.033749
vt -0.041888 -0.050624
vt -0.031416 -0.050624
vt 0.120000 -0.084581
vt -0.000000 -0.108747
vt 0.120000 -0.108747
vt 0.100000 -0.128520
vt 0.000000 -0.085680
vt 0.000000 -0.128520
vt -0.000000 -0.142655
vt -0.010472 -0.134996
vt -0.073304 -0.185620
vt -0.073304 -0.202494
vt -0.052360 -0.016875
vt -0.062832 0.000000
vt -0.062832 -0.016875
vt -0.000000 -0.125872
vt -0.010472 -0.118122
vt 0.100000 -0.642598
vt 0.000000 -0.599759
vt -0.000000 -0.642598
vt -0.729671 0.120000
vt -0.975490 0.218050
vt -1.000000 0.000001
vt 0.100000 -0.171360
vt -0.052360 -0.118122
vt -0.000000 -0.109089
vt -0.010472 -0.101247
vt -0.062832 -0.118122
vt -0.062832 -0.134996
vt -0.000000 -0.092306
vt -0.073304 -0.236243
vt -0.073304 -0.219369
vt -0.062832 -0.236243
vt -0.062832 -0.219369
vt -0.205902 -0.435219
vt -0.000000 -0.409498
vt -0.205902 -0.409498
vt -0.000000 -0.075523
vt -0.010472 -0.067498
vt -0.205902 -0.280895
vt 0.000000 -0.255174
vt -0.205902 -0.255174
vt 0.100000 -0.899638
vt -0.000000 -0.899638
vt -0.000000 -0.058740
vt -0.010472 -0.050624
vt 0.100000 -0.685438
vt -0.000000 -0.041957
vt -0.010472 -0.033749
vt -0.200000 0.120000
vt -1.700000 0.000000
vt -0.200000 0.000000
vt -0.000000 -0.025174
vt -0.010472 -0.016875
vt -0.000000 -0.008391
vt -0.010472 0.000000
vt 0.000000 0.000001
vt -0.000000 -0.214199
vt 0.100000 -0.257039
vt 0.100000 -0.214199
vt -0.062832 -0.168745
vt -0.073304 -0.151871
vt -0.073304 -0.168745
vt -0.140000 0.148594
vt -0.000000 0.168122
vt -0.062832 -0.033749
vt -0.062832 -0.050624
vt 0.100000 -0.771118
vt -0.020944 -0.033749
vt -0.052360 -0.236243
vt -0.114251 1.000000
vt -0.142166 1.184617
vt -0.194926 1.197686
vt -0.041888 -0.202494
vt -0.031416 -0.185620
vt -0.930000 0.060415
vt -1.050000 0.084581
vt -1.050000 0.060415
vt 0.100000 -0.085680
vt -0.205902 -0.126571
vt 0.000000 -0.152291
vt 0.000000 -0.126571
vt -0.020944 -0.016875
vt 0.930000 -0.108747
vt 1.050000 -0.132914
vt 1.050000 -0.108747
vt -0.140000 0.304821
vt -0.000000 0.324350
vt -0.140000 0.324350
vt -0.052360 -0.101247
vt -0.049793 0.041781
vt 0.061080 0.022231
vt 0.011287 0.064013
vt 0.120000 0.084581
vt 0.000000 0.060415
vt 0.120000 0.060415
vt -0.062832 -0.151871
vt 0.000000 -0.012217
vt 0.356500 -0.024435
vt 0.356500 -0.012217
vt -0.140000 0.129066
vt -0.000000 0.148594
vt 0.120000 0.108747
vt -0.000000 0.084581
vt -0.000000 -0.084581
vt 0.100000 -0.813958
vt -0.052360 0.000000
vt -0.640000 0.000000
vt -0.640000 0.120000
vt -0.930000 -0.157080
vt -1.050000 -0.132914
vt -1.050000 -0.157080
vt -0.000000 -0.042840
vt 0.000000 -0.771118
vt 0.930000 0.084581
vt 1.050000 0.108747
vt 0.930000 0.108747
vt -0.930000 0.108747
vt -1.050000 0.132914
vt -1.050000 0.108747
vt -0.000000 -0.132914
vt 0.120000 0.132914
vt -0.000000 0.108747
vt -1.000000 -0.332336
vt -0.706710 -0.306615
vt -1.000000 -0.306615
vt -0.073304 -0.101247
vt -0.062832 -0.101247
vt -0.930000 0.157080
vt -0.930000 0.132914
vt 0.000000 0.036249
vt 0.120000 0.036249
vt -0.706711 -0.280895
vt -1.000000 -0.280895
vt -0.073304 -0.050624
vt 0.930000 -0.036249
vt 1.050000 -0.060415
vt 1.050000 -0.036249
vt -0.020944 -0.118122
vt -0.205902 -0.152291
vt 0.000000 -0.178012
vt 0.000000 0.265764
vt -0.140000 0.265764
vt -0.706711 -0.178012
vt -1.000000 -0.203733
vt -0.706711 -0.203733
vt 0.330000 0.356500
vt 0.160000 -0.000000
vt 0.330000 0.000000
vt -0.031416 -0.168745
vt -0.205902 -0.383777
vt 0.000000 -0.358057
vt -0.205902 -0.358057
vt -0.205902 -0.332336
vt 0.000000 -0.332336
vt -0.020944 -0.185620
vt 0.100000 -0.471239
vt 0.000000 -0.428399
vt 0.000000 -0.471239
vt -1.000000 -0.255174
vt -0.706711 -0.229453
vt -1.000000 -0.229453
vt 1.898542 1.296470
vt 1.894188 1.272714
vt 2.000000 0.712509
vt -0.052360 -0.033749
vt -0.041888 -0.033749
vt 0.930000 -0.012083
vt 1.050000 -0.012083
vt -0.595893 -0.948542
vt 0.595893 -0.948542
vt 0.572137 -0.944188
vt -0.930000 -0.108747
vt -1.050000 -0.084581
vt -1.050000 -0.108747
vt -0.930000 0.084581
vt 0.120000 0.157080
vt 0.000000 0.132914
vt -0.140000 0.363406
vt -0.000000 0.382935
vt -0.140000 0.382935
vt 1.900000 0.712509
vt 1.980000 2.160577
vt 1.900000 2.293289
vt 0.100000 -0.428399
vt 0.000000 -0.556919
vt 0.100000 -0.514079
vt 0.000000 -0.514079
vt 0.000000 0.000000
vt 0.160000 0.205902
vt 0.000000 0.205902
vt -0.020944 -0.101247
vt 1.050000 0.012083
vt 0.930000 0.012083
vt -0.000000 -0.109956
vt 0.356500 -0.097738
vt -0.000000 -0.097738
vt -0.073304 -0.033749
vt -0.930000 -0.060415
vt -1.050000 -0.060415
vt 0.000000 0.207179
vt -0.140000 0.207179
vt -0.000000 -0.257039
vt 0.930000 -0.132914
vt 1.050000 -0.157080
vt 0.000000 0.363406
vt -0.140000 0.343878
vt 0.000000 0.343878
vt -0.000000 -0.942478
vt -0.000000 -0.171360
vt 1.050000 0.060415
vt 1.050000 0.084581
vt 0.000000 0.285293
vt 0.000000 0.012083
vt -0.052360 -0.151871
vt -0.000000 0.109537
vt -0.000000 0.129066
vt 0.100000 -0.599759
vt 0.930000 -0.084581
vt 1.050000 -0.084581
vt -0.930000 -0.132914
vt -0.930000 0.036249
vt -1.050000 0.036249
vt 0.100000 -0.042840
vt 0.100000 0.000000
vt 0.930000 -0.060415
vt 0.700000 0.100000
vt 0.700000 0.000000
vt 0.000000 -0.385559
vt -0.031416 0.000000
vt -0.930000 0.012083
vt 0.100000 -0.556919
vt 0.930000 0.132914
vt 1.050000 0.157080
vt 0.930000 0.157080
vt 1.050000 0.132914
vt -0.020944 -0.168745
vt 0.170000 0.205902
vt 0.170000 -0.000000
vt -0.140000 0.392700
vt 0.000000 0.392700
vt 0.356500 -0.061087
vt 0.000000 -0.061087
vt 0.930000 0.036249
vt 1.050000 0.036249
vt 0.245779 0.249249
vt 0.262170 0.209679
vt 0.600000 0.700000
vt 0.000000 0.226708
vt 0.000000 0.100000
vt -0.094248 0.000000
vt -0.083776 -0.050624
vt -0.140000 0.285293
vt -0.000000 0.304821
vt 0.700001 0.000000
vt 0.000000 0.356500
vt 0.356500 -0.073304
vt 0.129671 0.205901
vt 0.129671 -0.000000
vt -0.930000 -0.084581
vt -1.700000 0.120000
vt 2.794098 -0.036652
vt 3.000000 -0.024435
vt 2.794098 -0.024435
vt 0.930000 0.060415
vt 0.356500 0.000000
vt 0.450000 -0.000000
vt 0.000000 0.356500
vt 0.356500 -0.085521
vt 0.000000 -0.085521
vt 2.794099 -0.061087
vt 3.000000 -0.073304
vt 3.000000 -0.061087
vt 0.580000 2.794099
vt 0.000000 3.000000
vt 0.000000 2.794099
vt 0.129671 0.706711
vt 0.000000 0.205902
vt -0.706711 -0.126571
vt -0.205902 -0.306615
vt 0.000000 -0.280895
vt 1.900000 2.900000
vt 2.100000 2.794099
vt 2.100000 3.000000
vt 0.330000 2.794099
vt 0.160000 3.000000
vt 0.160000 2.794098
vt 0.000000 0.706711
vt 0.170000 0.706711
vt 0.160000 0.706710
vt -0.706710 -0.435219
vt -0.706710 -0.409498
vt -0.706711 -0.152291
vt 3.000000 -0.048869
vt 2.794099 -0.048869
vt 2.293289 -0.036652
vt 2.293289 -0.024435
vt -0.706711 -0.255174
vt 2.794099 -0.109956
vt 3.000000 -0.097738
vt 2.794098 -0.097738
vt -0.205902 -0.203733
vt 0.000000 -0.203733
vt 3.000000 -0.036652
vt -0.706710 -0.358057
vt -0.205902 -0.229453
vt -0.706710 -0.332336
vt 0.450000 2.794098
vt 0.000000 2.794098
vt 3.000000 -0.085521
vt 2.794098 -0.085521
vt 2.794098 -0.073304
vt 0.000000 -0.229453
vt 2.000000 3.000000
vt 1.000000 2.794098
vt 2.000000 2.794098
vt 0.000000 -0.306615
vt -0.210297 0.205902
vt 0.000000 0.205902
vt 2.794099 -0.012217
vt 3.000000 -0.012217
vt -0.000000 -0.383777
vt 3.000000 0.000000
vt 2.794099 0.000000
vt 2.293289 -0.061087
vt 0.000000 2.287492
vt 0.170000 2.287492
vt 0.160000 2.287491
vt -1.000000 -0.178012
vt 0.330000 2.293289
vt 0.160000 2.293289
vt 0.712509 -0.036652
vt 0.712509 -0.024435
vt 2.293289 -0.109956
vt 2.293289 -0.097738
vt -0.205902 -0.178012
vt 2.293289 -0.048869
vt 2.293289 -0.012217
vt 2.293289 0.000000
vt -1.000000 -0.358057
vt 0.450000 2.293290
vt 0.000000 2.293290
vt 2.293289 -0.085521
vt 2.293289 -0.073304
vt 2.000000 2.293290
vt 0.580000 2.293289
vt 0.000000 2.293289
vt 0.000000 1.000000
vt 0.129671 1.000000
vt -1.000000 -0.126571
vt 0.000000 0.706710
vt 0.652638 2.803639
vt 0.866009 2.803639
vt 1.000000 0.356499
vt 2.000000 0.000000
vt 2.000000 0.356500
vt 0.712508 -0.012217
vt 0.330000 0.712508
vt 0.160000 0.712509
vt 0.712508 0.000000
vt 0.450000 0.712509
vt 0.000000 0.712509
vt 0.712509 -0.097738
vt 0.712509 -0.085521
vt 0.712509 -0.073304
vt 0.580000 2.000000
vt 0.000000 0.712508
vt 0.712508 -0.061087
vt 0.000000 2.643500
vt 0.170000 2.643500
vt 0.712508 -0.048869
vt 0.160000 2.643500
vt 0.356500 -0.048869
vt 0.712508 -0.109956
vt 1.900000 0.100000
vt 1.650000 0.000000
vt 2.100000 0.000000
vt 0.450000 0.356500
vt -0.000000 -0.024435
vt 0.160000 0.356500
vt 0.700001 0.356500
vt 0.687252 0.316407
vt 0.866008 0.316407
vt 0.170000 3.000000
vt 1.000000 0.712509
vt -1.400000 2.287491
vt -0.480658 0.706711
vt -0.480658 2.287491
vt -1.400000 2.900000
vt -0.480658 2.643501
vt -0.480658 2.900000
vt 1.900000 2.794099
vt -0.400000 2.287491
vt 0.100959 0.036940
vt 0.112493 -0.277196
vt -0.142829 0.120000
vt -0.018402 0.106217
vt -0.094248 -0.131246
vt -0.094248 -0.206244
vt -0.094248 -0.337490
vt -0.840000 0.770000
vt -1.000000 1.050000
vt 0.000000 1.050000
vt -0.000000 -0.435219
vt -0.073304 0.000000
vt -0.135514 1.180149
vt -0.210297 0.706711
vt -0.022231 0.061080
vt 0.041781 0.049793
vt -0.065000 0.000000
vt 1.900000 1.320577
vt -0.572137 -0.944188
vt 1.980000 0.920577
vt 0.356500 -0.109956
vt 0.930000 -0.157080
vt 0.100000 -0.942478
vt -0.020944 0.000000
vt 0.000000 -0.073304
vt 1.650000 3.000000
vt 0.330000 3.000000
vt 3.000000 -0.109956
vt 1.000000 2.293289
vt 0.000000 0.706711
vt 0.652638 2.803639
vt 0.866008 2.803639
vt 1.000000 0.000000
vt 0.700001 0.712509
vt 2.100000 0.356499
vt 0.866008 0.356499
vt -1.400000 0.706711
vt -1.400000 2.643501
vt 0.103562 1.189193
vt 0.099879 0.000000
vt 1.343415 1.243902
vt 1.229038 1.137998
vt 0.405897 0.375831
vt 0.809039 0.749110
vt 0.956615 0.885755
vt 0.810000 0.500000
vt 0.810000 0.631250
vt 0.190014 0.119058
vt 0.100130 0.061809
vt 0.273303 0.253058
vt 0.388257 0.359497
vt 0.661372 0.612382
vt 0.519292 0.480826
vt 1.098432 1.017067
vt 0.295613 0.189189
vt 0.609345 0.377996
vt 0.408454 0.264550
vt 0.512914 0.323512
vt 0.512914 0.323512
vt 0.692927 0.427733
vt 0.100130 0.061809
vt 0.077756 0.222956
vt 0.052127 0.224952
vt 0.026438 0.224012
vt 0.001023 0.220147
vt -0.047662 0.203885
vt -0.070297 0.191700
vt -0.091395 0.177012
vt -0.110679 0.160014
vt -0.127899 0.140927
vt -0.272500 0.120000
vt -0.272500 -0.000001
vt -0.077119 -0.000001
vt -0.077119 0.009754
vt -0.074083 0.029025
vt -0.068087 0.047589
vt 0.127500 0.210297
vt 0.102990 0.218050
vt 0.111582 0.107325
vt 0.127500 0.096047
vt 0.094102 0.115988
vt -0.059274 0.064994
vt 0.075488 0.121826
vt -0.047861 0.080816
vt -0.034126 0.094669
vt 0.056192 0.124697
vt 0.036684 0.124531
vt -0.094248 -0.037499
vt -1.000000 0.600000
vt -0.840000 0.600000
vt 1.000000 0.600000
vt 1.000000 1.050000
vt -0.670000 0.770000
vt 0.300000 0.600000
vt 0.257196 0.598471
vt -0.657845 0.768937
vt -0.646059 0.765778
vt 0.214611 0.593893
vt 0.172461 0.586288
vt -0.635000 0.760622
vt -0.625005 0.753623
vt 0.130960 0.575696
vt 0.090321 0.562170
vt -0.616377 0.744995
vt -0.609378 0.735000
vt 0.050751 0.545779
vt 0.012451 0.526607
vt -0.604222 0.723941
vt -0.601063 0.712155
vt -0.024384 0.504752
vt -0.059567 0.480325
vt -0.600000 0.700000
vt -0.600000 0.120000
vt -0.092916 0.453450
vt -0.124264 0.424264
vt -0.153450 0.392916
vt -0.744601 0.140927
vt -0.761821 0.160014
vt -0.180325 0.359567
vt -0.781105 0.177012
vt -0.204752 0.324384
vt -0.802203 0.191700
vt -0.226607 0.287549
vt -0.824838 0.203885
vt -0.245779 0.249249
vt -0.848715 0.213409
vt -0.262170 0.209679
vt -0.873523 0.220147
vt -0.275696 0.169040
vt -0.898938 0.224012
vt -0.286288 0.127539
vt -0.924627 0.224952
vt -0.293893 0.085389
vt -0.950256 0.222956
vt -0.300000 0.000000
vt -0.298471 0.042804
vt -1.000000 0.210297
vt -0.114251 1.140000
vt -0.114963 1.147795
vt -0.116918 1.155489
vt -0.120078 1.162513
vt -0.124438 1.169263
vt -0.129474 1.174997
vt -0.148884 1.188104
vt -0.163380 1.193123
vt -0.179007 1.196173
vt -0.210297 1.198095
vt -0.011287 0.064013
vt -0.041781 0.049793
vt -0.061080 0.022231
vt 0.065000 0.000000
vt 0.049793 0.041781
vt 0.022231 0.061080
vt -1.050000 0.157080
vt 0.668421 2.276597
vt 0.652638 2.293289
vt 0.000000 2.160577
vt 0.001458 2.136470
vt 0.005812 2.112714
vt 0.012997 2.089656
vt 0.022909 2.067633
vt 0.035403 2.046964
vt 0.050298 2.027953
vt 0.067375 2.010875
vt 0.086387 1.995980
vt 0.107055 1.983486
vt 0.129079 1.973574
vt 0.152137 1.966389
vt 0.175893 1.962035
vt 0.200000 1.960577
vt 1.700000 1.960577
vt 0.703933 2.276595
vt 0.771360 2.276592
vt 1.724107 1.959119
vt 0.866008 2.293289
vt 0.887794 2.276584
vt 1.747863 1.954766
vt 0.879437 0.724923
vt 0.866008 0.712509
vt 0.697404 0.724905
vt 0.764176 0.724910
vt 0.000000 0.712509
vt 0.652638 0.712509
vt 0.662234 0.724902
vt 1.770921 1.947580
vt 0.000000 0.920577
vt 0.005812 0.968440
vt 0.001458 0.944684
vt 0.022909 1.013522
vt 0.012997 0.991498
vt 0.050298 1.053202
vt 0.035403 1.034190
vt 0.086387 1.085174
vt 0.067375 1.070279
vt 0.129079 1.107580
vt 0.107055 1.097668
vt 0.175893 1.119119
vt 0.152137 1.114766
vt 1.700000 1.120577
vt 0.200000 1.120577
vt 1.792945 1.937668
vt 1.813613 1.925174
vt 1.724107 1.122035
vt 1.832625 1.910279
vt 1.849702 1.893202
vt 1.747863 1.126389
vt 1.770921 1.133574
vt 1.864597 1.874190
vt 1.877091 1.853522
vt 1.792945 1.143486
vt 1.813613 1.155980
vt 1.887003 1.831498
vt 1.894188 1.808440
vt 1.832625 1.170875
vt 1.849702 1.187953
vt 1.898542 1.784684
vt 1.900000 1.760577
vt 1.864597 1.206964
vt 1.877091 1.227633
vt 1.887003 1.249656
vt -0.397091 0.842945
vt -0.407003 0.820921
vt -0.414188 0.797863
vt -0.418542 0.774107
vt -0.420000 0.750000
vt -0.420000 -0.750000
vt -0.384597 0.863613
vt -0.352625 0.899702
vt -0.369702 0.882625
vt -0.312945 0.927091
vt -0.333613 0.914597
vt -0.267863 0.944188
vt -0.290921 0.937003
vt -0.220000 0.950000
vt -0.244107 0.948542
vt 0.244107 0.948542
vt 0.220000 0.950000
vt 0.290921 0.937003
vt 0.267863 0.944188
vt 0.333613 0.914597
vt 0.312945 0.927091
vt 0.369702 0.882625
vt 0.352625 0.899702
vt 0.397091 0.842945
vt 0.384597 0.863613
vt 0.414188 0.797863
vt 0.407003 0.820921
vt 0.420000 0.750000
vt 0.418542 0.774107
vt 0.420000 -0.750000
vt -0.421458 -0.774107
vt 0.421458 -0.774107
vt -0.425812 -0.797863
vt 0.425812 -0.797863
vt -0.432997 -0.820921
vt 0.432997 -0.820921
vt -0.442909 -0.842945
vt 0.442909 -0.842945
vt -0.455403 -0.863613
vt 0.455403 -0.863613
vt -0.470298 -0.882625
vt 0.470298 -0.882625
vt -0.487375 -0.899702
vt 0.487375 -0.899702
vt -0.506387 -0.914597
vt 0.506387 -0.914597
vt -0.527055 -0.927091
vt 0.527055 -0.927091
vt -0.549079 -0.937003
vt 0.549079 -0.937003
vt -0.620000 -0.950000
vt 0.620000 -0.950000
vt 0.000000 0.157080
vt 2.100000 0.712509
vt 2.100000 0.920577
vt 2.100000 2.160577
vt 2.100000 2.293289
vt -0.140000 0.109537
vt -0.300000 0.600000
vt 0.840000 0.600000
vt 0.840000 0.770000
vt -0.257196 0.598471
vt 0.670000 0.770000
vt 0.657845 0.768937
vt -0.214611 0.593893
vt -0.172461 0.586288
vt 0.646059 0.765778
vt 0.635000 0.760622
vt -0.130960 0.575696
vt -0.090321 0.562170
vt 0.625005 0.753623
vt -0.050751 0.545779
vt 0.616377 0.744995
vt -0.012451 0.526607
vt 0.609378 0.735000
vt 0.024384 0.504752
vt 0.604222 0.723941
vt 0.059567 0.480325
vt 0.601063 0.712155
vt 0.092916 0.453450
vt 0.300000 0.000000
vt 0.600000 -0.000001
vt 0.124264 0.424264
vt 0.298471 0.042804
vt 0.293893 0.085389
vt 0.153450 0.392916
vt 0.180325 0.359567
vt 0.286288 0.127539
vt 0.275696 0.169040
vt 0.204752 0.324384
vt 0.226607 0.287549
vt 0.580000 3.000000
vt 1.650000 2.900000
vt 0.450000 3.000000
vt 1.000000 3.000000
vt -0.210297 0.000000
vt -1.000000 -0.435219
vt -1.000000 -0.152291
vt 0.652638 2.794098
vt 0.687252 2.803639
vt 0.752918 2.803638
vt 0.866008 2.794099
vt 0.700001 2.000000
vt 1.900000 0.356500
vt 1.650000 0.100000
vt 0.752918 0.316407
vt 0.652638 0.316407
vt 0.652638 0.356499
vt 0.000000 0.356499
vt 0.866008 0.356499
vt -0.214485 2.674156
vt 0.099878 -0.941333
vt 0.879438 0.724923
vt 0.764177 0.724910
vt 0.697404 0.724905
vt 0.662234 0.724902
vt 0.652638 0.712509
vt 0.887793 2.276584
vt 0.703933 2.276595
vt 0.771360 2.276591
vt 0.866008 2.794098
vt 0.652638 0.356499
vt 0.652638 0.316407
vt 0.687252 0.316407
vt 0.752918 0.316407
s 1
f 1181/1/1 1197/2/2 1193/3/2
f 1341/4/3 1343/5/4 1344/6/5
f 1446/7/6 1427/8/7 1445/9/8
f 1349/10/9 1405/11/10 1411/12/11
f 1428/13/12 1432/14/13 1425/15/14
f 1359/16/15 1360/17/16 1363/18/17
f 1505/19/18 1521/20/19 1504/21/19
f 1476/22/20 1493/23/21 1473/24/22
f 1434/25/23 1429/26/24 1433/27/25
f 1444/28/26 1453/29/27 1447/30/28
f 1333/31/29 1337/32/30 1338/33/31
f 1392/34/32 1399/35/33 1396/36/34
f 1500/37/35 1488/38/35 1489/39/35
f 1309/40/36 1305/41/37 1320/42/38
f 1241/43/39 1253/44/40 1247/45/40
f 1369/46/41 1370/47/42 1371/48/43
f 1358/49/44 1362/50/45 1365/51/46
f 1388/52/47 1389/53/48 1395/54/49
f 1355/55/50 1361/56/51 1358/49/44
f 1382/57/52 1387/58/53 1386/59/54
f 1379/60/55 1390/61/56 1388/52/47
f 1416/62/57 1405/11/10 1409/63/58
f 1441/64/59 1447/30/28 1445/9/8
f 968/65/60 974/66/61 967/67/61
f 1349/10/9 1339/68/62 1347/69/63
f 1351/70/64 1344/6/5 1350/71/65
f 1252/72/66 1260/73/67 1259/74/67
f 1362/50/45 1369/46/41 1367/75/68
f 1454/76/69 1455/77/70 1459/78/71
f 1402/79/72 1455/77/70 1454/76/69
f 1401/80/73 1402/79/72 1454/76/69
f 1400/81/74 1402/79/72 1401/80/73
f 1398/82/75 1400/81/74 1401/80/73
f 1398/82/75 1401/80/73 1399/35/33
f 1394/83/76 1398/82/75 1399/35/33
f 1406/84/77 1365/51/46 1367/75/68
f 1435/85/78 1488/86/79 1431/87/79
f 1268/88/80 1271/89/81 1270/90/80
f 1370/47/42 1385/91/82 1372/92/83
f 1377/93/84 1391/94/85 1380/95/86
f 1383/96/87 1386/59/54 1385/91/82
f 1374/97/88 1379/60/55 1378/98/89
f 1374/97/88 1375/99/90 1376/100/91
f 1375/99/90 1377/93/84 1376/100/91
f 1376/100/91 1377/93/84 1379/60/55
f 1456/101/92 1459/78/71 1458/102/93
f 1381/103/94 1393/104/95 1391/94/85
f 1391/94/85 1393/104/95 1392/34/32
f 1393/104/95 1394/83/76 1392/34/32
f 1393/104/95 1398/82/75 1394/83/76
f 1459/78/71 1460/105/96 1458/102/93
f 1460/105/96 1465/106/97 1458/102/93
f 1460/105/96 1461/107/98 1465/106/97
f 1465/106/97 1461/107/98 1466/108/99
f 1461/107/98 1467/109/100 1466/108/99
f 1467/109/100 1468/110/101 1466/108/99
f 1468/110/101 1469/111/102 1466/108/99
f 1464/112/103 1466/108/99 1469/111/102
f 1423/113/104 1425/15/14 1410/114/105
f 1324/115/106 1323/116/107 1325/117/108
f 1449/118/109 1463/119/110 1474/120/111
f 1456/101/92 1401/80/73 1454/76/69
f 968/65/60 976/121/112 975/122/60
f 1406/84/77 1369/46/41 1418/123/113
f 1416/62/57 1410/114/105 1417/124/114
f 1248/125/115 1255/126/116 1249/127/116
f 1477/128/117 1464/112/103 1469/111/102
f 1475/129/118 1464/112/103 1477/128/117
f 1050/130/119 1073/131/120 1052/132/119
f 1476/133/20 1475/129/118 1477/128/117
f 1472/134/121 1475/129/118 1476/133/20
f 1068/135/122 1067/136/123 1066/137/122
f 1473/138/22 1472/134/121 1476/133/20
f 1438/139/124 1472/134/121 1473/138/22
f 1662/45/112 1670/140/125 1663/125/125
f 1291/141/126 1296/142/127 1289/131/126
f 1338/33/31 1364/143/128 1340/144/129
f 1449/118/109 1457/145/130 1462/146/131
f 1438/139/124 1473/138/22 1439/147/132
f 1434/25/23 1438/139/124 1439/147/132
f 1315/148/133 1334/149/134 1342/150/135
f 1250/151/136 1257/152/137 1251/153/137
f 955/154/138 954/155/139 957/156/138
f 1435/157/78 1434/25/23 1439/147/132
f 1430/158/140 1434/25/23 1435/157/78
f 1440/159/141 1386/59/54 1442/160/142
f 1319/161/143 1318/162/144 1321/163/145
f 1431/164/79 1430/158/140 1435/157/78
f 1414/165/146 1430/158/140 1431/164/79
f 1277/166/119 1301/167/120 1279/168/119
f 1390/61/56 1391/94/85 1392/34/32
f 1526/169/147 1550/170/147 1529/171/147
f 957/156/138 956/172/148 955/154/138
f 1344/6/5 1349/10/9 1350/71/65
f 1410/114/105 1408/173/149 1423/113/104
f 1415/174/150 1414/165/146 1431/164/79
f 1353/175/151 1414/165/146 1415/174/150
f 1407/176/152 1418/123/113 1419/177/153
f 1352/178/154 1353/175/151 1415/174/150
f 1351/70/64 1353/175/151 1352/178/154
f 1389/53/48 1397/179/155 1395/54/49
f 1341/4/3 1315/148/133 1342/150/135
f 1443/180/156 1451/181/157 1450/182/158
f 1544/183/159 1550/184/18 1543/185/18
f 1348/186/160 1351/70/64 1352/178/154
f 1345/187/161 1351/70/64 1348/186/160
f 1538/188/162 1537/189/163 1533/190/163
f 1318/162/144 1324/115/106 1321/163/145
f 1265/191/164 1270/90/80 1267/192/165
f 1346/193/166 1345/187/161 1348/186/160
f 1331/194/167 1345/187/161 1346/193/166
f 1276/195/168 1279/168/119 1278/136/168
f 1332/196/169 1331/194/167 1346/193/166
f 1330/197/170 1331/194/167 1332/196/169
f 1020/198/35 1664/199/35 1022/200/35
f 1316/201/171 1330/197/170 1332/196/169
f 1313/202/172 1330/197/170 1316/201/171
f 1311/203/173 1313/202/172 1316/201/171
f 1307/204/174 1313/202/172 1311/203/173
f 1307/204/174 1311/203/173 1310/205/175
f 1294/206/122 1293/207/123 1292/208/122
f 1426/209/176 1420/210/177 1421/211/178
f 1477/212/117 1494/213/179 1476/22/20
f 1333/31/29 1329/214/180 1336/215/181
f 1273/137/182 1274/216/183 1272/135/182
f 1313/202/172 1314/217/184 1330/197/170
f 1399/35/33 1452/218/185 1451/181/157
f 1491/219/186 1400/220/186 1377/221/186
f 1330/197/170 1341/4/3 1331/194/167
f 1448/222/187 1470/223/188 1446/7/6
f 972/224/189 980/225/190 979/226/189
f 1040/155/80 1043/154/81 1042/227/80
f 1524/228/191 1527/229/192 1526/230/193
f 1307/204/174 1312/231/194 1313/202/172
f 906/232/137 908/233/66 909/234/137
f 1348/235/160 1482/236/195 1346/237/166
f 1409/63/58 1404/238/196 1408/173/149
f 1361/239/51 1378/240/89 1383/241/87
f 1650/242/197 1653/243/198 1647/244/198
f 1419/177/153 1420/210/177 1422/245/199
f 1195/246/200 1198/247/201 1199/248/200
f 1432/14/13 1410/114/105 1425/15/14
f 1469/249/102 1495/250/117 1477/212/117
f 1649/251/202 1656/252/197 1650/242/197
f 1249/127/116 1256/253/136 1250/151/136
f 863/89/138 862/88/139 865/254/138
f 1320/42/38 1317/255/203 1319/161/143
f 1260/256/67 1645/198/67 1259/257/67
f 1426/209/176 1445/9/8 1427/8/7
f 1451/181/157 1453/29/27 1450/182/158
f 962/258/204 964/259/205 966/260/67
f 952/227/139 953/261/206 954/155/139
f 866/216/148 1066/137/122 864/262/148
f 917/263/207 926/264/208 918/265/208
f 971/266/209 1021/267/210 978/268/209
f 1659/153/209 1665/269/210 1658/72/210
f 1648/270/205 1655/271/202 1649/251/202
f 1658/72/210 1664/73/35 1657/74/35
f 1339/68/62 1340/144/129 1347/69/63
f 1502/272/211 1518/273/212 1501/274/212
f 1364/143/128 1366/275/213 1403/276/214
f 1366/275/213 1360/17/16 1365/51/46
f 1020/277/35 1021/267/210 1019/278/210
f 1647/244/198 1652/279/215 1646/280/215
f 1372/92/83 1440/159/141 1421/211/178
f 1238/242/207 1244/243/216 1239/244/216
f 1237/251/208 1243/252/207 1238/242/207
f 1501/274/212 1517/281/162 1500/282/162
f 1442/160/142 1450/182/158 1444/28/26
f 1335/283/217 1358/49/44 1359/16/15
f 912/284/218 919/285/219 920/286/218
f 1353/175/151 1413/287/220 1414/165/146
f 1525/288/192 1534/289/221 1527/229/192
f 1431/87/79 1487/290/222 1415/291/150
f 1272/135/182 1278/136/168 1273/137/182
f 1269/254/223 1275/262/183 1271/89/81
f 1513/292/221 1497/293/224 1514/294/224
f 1200/295/225 1216/296/226 1196/297/227
f 1436/298/228 1433/27/25 1432/14/13
f 1413/287/220 1411/12/11 1416/62/57
f 1542/299/19 1548/300/229 1541/301/229
f 1540/302/211 1548/300/229 1547/303/211
f 1446/7/6 1447/30/28 1448/222/187
f 1420/210/177 1369/46/41 1371/48/43
f 1474/120/111 1472/134/121 1471/304/230
f 1285/305/231 1283/306/232 1287/307/231
f 1499/308/163 1515/309/233 1498/310/233
f 1258/311/234 1257/312/234 1232/313/234
f 1403/276/214 1406/84/77 1407/176/152
f 1463/119/110 1475/129/118 1474/120/111
f 1474/120/111 1470/223/188 1449/118/109
f 1327/314/235 1321/163/145 1329/214/180
f 1326/315/236 1333/31/29 1334/149/134
f 913/316/40 920/286/218 921/317/40
f 1337/32/30 1335/283/217 1359/16/15
f 1456/101/92 1462/146/131 1457/145/130
f 960/318/234 905/319/234 906/320/234
f 961/321/202 963/322/197 965/323/202
f 1428/13/12 1470/223/188 1436/298/228
f 1364/143/128 1359/16/15 1363/18/17
f 971/266/209 980/225/190 973/324/190
f 1645/325/67 1654/326/205 1648/270/205
f 1316/327/171 1479/328/173 1311/329/173
f 896/330/237 962/331/204 1003/332/238
f 1055/142/239 1058/306/240 1060/333/240
f 1281/334/239 1284/335/240 1286/336/240
f 1558/337/226 1559/338/226 1557/339/226
f 1386/59/54 1443/180/156 1442/160/142
f 1412/340/241 1349/10/9 1411/12/11
f 913/316/40 922/341/39 914/342/39
f 1444/28/26 1440/159/141 1442/160/142
f 1176/343/242 1183/344/243 1177/345/243
f 1329/214/180 1324/115/106 1328/346/244
f 860/90/139 861/191/206 862/88/139
f 1351/70/64 1412/340/241 1353/175/151
f 1045/206/182 1051/207/168 1046/208/182
f 981/347/245 974/66/61 982/348/245
f 1473/24/22 1490/349/246 1439/350/132
f 1345/187/161 1341/4/3 1344/6/5
f 1309/40/36 1326/315/236 1315/148/133
f 1295/351/123 1288/132/247 1293/207/123
f 1290/130/247 1289/131/126 1288/132/247
f 1334/149/134 1338/33/31 1339/68/62
f 905/352/66 904/353/67 908/233/66
f 1069/195/123 1062/168/247 1067/136/123
f 1448/222/187 1453/29/27 1457/145/130
f 1480/354/248 1332/355/169 1481/356/249
f 857/357/226 861/191/206 859/192/206
f 958/358/148 1292/208/122 956/172/148
f 1660/151/190 1668/126/189 1667/253/190
f 1440/159/141 1426/209/176 1421/211/178
f 917/263/207 924/359/216 925/360/207
f 1486/361/250 1415/291/150 1487/290/222
f 1240/280/251 1246/362/39 1241/43/39
f 1423/113/104 1422/245/199 1424/363/252
f 1469/249/102 1491/364/253 1492/365/254
f 1065/366/126 1070/334/127 1063/167/126
f 907/367/136 909/234/137 910/368/136
f 1389/53/48 1392/34/32 1396/36/34
f 961/321/202 964/259/205 960/369/205
f 1413/287/220 1417/124/114 1429/26/24
f 970/370/125 979/226/189 977/371/125
f 1036/261/255 1042/227/80 1039/372/256
f 1452/218/185 1457/145/130 1453/29/27
f 1405/11/10 1340/144/129 1404/238/196
f 1671/43/60 1669/44/112 1662/45/112
f 1059/307/231 1057/335/232 1061/305/231
f 949/373/226 953/261/206 951/372/206
f 1234/270/257 1242/271/208 1237/251/208
f 911/374/219 910/368/136 919/285/219
f 1663/125/125 1668/126/189 1661/127/189
f 1408/173/149 1419/177/153 1423/113/104
f 1429/26/24 1432/14/13 1433/27/25
f 852/375/226 857/337/226 851/376/226
f 1297/377/127 1282/333/232 1296/142/127
f 1425/15/14 1427/8/7 1428/13/12
f 1312/231/194 1308/378/258 1309/40/36
f 1266/357/259 1265/191/164 1267/192/165
f 970/370/125 976/121/112 969/379/112
f 1071/380/127 1056/336/232 1070/334/127
f 1041/156/223 1048/172/183 1043/154/81
f 1233/325/147 1236/326/257 1234/270/257
f 939/381/257 942/382/147 940/383/147
f 918/265/208 941/384/257 939/381/257
f 865/254/138 864/262/148 863/89/138
f 1035/337/260 1039/372/256 1037/373/261
f 1438/139/124 1471/304/230 1472/134/121
f 1438/139/124 1433/27/25 1437/385/262
f 1557/386/67 1717/337/67 1558/387/67
f 1397/179/155 1399/35/33 1451/181/157
f 1310/388/175 1479/328/173 1478/389/67
f 1186/390/263 1181/1/1 1180/391/263
f 1443/180/156 1395/54/49 1397/179/155
f 1424/363/252 1426/209/176 1427/8/7
f 915/392/251 922/341/39 923/393/251
f 1049/351/168 1052/132/119 1051/207/168
f 1049/394/35 1045/395/35 1176/396/35
f 1439/350/132 1489/397/264 1435/85/78
f 1046/208/182 1047/358/183 1045/206/182
f 1314/217/184 1309/40/36 1315/148/133
f 1058/306/240 1061/305/231 1060/333/240
f 946/337/226 949/375/226 945/398/226
f 1436/298/228 1471/304/230 1437/385/262
f 1354/399/265 1355/55/50 1325/117/108
f 1335/283/217 1355/55/50 1357/400/266
f 1659/153/209 1667/253/190 1666/152/209
f 1408/173/149 1403/276/214 1407/176/152
f 1463/119/110 1466/108/99 1464/112/103
f 1420/210/177 1372/92/83 1421/211/178
f 1251/153/137 1258/269/66 1252/72/66
f 1247/45/40 1254/140/115 1248/125/115
f 1404/238/196 1364/143/128 1403/276/214
f 1463/119/110 1458/102/93 1465/106/97
f 1352/401/154 1485/402/267 1348/235/160
f 1078/403/268 1182/404/269 1176/337/242
f 1180/391/263 1185/405/270 1186/390/263
f 1342/150/135 1339/68/62 1343/5/4
f 1430/158/140 1413/287/220 1429/26/24
f 1508/406/234 1526/337/234 1509/407/234
f 1055/142/239 1072/141/120 1054/377/239
f 1064/166/247 1063/167/126 1062/168/247
f 959/408/197 982/348/245 963/322/197
f 1336/215/181 1328/346/244 1335/283/217
f 1320/42/38 1327/314/235 1326/315/236
f 942/199/147 1233/198/147 940/409/147
f 1284/335/240 1287/307/231 1286/336/240
f 1707/410/2 1712/411/201 1708/412/201
f 1324/115/106 1355/55/50 1328/346/244
f 1646/280/215 1672/362/60 1671/43/60
f 915/392/251 924/359/216 916/413/216
f 1281/334/239 1300/366/120 1280/380/239
f 1497/293/224 1515/309/233 1514/294/224
f 1196/337/227 1199/248/200 1200/414/225
f 1481/356/249 1346/237/166 1482/236/195
f 1086/415/186 1231/416/186 1230/337/186
f 1177/345/243 1184/417/271 1178/418/271
f 1185/405/270 1178/418/271 1184/417/271
f 1239/244/216 1245/279/251 1240/280/251
f 1694/419/263 1699/420/270 1700/421/263
f 1508/422/186 1696/423/272 1690/424/273
f 1507/425/234 1524/426/234 1508/406/234
f 1510/427/191 1525/288/192 1524/228/191
f 1539/428/212 1545/429/162 1538/188/162
f 1013/430/67 1017/431/274 1018/432/67
f 1710/433/275 1717/434/226 1716/435/226
f 1715/436/67 1557/386/67 1555/437/67
f 1556/438/226 1557/339/226 1559/338/226
f 1523/439/159 1543/185/18 1522/440/18
f 1513/292/221 1525/288/192 1511/441/192
f 1694/419/263 1701/442/1 1695/443/1
f 1684/444/2 1708/412/201 1685/445/201
f 1517/281/162 1533/190/163 1516/446/163
f 1690/447/273 1697/448/243 1691/449/243
f 1534/289/221 1531/450/224 1535/451/224
f 1695/443/1 1711/452/2 1707/410/2
f 1521/20/19 1541/301/229 1520/453/229
f 1532/454/233 1535/451/224 1531/450/224
f 1520/453/229 1540/302/211 1519/455/211
f 1559/456/186 1731/423/186 1730/457/186
f 1691/449/243 1698/458/271 1692/459/271
f 1692/459/271 1699/420/270 1693/460/270
f 1533/190/163 1536/461/233 1532/454/233
f 1731/462/234 1725/463/276 1730/464/234
f 1540/302/211 1546/465/212 1539/428/212
f 1528/466/186 1551/337/186 1544/467/186
f 1709/468/200 1712/411/201 1713/469/200
f 1543/185/18 1549/470/19 1542/299/19
f 1709/468/200 1714/471/277 1710/472/275
f 1678/473/263 1693/460/270 1694/419/263
f 1218/474/67 1555/437/67 1088/475/67
f 1089/476/226 1555/436/226 1556/438/226
f 1505/19/18 1523/439/159 1522/440/18
f 1518/273/212 1538/188/162 1517/281/162
f 1511/441/192 1496/477/221 1513/292/221
f 1687/478/278 1716/435/226 1715/479/226
f 1212/480/2 1685/445/201 1213/481/201
f 1500/282/162 1516/446/163 1499/308/163
f 1674/482/279 1691/449/243 1675/483/243
f 1514/294/224 1530/484/221 1513/292/221
f 1679/485/1 1707/410/2 1684/444/2
f 1514/294/224 1532/454/233 1531/450/224
f 1686/486/200 1710/472/275 1687/487/278
f 1504/21/19 1520/453/229 1503/488/229
f 1556/489/186 1730/457/186 1729/490/186
f 1675/483/243 1692/459/271 1676/491/271
f 1503/488/229 1519/455/211 1502/272/211
f 1676/491/271 1693/460/270 1677/492/270
f 1516/446/163 1532/454/233 1515/309/233
f 1725/463/276 1729/493/234 1730/464/234
f 1507/494/186 1690/424/273 1674/495/279
f 1483/496/234 1507/425/234 1304/497/234
f 1201/337/280 1191/337/281 1210/337/282
f 1483/498/193 1511/441/192 1510/427/191
f 1519/455/211 1539/428/212 1518/273/212
f 1523/499/186 1528/466/186 1544/467/186
f 1686/486/200 1708/412/201 1709/468/200
f 1522/440/18 1542/299/19 1521/20/19
f 1678/473/263 1695/443/1 1679/485/1
f 1598/500/283 1635/501/284 1018/423/234
f 1704/337/285 1720/337/286 1725/337/276
f 1222/502/287 1230/503/234 1231/504/234
f 1197/2/2 1213/481/201 1198/247/201
f 1213/481/201 1686/486/200 1214/505/200
f 1215/506/288 1715/479/226 1218/507/226
f 1212/480/2 1679/485/1 1684/444/2
f 1214/505/200 1687/487/278 1215/508/288
s 0
f 1552/337/67 1688/337/67 1553/337/67
s 1
f 1089/509/186 1729/490/186 1232/510/186
f 1203/511/243 1676/491/271 1204/512/271
f 1203/511/243 1674/482/279 1675/483/243
f 1204/512/271 1677/492/270 1205/513/270
f 1264/337/289 1302/337/35 1554/337/35
f 1304/514/186 1674/495/279 1202/515/290
f 1206/516/263 1677/492/270 1678/473/263
f 1673/337/280 1704/337/285 1688/337/291
s 0
f 1298/337/234 1553/337/234 1299/337/234
s 1
f 1217/517/67 1088/475/67 1085/518/67
f 1206/516/263 1679/485/1 1207/519/1
f 1087/520/226 1088/474/226 1089/476/226
f 1186/390/263 1207/519/1 1187/521/1
f 1198/247/201 1214/505/200 1199/248/200
f 1084/423/226 1087/520/226 1086/434/226
f 1183/344/243 1202/522/290 1203/511/243
f 1197/2/2 1207/519/1 1212/480/2
f 1199/248/200 1215/508/288 1200/414/225
f 886/523/67 851/524/67 900/525/67
f 1087/526/186 1232/510/186 1231/416/186
f 1183/344/243 1204/512/271 1184/417/271
f 1184/417/271 1205/513/270 1185/405/270
f 1193/3/2 1198/247/201 1194/527/201
f 1217/528/226 1215/506/288 1218/507/226
f 1079/529/292 1202/515/290 1182/404/269
f 1111/530/293 900/337/234 1138/531/294
f 1185/405/270 1206/516/263 1186/390/263
f 1217/517/67 1084/532/67 1216/423/67
f 1227/533/295 1231/504/234 1232/313/234
f 1191/337/281 1227/337/295 1210/337/282
s 0
f 1209/337/67 1673/337/67 1201/337/67
s 1
f 896/534/237 1681/535/296 1209/536/297
f 886/537/226 1190/538/298 1188/539/226
s 0
f 1175/337/67 1188/337/67 1190/337/67
s 1
f 1114/337/299 1134/337/300 1190/337/298
f 1190/337/298 1222/337/287 1191/337/281
s 0
f 1175/337/147 1190/337/147 1191/337/147
f 1201/337/35 1210/337/35 1209/337/35
f 1673/337/147 1681/337/147 1682/337/147
f 1689/337/67 1703/337/67 1706/337/67
s 1
f 1011/540/301 1706/337/302 1703/337/303
f 1625/337/304 1594/337/305 1703/337/303
f 1688/337/291 1704/337/285 1703/337/303
f 1703/337/303 1704/337/285 1725/337/276
s 0
f 1681/337/147 1581/337/147 1603/337/147
s 1
f 1154/337/306 1123/337/307 1209/337/297
f 1209/337/297 1210/541/282 1227/337/295
s 0
f 1554/337/67 1688/337/67 1689/337/67
f 1201/337/67 1082/337/67 1175/337/67
f 1175/337/67 1081/337/67 1174/337/67
f 1083/337/67 1673/337/67 1552/337/67
f 1053/337/67 1298/337/67 1261/337/67
f 1044/337/67 1076/337/67 1053/337/67
f 1262/337/67 1298/337/67 1299/337/67
f 1075/337/234 1081/337/234 1082/337/234
f 1299/337/234 1554/337/234 1302/337/234
f 1076/337/234 1552/337/234 1298/337/234
f 1075/337/234 1083/337/234 1076/337/234
s 1
f 1043/154/147 1048/172/147 1074/542/147
f 1064/166/147 1069/195/147 1174/337/147
f 1288/132/35 1289/131/35 1689/337/35
f 1272/135/35 1274/216/35 1302/543/35
s 0
f 1044/337/308 1074/337/309 1075/337/310
f 1263/337/311 1299/337/311 1302/337/311
s 1
f 292/2/312 303/1/313 288/3/312
f 634/4/314 631/5/315 635/150/316
f 682/8/317 697/7/318 698/9/319
f 617/10/320 665/11/321 612/69/322
f 656/14/323 681/13/324 678/15/325
f 732/16/326 733/17/327 734/49/328
f 781/19/329 820/20/330 821/440/329
f 695/22/331 795/23/332 796/213/333
f 652/26/334 657/25/335 655/27/336
f 705/28/337 708/29/338 709/182/339
f 628/32/340 626/31/341 623/33/342
f 754/35/343 761/34/344 753/36/345
f 783/544/35 791/38/35 794/545/35
f 641/40/346 1305/41/37 1308/378/258
f 342/44/40 341/43/39 348/45/40
f 737/46/347 741/47/348 738/546/349
f 733/17/327 735/50/350 736/56/351
f 759/53/352 760/52/353 750/57/354
f 736/56/351 743/55/355 742/400/356
f 749/58/357 750/57/354 747/547/358
f 762/61/359 769/60/360 768/98/361
f 665/11/321 676/62/362 664/63/363
f 702/64/364 700/30/365 705/28/337
f 101/66/61 109/65/60 108/67/61
f 624/68/366 617/10/320 612/69/322
f 630/6/367 616/70/368 615/71/369
f 353/72/66 354/73/67 347/269/66
f 730/75/370 738/546/349 735/50/350
f 714/76/371 725/78/372 713/77/373
f 714/76/371 713/77/373 757/79/374
f 714/76/371 757/79/374 755/80/375
f 757/79/374 756/81/376 755/80/375
f 755/80/375 756/81/376 758/82/377
f 754/35/343 755/80/375 758/82/377
f 754/35/343 758/82/377 764/83/378
f 731/51/379 668/84/380 730/75/370
f 658/85/381 791/86/382 792/397/383
f 606/88/384 607/89/385 605/254/386
f 740/92/387 746/96/388 741/47/348
f 763/94/389 770/93/390 769/60/360
f 746/96/388 748/59/391 747/547/358
f 769/60/360 1374/97/88 1373/548/392
f 771/100/393 1375/99/90 1374/97/88
f 770/93/390 1375/99/90 771/100/393
f 769/60/360 770/93/390 771/100/393
f 712/101/394 725/78/372 714/76/371
f 763/94/389 765/104/395 767/103/396
f 761/34/344 765/104/395 763/94/389
f 761/34/344 764/83/378 765/104/395
f 758/82/377 765/104/395 764/83/378
f 723/102/397 724/105/398 725/78/372
f 723/102/397 718/106/399 724/105/398
f 718/106/399 726/107/400 724/105/398
f 719/108/401 726/107/400 718/106/399
f 719/108/401 721/109/402 726/107/400
f 719/108/401 722/110/403 721/109/402
f 720/111/404 722/110/403 719/108/401
f 716/112/405 720/111/404 719/108/401
f 679/113/406 678/15/325 680/363/407
f 1323/116/107 650/115/408 651/117/409
f 706/118/410 715/119/411 717/146/412
f 712/101/394 755/80/375 710/218/413
f 109/65/60 103/121/112 110/379/112
f 668/84/380 737/46/347 730/75/370
f 676/62/362 663/114/414 664/63/363
f 344/126/116 349/125/115 350/127/116
f 696/128/415 720/111/404 716/112/405
f 694/129/416 696/128/415 716/112/405
f 375/131/417 379/130/418 381/132/418
f 695/133/331 696/128/415 694/129/416
f 691/134/419 695/133/331 694/129/416
f 358/135/420 357/136/421 359/195/421
f 692/138/422 695/133/331 691/134/419
f 659/139/423 692/138/422 691/134/419
f 512/125/125 504/44/112 511/45/112
f 581/141/424 582/142/425 583/377/425
f 623/33/342 728/143/426 628/32/340
f 706/118/410 707/145/427 699/222/428
f 659/139/423 662/147/429 692/138/422
f 657/25/335 662/147/429 659/139/423
f 625/149/430 637/148/431 635/150/316
f 346/152/137 351/151/136 352/153/137
f 181/154/432 180/155/433 178/227/433
f 658/157/381 662/147/429 657/25/335
f 653/158/434 658/157/381 657/25/335
f 701/159/435 748/59/391 745/91/436
f 647/161/437 1318/162/144 1317/255/203
f 654/164/438 658/157/381 653/158/434
f 654/164/438 653/158/434 672/165/439
f 595/167/417 597/166/418 599/168/418
f 762/61/359 763/94/389 766/95/440
f 573/549/147 528/550/147 525/551/147
f 183/156/432 182/172/441 184/358/441
f 617/10/320 630/6/367 615/71/369
f 669/173/442 663/114/414 679/113/406
f 654/164/438 672/165/439 674/174/443
f 613/175/444 674/174/443 672/165/439
f 670/176/445 684/123/446 668/84/380
f 613/175/444 618/178/447 674/174/443
f 613/175/444 616/70/368 618/178/447
f 751/179/448 759/53/352 752/54/449
f 637/148/431 634/4/314 635/150/316
f 704/180/450 711/181/451 751/179/448
f 839/183/452 845/184/329 846/552/453
f 616/70/368 614/186/454 618/178/447
f 616/70/368 632/187/455 614/186/454
f 833/188/456 831/189/457 840/429/456
f 1318/162/144 650/115/408 1322/553/458
f 609/191/459 608/90/384 606/88/384
f 632/187/455 633/193/460 614/186/454
f 632/187/455 619/194/461 633/193/460
f 599/168/418 598/195/462 600/136/462
f 619/194/461 621/196/463 633/193/460
f 619/194/461 620/197/464 621/196/463
f 156/198/35 499/199/35 506/409/35
f 620/197/464 640/201/465 621/196/463
f 620/197/464 639/202/466 640/201/465
f 639/202/466 642/203/467 640/201/465
f 639/202/466 1307/204/174 642/203/467
f 642/203/467 1307/204/174 1310/205/175
f 576/206/420 575/207/421 577/351/421
f 687/210/468 683/209/469 686/211/470
f 696/212/415 796/213/333 797/250/415
f 626/31/341 646/214/471 644/314/472
f 602/137/473 603/216/474 604/262/474
f 636/217/475 639/202/466 620/197/464
f 710/218/413 754/35/343 711/181/451
f 757/554/476 799/219/186 1512/555/186
f 634/4/314 620/197/464 619/194/461
f 690/223/477 699/222/428 697/7/318
f 113/224/189 107/225/190 114/324/190
f 388/155/384 389/154/385 387/156/386
f 847/228/478 850/229/479 848/288/479
f 638/231/480 1307/204/174 639/202/466
f 43/232/137 39/233/66 42/352/66
f 614/235/454 788/236/481 785/402/482
f 666/238/483 664/63/363 669/173/442
f 738/556/349 750/557/354 1354/558/265
f 489/243/198 498/242/197 495/244/198
f 685/177/484 687/210/468 684/123/446
f 290/246/485 293/247/486 289/527/486
f 663/114/414 656/14/323 678/15/325
f 720/249/404 797/250/415 798/365/487
f 492/252/197 497/251/202 498/242/197
f 345/253/136 350/127/116 351/151/136
f 89/89/432 88/88/433 86/90/433
f 648/42/488 1317/255/203 1305/41/37
f 354/256/67 493/198/67 487/200/67
f 683/209/469 698/9/319 702/64/364
f 708/29/338 711/181/451 709/182/339
f 100/258/489 94/259/205 98/369/205
f 178/227/433 179/261/490 177/372/490
f 92/216/441 356/137/491 358/135/420
f 52/264/208 59/263/207 60/265/208
f 112/266/209 153/267/210 155/278/210
f 500/269/210 508/153/209 507/72/210
f 491/271/202 496/270/205 497/251/202
f 499/73/35 507/72/210 506/74/35
f 624/68/366 622/144/492 623/33/342
f 778/272/493 817/273/494 818/455/493
f 728/143/426 729/275/495 727/18/496
f 733/17/327 729/275/495 731/51/379
f 153/267/210 156/277/35 155/278/210
f 488/279/215 495/244/198 494/280/215
f 686/211/470 745/91/436 740/92/387
f 334/243/216 338/242/207 339/244/216
f 333/252/207 337/251/208 338/242/207
f 777/274/494 816/281/456 817/273/494
f 703/160/497 709/182/339 704/180/450
f 734/49/328 627/283/498 732/16/326
f 54/284/218 45/285/219 53/374/219
f 671/287/499 613/175/444 672/165/439
f 829/289/500 848/288/479 850/229/479
f 654/87/438 794/290/501 791/86/382
f 600/136/462 601/135/473 602/137/473
f 604/262/474 605/254/386 607/89/385
f 812/292/500 775/293/502 772/477/500
f 295/295/503 325/296/234 326/528/234
f 655/27/336 661/298/504 656/14/323
f 677/12/505 671/287/499 676/62/362
f 837/299/330 843/300/506 844/470/330
f 835/302/493 843/300/506 836/301/506
f 697/7/318 700/30/365 698/9/319
f 737/46/347 687/210/468 739/48/507
f 691/134/419 693/120/508 689/304/509
f 586/305/510 585/306/511 584/333/511
f 774/308/457 813/309/512 814/446/457
f 282/313/226 354/559/226 526/493/226
f 667/276/513 668/84/380 729/275/495
f 694/129/416 715/119/411 693/120/508
f 690/223/477 693/120/508 706/118/410
f 644/314/472 649/163/514 647/161/437
f 643/315/515 626/31/341 644/314/472
f 55/316/40 46/286/218 54/284/218
f 628/32/340 627/283/498 629/215/516
f 717/146/412 712/101/394 707/145/427
f 42/319/226 98/318/226 99/560/226
f 99/321/202 93/322/197 97/408/197
f 681/13/324 690/223/477 697/7/318
f 732/16/326 728/143/426 727/18/496
f 107/225/190 112/266/209 114/324/190
f 490/326/205 493/325/67 496/270/205
f 789/354/517 642/329/467 790/328/467
f 38/561/518 31/330/519 138/332/520
f 373/142/521 369/306/522 372/377/521
f 591/334/521 587/335/522 590/380/521
f 806/337/234 807/338/234 808/296/234
f 748/59/391 704/180/450 749/58/357
f 673/340/523 617/10/320 615/71/369
f 48/341/39 55/316/40 56/342/39
f 701/159/435 705/28/337 703/160/497
f 302/343/524 307/344/525 308/562/526
f 650/115/408 646/214/471 645/346/527
f 86/90/433 87/191/490 85/192/490
f 673/340/523 616/70/368 613/175/444
f 382/207/462 383/206/473 384/208/473
f 116/347/245 101/66/61 108/67/61
f 692/24/422 793/349/528 795/23/332
f 632/187/455 634/4/314 619/194/461
f 641/40/346 643/315/515 648/42/488
f 577/351/421 578/132/529 580/130/529
f 580/130/529 579/131/424 581/141/424
f 623/33/342 625/149/430 624/68/366
f 42/352/66 37/353/530 38/563/518
f 359/195/421 360/168/529 362/166/529
f 699/222/428 708/29/338 700/30/365
f 621/355/463 789/354/517 787/356/531
f 83/357/234 87/191/490 84/564/234
f 184/358/441 574/208/491 576/206/420
f 509/151/190 503/126/189 510/127/189
f 683/209/469 701/159/435 686/211/470
f 51/360/207 58/413/216 59/263/207
f 786/361/532 674/291/443 618/401/447
f 336/362/39 340/280/251 341/43/39
f 679/113/406 688/245/533 685/177/484
f 799/364/534 720/249/404 798/365/487
f 363/366/424 364/334/425 365/380/425
f 44/367/136 40/234/137 43/232/137
f 759/53/352 761/34/344 762/61/359
f 94/259/205 99/321/202 98/369/205
f 671/287/499 675/124/535 676/62/362
f 111/370/125 106/226/189 113/224/189
f 391/261/536 390/227/384 388/155/384
f 707/145/427 710/218/413 708/29/338
f 622/144/492 665/11/321 666/238/483
f 504/44/112 514/43/60 511/45/112
f 368/307/510 367/335/511 366/336/511
f 175/373/234 179/261/490 176/337/234
f 332/271/208 331/270/257 337/251/208
f 53/374/219 41/368/136 44/367/136
f 503/126/189 512/125/125 510/127/189
f 669/173/442 685/177/484 670/176/445
f 652/26/334 656/14/323 675/124/535
f 78/375/234 83/337/234 84/398/234
f 583/377/425 584/333/511 585/306/511
f 678/15/325 682/8/317 680/363/407
f 638/231/480 1308/378/258 1306/565/537
f 609/191/459 1266/357/259 610/192/538
f 103/121/112 111/370/125 110/379/112
f 365/380/425 366/336/511 367/335/511
f 386/172/474 387/156/386 389/154/385
f 329/326/257 330/325/147 331/270/257
f 74/382/147 75/381/257 76/383/147
f 73/384/257 60/265/208 75/381/257
f 91/254/432 90/262/441 92/216/441
f 1035/337/260 392/372/539 391/261/536
f 659/139/423 689/304/509 660/385/540
f 655/27/336 659/139/423 660/385/540
f 573/337/67 805/386/67 806/387/67
f 751/179/448 754/35/343 753/36/345
f 1310/388/175 790/328/467 642/329/467
f 304/390/541 303/1/313 309/521/313
f 704/180/450 752/54/449 749/58/357
f 680/363/407 683/209/469 688/245/533
f 57/392/251 48/341/39 56/342/39
f 381/132/418 380/351/462 382/207/462
f 302/396/35 383/395/35 380/394/35
f 662/350/429 792/397/383 793/349/528
f 384/208/473 385/358/474 386/172/474
f 636/217/475 641/40/346 638/231/480
f 369/306/522 370/305/510 368/307/510
f 172/337/234 175/375/234 176/376/234
f 661/298/504 689/304/509 690/223/477
f 743/55/355 1354/399/265 1323/116/107
f 743/55/355 627/283/498 742/400/356
f 508/153/209 502/253/190 509/151/190
f 667/276/513 669/173/442 670/176/445
f 715/119/411 719/108/401 718/106/399
f 687/210/468 740/92/387 739/48/507
f 347/269/66 352/153/137 353/72/66
f 343/140/115 348/45/40 349/125/115
f 666/238/483 728/143/426 622/144/492
f 715/119/411 723/102/397 717/146/412
f 618/401/447 785/402/482 786/361/532
f 308/404/526 1078/403/268 302/337/524
f 298/391/541 305/405/542 299/566/542
f 635/150/316 624/68/366 625/149/430
f 653/158/434 671/287/499 672/165/439
f 810/406/226 849/337/226 847/426/226
f 373/142/521 374/141/417 375/131/417
f 362/166/529 361/167/424 363/366/424
f 97/408/197 115/348/245 116/347/245
f 645/346/527 629/215/516 627/283/498
f 644/314/472 648/42/488 643/315/515
f 74/199/147 330/198/147 328/200/147
f 587/335/522 588/307/510 586/305/510
f 549/410/312 554/411/486 553/452/312
f 743/55/355 650/115/408 645/346/527
f 513/362/60 494/280/215 514/43/60
f 58/413/216 49/393/251 57/392/251
f 591/334/521 594/366/417 595/167/417
f 813/309/512 775/293/502 815/294/502
f 291/337/543 294/248/485 290/246/485
f 787/356/531 633/237/460 621/355/463
f 399/415/186 281/416/186 400/526/186
f 301/345/525 306/417/544 307/344/525
f 300/418/544 305/405/542 306/417/544
f 335/279/251 339/244/216 340/280/251
f 566/420/542 559/419/541 565/421/541
f 569/423/545 810/422/186 563/424/546
f 847/426/226 809/425/226 810/406/226
f 848/288/479 823/427/478 847/228/478
f 834/428/494 840/429/456 841/465/494
f 119/432/67 147/430/67 172/567/67
f 552/433/547 573/434/234 556/568/548
f 571/436/67 805/386/67 572/339/67
f 805/339/234 804/438/234 807/338/234
f 822/439/452 838/185/329 839/183/452
f 812/292/500 848/288/479 825/484/500
f 559/419/541 570/442/313 565/421/541
f 533/444/312 550/412/486 549/410/312
f 816/281/456 827/190/457 833/188/456
f 563/447/546 568/448/525 569/569/545
f 829/289/500 828/450/502 825/484/500
f 553/452/312 564/443/313 549/410/312
f 820/20/330 836/301/506 837/299/330
f 826/454/512 832/451/502 830/461/512
f 819/453/506 835/302/493 836/301/506
f 528/423/186 807/456/186 527/457/186
f 562/449/525 567/458/544 568/448/525
f 561/459/544 566/420/542 567/458/544
f 827/190/457 830/461/512 831/189/457
f 523/463/549 528/462/226 527/464/226
f 835/302/493 841/465/494 842/303/493
f 846/337/186 1528/466/186 839/467/186
f 554/411/486 551/468/485 555/469/485
f 838/185/329 844/470/330 845/184/329
f 551/468/485 556/471/548 555/469/485
f 560/460/542 538/473/541 559/419/541
f 327/474/67 803/437/67 571/436/67
f 803/436/234 402/476/234 804/438/234
f 822/439/452 781/19/329 821/440/329
f 817/273/494 833/188/456 834/428/494
f 772/477/500 824/441/479 812/292/500
f 536/478/550 572/435/234 552/433/547
f 314/480/312 534/445/486 533/444/312
f 776/282/456 814/446/457 816/281/456
f 542/482/551 562/449/525 563/447/546
f 815/294/502 825/484/500 828/450/502
f 543/485/313 549/410/312 564/443/313
f 826/454/512 815/294/502 828/450/502
f 535/486/485 552/472/547 551/468/485
f 780/21/330 819/453/506 820/20/330
f 804/489/186 527/457/186 807/456/186
f 541/483/525 561/459/544 562/449/525
f 779/488/506 818/455/493 819/453/506
f 540/491/544 560/460/542 561/459/544
f 814/446/457 826/454/512 827/190/457
f 523/463/549 526/493/226 518/570/552
f 809/494/186 563/424/546 810/422/186
f 783/496/226 809/425/226 823/571/226
f 286/337/553 318/337/554 312/337/555
f 824/441/479 783/498/556 823/427/478
f 818/455/493 834/428/494 835/302/493
f 1528/466/186 822/499/186 839/467/186
f 550/412/486 535/486/485 551/468/485
f 821/440/329 837/299/330 838/185/329
f 538/473/541 564/443/313 559/419/541
f 419/572/557 119/423/226 464/573/558
f 518/337/552 546/337/559 523/337/549
f 273/502/560 280/503/226 271/574/226
f 292/2/312 315/481/486 314/480/312
f 315/481/486 535/486/485 534/445/486
f 317/506/561 571/479/234 536/478/550
f 543/485/313 314/480/312 533/444/312
f 316/505/485 536/487/550 535/486/485
s 0
f 557/337/67 800/337/67 801/337/67
s 1
f 402/509/186 526/490/186 804/489/186
f 322/511/525 540/491/544 541/483/525
f 542/482/551 322/511/525 541/483/525
f 321/512/544 539/492/542 540/491/544
f 542/495/551 611/514/186 1080/575/562
f 320/513/542 538/473/541 539/492/542
f 537/337/554 546/337/559 531/337/563
s 0
f 592/337/226 801/337/226 800/337/226
s 1
f 326/517/67 401/475/67 327/474/67
f 319/516/541 543/485/313 538/473/541
f 401/474/234 400/520/234 402/476/234
f 304/390/541 324/519/313 319/516/541
f 293/247/486 316/505/485 315/481/486
f 397/423/234 400/520/234 398/517/234
f 323/522/564 307/344/525 322/511/525
f 324/519/313 292/2/312 314/480/312
f 294/248/485 317/508/561 316/505/485
f 1/525/67 20/523/67 2/576/565
f 400/526/186 282/510/186 402/509/186
f 307/344/525 321/512/544 322/511/525
f 306/417/544 320/513/542 321/512/544
f 288/3/312 293/247/486 292/2/312
f 317/506/561 326/528/234 327/507/234
f 323/515/564 1079/529/292 308/404/526
f 223/531/566 224/577/567 271/574/226
f 305/405/542 319/516/541 320/513/542
f 326/517/67 397/532/67 398/518/67
f 273/502/560 282/313/226 281/504/226
f 286/337/553 278/337/568 273/337/560
s 0
f 310/337/67 537/337/67 529/337/67
s 1
f 31/534/519 529/535/569 138/578/570
f 20/537/234 284/538/571 23/579/572
s 0
f 283/337/67 297/337/67 284/337/67
s 1
f 220/337/573 195/337/574 284/337/571
f 284/337/571 286/337/553 273/337/560
s 0
f 284/337/147 297/337/147 286/337/147
f 310/337/35 312/337/35 318/337/35
f 529/337/147 537/337/147 531/337/147
f 558/337/67 544/337/67 557/337/67
s 1
f 548/337/575 146/540/576 544/337/577
f 426/337/578 460/337/579 544/337/577
f 544/337/577 546/337/559 557/337/580
f 544/337/577 523/337/549 546/337/559
s 0
f 413/337/147 411/337/147 529/337/147
s 1
f 208/337/581 242/337/582 310/337/583
f 310/337/583 278/337/568 312/541/555
s 0
f 557/337/67 802/337/67 558/337/67
f 318/337/67 395/337/67 396/337/67
f 297/337/67 394/337/67 395/337/67
f 537/337/67 396/337/67 800/337/67
f 592/337/67 1053/337/67 1261/337/67
f 378/337/67 1044/337/67 1053/337/67
f 1261/337/67 593/337/67 592/337/67
f 377/337/226 395/337/226 394/337/226
f 593/337/226 802/337/226 801/337/226
s 1
f 376/337/584 393/337/585 1077/337/586
f 376/337/584 1077/337/586 1038/337/587
s 0
f 378/337/226 800/337/226 396/337/226
f 377/337/226 396/337/226 395/337/226
s 1
f 386/172/147 389/154/147 394/580/147
f 362/166/147 363/366/147 296/337/147
f 393/337/585 1038/581/587 1077/337/586
f 578/132/35 575/207/35 558/337/35
f 596/543/35 605/254/35 603/216/35
s 0
f 377/337/588 1037/337/588 1044/337/588
f 1263/337/589 593/337/589 1262/337/589
f 1033/337/226 1561/337/226 1031/337/226
f 1034/337/147 1570/337/147 1033/337/147
f 1032/337/35 1561/337/35 1564/337/35
f 1032/337/234 1573/337/234 1034/337/234
f 1026/582/234 1034/337/234 1030/582/234
f 1026/582/35 1031/337/35 1032/337/35
f 1033/337/147 1030/582/147 1034/337/147
f 1025/583/590 1030/582/590 1029/583/590
f 997/584/147 1015/585/147 1027/586/147
f 948/587/186 1001/588/186 944/587/186
f 991/589/147 994/590/147 1009/588/147
f 1009/588/226 1031/337/226 1001/588/226
f 997/584/147 996/337/147 998/591/147
f 988/337/591 998/591/591 996/337/591
f 990/591/592 1010/592/592 998/591/592
f 988/337/35 989/584/35 990/591/35
f 1001/588/35 1006/585/35 1005/593/35
f 1002/592/593 1012/594/593 1010/592/593
f 1004/594/594 1014/593/594 1012/594/594
f 1005/593/595 1015/585/595 1014/593/595
f 1006/585/596 1027/586/596 1015/585/596
f 1023/586/597 1028/595/597 1027/586/597
f 1024/595/598 1029/583/598 1028/595/598
f 989/584/35 985/596/35 1000/597/35
f 987/337/599 996/337/599 995/337/599
f 994/590/600 987/337/600 995/337/600
f 983/589/601 994/590/601 991/589/601
f 985/596/602 991/589/602 993/596/602
f 984/598/603 993/596/603 992/598/603
f 999/599/604 992/598/604 1007/600/604
f 1000/597/605 1007/600/605 1008/597/605
f 943/601/606 1008/597/606 947/601/606
f 944/587/607 947/601/607 948/587/607
f 1575/337/147 1570/337/147 1573/337/147
f 1573/337/608 1566/337/608 1575/337/608
f 1561/337/35 1566/337/35 1564/337/35
f 1562/337/609 1570/337/609 1571/337/609
f 1566/337/610 1576/337/610 1575/337/610
f 1563/337/611 1571/337/611 1572/337/611
f 1562/337/35 1567/337/35 1566/337/35
f 1576/337/147 1571/337/147 1575/337/147
f 1563/337/35 1568/337/35 1567/337/35
f 1572/337/147 1577/337/147 1574/337/147
f 1567/337/612 1577/337/612 1576/337/612
f 1565/337/613 1572/337/613 1574/337/613
f 1565/337/35 1569/337/35 1568/337/35
f 1574/337/147 1578/337/147 1702/337/147
f 1568/337/614 1578/337/614 1577/337/614
f 1680/337/615 1574/337/615 1702/337/615
f 1569/337/616 1631/337/616 1578/337/616
f 1702/337/617 1683/337/617 1680/337/617
f 1680/337/35 1610/337/35 1569/337/35
f 1702/337/147 1631/337/147 1705/337/147
f 1610/337/35 1719/337/35 1718/337/35
f 1631/337/147 1724/337/147 1705/337/147
f 1610/337/618 1723/337/618 1631/337/618
f 1719/337/619 1705/337/619 1724/337/619
f 937/337/226 1090/337/226 935/337/226
f 938/337/147 1099/337/147 937/337/147
f 936/337/35 1090/337/35 1093/337/35
f 936/337/234 1102/337/234 938/337/234
f 930/582/234 938/337/234 934/582/234
f 930/582/35 935/337/35 936/337/35
f 937/337/147 934/582/147 938/337/147
f 929/583/590 934/582/590 933/583/590
f 881/584/147 899/585/147 931/586/147
f 856/587/186 885/588/186 854/587/186
f 875/589/147 878/590/147 894/588/147
f 894/588/226 935/337/226 885/588/226
f 881/584/147 880/337/147 882/591/147
f 872/337/591 882/591/591 880/337/591
f 874/591/592 895/592/592 882/591/592
f 872/337/35 873/584/35 874/591/35
f 885/588/35 891/585/35 890/593/35
f 887/592/593 897/594/593 895/592/593
f 889/594/594 898/593/594 897/594/594
f 890/593/595 899/585/595 898/593/595
f 891/585/596 931/586/596 899/585/596
f 927/586/597 932/595/597 931/586/597
f 928/595/598 933/583/598 932/595/598
f 873/584/35 869/596/35 884/597/35
f 871/337/599 880/337/599 879/337/599
f 870/602/600 879/337/600 878/590/600
f 867/589/601 878/590/601 875/589/601
f 877/596/602 867/589/602 875/589/602
f 868/598/603 877/596/603 876/598/603
f 883/599/604 876/598/604 892/600/604
f 884/597/605 892/600/605 893/597/605
f 853/601/606 893/597/606 855/601/606
f 854/587/607 855/601/607 856/587/607
f 1104/337/147 1099/337/147 1102/337/147
f 1102/337/608 1095/337/608 1104/337/608
f 1090/337/35 1095/337/35 1093/337/35
f 1091/337/609 1099/337/609 1100/337/609
f 1095/337/610 1105/337/610 1104/337/610
f 1092/337/611 1100/337/611 1101/337/611
f 1091/337/35 1096/337/35 1095/337/35
f 1105/337/147 1100/337/147 1104/337/147
f 1092/337/35 1097/337/35 1096/337/35
f 1101/337/147 1106/337/147 1103/337/147
f 1096/337/612 1106/337/612 1105/337/612
f 1094/337/613 1101/337/613 1103/337/613
f 1094/337/35 1098/337/35 1097/337/35
f 1103/337/147 1107/337/147 1208/337/147
f 1097/337/614 1107/337/614 1106/337/614
f 1189/337/615 1103/337/615 1208/337/615
f 1098/337/616 1160/337/616 1107/337/616
f 1208/337/617 1192/337/617 1189/337/617
f 1189/337/35 1141/337/35 1098/337/35
f 1208/337/147 1160/337/147 1211/337/147
f 1141/337/35 1221/337/35 1220/337/35
f 1160/337/147 1226/337/147 1211/337/147
f 1141/337/618 1225/337/618 1160/337/618
f 1221/337/619 1211/337/619 1226/337/619
f 1636/337/620 1718/337/620 1615/337/620
f 1225/337/147 1228/337/147 1226/337/147
f 1722/337/621 1727/337/621 1728/337/621
f 1615/337/622 1642/337/622 1636/337/622
f 1165/337/620 1220/337/620 1144/337/620
f 1721/337/623 1724/337/623 1727/337/623
f 1223/337/623 1226/337/623 1228/337/623
f 1718/337/35 1721/337/35 1615/337/35
f 1220/337/35 1223/337/35 1144/337/35
f 1723/337/147 1727/337/147 1724/337/147
f 1152/337/624 1229/337/624 1173/337/624
f 1150/337/625 1170/337/625 1171/337/625
f 1224/337/35 1144/337/35 1223/337/35
f 1165/337/147 1229/337/147 1228/337/147
f 1722/337/35 1615/337/35 1721/337/35
f 1636/337/147 1728/337/147 1727/337/147
f 1144/337/622 1171/337/622 1165/337/622
f 1224/337/621 1228/337/621 1229/337/621
f 1622/337/35 1620/337/35 1623/337/35
f 1170/337/147 1172/337/147 1173/337/147
f 1621/337/625 1641/337/625 1642/337/625
f 1623/337/624 1728/337/624 1644/337/624
f 1149/337/35 1224/337/35 1152/337/35
f 1229/337/147 1170/337/147 1173/337/147
f 1620/337/35 1722/337/35 1623/337/35
f 1728/337/147 1641/337/147 1644/337/147
f 1167/337/147 1172/337/147 1169/337/147
f 1146/337/35 1151/337/35 1147/337/35
f 1641/337/147 1643/337/147 1644/337/147
f 1149/337/626 1169/337/626 1170/337/626
f 1151/337/627 1173/337/627 1172/337/627
f 1620/337/626 1640/337/626 1641/337/626
f 1622/337/627 1644/337/627 1643/337/627
f 1151/337/35 1149/337/35 1152/337/35
f 1617/337/628 1637/337/628 1638/337/628
f 1119/337/629 1168/337/629 1131/337/629
f 1617/337/35 1622/337/35 1618/337/35
f 1638/337/147 1643/337/147 1640/337/147
f 1167/337/630 1148/337/630 1146/337/630
f 1147/337/631 1172/337/631 1168/337/631
f 1638/337/630 1619/337/630 1617/337/630
f 1618/337/631 1643/337/631 1639/337/631
f 1155/337/632 1145/337/632 1136/337/632
f 1626/337/147 1602/337/147 1637/337/147
f 1590/337/629 1639/337/629 1602/337/629
f 1145/337/35 1147/337/35 1119/337/35
f 1166/337/147 1168/337/147 1167/337/147
f 1616/337/35 1618/337/35 1590/337/35
f 1637/337/147 1639/337/147 1638/337/147
f 1146/337/628 1166/337/628 1167/337/628
f 1129/337/234 1155/337/234 1156/337/234
f 1118/337/234 1132/337/234 1136/337/234
f 1118/337/633 1131/337/633 1128/337/633
f 1626/337/632 1616/337/632 1607/337/632
f 1589/337/633 1602/337/633 1599/337/633
f 1136/337/35 1119/337/35 1118/337/35
f 1155/337/147 1131/337/147 1166/337/147
f 1607/337/35 1590/337/35 1589/337/35
f 1582/337/226 1624/337/226 1604/337/226
f 1115/337/226 1153/337/226 1135/337/226
f 1591/337/226 1594/337/226 1593/337/226
f 1156/337/634 1161/337/634 1163/337/634
f 1627/337/634 1632/337/634 1634/337/634
f 1124/337/234 1129/337/234 1126/337/234
f 1132/337/35 1138/337/35 1137/337/35
f 1595/337/234 1600/337/234 1597/337/234
f 1601/337/635 1627/337/635 1628/337/635
f 1600/337/234 1626/337/234 1627/337/234
f 1586/337/234 1599/337/234 1595/337/234
f 1624/337/226 1594/337/226 1625/337/226
f 1587/337/636 1606/337/636 1605/337/636
f 1589/337/234 1605/337/234 1607/337/234
f 1581/337/226 1604/337/226 1603/337/226
f 1136/337/634 1161/337/634 1155/337/634
f 1130/337/637 1156/337/637 1157/337/637
f 1625/337/638 1629/337/638 1624/337/638
f 1153/337/226 1123/337/226 1154/337/226
f 1108/337/234 1118/337/234 1117/337/234
f 1110/337/639 1133/337/639 1132/337/639
f 1583/337/234 1589/337/234 1586/337/234
f 1114/337/226 1135/337/226 1134/337/226
f 1611/337/35 1606/337/35 1612/337/35
f 1586/337/640 1579/337/640 1585/337/640
f 1113/337/640 1124/337/640 1120/337/640
f 1580/337/640 1595/337/640 1591/337/640
f 1595/337/641 1598/337/641 1596/337/641
f 1124/337/642 1127/337/642 1125/337/642
f 1117/337/640 1112/337/640 1116/337/640
f 1593/337/226 1580/337/226 1591/337/226
f 1112/337/226 1115/337/226 1114/337/226
f 1120/337/226 1123/337/226 1122/337/226
f 1117/337/234 1128/337/234 1124/337/234
f 1587/337/35 1584/337/35 1588/337/35
f 1598/337/643 1600/337/643 1601/337/643
f 1110/337/35 1109/337/35 1111/337/35
f 1122/337/226 1113/337/226 1120/337/226
f 1127/337/644 1129/337/644 1130/337/644
f 1579/337/226 1582/337/226 1581/337/226
f 1632/337/645 1633/337/645 1634/337/645
f 1158/337/645 1143/337/645 1140/337/645
f 1629/337/645 1614/337/645 1609/337/645
f 1613/337/645 1609/337/645 1614/337/645
f 1161/337/645 1162/337/645 1163/337/645
f 1142/337/645 1140/337/645 1143/337/645
f 1135/337/638 1158/337/638 1140/337/638
f 1605/337/634 1614/337/634 1607/337/634
f 1132/337/634 1143/337/634 1136/337/634
f 1154/337/638 1158/337/638 1153/337/638
f 1603/337/638 1609/337/638 1608/337/638
f 1607/337/634 1632/337/634 1626/337/634
f 1134/337/638 1140/337/638 1139/337/638
f 1604/337/638 1629/337/638 1609/337/638
f 1628/337/646 1634/337/646 1635/337/646
f 1157/337/646 1163/337/646 1164/337/646
f 168/337/234 475/337/234 484/337/234
f 167/337/147 484/337/147 478/337/147
f 165/337/35 475/337/35 166/337/35
f 165/337/226 478/337/226 469/337/226
f 160/582/226 167/337/226 165/337/226
f 166/337/35 160/582/35 165/337/35
f 164/582/147 168/337/147 167/337/147
f 159/583/647 164/582/647 160/582/647
f 132/584/147 161/586/147 149/585/147
f 143/588/186 174/587/186 170/587/186
f 133/589/147 150/600/147 152/588/147
f 152/588/234 166/337/234 168/337/234
f 128/337/147 132/584/147 131/591/147
f 120/337/648 131/591/648 123/591/648
f 123/591/649 144/592/649 136/592/649
f 124/584/35 120/337/35 123/591/35
f 124/584/35 140/585/35 157/586/35
f 136/592/650 145/594/650 137/594/650
f 137/594/651 148/593/651 139/593/651
f 139/593/652 149/585/652 140/585/652
f 140/585/653 161/586/653 157/586/653
f 157/586/654 162/595/654 158/595/654
f 158/595/655 163/583/655 159/583/655
f 125/589/35 124/584/35 142/597/35
f 128/337/656 121/337/656 129/337/656
f 121/337/657 130/590/657 129/337/657
f 125/589/658 130/590/658 122/602/658
f 126/596/659 133/589/659 125/589/659
f 127/598/660 134/596/660 126/596/660
f 141/599/661 135/598/661 127/598/661
f 142/597/662 150/600/662 141/599/662
f 151/597/663 169/601/663 173/601/663
f 170/587/664 173/601/664 169/601/664
f 479/337/147 484/337/147 485/337/147
f 470/337/665 478/337/665 479/337/665
f 470/337/35 475/337/35 469/337/35
f 476/337/666 484/337/666 475/337/666
f 470/337/667 480/337/667 471/337/667
f 477/337/668 485/337/668 476/337/668
f 471/337/35 476/337/35 470/337/35
f 480/337/147 485/337/147 486/337/147
f 473/337/35 477/337/35 471/337/35
f 482/337/147 486/337/147 483/337/147
f 471/337/669 482/337/669 473/337/669
f 474/337/670 486/337/670 477/337/670
f 472/337/35 474/337/35 473/337/35
f 481/337/147 483/337/147 547/337/147
f 473/337/671 481/337/671 472/337/671
f 532/337/672 483/337/672 474/337/672
f 468/337/673 472/337/673 481/337/673
f 547/337/674 530/337/674 545/337/674
f 447/337/35 532/337/35 472/337/35
f 468/337/147 547/337/147 545/337/147
f 447/337/35 519/337/35 530/337/35
f 524/337/147 468/337/147 545/337/147
f 447/337/675 522/337/675 517/337/675
f 519/337/676 545/337/676 530/337/676
f 72/337/234 257/337/234 266/337/234
f 71/337/147 266/337/147 260/337/147
f 69/337/35 257/337/35 70/337/35
f 69/337/226 260/337/226 251/337/226
f 64/582/226 71/337/226 69/337/226
f 70/337/35 64/582/35 69/337/35
f 68/582/147 72/337/147 71/337/147
f 63/583/647 68/582/647 64/582/647
f 16/584/147 65/586/147 33/585/147
f 28/588/186 82/587/186 80/587/186
f 17/589/147 34/600/147 36/588/147
f 36/588/234 70/337/234 72/337/234
f 12/337/147 16/584/147 15/591/147
f 4/337/648 15/591/648 7/591/648
f 7/591/649 29/592/649 21/592/649
f 8/584/35 4/337/35 7/591/35
f 8/584/35 25/585/35 61/586/35
f 21/592/650 30/594/650 22/594/650
f 22/594/651 32/593/651 24/593/651
f 24/593/652 33/585/652 25/585/652
f 25/585/653 65/586/653 61/586/653
f 61/586/654 66/595/654 62/595/654
f 62/595/655 67/583/655 63/583/655
f 9/589/35 8/584/35 27/597/35
f 12/337/656 5/337/656 13/337/656
f 6/602/657 13/337/657 5/337/657
f 9/589/658 14/590/658 6/602/658
f 9/589/659 18/596/659 17/589/659
f 11/598/660 18/596/660 10/596/660
f 26/599/661 19/598/661 11/598/661
f 27/597/662 34/600/662 26/599/662
f 35/597/663 79/601/663 81/601/663
f 80/587/664 81/601/664 79/601/664
f 261/337/147 266/337/147 267/337/147
f 252/337/665 260/337/665 261/337/665
f 252/337/35 257/337/35 251/337/35
f 258/337/666 266/337/666 257/337/666
f 252/337/667 262/337/667 253/337/667
f 259/337/668 267/337/668 258/337/668
f 253/337/35 258/337/35 252/337/35
f 262/337/147 267/337/147 268/337/147
f 255/337/35 259/337/35 253/337/35
f 264/337/147 268/337/147 265/337/147
f 253/337/669 264/337/669 255/337/669
f 256/337/670 268/337/670 259/337/670
f 254/337/35 256/337/35 255/337/35
f 263/337/147 265/337/147 313/337/147
f 255/337/671 263/337/671 254/337/671
f 287/337/672 265/337/672 256/337/672
f 250/337/673 254/337/673 263/337/673
f 313/337/674 285/337/674 311/337/674
f 229/337/35 287/337/35 254/337/35
f 250/337/147 313/337/147 311/337/147
f 229/337/35 274/337/35 285/337/35
f 279/337/147 250/337/147 311/337/147
f 229/337/675 277/337/675 272/337/675
f 274/337/676 311/337/676 285/337/676
f 465/337/677 517/337/677 522/337/677
f 276/337/147 277/337/147 279/337/147
f 515/337/678 521/337/678 516/337/678
f 455/337/679 444/337/679 465/337/679
f 247/337/677 272/337/677 277/337/677
f 516/337/680 524/337/680 519/337/680
f 270/337/680 279/337/680 274/337/680
f 517/337/35 516/337/35 519/337/35
f 272/337/35 270/337/35 274/337/35
f 521/337/147 522/337/147 524/337/147
f 213/337/681 275/337/681 269/337/681
f 216/337/682 236/337/682 215/337/682
f 226/337/35 269/337/35 270/337/35
f 275/337/147 247/337/147 276/337/147
f 444/337/35 515/337/35 516/337/35
f 520/337/147 465/337/147 521/337/147
f 237/337/679 226/337/679 247/337/679
f 269/337/678 276/337/678 270/337/678
f 433/337/35 430/337/35 431/337/35
f 233/337/147 236/337/147 234/337/147
f 434/337/682 454/337/682 433/337/682
f 431/337/681 520/337/681 515/337/681
f 269/337/35 215/337/35 213/337/35
f 275/337/147 236/337/147 237/337/147
f 515/337/35 433/337/35 431/337/35
f 520/337/147 454/337/147 455/337/147
f 233/337/147 232/337/147 235/337/147
f 212/337/35 211/337/35 209/337/35
f 451/337/147 454/337/147 452/337/147
f 215/337/683 235/337/683 214/337/683
f 212/337/684 234/337/684 213/337/684
f 433/337/683 453/337/683 432/337/683
f 430/337/684 452/337/684 431/337/684
f 215/337/35 212/337/35 213/337/35
f 429/337/685 449/337/685 428/337/685
f 185/337/686 230/337/686 209/337/686
f 430/337/35 429/337/35 427/337/35
f 451/337/147 450/337/147 453/337/147
f 232/337/687 214/337/687 235/337/687
f 209/337/688 233/337/688 212/337/688
f 450/337/687 432/337/687 453/337/687
f 427/337/688 451/337/688 430/337/688
f 210/337/689 238/337/689 219/337/689
f 415/337/147 456/337/147 449/337/147
f 403/337/686 448/337/686 427/337/686
f 209/337/35 210/337/35 185/337/35
f 230/337/147 231/337/147 232/337/147
f 427/337/35 428/337/35 403/337/35
f 448/337/147 449/337/147 450/337/147
f 211/337/685 231/337/685 210/337/685
f 203/337/226 238/337/226 202/337/226
f 192/337/226 217/337/226 188/337/226
f 192/337/690 197/337/690 185/337/690
f 428/337/689 456/337/689 437/337/689
f 410/337/690 415/337/690 403/337/690
f 185/337/35 219/337/35 192/337/35
f 197/337/147 238/337/147 231/337/147
f 403/337/35 437/337/35 410/337/35
f 459/337/234 414/337/234 439/337/234
f 196/337/234 241/337/234 207/337/234
f 423/337/234 426/337/234 424/337/234
f 243/337/691 239/337/691 245/337/691
f 461/337/691 457/337/691 463/337/691
f 198/337/226 203/337/226 202/337/226
f 218/337/35 222/337/35 223/337/35
f 416/337/226 421/337/226 420/337/226
f 457/337/692 422/337/692 458/337/692
f 421/337/226 456/337/226 420/337/226
f 407/337/226 420/337/226 410/337/226
f 426/337/234 459/337/234 460/337/234
f 409/337/693 435/337/693 436/337/693
f 410/337/226 435/337/226 408/337/226
f 414/337/234 438/337/234 439/337/234
f 219/337/691 243/337/691 225/337/691
f 239/337/147 204/337/147 240/337/147
f 460/337/694 466/337/694 467/337/694
f 208/337/234 241/337/234 242/337/234
f 186/337/226 192/337/226 188/337/226
f 189/337/695 217/337/695 218/337/695
f 404/337/226 410/337/226 408/337/226
f 196/337/234 220/337/234 221/337/234
f 436/337/35 440/337/35 441/337/35
f 406/337/696 412/337/696 407/337/696
f 198/337/696 194/337/696 205/337/696
f 416/337/696 412/337/696 423/337/696
f 417/337/696 416/337/696 424/337/696
f 199/337/696 198/337/696 206/337/696
f 190/337/696 194/337/696 191/337/696
f 412/337/234 425/337/234 423/337/234
f 193/337/234 196/337/234 194/337/234
f 208/337/234 205/337/234 207/337/234
f 191/337/226 202/337/226 192/337/226
f 405/337/697 408/337/697 409/337/697
f 421/337/147 419/337/147 422/337/147
f 187/337/698 188/337/698 189/337/698
f 194/337/234 207/337/234 205/337/234
f 203/337/147 201/337/147 204/337/147
f 414/337/234 411/337/234 413/337/234
f 461/337/699 462/337/699 466/337/699
f 225/337/699 248/337/699 228/337/699
f 443/337/699 466/337/699 446/337/699
f 443/337/699 445/337/699 442/337/699
f 243/337/699 244/337/699 248/337/699
f 225/337/699 227/337/699 224/337/699
f 248/337/694 221/337/694 228/337/694
f 435/337/691 443/337/691 440/337/691
f 217/337/691 225/337/691 222/337/691
f 242/337/694 248/337/694 249/337/694
f 439/337/694 445/337/694 446/337/694
f 437/337/691 461/337/691 443/337/691
f 221/337/694 227/337/694 228/337/694
f 466/337/694 439/337/694 446/337/694
f 463/337/700 458/337/700 464/337/700
f 245/337/701 240/337/701 246/337/701
s 1
f 1181/1/1 1187/521/1 1197/2/2
f 1341/4/3 1342/150/135 1343/5/4
f 1446/7/6 1428/13/12 1427/8/7
f 1349/10/9 1347/69/63 1405/11/10
f 1428/13/12 1436/298/228 1432/14/13
f 1359/16/15 1358/49/44 1360/17/16
f 1505/19/18 1522/440/18 1521/20/19
f 1476/22/20 1494/213/179 1493/23/21
f 1434/25/23 1430/158/140 1429/26/24
f 1444/28/26 1450/182/158 1453/29/27
f 1333/31/29 1336/215/181 1337/32/30
f 1392/34/32 1394/83/76 1399/35/33
f 1504/603/35 1503/604/35 1502/605/35
f 1502/605/35 1501/606/35 1500/37/35
f 1500/37/35 1499/607/35 1498/608/35
f 1498/608/35 1497/609/35 1496/610/35
f 1496/610/35 1484/611/35 1483/544/35
f 1483/544/35 1304/612/35 1303/613/35
f 1303/613/35 1478/614/35 1479/615/35
f 1303/613/35 1479/615/35 1480/616/35
f 1498/608/35 1496/610/35 1483/544/35
f 1483/544/35 1303/613/35 1480/616/35
f 1483/544/35 1480/616/35 1481/617/35
f 1500/37/35 1498/608/35 1483/544/35
f 1504/603/35 1502/605/35 1500/37/35
f 1506/618/35 1505/619/35 1504/603/35
f 1492/620/35 1491/621/35 1506/618/35
f 1495/622/35 1492/620/35 1506/618/35
f 1506/618/35 1504/603/35 1500/37/35
f 1500/37/35 1483/544/35 1481/617/35
f 1500/37/35 1481/617/35 1482/623/35
f 1495/622/35 1506/618/35 1500/37/35
f 1494/624/35 1495/622/35 1500/37/35
f 1500/37/35 1482/623/35 1485/625/35
f 1500/37/35 1485/625/35 1486/626/35
f 1493/627/35 1494/624/35 1500/37/35
f 1490/628/35 1493/627/35 1500/37/35
f 1500/37/35 1486/626/35 1487/545/35
f 1500/37/35 1487/545/35 1488/38/35
f 1489/39/35 1490/628/35 1500/37/35
f 1309/40/36 1308/378/258 1305/41/37
f 1241/43/39 1246/362/39 1253/44/40
f 1369/46/41 1368/546/702 1370/47/42
f 1365/51/46 1360/17/16 1358/49/44
f 1358/49/44 1361/56/51 1362/50/45
f 1395/54/49 1382/57/52 1388/52/47
f 1388/52/47 1390/61/56 1389/53/48
f 1358/49/44 1357/400/266 1355/55/50
f 1355/55/50 1356/629/703 1361/56/51
f 1386/59/54 1384/547/704 1382/57/52
f 1382/57/52 1395/54/49 1387/58/53
f 1388/52/47 1378/98/89 1379/60/55
f 1379/60/55 1380/95/86 1390/61/56
f 1416/62/57 1411/12/11 1405/11/10
f 1441/64/59 1444/28/26 1447/30/28
f 968/65/60 975/122/60 974/66/61
f 1349/10/9 1343/5/4 1339/68/62
f 1351/70/64 1345/187/161 1344/6/5
f 1252/72/66 1258/269/66 1260/73/67
f 1367/75/68 1365/51/46 1362/50/45
f 1362/50/45 1368/546/702 1369/46/41
f 1406/84/77 1366/275/213 1365/51/46
f 1435/85/78 1489/397/264 1488/86/79
f 1268/88/80 1269/254/223 1271/89/81
f 1372/92/83 1371/48/43 1370/47/42
f 1370/47/42 1383/96/87 1385/91/82
f 1380/95/86 1379/60/55 1377/93/84
f 1377/93/84 1381/103/94 1391/94/85
f 1383/96/87 1384/547/704 1386/59/54
f 1378/98/89 1373/548/392 1374/97/88
f 1374/97/88 1376/100/91 1379/60/55
f 1456/101/92 1454/76/69 1459/78/71
f 1423/113/104 1424/363/252 1425/15/14
f 1324/115/106 1322/553/458 1323/116/107
f 1449/118/109 1462/146/131 1463/119/110
f 1456/101/92 1452/218/185 1401/80/73
f 968/65/60 969/379/112 976/121/112
f 1406/84/77 1367/75/68 1369/46/41
f 1416/62/57 1409/63/58 1410/114/105
f 1248/125/115 1254/140/115 1255/126/116
f 1050/130/119 1072/141/120 1073/131/120
f 1068/135/122 1069/195/123 1067/136/123
f 1662/45/112 1669/44/112 1670/140/125
f 1291/141/126 1297/377/127 1296/142/127
f 1338/33/31 1337/32/30 1364/143/128
f 1449/118/109 1448/222/187 1457/145/130
f 1315/148/133 1326/315/236 1334/149/134
f 1250/151/136 1256/253/136 1257/152/137
f 955/154/138 952/227/139 954/155/139
f 1440/159/141 1385/91/82 1386/59/54
f 1319/161/143 1317/255/203 1318/162/144
f 1277/166/119 1300/366/120 1301/167/120
f 1390/61/56 1380/95/86 1391/94/85
f 1560/630/147 1558/631/147 1717/549/147
f 1731/550/147 1560/630/147 1717/549/147
f 946/632/147 1018/633/147 1726/551/147
f 1726/551/147 1731/550/147 1717/549/147
f 1726/551/147 1717/549/147 1714/634/147
f 950/635/147 946/632/147 1726/551/147
f 953/636/147 950/635/147 1726/551/147
f 1726/551/147 1714/634/147 1713/637/147
f 1726/551/147 1713/637/147 1712/638/147
f 954/639/147 953/636/147 1726/551/147
f 957/640/147 954/639/147 1726/551/147
f 1726/551/147 1712/638/147 1711/641/147
f 1726/551/147 1711/641/147 1701/642/147
f 958/643/147 957/640/147 1726/551/147
f 1294/644/147 958/643/147 1726/551/147
f 1726/551/147 1701/642/147 1700/645/147
f 1726/551/147 1700/645/147 1699/646/147
f 1295/647/147 1294/644/147 1726/551/147
f 1290/648/147 1295/647/147 1726/551/147
f 1726/551/147 1699/646/147 1698/649/147
f 1726/551/147 1698/649/147 1697/650/147
f 1291/651/147 1290/648/147 1726/551/147
f 1297/652/147 1291/651/147 1726/551/147
f 1726/551/147 1697/650/147 1696/653/147
f 1726/551/147 1696/653/147 1509/654/147
f 1283/655/147 1297/652/147 1726/551/147
f 1287/656/147 1283/655/147 1726/551/147
f 1287/656/147 1726/551/147 1509/654/147
f 1286/657/147 1287/656/147 1509/654/147
f 1526/169/147 1527/658/147 1534/659/147
f 1281/660/147 1286/657/147 1509/654/147
f 1526/169/147 1534/659/147 1535/661/147
f 1301/662/147 1281/660/147 1509/654/147
f 1526/169/147 1535/661/147 1536/663/147
f 1279/664/147 1301/662/147 1509/654/147
f 1526/169/147 1536/663/147 1537/665/147
f 1278/666/147 1279/664/147 1509/654/147
f 1526/169/147 1537/665/147 1545/667/147
f 1273/668/147 1278/666/147 1509/654/147
f 1526/169/147 1545/667/147 1546/669/147
f 1275/670/147 1273/668/147 1509/654/147
f 1526/169/147 1546/669/147 1547/671/147
f 1271/672/147 1275/670/147 1509/654/147
f 1526/169/147 1547/671/147 1548/673/147
f 1270/674/147 1271/672/147 1509/654/147
f 1526/169/147 1548/673/147 1549/675/147
f 1270/674/147 1509/654/147 1526/169/147
f 1529/171/147 1266/676/147 1267/677/147
f 1267/677/147 1270/674/147 1526/169/147
f 1526/169/147 1549/675/147 1550/170/147
f 1550/170/147 1551/678/147 1529/171/147
f 1529/171/147 1267/677/147 1526/169/147
f 957/156/138 958/358/148 956/172/148
f 1344/6/5 1343/5/4 1349/10/9
f 1410/114/105 1409/63/58 1408/173/149
f 1407/176/152 1406/84/77 1418/123/113
f 1389/53/48 1396/36/34 1397/179/155
f 1341/4/3 1314/217/184 1315/148/133
f 1443/180/156 1397/179/155 1451/181/157
f 1544/183/159 1551/552/705 1550/184/18
f 1538/188/162 1545/429/162 1537/189/163
f 1318/162/144 1322/553/458 1324/115/106
f 1265/191/164 1268/88/80 1270/90/80
f 1276/195/168 1277/166/119 1279/168/119
f 1020/198/35 1657/409/35 1664/199/35
f 1294/206/122 1295/351/123 1293/207/123
f 1426/209/176 1422/245/199 1420/210/177
f 1477/212/117 1495/250/117 1494/213/179
f 1333/31/29 1327/314/235 1329/214/180
f 1273/137/182 1275/262/183 1274/216/183
f 1313/202/172 1312/231/194 1314/217/184
f 1399/35/33 1401/80/73 1452/218/185
f 1523/499/186 1506/496/186 1491/219/186
f 1491/219/186 1468/679/186 1467/680/186
f 1467/680/186 1461/681/706 1460/682/707
f 1460/682/707 1459/683/186 1455/684/708
f 1455/684/708 1402/554/709 1400/220/186
f 1400/220/186 1398/685/710 1393/686/186
f 1393/686/186 1381/687/710 1377/221/186
f 1377/221/186 1375/688/186 1512/555/186
f 1512/555/186 1523/499/186 1491/219/186
f 1491/219/186 1467/680/186 1460/682/707
f 1460/682/707 1455/684/708 1400/220/186
f 1400/220/186 1393/686/186 1377/221/186
f 1377/221/186 1512/555/186 1491/219/186
f 1491/219/186 1460/682/707 1400/220/186
f 1330/197/170 1314/217/184 1341/4/3
f 1448/222/187 1449/118/109 1470/223/188
f 972/224/189 973/324/190 980/225/190
f 1040/155/80 1041/156/223 1043/154/81
f 1524/228/191 1525/288/192 1527/229/192
f 1307/204/174 1306/565/537 1312/231/194
f 906/232/137 905/352/66 908/233/66
f 1348/235/160 1485/402/267 1482/236/195
f 1409/63/58 1405/11/10 1404/238/196
f 1383/241/87 1370/689/42 1368/556/702
f 1368/556/702 1362/690/45 1361/239/51
f 1361/239/51 1356/691/703 1354/558/265
f 1354/558/265 1373/692/392 1378/240/89
f 1378/240/89 1388/693/47 1382/557/52
f 1382/557/52 1384/694/704 1383/241/87
f 1383/241/87 1368/556/702 1361/239/51
f 1361/239/51 1354/558/265 1378/240/89
f 1378/240/89 1382/557/52 1383/241/87
f 1650/242/197 1656/252/197 1653/243/198
f 1419/177/153 1418/123/113 1420/210/177
f 1195/246/200 1194/527/201 1198/247/201
f 1432/14/13 1417/124/114 1410/114/105
f 1469/249/102 1492/365/254 1495/250/117
f 1649/251/202 1655/271/202 1656/252/197
f 1249/127/116 1255/126/116 1256/253/136
f 863/89/138 860/90/139 862/88/139
f 1320/42/38 1305/41/37 1317/255/203
f 1260/256/67 1651/200/67 1645/198/67
f 1426/209/176 1441/64/59 1445/9/8
f 1451/181/157 1452/218/185 1453/29/27
f 962/258/204 960/369/205 964/259/205
f 952/227/139 951/372/206 953/261/206
f 866/216/148 1068/135/122 1066/137/122
f 917/263/207 925/360/207 926/264/208
f 971/266/209 1019/278/210 1021/267/210
f 1659/153/209 1666/152/209 1665/269/210
f 1648/270/205 1654/326/205 1655/271/202
f 1658/72/210 1665/269/210 1664/73/35
f 1339/68/62 1338/33/31 1340/144/129
f 1502/272/211 1519/455/211 1518/273/212
f 1364/143/128 1363/18/17 1366/275/213
f 1366/275/213 1363/18/17 1360/17/16
f 1020/277/35 1022/695/35 1021/267/210
f 1647/244/198 1653/243/198 1652/279/215
f 1372/92/83 1385/91/82 1440/159/141
f 1238/242/207 1243/252/207 1244/243/216
f 1237/251/208 1242/271/208 1243/252/207
f 1501/274/212 1518/273/212 1517/281/162
f 1442/160/142 1443/180/156 1450/182/158
f 1335/283/217 1357/400/266 1358/49/44
f 912/284/218 911/374/219 919/285/219
f 1353/175/151 1412/340/241 1413/287/220
f 1525/288/192 1530/484/221 1534/289/221
f 1431/87/79 1488/86/79 1487/290/222
f 1272/135/182 1276/195/168 1278/136/168
f 1269/254/223 1274/216/183 1275/262/183
f 1513/292/221 1496/477/221 1497/293/224
f 1200/295/225 1217/528/226 1216/296/226
f 1436/298/228 1437/385/262 1433/27/25
f 1413/287/220 1412/340/241 1411/12/11
f 1542/299/19 1549/470/19 1548/300/229
f 1540/302/211 1541/301/229 1548/300/229
f 1446/7/6 1445/9/8 1447/30/28
f 1420/210/177 1418/123/113 1369/46/41
f 1474/120/111 1475/129/118 1472/134/121
f 1285/305/231 1282/333/232 1283/306/232
f 1499/308/163 1516/446/163 1515/309/233
f 1584/696/711 1585/697/712 1016/495/713
f 1016/495/713 966/698/234 964/699/234
f 964/699/234 965/700/234 963/701/234
f 963/701/234 982/702/234 974/703/234
f 974/703/234 975/704/234 976/705/234
f 976/705/234 977/706/234 979/707/234
f 979/707/234 980/708/234 978/709/234
f 978/709/234 1021/710/234 1022/711/234
f 978/709/234 1022/711/234 1664/712/234
f 976/705/234 979/707/234 978/709/234
f 963/701/234 974/703/234 976/705/234
f 1016/495/713 964/699/234 963/701/234
f 1584/696/711 1016/495/713 963/701/234
f 963/701/234 976/705/234 978/709/234
f 963/701/234 978/709/234 1664/712/234
f 1588/713/714 1584/696/711 963/701/234
f 1606/714/715 1588/713/714 963/701/234
f 963/701/234 1664/712/234 1665/715/234
f 1606/714/715 963/701/234 1665/715/234
f 1720/570/286 1613/716/716 1612/717/717
f 1612/717/717 1606/714/715 1665/715/234
f 1612/717/717 1665/715/234 1666/718/234
f 1729/493/234 1720/570/286 1612/717/717
f 1164/719/718 1162/720/719 1227/533/295
f 1130/721/720 1157/722/721 1164/719/718
f 902/723/722 1125/724/723 1127/725/724
f 1127/725/724 1130/721/720 1164/719/718
f 1164/719/718 1227/533/295 1232/313/234
f 1729/493/234 1612/717/717 1666/718/234
f 1729/493/234 1666/718/234 1667/726/234
f 904/727/234 902/723/722 1127/725/724
f 909/728/234 908/729/543 904/727/234
f 919/730/234 910/731/725 909/728/234
f 921/732/234 920/733/234 919/730/234
f 923/734/234 922/735/234 921/732/234
f 925/736/234 924/737/234 923/734/234
f 941/738/234 926/739/234 925/736/234
f 1235/740/234 942/741/234 941/738/234
f 1235/740/234 941/738/234 925/736/234
f 925/736/234 923/734/234 921/732/234
f 921/732/234 919/730/234 909/728/234
f 909/728/234 904/727/234 1127/725/724
f 909/728/234 1127/725/724 1164/719/718
f 925/736/234 921/732/234 909/728/234
f 1235/740/234 925/736/234 909/728/234
f 909/728/234 1164/719/718 1232/313/234
f 1729/493/234 1667/726/234 1668/742/234
f 1729/493/234 1668/742/234 1670/743/234
f 1235/740/234 909/728/234 1232/313/234
f 1236/744/234 1235/740/234 1232/313/234
f 1729/493/234 1670/743/234 1669/745/234
f 1729/493/234 1669/745/234 1672/746/234
f 1242/747/234 1236/744/234 1232/313/234
f 1243/748/234 1242/747/234 1232/313/234
f 1729/493/234 1672/746/234 1652/749/234
f 1729/493/234 1652/749/234 1653/750/234
f 1244/751/234 1243/748/234 1232/313/234
f 1245/752/234 1244/751/234 1232/313/234
f 1729/493/234 1653/750/234 1656/753/234
f 1729/493/234 1656/753/234 1655/754/234
f 1246/755/234 1245/752/234 1232/313/234
f 1253/756/234 1246/755/234 1232/313/234
f 1729/493/234 1655/754/234 1654/757/234
f 1729/493/234 1654/757/234 1651/758/234
f 1254/759/234 1253/756/234 1232/313/234
f 1255/760/234 1254/759/234 1232/313/234
f 1232/313/234 1729/493/234 1651/758/234
f 1232/313/234 1651/758/234 1260/559/234
f 1256/761/234 1255/760/234 1232/313/234
f 1257/312/234 1256/761/234 1232/313/234
f 1232/313/234 1260/559/234 1258/311/234
f 1403/276/214 1366/275/213 1406/84/77
f 1463/119/110 1464/112/103 1475/129/118
f 1474/120/111 1471/304/230 1470/223/188
f 1327/314/235 1319/161/143 1321/163/145
f 1326/315/236 1327/314/235 1333/31/29
f 913/316/40 912/284/218 920/286/218
f 1337/32/30 1336/215/181 1335/283/217
f 1456/101/92 1458/102/93 1462/146/131
f 1661/762/234 1660/763/234 1659/764/726
f 1659/764/726 1658/765/727 1657/766/234
f 1659/764/726 1657/766/234 1020/767/234
f 1663/768/234 1661/762/234 1659/764/726
f 1671/769/234 1662/770/234 1663/768/234
f 1647/771/234 1646/772/234 1671/769/234
f 1649/773/234 1650/774/234 1647/771/234
f 1645/775/234 1648/776/234 1649/773/234
f 1252/777/234 1259/778/234 1645/775/234
f 1250/779/234 1251/780/234 1252/777/234
f 1248/781/234 1249/782/234 1250/779/234
f 1241/783/234 1247/784/234 1248/781/234
f 1239/785/234 1240/786/234 1241/783/234
f 1237/787/234 1238/788/234 1239/785/234
f 1233/789/234 1234/790/728 1237/787/234
f 940/791/234 1233/789/234 1237/787/234
f 1237/787/234 1239/785/234 1241/783/234
f 1241/783/234 1248/781/234 1250/779/234
f 1250/779/234 1252/777/234 1645/775/234
f 1645/775/234 1649/773/234 1647/771/234
f 1647/771/234 1671/769/234 1663/768/234
f 1663/768/234 1659/764/726 1020/767/234
f 1647/771/234 1663/768/234 1020/767/234
f 1250/779/234 1645/775/234 1647/771/234
f 1237/787/234 1241/783/234 1250/779/234
f 940/791/234 1237/787/234 1250/779/234
f 1250/779/234 1647/771/234 1020/767/234
f 1250/779/234 1020/767/234 1019/792/234
f 939/793/234 940/791/234 1250/779/234
f 939/793/234 1250/779/234 1019/792/234
f 939/793/234 1019/792/234 971/794/234
f 918/795/234 939/793/234 971/794/234
f 918/795/234 971/794/234 973/796/234
f 917/797/234 918/795/234 973/796/234
f 917/797/234 973/796/234 972/798/234
f 916/799/234 917/797/234 972/798/234
f 916/799/234 972/798/234 970/800/234
f 915/801/234 916/799/234 970/800/234
f 915/801/234 970/800/234 969/802/234
f 914/803/234 915/801/234 969/802/234
f 914/803/234 969/802/234 968/804/234
f 913/805/234 914/803/234 968/804/234
f 913/805/234 968/804/234 967/806/234
f 912/807/234 913/805/234 967/806/234
f 912/807/234 967/806/234 981/808/234
f 911/809/234 912/807/234 981/808/234
f 911/809/234 981/808/234 959/810/234
f 907/811/234 911/809/234 959/810/234
f 907/811/234 959/810/234 961/560/234
f 906/320/234 907/811/234 961/560/234
f 960/318/234 962/812/234 903/813/234
f 906/320/234 961/560/234 960/318/234
f 960/318/234 903/813/234 905/319/234
f 961/321/202 959/408/197 963/322/197
f 1428/13/12 1446/7/6 1470/223/188
f 1364/143/128 1337/32/30 1359/16/15
f 971/266/209 978/268/209 980/225/190
f 1645/325/67 1651/814/67 1654/326/205
f 1316/327/171 1480/354/248 1479/328/173
f 896/330/237 902/815/722 904/816/67
f 896/330/237 904/816/67 903/561/729
f 966/817/67 1016/818/730 1003/332/238
f 896/330/237 903/561/729 962/331/204
f 962/331/204 966/817/67 1003/332/238
f 1055/142/239 1054/377/239 1058/306/240
f 1281/334/239 1280/380/239 1284/335/240
f 1558/337/226 1560/296/226 1559/338/226
f 1386/59/54 1387/58/53 1443/180/156
f 1412/340/241 1350/71/65 1349/10/9
f 913/316/40 921/317/40 922/341/39
f 1444/28/26 1441/64/59 1440/159/141
f 1176/343/242 1182/562/269 1183/344/243
f 1329/214/180 1321/163/145 1324/115/106
f 860/90/139 859/192/206 861/191/206
f 1351/70/64 1350/71/65 1412/340/241
f 1045/206/182 1049/351/168 1051/207/168
f 981/347/245 967/67/61 974/66/61
f 1473/24/22 1493/23/21 1490/349/246
f 1345/187/161 1331/194/167 1341/4/3
f 1309/40/36 1320/42/38 1326/315/236
f 1295/351/123 1290/130/247 1288/132/247
f 1290/130/247 1291/141/126 1289/131/126
f 1334/149/134 1333/31/29 1338/33/31
f 905/352/66 903/563/729 904/353/67
f 1069/195/123 1064/166/247 1062/168/247
f 1448/222/187 1447/30/28 1453/29/27
f 1480/354/248 1316/327/171 1332/355/169
f 857/357/226 858/564/226 861/191/206
f 958/358/148 1294/206/122 1292/208/122
f 1660/151/190 1661/127/189 1668/126/189
f 1440/159/141 1441/64/59 1426/209/176
f 917/263/207 916/413/216 924/359/216
f 1486/361/250 1352/401/154 1415/291/150
f 1240/280/251 1245/279/251 1246/362/39
f 1423/113/104 1419/177/153 1422/245/199
f 1469/249/102 1468/819/101 1491/364/253
f 1065/366/126 1071/380/127 1070/334/127
f 907/367/136 906/232/137 909/234/137
f 1389/53/48 1390/61/56 1392/34/32
f 961/321/202 965/323/202 964/259/205
f 1413/287/220 1416/62/57 1417/124/114
f 970/370/125 972/224/189 979/226/189
f 1036/261/255 1040/155/80 1042/227/80
f 1452/218/185 1456/101/92 1457/145/130
f 1405/11/10 1347/69/63 1340/144/129
f 1671/43/60 1672/362/60 1669/44/112
f 1059/307/231 1056/336/232 1057/335/232
f 949/373/226 950/337/226 953/261/206
f 1234/270/257 1236/326/257 1242/271/208
f 911/374/219 907/367/136 910/368/136
f 1663/125/125 1670/140/125 1668/126/189
f 1408/173/149 1407/176/152 1419/177/153
f 1429/26/24 1417/124/114 1432/14/13
f 852/375/226 858/398/226 857/337/226
f 1297/377/127 1283/306/232 1282/333/232
f 1425/15/14 1424/363/252 1427/8/7
f 1312/231/194 1306/565/537 1308/378/258
f 1266/357/259 1263/564/731 1265/191/164
f 970/370/125 977/371/125 976/121/112
f 1071/380/127 1057/335/232 1056/336/232
f 1041/156/223 1047/358/183 1048/172/183
f 1233/325/147 1235/814/147 1236/326/257
f 939/381/257 941/384/257 942/382/147
f 918/265/208 926/264/208 941/384/257
f 865/254/138 866/216/148 864/262/148
f 1035/337/260 1036/261/255 1039/372/256
f 1438/139/124 1437/385/262 1471/304/230
f 1438/139/124 1434/25/23 1433/27/25
f 1557/386/67 1716/339/67 1717/337/67
f 1397/179/155 1396/36/34 1399/35/33
f 1310/388/175 1311/329/173 1479/328/173
f 1186/390/263 1187/521/1 1181/1/1
f 1443/180/156 1387/58/53 1395/54/49
f 1424/363/252 1422/245/199 1426/209/176
f 915/392/251 914/342/39 922/341/39
f 1049/351/168 1050/130/119 1052/132/119
f 1219/551/35 900/550/35 851/630/35
f 1219/551/35 851/630/35 857/820/35
f 1084/821/35 1086/632/35 1230/633/35
f 1216/822/35 1084/821/35 1230/633/35
f 1230/633/35 1219/551/35 857/820/35
f 1230/633/35 857/820/35 859/823/35
f 1196/824/35 1216/822/35 1230/633/35
f 1195/825/35 1196/824/35 1230/633/35
f 1230/633/35 859/823/35 860/826/35
f 1230/633/35 860/826/35 863/827/35
f 1194/828/35 1195/825/35 1230/633/35
f 1193/829/35 1194/828/35 1230/633/35
f 1230/633/35 863/827/35 864/830/35
f 1230/633/35 864/830/35 1066/831/35
f 1181/832/35 1193/829/35 1230/633/35
f 1181/832/35 1230/633/35 1066/831/35
f 1181/832/35 1066/831/35 1067/833/35
f 1180/834/35 1181/832/35 1067/833/35
f 1180/834/35 1067/833/35 1062/835/35
f 1179/836/35 1180/834/35 1062/835/35
f 1179/836/35 1062/835/35 1063/837/35
f 1178/838/35 1179/836/35 1063/837/35
f 1178/838/35 1063/837/35 1070/839/35
f 1177/840/35 1178/838/35 1070/839/35
f 1177/840/35 1070/839/35 1056/841/35
f 1035/842/35 1078/843/35 1176/396/35
f 1176/396/35 1177/840/35 1056/841/35
f 1176/396/35 1056/841/35 1059/844/35
f 1036/845/35 1035/842/35 1176/396/35
f 1040/846/35 1036/845/35 1176/396/35
f 1176/396/35 1059/844/35 1058/847/35
f 1176/396/35 1058/847/35 1054/848/35
f 1041/849/35 1040/846/35 1176/396/35
f 1047/850/35 1041/849/35 1176/396/35
f 1176/396/35 1054/848/35 1072/851/35
f 1176/396/35 1072/851/35 1050/852/35
f 1045/395/35 1047/850/35 1176/396/35
f 1176/396/35 1050/852/35 1049/394/35
f 1439/350/132 1490/349/246 1489/397/264
f 1046/208/182 1048/172/183 1047/358/183
f 1314/217/184 1312/231/194 1309/40/36
f 1058/306/240 1059/307/231 1061/305/231
f 946/337/226 950/376/226 949/375/226
f 1436/298/228 1470/223/188 1471/304/230
f 1325/117/108 1323/116/107 1354/399/265
f 1354/399/265 1356/629/703 1355/55/50
f 1335/283/217 1328/346/244 1355/55/50
f 1659/153/209 1660/151/190 1667/253/190
f 1408/173/149 1404/238/196 1403/276/214
f 1463/119/110 1465/106/97 1466/108/99
f 1420/210/177 1371/48/43 1372/92/83
f 1251/153/137 1257/152/137 1258/269/66
f 1247/45/40 1253/44/40 1254/140/115
f 1404/238/196 1340/144/129 1364/143/128
f 1463/119/110 1462/146/131 1458/102/93
f 1352/401/154 1486/361/250 1485/402/267
f 1078/403/268 1079/529/292 1182/404/269
f 1180/391/263 1179/566/270 1185/405/270
f 1342/150/135 1334/149/134 1339/68/62
f 1430/158/140 1414/165/146 1413/287/220
f 1508/406/234 1524/426/234 1526/337/234
f 1055/142/239 1073/131/120 1072/141/120
f 1064/166/247 1065/366/126 1063/167/126
f 959/408/197 981/347/245 982/348/245
f 1336/215/181 1329/214/180 1328/346/244
f 1320/42/38 1319/161/143 1327/314/235
f 942/199/147 1235/200/147 1233/198/147
f 1284/335/240 1285/305/231 1287/307/231
f 1707/410/2 1711/452/2 1712/411/201
f 1324/115/106 1325/117/108 1355/55/50
f 1646/280/215 1652/279/215 1672/362/60
f 915/392/251 923/393/251 924/359/216
f 1281/334/239 1301/167/120 1300/366/120
f 1497/293/224 1498/310/233 1515/309/233
f 1196/337/227 1195/246/200 1199/248/200
f 1481/356/249 1332/355/169 1346/237/166
f 1086/415/186 1087/526/186 1231/416/186
f 1177/345/243 1183/344/243 1184/417/271
f 1185/405/270 1179/566/270 1178/418/271
f 1239/244/216 1244/243/216 1245/279/251
f 1694/419/263 1693/460/270 1699/420/270
f 1508/422/186 1509/853/186 1696/423/272
f 1507/425/234 1510/571/234 1524/426/234
f 1510/427/191 1511/441/192 1525/288/192
f 1539/428/212 1546/465/212 1545/429/162
f 946/567/67 945/854/67 1013/430/67
f 1013/430/67 1011/540/301 1017/431/274
f 1018/432/67 946/567/67 1013/430/67
f 1710/433/275 1714/568/277 1717/434/226
f 1715/436/67 1716/339/67 1557/386/67
f 1556/438/226 1555/436/226 1557/339/226
f 1523/439/159 1544/183/159 1543/185/18
f 1513/292/221 1530/484/221 1525/288/192
f 1694/419/263 1700/421/263 1701/442/1
f 1684/444/2 1707/410/2 1708/412/201
f 1517/281/162 1538/188/162 1533/190/163
f 1690/447/273 1696/569/272 1697/448/243
f 1534/289/221 1530/484/221 1531/450/224
f 1695/443/1 1701/442/1 1711/452/2
f 1521/20/19 1542/299/19 1541/301/229
f 1532/454/233 1536/461/233 1535/451/224
f 1520/453/229 1541/301/229 1540/302/211
f 1559/456/186 1560/855/186 1731/423/186
f 1691/449/243 1697/448/243 1698/458/271
f 1692/459/271 1698/458/271 1699/420/270
f 1533/190/163 1537/189/163 1536/461/233
f 1731/462/234 1726/856/234 1725/463/276
f 1540/302/211 1547/303/211 1546/465/212
f 1528/466/186 1529/857/186 1551/337/186
f 1709/468/200 1708/412/201 1712/411/201
f 1543/185/18 1550/184/18 1549/470/19
f 1709/468/200 1713/469/200 1714/471/277
f 1678/473/263 1677/492/270 1693/460/270
f 1218/474/67 1715/436/67 1555/437/67
f 1089/476/226 1088/474/226 1555/436/226
f 1505/19/18 1506/858/705 1523/439/159
f 1518/273/212 1539/428/212 1538/188/162
f 1511/441/192 1484/859/192 1496/477/221
f 1687/478/278 1710/433/275 1716/435/226
f 1212/480/2 1684/444/2 1685/445/201
f 1500/282/162 1517/281/162 1516/446/163
f 1674/482/279 1690/447/273 1691/449/243
f 1514/294/224 1531/450/224 1530/484/221
f 1679/485/1 1695/443/1 1707/410/2
f 1514/294/224 1515/309/233 1532/454/233
f 1686/486/200 1709/468/200 1710/472/275
f 1504/21/19 1521/20/19 1520/453/229
f 1556/489/186 1559/456/186 1730/457/186
f 1675/483/243 1691/449/243 1692/459/271
f 1503/488/229 1520/453/229 1519/455/211
f 1676/491/271 1692/459/271 1693/460/270
f 1516/446/163 1533/190/163 1532/454/233
f 1725/463/276 1720/570/286 1729/493/234
f 1507/494/186 1508/422/186 1690/424/273
f 1483/496/234 1510/571/234 1507/425/234
f 1201/337/280 1175/337/280 1191/337/281
f 1483/498/193 1484/859/192 1511/441/192
f 1519/455/211 1540/302/211 1539/428/212
f 1523/499/186 1512/555/186 1528/466/186
f 1686/486/200 1685/445/201 1708/412/201
f 1522/440/18 1543/185/18 1542/299/19
f 1678/473/263 1694/419/263 1695/443/1
f 1018/423/234 1017/424/274 1596/860/732
f 1598/500/283 1601/861/733 1628/862/734
f 1018/423/234 1596/860/732 1598/500/283
f 1725/463/276 1726/856/234 1018/423/234
f 1635/501/284 1633/863/735 1725/463/276
f 1598/500/283 1628/862/734 1635/501/284
f 1635/501/284 1725/463/276 1018/423/234
f 1704/337/285 1682/337/736 1720/337/286
f 1222/502/287 1219/574/234 1230/503/234
f 1197/2/2 1212/480/2 1213/481/201
f 1213/481/201 1685/445/201 1686/486/200
f 1215/506/288 1687/478/278 1715/479/226
f 1212/480/2 1207/519/1 1679/485/1
f 1214/505/200 1686/486/200 1687/487/278
s 0
f 1552/337/67 1673/337/67 1688/337/67
s 1
f 1089/509/186 1556/489/186 1729/490/186
f 1203/511/243 1675/483/243 1676/491/271
f 1203/511/243 1202/522/290 1674/482/279
f 1204/512/271 1676/491/271 1677/492/270
f 1202/515/290 1080/575/562 1303/864/186
f 1304/514/186 1507/494/186 1674/495/279
f 1202/515/290 1303/864/186 1304/514/186
f 1206/516/263 1205/513/270 1677/492/270
f 1673/337/280 1682/337/736 1704/337/285
s 0
f 1298/337/234 1552/337/234 1553/337/234
s 1
f 1217/517/67 1218/474/67 1088/475/67
f 1206/516/263 1678/473/263 1679/485/1
f 1087/520/226 1085/517/226 1088/474/226
f 1186/390/263 1206/516/263 1207/519/1
f 1198/247/201 1213/481/201 1214/505/200
f 1084/423/226 1085/517/226 1087/520/226
f 1183/344/243 1182/562/269 1202/522/290
f 1197/2/2 1187/521/1 1207/519/1
f 1199/248/200 1214/505/200 1215/508/288
f 901/576/737 888/865/738 886/523/67
f 886/523/67 852/866/67 851/524/67
f 900/525/67 901/576/737 886/523/67
f 1087/526/186 1089/509/186 1232/510/186
f 1183/344/243 1203/511/243 1204/512/271
f 1184/417/271 1204/512/271 1205/513/270
f 1193/3/2 1197/2/2 1198/247/201
f 1217/528/226 1200/295/225 1215/506/288
f 1079/529/292 1080/575/562 1202/515/290
f 1138/531/294 1133/867/739 1111/530/293
f 1109/868/740 1116/869/741 901/870/737
f 1109/868/740 901/870/737 900/337/234
f 900/337/234 1219/574/234 1222/502/287
f 1222/502/287 1142/871/742 1138/531/294
f 1111/530/293 1109/868/740 900/337/234
f 900/337/234 1222/502/287 1138/531/294
f 1185/405/270 1205/513/270 1206/516/263
f 1217/517/67 1085/518/67 1084/532/67
f 1227/533/295 1222/502/287 1231/504/234
f 1191/337/281 1222/337/287 1227/337/295
s 0
f 1209/337/67 1681/337/67 1673/337/67
s 1
f 896/534/237 1003/578/743 1681/535/296
f 886/537/226 888/579/738 1190/538/298
s 0
f 1175/337/67 1174/337/67 1188/337/67
s 1
f 1190/337/298 888/337/738 901/337/737
f 901/337/737 1116/337/741 1112/337/744
f 1190/337/298 901/337/737 1112/337/744
f 1142/337/742 1222/337/287 1190/337/298
f 1139/337/745 1142/337/742 1190/337/298
f 1190/337/298 1112/337/744 1114/337/299
f 1134/337/300 1139/337/745 1190/337/298
s 0
f 1689/337/67 1688/337/67 1703/337/67
s 1
f 1011/540/301 1013/430/302 1706/337/302
f 1592/337/746 1596/337/732 1017/337/274
f 1017/337/274 1011/337/301 1703/337/303
f 1703/337/303 1725/337/276 1633/337/735
f 1703/337/303 1633/337/735 1630/337/747
f 1592/337/746 1017/337/274 1703/337/303
f 1594/337/305 1592/337/746 1703/337/303
f 1703/337/303 1630/337/747 1625/337/304
s 0
f 1681/337/147 1003/337/147 1016/337/147
f 1016/337/147 1585/337/147 1579/337/147
f 1681/337/147 1016/337/147 1579/337/147
f 1720/337/147 1682/337/147 1681/337/147
f 1608/337/147 1613/337/147 1720/337/147
f 1608/337/147 1720/337/147 1681/337/147
f 1681/337/147 1579/337/147 1581/337/147
f 1603/337/147 1608/337/147 1681/337/147
s 1
f 1121/337/748 1125/337/723 902/337/722
f 902/337/722 896/337/237 1209/337/297
f 1209/337/297 1227/337/295 1162/337/719
f 1209/337/297 1162/337/719 1159/337/749
f 1121/337/748 902/337/722 1209/337/297
f 1123/337/307 1121/337/748 1209/337/297
f 1209/337/297 1159/337/749 1154/337/306
s 0
f 1554/337/67 1553/337/67 1688/337/67
f 1201/337/67 1083/337/67 1082/337/67
f 1175/337/67 1082/337/67 1081/337/67
f 1083/337/67 1201/337/67 1673/337/67
f 1053/337/67 1076/337/67 1298/337/67
f 1044/337/67 1075/337/67 1076/337/67
f 1262/337/67 1261/337/67 1298/337/67
f 1075/337/234 1074/337/234 1081/337/234
f 1299/337/234 1553/337/234 1554/337/234
f 1076/337/234 1083/337/234 1552/337/234
f 1075/337/234 1082/337/234 1083/337/234
s 1
f 1074/542/147 1037/373/147 1039/372/147
f 1074/542/147 1039/372/147 1042/227/147
f 1051/207/147 1052/132/147 1074/542/147
f 1046/208/147 1051/207/147 1074/542/147
f 1074/542/147 1042/227/147 1043/154/147
f 1048/172/147 1046/208/147 1074/542/147
f 1074/542/147 1052/132/147 1073/131/147
f 1074/542/147 1073/131/147 1055/142/147
f 1174/337/147 1081/337/147 1074/542/147
f 886/523/147 1188/872/147 1174/337/147
f 858/564/147 852/375/147 886/523/147
f 861/191/147 858/564/147 886/523/147
f 1174/337/147 1074/542/147 1055/142/147
f 1174/337/147 1055/142/147 1060/333/147
f 861/191/147 886/523/147 1174/337/147
f 862/88/147 861/191/147 1174/337/147
f 1174/337/147 1060/333/147 1061/305/147
f 1174/337/147 1061/305/147 1057/335/147
f 865/254/147 862/88/147 1174/337/147
f 866/216/147 865/254/147 1174/337/147
f 1174/337/147 1057/335/147 1071/380/147
f 1174/337/147 1071/380/147 1065/366/147
f 1068/135/147 866/216/147 1174/337/147
f 1069/195/147 1068/135/147 1174/337/147
f 1174/337/147 1065/366/147 1064/166/147
f 1706/337/302 1013/430/302 945/398/35
f 1706/337/302 945/398/35 949/375/35
f 1264/873/289 1554/337/35 1689/337/35
f 1689/337/35 1706/337/302 949/375/35
f 1689/337/35 949/375/35 951/372/35
f 1302/543/35 1264/873/289 1689/337/35
f 1280/380/35 1300/366/35 1302/543/35
f 1284/335/35 1280/380/35 1302/543/35
f 1689/337/35 951/372/35 952/227/35
f 1689/337/35 952/227/35 955/154/35
f 1284/335/35 1302/543/35 1689/337/35
f 1285/305/35 1284/335/35 1689/337/35
f 1689/337/35 955/154/35 956/172/35
f 1689/337/35 956/172/35 1292/208/35
f 1282/333/35 1285/305/35 1689/337/35
f 1296/142/35 1282/333/35 1689/337/35
f 1689/337/35 1292/208/35 1293/207/35
f 1689/337/35 1293/207/35 1288/132/35
f 1289/131/35 1296/142/35 1689/337/35
f 1265/191/35 1263/873/35 1302/543/35
f 1302/543/35 1300/366/35 1277/166/35
f 1302/543/35 1277/166/35 1276/195/35
f 1268/88/35 1265/191/35 1302/543/35
f 1269/254/35 1268/88/35 1302/543/35
f 1302/543/35 1276/195/35 1272/135/35
f 1274/216/35 1269/254/35 1302/543/35
s 0
f 1044/337/750 1037/337/750 1074/337/751
f 1263/337/589 1262/337/589 1299/337/589
s 1
f 292/2/312 309/521/313 303/1/313
f 634/4/314 630/6/367 631/5/315
f 682/8/317 681/13/324 697/7/318
f 617/10/320 677/12/505 665/11/321
f 656/14/323 661/298/504 681/13/324
f 732/16/326 727/18/496 733/17/327
f 781/19/329 780/21/330 820/20/330
f 695/22/331 692/24/422 795/23/332
f 652/26/334 653/158/434 657/25/335
f 705/28/337 700/30/365 708/29/338
f 628/32/340 629/215/516 626/31/341
f 754/35/343 764/83/378 761/34/344
f 1303/613/35 611/612/35 783/544/35
f 783/544/35 784/611/35 772/610/35
f 772/610/35 775/609/35 773/608/35
f 773/608/35 774/607/35 776/37/35
f 776/37/35 777/606/35 778/605/35
f 778/605/35 779/604/35 780/603/35
f 780/603/35 781/619/35 782/618/35
f 782/618/35 799/621/35 798/620/35
f 782/618/35 798/620/35 797/622/35
f 778/605/35 780/603/35 782/618/35
f 773/608/35 776/37/35 778/605/35
f 783/544/35 772/610/35 773/608/35
f 1478/614/35 1303/613/35 783/544/35
f 790/615/35 1478/614/35 783/544/35
f 783/544/35 773/608/35 778/605/35
f 778/605/35 782/618/35 797/622/35
f 778/605/35 797/622/35 796/624/35
f 789/616/35 790/615/35 783/544/35
f 787/617/35 789/616/35 783/544/35
f 778/605/35 796/624/35 795/627/35
f 778/605/35 795/627/35 793/628/35
f 788/623/35 787/617/35 783/544/35
f 785/625/35 788/623/35 783/544/35
f 783/544/35 778/605/35 793/628/35
f 783/544/35 793/628/35 792/39/35
f 786/626/35 785/625/35 783/544/35
f 794/545/35 786/626/35 783/544/35
f 783/544/35 792/39/35 791/38/35
f 641/40/346 648/42/488 1305/41/37
f 342/44/40 336/362/39 341/43/39
f 737/46/347 739/48/507 741/47/348
f 736/56/351 734/49/328 733/17/327
f 733/17/327 731/51/379 735/50/350
f 750/57/354 752/54/449 759/53/352
f 759/53/352 762/61/359 760/52/353
f 742/400/356 734/49/328 736/56/351
f 736/56/351 744/629/752 743/55/355
f 747/547/358 748/59/391 749/58/357
f 749/58/357 752/54/449 750/57/354
f 768/98/361 760/52/353 762/61/359
f 762/61/359 766/95/440 769/60/360
f 665/11/321 677/12/505 676/62/362
f 702/64/364 698/9/319 700/30/365
f 101/66/61 102/122/60 109/65/60
f 624/68/366 631/5/315 617/10/320
f 630/6/367 632/187/455 616/70/368
f 353/72/66 355/74/67 354/73/67
f 735/50/350 731/51/379 730/75/370
f 730/75/370 737/46/347 738/546/349
f 731/51/379 729/275/495 668/84/380
f 658/85/381 654/87/438 791/86/382
f 606/88/384 608/90/384 607/89/385
f 741/47/348 739/48/507 740/92/387
f 740/92/387 745/91/436 746/96/388
f 769/60/360 766/95/440 763/94/389
f 763/94/389 767/103/396 770/93/390
f 746/96/388 745/91/436 748/59/391
f 1373/548/392 768/98/361 769/60/360
f 769/60/360 771/100/393 1374/97/88
f 712/101/394 723/102/397 725/78/372
f 679/113/406 663/114/414 678/15/325
f 1323/116/107 1322/553/458 650/115/408
f 706/118/410 693/120/508 715/119/411
f 712/101/394 714/76/371 755/80/375
f 109/65/60 102/122/60 103/121/112
f 668/84/380 684/123/446 737/46/347
f 676/62/362 675/124/535 663/114/414
f 344/126/116 343/140/115 349/125/115
f 375/131/417 374/141/417 379/130/418
f 358/135/420 356/137/491 357/136/421
f 512/125/125 505/140/125 504/44/112
f 581/141/424 579/131/424 582/142/425
f 623/33/342 622/144/492 728/143/426
f 706/118/410 717/146/412 707/145/427
f 625/149/430 643/315/515 637/148/431
f 346/152/137 345/253/136 351/151/136
f 181/154/432 183/156/432 180/155/433
f 701/159/435 703/160/497 748/59/391
f 647/161/437 649/163/514 1318/162/144
f 595/167/417 594/366/417 597/166/418
f 762/61/359 761/34/344 763/94/389
f 846/678/147 845/170/701 844/675/147
f 844/675/147 843/673/147 842/671/147
f 842/671/147 841/669/147 840/667/147
f 840/667/147 831/665/646 830/663/147
f 830/663/147 832/661/646 829/659/147
f 829/659/147 850/658/147 849/169/147
f 830/663/147 829/659/147 849/169/147
f 842/671/147 840/667/147 830/663/147
f 846/678/147 844/675/147 842/671/147
f 610/677/147 1266/676/147 1529/171/147
f 608/674/147 610/677/147 1529/171/147
f 1529/171/147 846/678/147 842/671/147
f 842/671/147 830/663/147 849/169/147
f 1529/171/147 842/671/147 849/169/147
f 607/672/147 608/674/147 1529/171/147
f 604/670/147 607/672/147 1529/171/147
f 1529/171/147 849/169/147 811/654/147
f 604/670/147 1529/171/147 811/654/147
f 602/668/147 604/670/147 811/654/147
f 602/668/147 811/654/147 569/653/147
f 600/666/147 602/668/147 569/653/147
f 600/666/147 569/653/147 568/650/147
f 599/664/147 600/666/147 568/650/147
f 599/664/147 568/650/147 567/649/147
f 595/662/147 599/664/147 567/649/147
f 595/662/147 567/649/147 566/646/147
f 591/660/147 595/662/147 566/646/147
f 591/660/147 566/646/147 565/645/147
f 589/657/147 591/660/147 565/645/147
f 589/657/147 565/645/147 570/642/147
f 588/656/147 589/657/147 570/642/147
f 588/656/147 570/642/147 553/641/147
f 585/655/147 588/656/147 553/641/147
f 583/652/147 585/655/147 553/641/147
f 581/651/147 583/652/147 553/641/147
f 581/651/147 553/641/147 554/638/701
f 580/648/147 581/651/147 554/638/701
f 577/647/147 580/648/147 554/638/701
f 576/644/147 577/647/147 554/638/701
f 576/644/147 554/638/701 555/637/147
f 184/643/147 576/644/147 555/637/147
f 183/640/147 184/643/147 555/637/147
f 180/639/147 183/640/147 555/637/147
f 179/636/147 180/639/147 555/637/147
f 119/633/147 172/632/147 176/635/147
f 176/635/147 179/636/147 555/637/147
f 119/633/147 176/635/147 555/637/147
f 525/551/147 119/633/147 555/637/147
f 525/551/147 555/637/147 556/634/147
f 806/631/147 808/630/147 528/550/147
f 525/551/147 556/634/147 573/549/147
f 573/549/147 806/631/147 528/550/147
f 183/156/432 181/154/432 182/172/441
f 617/10/320 631/5/315 630/6/367
f 669/173/442 664/63/363 663/114/414
f 670/176/445 685/177/484 684/123/446
f 751/179/448 753/36/345 759/53/352
f 637/148/431 636/217/475 634/4/314
f 704/180/450 709/182/339 711/181/451
f 839/183/452 838/185/329 845/184/329
f 833/188/456 827/190/457 831/189/457
f 1318/162/144 649/163/514 650/115/408
f 609/191/459 610/192/538 608/90/384
f 599/168/418 597/166/418 598/195/462
f 156/198/35 154/200/35 499/199/35
f 576/206/420 574/208/491 575/207/421
f 687/210/468 688/245/533 683/209/469
f 696/212/415 695/22/331 796/213/333
f 626/31/341 629/215/516 646/214/471
f 602/137/473 601/135/473 603/216/474
f 636/217/475 638/231/480 639/202/466
f 710/218/413 755/80/375 754/35/343
f 1375/688/186 770/221/186 767/687/186
f 767/687/186 765/686/753 758/685/186
f 758/685/186 756/220/754 757/554/476
f 757/554/476 713/684/755 725/683/186
f 725/683/186 724/682/756 726/681/757
f 726/681/757 721/680/186 722/679/186
f 799/219/186 782/496/186 822/499/186
f 726/681/757 722/679/186 799/219/186
f 757/554/476 725/683/186 726/681/757
f 767/687/186 758/685/186 757/554/476
f 1512/555/186 1375/688/186 767/687/186
f 799/219/186 822/499/186 1512/555/186
f 757/554/476 726/681/757 799/219/186
f 1512/555/186 767/687/186 757/554/476
f 634/4/314 636/217/475 620/197/464
f 690/223/477 706/118/410 699/222/428
f 113/224/189 106/226/189 107/225/190
f 388/155/384 390/227/384 389/154/385
f 847/228/478 849/230/556 850/229/479
f 638/231/480 1306/565/537 1307/204/174
f 43/232/137 40/234/137 39/233/66
f 614/235/454 633/237/460 788/236/481
f 666/238/483 665/11/321 664/63/363
f 1354/558/265 744/691/752 736/239/351
f 736/239/351 735/690/350 738/556/349
f 738/556/349 741/689/348 746/241/388
f 746/241/388 747/694/358 750/557/354
f 750/557/354 760/693/353 768/240/361
f 768/240/361 1373/692/392 1354/558/265
f 1354/558/265 736/239/351 738/556/349
f 738/556/349 746/241/388 750/557/354
f 750/557/354 768/240/361 1354/558/265
f 489/243/198 492/252/197 498/242/197
f 685/177/484 688/245/533 687/210/468
f 290/246/485 294/248/485 293/247/486
f 663/114/414 675/124/535 656/14/323
f 720/249/404 696/212/415 797/250/415
f 492/252/197 491/271/202 497/251/202
f 345/253/136 344/126/116 350/127/116
f 89/89/432 91/254/432 88/88/433
f 648/42/488 647/161/437 1317/255/203
f 354/256/67 355/257/67 493/198/67
f 683/209/469 682/8/317 698/9/319
f 708/29/338 710/218/413 711/181/451
f 100/258/489 96/260/67 94/259/205
f 178/227/433 180/155/433 179/261/490
f 92/216/441 90/262/441 356/137/491
f 52/264/208 51/360/207 59/263/207
f 112/266/209 105/268/209 153/267/210
f 500/269/210 501/152/209 508/153/209
f 491/271/202 490/326/205 496/270/205
f 499/73/35 500/269/210 507/72/210
f 624/68/366 612/69/322 622/144/492
f 778/272/493 777/274/494 817/273/494
f 728/143/426 667/276/513 729/275/495
f 733/17/327 727/18/496 729/275/495
f 153/267/210 154/695/35 156/277/35
f 488/279/215 489/243/198 495/244/198
f 686/211/470 701/159/435 745/91/436
f 334/243/216 333/252/207 338/242/207
f 333/252/207 332/271/208 337/251/208
f 777/274/494 776/282/456 816/281/456
f 703/160/497 705/28/337 709/182/339
f 734/49/328 742/400/356 627/283/498
f 54/284/218 46/286/218 45/285/219
f 671/287/499 673/340/523 613/175/444
f 829/289/500 825/484/500 848/288/479
f 654/87/438 674/291/443 794/290/501
f 600/136/462 598/195/462 601/135/473
f 604/262/474 603/216/474 605/254/386
f 812/292/500 815/294/502 775/293/502
f 295/295/503 291/297/543 325/296/234
f 655/27/336 660/385/540 661/298/504
f 677/12/505 673/340/523 671/287/499
f 837/299/330 836/301/506 843/300/506
f 835/302/493 842/303/493 843/300/506
f 697/7/318 699/222/428 700/30/365
f 737/46/347 684/123/446 687/210/468
f 691/134/419 694/129/416 693/120/508
f 586/305/510 588/307/510 585/306/511
f 774/308/457 773/310/512 813/309/512
f 278/533/568 244/720/758 246/874/759
f 246/874/759 240/875/760 204/876/761
f 201/877/762 199/878/763 3/723/764
f 246/874/759 204/876/761 201/877/762
f 282/313/226 278/533/568 246/874/759
f 441/879/765 442/716/766 518/570/552
f 441/879/765 518/570/552 526/493/226
f 201/877/762 3/723/764 37/727/226
f 37/727/226 39/729/227 40/728/226
f 40/728/226 41/731/767 45/730/226
f 45/730/226 46/733/226 47/732/226
f 47/732/226 48/735/226 49/734/226
f 49/734/226 50/737/226 51/736/226
f 51/736/226 52/739/226 73/738/226
f 73/738/226 74/741/226 328/740/226
f 51/736/226 73/738/226 328/740/226
f 47/732/226 49/734/226 51/736/226
f 40/728/226 45/730/226 47/732/226
f 201/877/762 37/727/226 40/728/226
f 246/874/759 201/877/762 40/728/226
f 40/728/226 47/732/226 51/736/226
f 40/728/226 51/736/226 328/740/226
f 282/313/226 246/874/759 40/728/226
f 117/495/768 406/697/769 405/696/770
f 94/699/226 96/698/767 117/495/768
f 93/701/226 95/700/226 94/699/226
f 101/703/226 115/702/226 93/701/226
f 103/705/226 102/704/226 101/703/226
f 106/707/226 104/706/226 103/705/226
f 105/709/226 107/708/226 106/707/226
f 154/711/226 153/710/226 105/709/226
f 499/712/226 154/711/226 105/709/226
f 105/709/226 106/707/226 103/705/226
f 103/705/226 101/703/226 93/701/226
f 93/701/226 94/699/226 117/495/768
f 93/701/226 117/495/768 405/696/770
f 105/709/226 103/705/226 93/701/226
f 499/712/226 105/709/226 93/701/226
f 93/701/226 405/696/770 409/880/771
f 93/701/226 409/880/771 436/881/772
f 500/715/226 499/712/226 93/701/226
f 500/715/226 93/701/226 436/881/772
f 500/715/226 436/881/772 441/879/765
f 501/718/226 500/715/226 441/879/765
f 282/313/226 40/728/226 328/740/226
f 282/313/226 328/740/226 329/744/226
f 501/718/226 441/879/765 526/493/226
f 502/726/226 501/718/226 526/493/226
f 282/313/226 329/744/226 332/747/226
f 282/313/226 332/747/226 333/748/226
f 503/742/226 502/726/226 526/493/226
f 505/743/226 503/742/226 526/493/226
f 282/313/226 333/748/226 334/751/226
f 282/313/226 334/751/226 335/752/226
f 504/745/226 505/743/226 526/493/226
f 513/746/226 504/745/226 526/493/226
f 282/313/226 335/752/226 336/755/226
f 282/313/226 336/755/226 342/756/226
f 488/749/226 513/746/226 526/493/226
f 489/750/226 488/749/226 526/493/226
f 282/313/226 342/756/226 343/759/226
f 282/313/226 343/759/226 344/760/226
f 492/753/226 489/750/226 526/493/226
f 491/754/226 492/753/226 526/493/226
f 282/313/226 344/760/226 345/761/226
f 282/313/226 345/761/226 346/312/226
f 490/757/226 491/754/226 526/493/226
f 487/758/226 490/757/226 526/493/226
f 282/313/226 346/312/226 347/311/226
f 354/559/226 487/758/226 526/493/226
f 282/313/226 347/311/226 354/559/226
f 667/276/513 670/176/445 668/84/380
f 694/129/416 716/112/405 715/119/411
f 690/223/477 689/304/509 693/120/508
f 644/314/472 646/214/471 649/163/514
f 643/315/515 625/149/430 626/31/341
f 55/316/40 47/317/40 46/286/218
f 628/32/340 732/16/326 627/283/498
f 717/146/412 723/102/397 712/101/394
f 514/769/226 494/772/226 495/771/226
f 495/771/226 498/774/226 497/773/226
f 497/773/226 496/776/226 493/775/226
f 493/775/226 355/778/226 353/777/226
f 353/777/226 352/780/226 351/779/226
f 351/779/226 350/782/226 349/781/226
f 349/781/226 348/784/226 341/783/226
f 341/783/226 340/786/226 339/785/226
f 339/785/226 338/788/226 337/787/226
f 337/787/226 331/790/773 330/789/226
f 337/787/226 330/789/226 76/791/226
f 341/783/226 339/785/226 337/787/226
f 351/779/226 349/781/226 341/783/226
f 493/775/226 353/777/226 351/779/226
f 495/771/226 497/773/226 493/775/226
f 511/770/226 514/769/226 495/771/226
f 510/762/226 512/768/226 511/770/226
f 508/764/774 509/763/226 510/762/226
f 506/766/226 507/765/775 508/764/774
f 156/767/226 506/766/226 508/764/774
f 508/764/774 510/762/226 511/770/226
f 511/770/226 495/771/226 493/775/226
f 493/775/226 351/779/226 341/783/226
f 341/783/226 337/787/226 76/791/226
f 493/775/226 341/783/226 76/791/226
f 508/764/774 511/770/226 493/775/226
f 156/767/226 508/764/774 493/775/226
f 493/775/226 76/791/226 75/793/226
f 493/775/226 75/793/226 60/795/226
f 155/792/226 156/767/226 493/775/226
f 155/792/226 493/775/226 60/795/226
f 155/792/226 60/795/226 59/797/226
f 112/794/226 155/792/226 59/797/226
f 112/794/226 59/797/226 58/799/226
f 114/796/226 112/794/226 58/799/226
f 114/796/226 58/799/226 57/801/226
f 113/798/226 114/796/226 57/801/226
f 113/798/226 57/801/226 56/803/226
f 111/800/226 113/798/226 56/803/226
f 111/800/226 56/803/226 55/805/226
f 110/802/226 111/800/226 55/805/226
f 110/802/226 55/805/226 54/807/226
f 109/804/226 110/802/226 54/807/226
f 109/804/226 54/807/226 53/809/226
f 108/806/226 109/804/226 53/809/226
f 108/806/226 53/809/226 44/811/226
f 116/808/226 108/806/226 44/811/226
f 116/808/226 44/811/226 43/320/226
f 97/810/226 116/808/226 43/320/226
f 42/319/226 38/813/226 100/812/226
f 97/810/226 43/320/226 42/319/226
f 99/560/226 97/810/226 42/319/226
f 42/319/226 100/812/226 98/318/226
f 99/321/202 95/323/202 93/322/197
f 681/13/324 661/298/504 690/223/477
f 732/16/326 628/32/340 728/143/426
f 107/225/190 105/268/209 112/266/209
f 490/326/205 487/814/67 493/325/67
f 789/354/517 640/327/465 642/329/467
f 117/818/776 96/817/67 100/331/489
f 38/561/518 37/816/530 3/815/764
f 138/332/520 117/818/776 100/331/489
f 38/561/518 3/815/764 31/330/519
f 138/332/520 100/331/489 38/561/518
f 373/142/521 371/333/522 369/306/522
f 591/334/521 589/336/522 587/335/522
f 806/337/234 805/339/234 807/338/234
f 748/59/391 703/160/497 704/180/450
f 673/340/523 677/12/505 617/10/320
f 48/341/39 47/317/40 55/316/40
f 701/159/435 702/64/364 705/28/337
f 302/343/524 301/345/525 307/344/525
f 650/115/408 649/163/514 646/214/471
f 86/90/433 88/88/433 87/191/490
f 673/340/523 615/71/369 616/70/368
f 382/207/462 380/351/462 383/206/473
f 116/347/245 115/348/245 101/66/61
f 692/24/422 662/350/429 793/349/528
f 632/187/455 630/6/367 634/4/314
f 641/40/346 637/148/431 643/315/515
f 577/351/421 575/207/421 578/132/529
f 580/130/529 578/132/529 579/131/424
f 623/33/342 626/31/341 625/149/430
f 42/352/66 39/233/66 37/353/530
f 359/195/421 357/136/421 360/168/529
f 699/222/428 707/145/427 708/29/338
f 621/355/463 640/327/465 789/354/517
f 83/357/234 85/192/490 87/191/490
f 184/358/441 182/172/441 574/208/491
f 509/151/190 502/253/190 503/126/189
f 683/209/469 702/64/364 701/159/435
f 51/360/207 50/359/216 58/413/216
f 786/361/532 794/290/501 674/291/443
f 336/362/39 335/279/251 340/280/251
f 679/113/406 680/363/407 688/245/533
f 799/364/534 722/819/403 720/249/404
f 363/366/424 361/167/424 364/334/425
f 44/367/136 41/368/136 40/234/137
f 759/53/352 753/36/345 761/34/344
f 94/259/205 95/323/202 99/321/202
f 671/287/499 652/26/334 675/124/535
f 111/370/125 104/371/125 106/226/189
f 391/261/536 392/372/539 390/227/384
f 707/145/427 712/101/394 710/218/413
f 622/144/492 612/69/322 665/11/321
f 504/44/112 513/362/60 514/43/60
f 368/307/510 370/305/510 367/335/511
f 175/373/234 177/372/490 179/261/490
f 332/271/208 329/326/257 331/270/257
f 53/374/219 45/285/219 41/368/136
f 503/126/189 505/140/125 512/125/125
f 669/173/442 679/113/406 685/177/484
f 652/26/334 655/27/336 656/14/323
f 78/375/234 77/376/234 83/337/234
f 583/377/425 582/142/425 584/333/511
f 678/15/325 681/13/324 682/8/317
f 638/231/480 641/40/346 1308/378/258
f 609/191/459 1263/564/731 1266/357/259
f 103/121/112 104/371/125 111/370/125
f 365/380/425 364/334/425 366/336/511
f 386/172/474 385/358/474 387/156/386
f 329/326/257 328/814/147 330/325/147
f 74/382/147 73/384/257 75/381/257
f 73/384/257 52/264/208 60/265/208
f 91/254/432 89/89/432 90/262/441
f 1035/337/260 1037/373/261 392/372/539
f 659/139/423 691/134/419 689/304/509
f 655/27/336 657/25/335 659/139/423
f 573/337/67 572/339/67 805/386/67
f 751/179/448 711/181/451 754/35/343
f 1310/388/175 1478/389/67 790/328/467
f 304/390/541 298/391/541 303/1/313
f 704/180/450 751/179/448 752/54/449
f 680/363/407 682/8/317 683/209/469
f 57/392/251 49/393/251 48/341/39
f 381/132/418 379/130/418 380/351/462
f 83/820/35 77/630/35 1/550/35
f 83/820/35 1/550/35 271/551/35
f 85/823/35 83/820/35 271/551/35
f 280/633/35 399/632/35 397/821/35
f 280/633/35 397/821/35 325/822/35
f 85/823/35 271/551/35 280/633/35
f 86/826/35 85/823/35 280/633/35
f 280/633/35 325/822/35 291/824/35
f 280/633/35 291/824/35 290/825/35
f 89/827/35 86/826/35 280/633/35
f 90/830/35 89/827/35 280/633/35
f 280/633/35 290/825/35 289/828/35
f 280/633/35 289/828/35 288/829/35
f 356/831/35 90/830/35 280/633/35
f 357/833/35 356/831/35 280/633/35
f 280/633/35 288/829/35 303/832/35
f 357/833/35 280/633/35 303/832/35
f 360/835/35 357/833/35 303/832/35
f 360/835/35 303/832/35 298/834/35
f 361/837/35 360/835/35 298/834/35
f 361/837/35 298/834/35 299/836/35
f 364/839/35 361/837/35 299/836/35
f 364/839/35 299/836/35 300/838/35
f 366/841/35 364/839/35 300/838/35
f 366/841/35 300/838/35 301/840/35
f 368/844/35 366/841/35 301/840/35
f 302/396/35 1078/843/35 1035/842/35
f 368/844/35 301/840/35 302/396/35
f 369/847/35 368/844/35 302/396/35
f 302/396/35 1035/842/35 391/845/35
f 302/396/35 391/845/35 388/846/35
f 372/848/35 369/847/35 302/396/35
f 374/851/35 372/848/35 302/396/35
f 302/396/35 388/846/35 387/849/35
f 302/396/35 387/849/35 385/850/35
f 379/852/35 374/851/35 302/396/35
f 380/394/35 379/852/35 302/396/35
f 302/396/35 385/850/35 383/395/35
f 662/350/429 658/85/381 792/397/383
f 384/208/473 383/206/473 385/358/474
f 636/217/475 637/148/431 641/40/346
f 369/306/522 371/333/522 370/305/510
f 172/337/234 171/398/234 175/375/234
f 661/298/504 660/385/540 689/304/509
f 1323/116/107 651/117/409 743/55/355
f 743/55/355 744/629/752 1354/399/265
f 743/55/355 645/346/527 627/283/498
f 508/153/209 501/152/209 502/253/190
f 667/276/513 666/238/483 669/173/442
f 715/119/411 716/112/405 719/108/401
f 687/210/468 686/211/470 740/92/387
f 347/269/66 346/152/137 352/153/137
f 343/140/115 342/44/40 348/45/40
f 666/238/483 667/276/513 728/143/426
f 715/119/411 718/106/399 723/102/397
f 618/401/447 614/235/454 785/402/482
f 308/404/526 1079/529/292 1078/403/268
f 298/391/541 304/390/541 305/405/542
f 635/150/316 631/5/315 624/68/366
f 653/158/434 652/26/334 671/287/499
f 810/406/226 811/407/226 849/337/226
f 373/142/521 372/377/521 374/141/417
f 362/166/529 360/168/529 361/167/424
f 97/408/197 93/322/197 115/348/245
f 645/346/527 646/214/471 629/215/516
f 644/314/472 647/161/437 648/42/488
f 74/199/147 76/409/147 330/198/147
f 587/335/522 589/336/522 588/307/510
f 549/410/312 550/412/486 554/411/486
f 743/55/355 651/117/409 650/115/408
f 513/362/60 488/279/215 494/280/215
f 58/413/216 50/359/216 49/393/251
f 591/334/521 590/380/521 594/366/417
f 813/309/512 773/310/512 775/293/502
f 291/337/543 295/414/503 294/248/485
f 787/356/531 788/236/481 633/237/460
f 399/415/186 280/337/186 281/416/186
f 301/345/525 300/418/544 306/417/544
f 300/418/544 299/566/542 305/405/542
f 335/279/251 334/243/216 339/244/216
f 566/420/542 560/460/542 559/419/541
f 569/423/545 811/853/186 810/422/186
f 847/426/226 823/571/226 809/425/226
f 848/288/479 824/441/479 823/427/478
f 834/428/494 833/188/456 840/429/456
f 119/432/67 118/431/777 146/540/576
f 147/430/67 171/854/67 172/567/67
f 119/432/67 146/540/576 147/430/67
f 552/433/547 572/435/234 573/434/234
f 571/436/67 803/437/67 805/386/67
f 805/339/234 803/436/234 804/438/234
f 822/439/452 821/440/329 838/185/329
f 812/292/500 824/441/479 848/288/479
f 559/419/541 564/443/313 570/442/313
f 533/444/312 534/445/486 550/412/486
f 816/281/456 814/446/457 827/190/457
f 563/447/546 562/449/525 568/448/525
f 829/289/500 832/451/502 828/450/502
f 553/452/312 570/442/313 564/443/313
f 820/20/330 819/453/506 836/301/506
f 826/454/512 828/450/502 832/451/502
f 819/453/506 818/455/493 835/302/493
f 528/423/186 808/855/186 807/456/186
f 562/449/525 561/459/544 567/458/544
f 561/459/544 560/460/542 566/420/542
f 827/190/457 826/454/512 830/461/512
f 523/463/549 525/856/226 528/462/226
f 835/302/493 834/428/494 841/465/494
f 846/337/186 1529/857/186 1528/466/186
f 554/411/486 550/412/486 551/468/485
f 838/185/329 837/299/330 844/470/330
f 551/468/485 552/472/547 556/471/548
f 560/460/542 539/492/542 538/473/541
f 327/474/67 401/475/67 803/437/67
f 803/436/234 401/474/234 402/476/234
f 822/439/452 782/858/453 781/19/329
f 817/273/494 816/281/456 833/188/456
f 772/477/500 784/859/479 824/441/479
f 536/478/550 571/479/234 572/435/234
f 314/480/312 315/481/486 534/445/486
f 776/282/456 774/308/457 814/446/457
f 542/482/551 541/483/525 562/449/525
f 815/294/502 812/292/500 825/484/500
f 543/485/313 533/444/312 549/410/312
f 826/454/512 813/309/512 815/294/502
f 535/486/485 536/487/550 552/472/547
f 780/21/330 779/488/506 819/453/506
f 804/489/186 526/490/186 527/457/186
f 541/483/525 540/491/544 561/459/544
f 779/488/506 778/272/493 818/455/493
f 540/491/544 539/492/542 560/460/542
f 814/446/457 813/309/512 826/454/512
f 523/463/549 527/464/226 526/493/226
f 809/494/186 542/495/551 563/424/546
f 783/496/226 611/497/226 809/425/226
f 286/337/553 297/337/554 318/337/554
f 824/441/479 784/859/479 783/498/556
f 818/455/493 817/273/494 834/428/494
f 1528/466/186 1512/555/186 822/499/186
f 550/412/486 534/445/486 535/486/485
f 821/440/329 820/20/330 837/299/330
f 538/473/541 543/485/313 564/443/313
f 464/573/558 458/862/778 422/861/779
f 419/572/557 417/860/780 118/424/777
f 464/573/558 422/861/779 419/572/557
f 523/463/549 462/882/781 464/573/558
f 119/423/226 525/856/226 523/463/549
f 419/572/557 118/424/777 119/423/226
f 119/423/226 523/463/549 464/573/558
f 518/337/552 531/337/563 546/337/559
f 273/502/560 281/504/226 280/503/226
f 292/2/312 293/247/486 315/481/486
f 315/481/486 316/505/485 535/486/485
f 317/506/561 327/507/234 571/479/234
f 543/485/313 324/519/313 314/480/312
f 316/505/485 317/508/561 536/487/550
s 0
f 557/337/67 537/337/67 800/337/67
s 1
f 402/509/186 282/510/186 526/490/186
f 322/511/525 321/512/544 540/491/544
f 542/482/551 323/522/564 322/511/525
f 321/512/544 320/513/542 539/492/542
f 1080/575/562 323/515/564 542/495/551
f 542/495/551 809/494/186 611/514/186
f 611/514/186 1303/864/186 1080/575/562
f 320/513/542 319/516/541 538/473/541
f 537/337/554 557/337/580 546/337/559
s 0
f 592/337/226 593/337/226 801/337/226
s 1
f 326/517/67 398/518/67 401/475/67
f 319/516/541 324/519/313 543/485/313
f 401/474/234 398/517/234 400/520/234
f 304/390/541 309/521/313 324/519/313
f 293/247/486 294/248/485 316/505/485
f 397/423/234 399/434/234 400/520/234
f 323/522/564 308/562/526 307/344/525
f 324/519/313 309/521/313 292/2/312
f 294/248/485 295/414/503 317/508/561
f 1/525/67 77/524/67 78/866/67
f 20/523/67 23/865/572 2/576/565
f 1/525/67 78/866/67 20/523/67
f 400/526/186 281/416/186 282/510/186
f 307/344/525 306/417/544 321/512/544
f 306/417/544 305/405/542 320/513/542
f 288/3/312 289/527/486 293/247/486
f 317/506/561 295/295/503 326/528/234
f 323/515/564 1080/575/562 1079/529/292
f 271/574/226 1/337/226 2/870/565
f 2/870/565 190/883/782 187/884/783
f 189/885/784 218/886/785 223/531/566
f 271/574/226 2/870/565 187/884/783
f 271/574/226 187/884/783 189/885/784
f 224/577/567 273/502/560 271/574/226
f 271/574/226 189/885/784 223/531/566
f 305/405/542 304/390/541 319/516/541
f 326/517/67 325/423/67 397/532/67
f 273/502/560 278/533/568 282/313/226
f 286/337/553 312/337/555 278/337/568
s 0
f 310/337/67 318/337/67 537/337/67
s 1
f 31/534/519 310/536/583 529/535/569
f 20/537/234 283/539/234 284/538/571
s 0
f 283/337/67 296/337/67 297/337/67
s 1
f 193/337/786 190/337/782 2/337/565
f 2/337/565 23/337/572 284/337/571
f 284/337/571 273/337/560 224/337/567
f 284/337/571 224/337/567 227/337/787
f 193/337/786 2/337/565 284/337/571
f 195/337/574 193/337/786 284/337/571
f 284/337/571 227/337/787 220/337/573
s 0
f 558/337/67 548/337/67 544/337/67
s 1
f 548/337/575 147/430/575 146/540/576
f 544/337/577 146/337/576 118/337/777
f 118/337/777 417/337/780 424/337/788
f 544/337/577 118/337/777 424/337/788
f 462/337/781 523/337/549 544/337/577
f 467/337/789 462/337/781 544/337/577
f 544/337/577 424/337/788 426/337/578
f 460/337/579 467/337/789 544/337/577
s 0
f 518/337/147 442/337/147 445/337/147
f 531/337/147 518/337/147 445/337/147
f 117/337/147 138/337/147 529/337/147
f 529/337/147 531/337/147 445/337/147
f 529/337/147 445/337/147 438/337/147
f 411/337/147 406/337/147 117/337/147
f 529/337/147 438/337/147 413/337/147
f 411/337/147 117/337/147 529/337/147
s 1
f 310/337/583 31/337/519 3/337/764
f 3/337/764 199/337/763 206/337/790
f 310/337/583 3/337/764 206/337/790
f 244/337/758 278/337/568 310/337/583
f 249/337/791 244/337/758 310/337/583
f 310/337/583 206/337/790 208/337/581
f 242/337/582 249/337/791 310/337/583
s 0
f 557/337/67 801/337/67 802/337/67
f 318/337/67 297/337/67 395/337/67
f 297/337/67 296/337/67 394/337/67
f 537/337/67 318/337/67 396/337/67
f 592/337/67 378/337/67 1053/337/67
f 378/337/67 377/337/67 1044/337/67
f 1261/337/67 1262/337/67 593/337/67
f 593/337/226 596/337/226 802/337/226
s 1
f 376/337/584 1038/337/587 393/337/585
s 0
f 378/337/226 592/337/226 800/337/226
f 377/337/226 378/337/226 396/337/226
s 1
f 394/580/147 381/132/147 382/207/147
f 394/580/147 382/207/147 384/208/147
f 392/372/147 1037/373/147 394/580/147
f 390/227/147 392/372/147 394/580/147
f 394/580/147 384/208/147 386/172/147
f 389/154/147 390/227/147 394/580/147
f 283/872/147 20/523/147 78/375/147
f 283/872/147 78/375/147 84/564/147
f 381/132/147 394/337/147 296/337/147
f 296/337/147 283/872/147 84/564/147
f 296/337/147 84/564/147 87/191/147
f 375/131/147 381/132/147 296/337/147
f 373/142/147 375/131/147 296/337/147
f 296/337/147 87/191/147 88/88/147
f 296/337/147 88/88/147 91/254/147
f 371/333/147 373/142/147 296/337/147
f 370/305/147 371/333/147 296/337/147
f 296/337/147 91/254/147 92/216/147
f 296/337/147 92/216/147 358/135/147
f 367/335/147 370/305/147 296/337/147
f 365/380/147 367/335/147 296/337/147
f 296/337/147 358/135/147 359/195/147
f 296/337/147 359/195/147 362/166/147
f 363/366/147 365/380/147 296/337/147
f 175/375/35 171/398/35 147/430/575
f 147/430/575 548/337/575 558/337/35
f 558/337/35 802/337/35 596/543/35
f 596/543/35 594/366/35 590/380/35
f 596/543/35 590/380/35 587/335/35
f 175/375/35 147/430/575 558/337/35
f 177/372/35 175/375/35 558/337/35
f 558/337/35 596/543/35 587/335/35
f 558/337/35 587/335/35 586/305/35
f 178/227/35 177/372/35 558/337/35
f 181/154/35 178/227/35 558/337/35
f 558/337/35 586/305/35 584/333/35
f 558/337/35 584/333/35 582/142/35
f 182/172/35 181/154/35 558/337/35
f 574/208/35 182/172/35 558/337/35
f 558/337/35 582/142/35 579/131/35
f 558/337/35 579/131/35 578/132/35
f 575/207/35 574/208/35 558/337/35
f 597/166/35 594/366/35 596/543/35
f 596/543/35 1263/873/35 609/191/35
f 596/543/35 609/191/35 606/88/35
f 598/195/35 597/166/35 596/543/35
f 601/135/35 598/195/35 596/543/35
f 596/543/35 606/88/35 605/254/35
f 603/216/35 601/135/35 596/543/35
s 0
f 377/337/792 394/337/792 1037/337/792
f 1263/337/793 596/337/793 593/337/793
f 1033/337/226 1570/337/226 1561/337/226
f 1034/337/147 1573/337/147 1570/337/147
f 1032/337/35 1031/337/35 1561/337/35
f 1032/337/234 1564/337/234 1573/337/234
f 1026/582/234 1032/337/234 1034/337/234
f 1026/582/35 1001/588/35 1031/337/35
f 1033/337/147 1009/588/147 1030/582/147
f 1025/583/590 1026/582/590 1030/582/590
f 1030/582/147 1009/588/147 997/584/147
f 997/584/147 998/591/147 1010/592/147
f 997/584/147 1010/592/147 1012/594/147
f 1029/583/701 1030/582/701 997/584/701
f 1028/595/147 1029/583/147 997/584/147
f 997/584/147 1012/594/147 1014/593/147
f 997/584/147 1014/593/147 1015/585/147
f 1027/586/147 1028/595/147 997/584/147
f 948/587/186 1009/588/186 1001/588/186
f 1009/588/147 948/587/147 947/601/147
f 947/601/147 1008/597/147 1007/600/147
f 1007/600/147 992/598/147 993/596/147
f 1007/600/700 993/596/700 991/589/700
f 1009/588/147 947/601/147 1007/600/147
f 995/337/147 997/584/147 1009/588/147
f 994/590/147 995/337/147 1009/588/147
f 1009/588/147 1007/600/147 991/589/147
f 1009/588/226 1033/337/226 1031/337/226
f 997/584/147 995/337/147 996/337/147
f 988/337/591 990/591/591 998/591/591
f 990/591/592 1002/592/592 1010/592/592
f 988/337/35 987/337/35 989/584/35
f 990/591/35 989/584/35 1001/588/35
f 1001/588/35 1026/582/35 1025/583/35
f 1001/588/35 1025/583/35 1024/595/35
f 1002/592/35 990/591/35 1001/588/35
f 1004/594/35 1002/592/35 1001/588/35
f 1001/588/35 1024/595/35 1023/586/35
f 1001/588/35 1023/586/35 1006/585/35
f 1005/593/35 1004/594/35 1001/588/35
f 1002/592/593 1004/594/593 1012/594/593
f 1004/594/594 1005/593/594 1014/593/594
f 1005/593/595 1006/585/595 1015/585/595
f 1006/585/596 1023/586/596 1027/586/596
f 1023/586/597 1024/595/597 1028/595/597
f 1024/595/598 1025/583/598 1029/583/598
f 1000/597/35 943/601/35 944/587/35
f 944/587/35 1001/588/35 989/584/35
f 989/584/35 987/337/35 986/602/35
f 989/584/35 986/602/35 983/589/35
f 1000/597/35 944/587/35 989/584/35
f 984/598/693 999/599/693 1000/597/693
f 989/584/35 983/589/35 985/596/35
f 985/596/35 984/598/35 1000/597/35
f 987/337/599 988/337/599 996/337/599
f 994/590/600 986/602/600 987/337/600
f 983/589/601 986/602/601 994/590/601
f 985/596/602 983/589/602 991/589/602
f 984/598/603 985/596/603 993/596/603
f 999/599/604 984/598/604 992/598/604
f 1000/597/605 999/599/605 1007/600/605
f 943/601/606 1000/597/606 1008/597/606
f 944/587/607 943/601/607 947/601/607
f 1575/337/147 1571/337/147 1570/337/147
f 1573/337/608 1564/337/608 1566/337/608
f 1561/337/35 1562/337/35 1566/337/35
f 1562/337/609 1561/337/609 1570/337/609
f 1566/337/610 1567/337/610 1576/337/610
f 1563/337/611 1562/337/611 1571/337/611
f 1562/337/35 1563/337/35 1567/337/35
f 1576/337/147 1572/337/147 1571/337/147
f 1563/337/35 1565/337/35 1568/337/35
f 1572/337/147 1576/337/147 1577/337/147
f 1567/337/612 1568/337/612 1577/337/612
f 1565/337/613 1563/337/613 1572/337/613
f 1565/337/35 1680/337/35 1569/337/35
f 1574/337/147 1577/337/147 1578/337/147
f 1568/337/614 1569/337/614 1578/337/614
f 1680/337/615 1565/337/615 1574/337/615
f 1569/337/616 1610/337/616 1631/337/616
f 1702/337/617 1705/337/617 1683/337/617
f 1680/337/35 1683/337/35 1610/337/35
f 1702/337/147 1578/337/147 1631/337/147
f 1610/337/35 1683/337/35 1719/337/35
f 1631/337/147 1723/337/147 1724/337/147
f 1610/337/618 1718/337/618 1723/337/618
f 1719/337/619 1683/337/619 1705/337/619
f 937/337/226 1099/337/226 1090/337/226
f 938/337/147 1102/337/147 1099/337/147
f 936/337/35 935/337/35 1090/337/35
f 936/337/234 1093/337/234 1102/337/234
f 930/582/234 936/337/234 938/337/234
f 930/582/35 885/588/35 935/337/35
f 937/337/147 894/588/147 934/582/147
f 929/583/590 930/582/590 934/582/590
f 934/582/147 894/588/147 881/584/147
f 881/584/147 882/591/147 895/592/147
f 881/584/147 895/592/147 897/594/147
f 933/583/147 934/582/147 881/584/147
f 932/595/147 933/583/147 881/584/147
f 881/584/147 897/594/147 898/593/147
f 881/584/147 898/593/147 899/585/147
f 931/586/147 932/595/147 881/584/147
f 856/587/186 894/588/186 885/588/186
f 894/588/147 856/587/147 855/601/147
f 855/601/147 893/597/147 892/600/147
f 892/600/147 876/598/147 877/596/147
f 892/600/701 877/596/701 875/589/701
f 894/588/147 855/601/147 892/600/147
f 879/337/147 881/584/147 894/588/147
f 878/590/147 879/337/147 894/588/147
f 894/588/147 892/600/147 875/589/147
f 894/588/226 937/337/226 935/337/226
f 881/584/147 879/337/147 880/337/147
f 872/337/591 874/591/591 882/591/591
f 874/591/592 887/592/592 895/592/592
f 872/337/35 871/337/35 873/584/35
f 874/591/35 873/584/35 885/588/35
f 885/588/35 930/582/35 929/583/35
f 885/588/35 929/583/35 928/595/35
f 887/592/35 874/591/35 885/588/35
f 889/594/35 887/592/35 885/588/35
f 885/588/35 928/595/35 927/586/35
f 885/588/35 927/586/35 891/585/35
f 890/593/35 889/594/35 885/588/35
f 887/592/593 889/594/593 897/594/593
f 889/594/594 890/593/594 898/593/594
f 890/593/595 891/585/595 899/585/595
f 891/585/596 927/586/596 931/586/596
f 927/586/597 928/595/597 932/595/597
f 928/595/598 929/583/598 933/583/598
f 884/597/35 853/601/35 854/587/35
f 854/587/35 885/588/35 873/584/35
f 873/584/35 871/337/35 870/602/35
f 873/584/35 870/602/35 867/589/35
f 884/597/35 854/587/35 873/584/35
f 868/598/794 883/599/794 884/597/794
f 873/584/35 867/589/35 869/596/35
f 869/596/35 868/598/35 884/597/35
f 871/337/599 872/337/599 880/337/599
f 870/602/600 871/337/600 879/337/600
f 867/589/601 870/602/601 878/590/601
f 877/596/602 869/596/602 867/589/602
f 868/598/603 869/596/603 877/596/603
f 883/599/604 868/598/604 876/598/604
f 884/597/605 883/599/605 892/600/605
f 853/601/606 884/597/606 893/597/606
f 854/587/607 853/601/607 855/601/607
f 1104/337/147 1100/337/147 1099/337/147
f 1102/337/608 1093/337/608 1095/337/608
f 1090/337/35 1091/337/35 1095/337/35
f 1091/337/609 1090/337/609 1099/337/609
f 1095/337/610 1096/337/610 1105/337/610
f 1092/337/611 1091/337/611 1100/337/611
f 1091/337/35 1092/337/35 1096/337/35
f 1105/337/147 1101/337/147 1100/337/147
f 1092/337/35 1094/337/35 1097/337/35
f 1101/337/147 1105/337/147 1106/337/147
f 1096/337/612 1097/337/612 1106/337/612
f 1094/337/613 1092/337/613 1101/337/613
f 1094/337/35 1189/337/35 1098/337/35
f 1103/337/147 1106/337/147 1107/337/147
f 1097/337/614 1098/337/614 1107/337/614
f 1189/337/615 1094/337/615 1103/337/615
f 1098/337/616 1141/337/616 1160/337/616
f 1208/337/617 1211/337/617 1192/337/617
f 1189/337/35 1192/337/35 1141/337/35
f 1208/337/147 1107/337/147 1160/337/147
f 1141/337/35 1192/337/35 1221/337/35
f 1160/337/147 1225/337/147 1226/337/147
f 1141/337/618 1220/337/618 1225/337/618
f 1221/337/619 1192/337/619 1211/337/619
f 1636/337/620 1723/337/620 1718/337/620
f 1225/337/147 1165/337/147 1228/337/147
f 1722/337/621 1721/337/621 1727/337/621
f 1615/337/622 1621/337/622 1642/337/622
f 1165/337/620 1225/337/620 1220/337/620
f 1721/337/623 1719/337/623 1724/337/623
f 1223/337/623 1221/337/623 1226/337/623
f 1718/337/35 1719/337/35 1721/337/35
f 1220/337/35 1221/337/35 1223/337/35
f 1723/337/147 1636/337/147 1727/337/147
f 1152/337/624 1224/337/624 1229/337/624
f 1150/337/625 1149/337/625 1170/337/625
f 1224/337/35 1150/337/35 1144/337/35
f 1165/337/147 1171/337/147 1229/337/147
f 1722/337/35 1621/337/35 1615/337/35
f 1636/337/147 1642/337/147 1728/337/147
f 1144/337/622 1150/337/622 1171/337/622
f 1224/337/621 1223/337/621 1228/337/621
f 1622/337/35 1619/337/35 1620/337/35
f 1170/337/147 1169/337/147 1172/337/147
f 1621/337/625 1620/337/625 1641/337/625
f 1623/337/624 1722/337/624 1728/337/624
f 1149/337/35 1150/337/35 1224/337/35
f 1229/337/147 1171/337/147 1170/337/147
f 1620/337/35 1621/337/35 1722/337/35
f 1728/337/147 1642/337/147 1641/337/147
f 1167/337/147 1168/337/147 1172/337/147
f 1146/337/35 1148/337/35 1151/337/35
f 1641/337/147 1640/337/147 1643/337/147
f 1149/337/626 1148/337/626 1169/337/626
f 1151/337/627 1152/337/627 1173/337/627
f 1620/337/626 1619/337/626 1640/337/626
f 1622/337/627 1623/337/627 1644/337/627
f 1151/337/35 1148/337/35 1149/337/35
f 1617/337/628 1616/337/628 1637/337/628
f 1119/337/629 1147/337/629 1168/337/629
f 1617/337/35 1619/337/35 1622/337/35
f 1638/337/147 1639/337/147 1643/337/147
f 1167/337/630 1169/337/630 1148/337/630
f 1147/337/631 1151/337/631 1172/337/631
f 1638/337/630 1640/337/630 1619/337/630
f 1618/337/631 1622/337/631 1643/337/631
f 1155/337/632 1166/337/632 1145/337/632
f 1626/337/147 1599/337/147 1602/337/147
f 1590/337/629 1618/337/629 1639/337/629
f 1145/337/35 1146/337/35 1147/337/35
f 1166/337/147 1131/337/147 1168/337/147
f 1616/337/35 1617/337/35 1618/337/35
f 1637/337/147 1602/337/147 1639/337/147
f 1146/337/628 1145/337/628 1166/337/628
f 1129/337/234 1128/337/234 1155/337/234
f 1118/337/234 1110/337/234 1132/337/234
f 1118/337/633 1119/337/633 1131/337/633
f 1626/337/632 1637/337/632 1616/337/632
f 1589/337/633 1590/337/633 1602/337/633
f 1136/337/35 1145/337/35 1119/337/35
f 1155/337/147 1128/337/147 1131/337/147
f 1607/337/35 1616/337/35 1590/337/35
f 1582/337/226 1593/337/226 1624/337/226
f 1115/337/226 1122/337/226 1153/337/226
f 1591/337/226 1592/337/226 1594/337/226
f 1156/337/634 1155/337/634 1161/337/634
f 1627/337/634 1626/337/634 1632/337/634
f 1124/337/234 1128/337/234 1129/337/234
f 1132/337/35 1133/337/35 1138/337/35
f 1595/337/234 1599/337/234 1600/337/234
f 1601/337/795 1600/337/795 1627/337/795
f 1600/337/234 1599/337/234 1626/337/234
f 1586/337/234 1589/337/234 1599/337/234
f 1624/337/226 1593/337/226 1594/337/226
f 1587/337/35 1588/337/35 1606/337/35
f 1589/337/234 1587/337/234 1605/337/234
f 1581/337/226 1582/337/226 1604/337/226
f 1136/337/634 1143/337/634 1161/337/634
f 1130/337/147 1129/337/147 1156/337/147
f 1625/337/638 1630/337/638 1629/337/638
f 1153/337/226 1122/337/226 1123/337/226
f 1108/337/234 1110/337/234 1118/337/234
f 1110/337/796 1111/337/796 1133/337/796
f 1583/337/234 1587/337/234 1589/337/234
f 1114/337/226 1115/337/226 1135/337/226
f 1611/337/693 1605/337/693 1606/337/693
f 1584/337/797 1583/337/797 1586/337/797
f 1586/337/640 1580/337/640 1579/337/640
f 1585/337/641 1584/337/641 1586/337/641
f 1113/337/640 1117/337/640 1124/337/640
f 1580/337/640 1586/337/640 1595/337/640
f 1596/337/640 1592/337/640 1591/337/640
f 1595/337/640 1597/337/640 1598/337/640
f 1596/337/640 1591/337/640 1595/337/640
f 1125/337/640 1121/337/640 1120/337/640
f 1124/337/798 1126/337/798 1127/337/798
f 1125/337/640 1120/337/640 1124/337/640
f 1109/337/799 1108/337/799 1117/337/799
f 1117/337/640 1113/337/640 1112/337/640
f 1116/337/800 1109/337/800 1117/337/800
f 1593/337/226 1582/337/226 1580/337/226
f 1112/337/226 1113/337/226 1115/337/226
f 1120/337/226 1121/337/226 1123/337/226
f 1117/337/234 1118/337/234 1128/337/234
f 1587/337/801 1583/337/801 1584/337/801
f 1598/337/802 1597/337/802 1600/337/802
f 1110/337/803 1108/337/803 1109/337/803
f 1122/337/226 1115/337/226 1113/337/226
f 1127/337/147 1126/337/147 1129/337/147
f 1579/337/226 1580/337/226 1582/337/226
f 1632/337/645 1629/337/645 1630/337/645
f 1633/337/645 1635/337/645 1634/337/645
f 1632/337/645 1630/337/645 1633/337/645
f 1158/337/645 1161/337/645 1143/337/645
f 1629/337/645 1632/337/645 1614/337/645
f 1614/337/645 1611/337/645 1612/337/645
f 1613/337/645 1608/337/645 1609/337/645
f 1614/337/645 1612/337/645 1613/337/645
f 1161/337/645 1158/337/645 1159/337/645
f 1162/337/645 1164/337/645 1163/337/645
f 1161/337/645 1159/337/645 1162/337/645
f 1143/337/645 1137/337/645 1138/337/645
f 1142/337/645 1139/337/645 1140/337/645
f 1143/337/645 1138/337/645 1142/337/645
f 1135/337/638 1153/337/638 1158/337/638
f 1605/337/634 1611/337/634 1614/337/634
f 1132/337/634 1137/337/634 1143/337/634
f 1154/337/638 1159/337/638 1158/337/638
f 1603/337/638 1604/337/638 1609/337/638
f 1607/337/634 1614/337/634 1632/337/634
f 1134/337/638 1135/337/638 1140/337/638
f 1604/337/638 1624/337/638 1629/337/638
f 1628/337/147 1627/337/147 1634/337/147
f 1157/337/147 1156/337/147 1163/337/147
f 168/337/234 166/337/234 475/337/234
f 167/337/147 168/337/147 484/337/147
f 165/337/35 469/337/35 475/337/35
f 165/337/226 167/337/226 478/337/226
f 160/582/226 164/582/226 167/337/226
f 166/337/35 143/588/35 160/582/35
f 164/582/147 152/588/147 168/337/147
f 159/583/647 163/583/647 164/582/647
f 144/592/147 131/591/147 132/584/147
f 132/584/147 152/588/147 164/582/147
f 132/584/646 164/582/646 163/583/646
f 145/594/147 144/592/147 132/584/147
f 148/593/147 145/594/147 132/584/147
f 132/584/147 163/583/147 162/595/147
f 132/584/147 162/595/147 161/586/147
f 149/585/147 148/593/147 132/584/147
f 143/588/186 152/588/186 174/587/186
f 152/588/147 132/584/147 129/337/147
f 152/588/147 129/337/147 130/590/147
f 173/601/147 174/587/147 152/588/147
f 150/600/147 151/597/147 173/601/147
f 134/596/147 135/598/147 150/600/147
f 152/588/147 130/590/147 133/589/147
f 133/589/804 134/596/804 150/600/804
f 150/600/147 173/601/147 152/588/147
f 152/588/234 143/588/234 166/337/234
f 128/337/147 129/337/147 132/584/147
f 120/337/648 128/337/648 131/591/648
f 123/591/649 131/591/649 144/592/649
f 124/584/35 121/337/35 120/337/35
f 160/582/35 143/588/35 124/584/35
f 124/584/35 123/591/35 136/592/35
f 124/584/35 136/592/35 137/594/35
f 159/583/35 160/582/35 124/584/35
f 158/595/35 159/583/35 124/584/35
f 124/584/35 137/594/35 139/593/35
f 124/584/35 139/593/35 140/585/35
f 157/586/35 158/595/35 124/584/35
f 136/592/650 144/592/650 145/594/650
f 137/594/651 145/594/651 148/593/651
f 139/593/652 148/593/652 149/585/652
f 140/585/653 149/585/653 161/586/653
f 157/586/654 161/586/654 162/595/654
f 158/595/655 162/595/655 163/583/655
f 142/597/794 141/599/794 127/598/794
f 142/597/35 127/598/35 126/596/35
f 170/587/35 169/601/35 142/597/35
f 124/584/35 143/588/35 170/587/35
f 122/602/35 121/337/35 124/584/35
f 142/597/35 126/596/35 125/589/35
f 125/589/35 122/602/35 124/584/35
f 124/584/35 170/587/35 142/597/35
f 128/337/656 120/337/656 121/337/656
f 121/337/657 122/602/657 130/590/657
f 125/589/658 133/589/658 130/590/658
f 126/596/659 134/596/659 133/589/659
f 127/598/660 135/598/660 134/596/660
f 141/599/661 150/600/661 135/598/661
f 142/597/662 151/597/662 150/600/662
f 151/597/663 142/597/663 169/601/663
f 170/587/664 174/587/664 173/601/664
f 479/337/147 478/337/147 484/337/147
f 470/337/665 469/337/665 478/337/665
f 470/337/35 476/337/35 475/337/35
f 476/337/666 485/337/666 484/337/666
f 470/337/667 479/337/667 480/337/667
f 477/337/668 486/337/668 485/337/668
f 471/337/35 477/337/35 476/337/35
f 480/337/147 479/337/147 485/337/147
f 473/337/35 474/337/35 477/337/35
f 482/337/147 480/337/147 486/337/147
f 471/337/669 480/337/669 482/337/669
f 474/337/670 483/337/670 486/337/670
f 472/337/35 532/337/35 474/337/35
f 481/337/147 482/337/147 483/337/147
f 473/337/671 482/337/671 481/337/671
f 532/337/672 547/337/672 483/337/672
f 468/337/673 447/337/673 472/337/673
f 547/337/674 532/337/674 530/337/674
f 447/337/35 530/337/35 532/337/35
f 468/337/147 481/337/147 547/337/147
f 447/337/35 517/337/35 519/337/35
f 524/337/147 522/337/147 468/337/147
f 447/337/675 468/337/675 522/337/675
f 519/337/676 524/337/676 545/337/676
f 72/337/234 70/337/234 257/337/234
f 71/337/147 72/337/147 266/337/147
f 69/337/35 251/337/35 257/337/35
f 69/337/226 71/337/226 260/337/226
f 64/582/226 68/582/226 71/337/226
f 70/337/35 28/588/35 64/582/35
f 68/582/147 36/588/147 72/337/147
f 63/583/647 67/583/647 68/582/647
f 29/592/147 15/591/147 16/584/147
f 16/584/147 36/588/147 68/582/147
f 16/584/147 68/582/147 67/583/147
f 30/594/147 29/592/147 16/584/147
f 32/593/147 30/594/147 16/584/147
f 16/584/147 67/583/147 66/595/147
f 16/584/147 66/595/147 65/586/147
f 33/585/147 32/593/147 16/584/147
f 28/588/186 36/588/186 82/587/186
f 36/588/147 16/584/147 13/337/147
f 36/588/147 13/337/147 14/590/147
f 81/601/147 82/587/147 36/588/147
f 34/600/147 35/597/147 81/601/147
f 18/596/147 19/598/147 34/600/147
f 36/588/147 14/590/147 17/589/147
f 17/589/147 18/596/147 34/600/147
f 34/600/147 81/601/147 36/588/147
f 36/588/234 28/588/234 70/337/234
f 12/337/147 13/337/147 16/584/147
f 4/337/648 12/337/648 15/591/648
f 7/591/649 15/591/649 29/592/649
f 8/584/35 5/337/35 4/337/35
f 64/582/35 28/588/35 8/584/35
f 8/584/35 7/591/35 21/592/35
f 8/584/35 21/592/35 22/594/35
f 63/583/794 64/582/794 8/584/794
f 62/595/35 63/583/35 8/584/35
f 8/584/35 22/594/35 24/593/35
f 8/584/35 24/593/35 25/585/35
f 61/586/35 62/595/35 8/584/35
f 21/592/650 29/592/650 30/594/650
f 22/594/651 30/594/651 32/593/651
f 24/593/652 32/593/652 33/585/652
f 25/585/653 33/585/653 65/586/653
f 61/586/654 65/586/654 66/595/654
f 62/595/655 66/595/655 67/583/655
f 27/597/693 26/599/693 11/598/693
f 27/597/35 11/598/35 10/596/35
f 80/587/35 79/601/35 27/597/35
f 8/584/35 28/588/35 80/587/35
f 6/602/35 5/337/35 8/584/35
f 27/597/794 10/596/794 9/589/794
f 9/589/35 6/602/35 8/584/35
f 8/584/35 80/587/35 27/597/35
f 12/337/656 4/337/656 5/337/656
f 6/602/657 14/590/657 13/337/657
f 9/589/658 17/589/658 14/590/658
f 9/589/659 10/596/659 18/596/659
f 11/598/660 19/598/660 18/596/660
f 26/599/661 34/600/661 19/598/661
f 27/597/662 35/597/662 34/600/662
f 35/597/663 27/597/663 79/601/663
f 80/587/664 82/587/664 81/601/664
f 261/337/147 260/337/147 266/337/147
f 252/337/665 251/337/665 260/337/665
f 252/337/35 258/337/35 257/337/35
f 258/337/666 267/337/666 266/337/666
f 252/337/667 261/337/667 262/337/667
f 259/337/668 268/337/668 267/337/668
f 253/337/35 259/337/35 258/337/35
f 262/337/147 261/337/147 267/337/147
f 255/337/35 256/337/35 259/337/35
f 264/337/147 262/337/147 268/337/147
f 253/337/669 262/337/669 264/337/669
f 256/337/670 265/337/670 268/337/670
f 254/337/35 287/337/35 256/337/35
f 263/337/147 264/337/147 265/337/147
f 255/337/671 264/337/671 263/337/671
f 287/337/672 313/337/672 265/337/672
f 250/337/673 229/337/673 254/337/673
f 313/337/674 287/337/674 285/337/674
f 229/337/35 285/337/35 287/337/35
f 250/337/147 263/337/147 313/337/147
f 229/337/35 272/337/35 274/337/35
f 279/337/147 277/337/147 250/337/147
f 229/337/675 250/337/675 277/337/675
f 274/337/676 279/337/676 311/337/676
f 465/337/677 444/337/677 517/337/677
f 276/337/147 247/337/147 277/337/147
f 515/337/678 520/337/678 521/337/678
f 455/337/679 434/337/679 444/337/679
f 247/337/677 226/337/677 272/337/677
f 516/337/680 521/337/680 524/337/680
f 270/337/680 276/337/680 279/337/680
f 517/337/35 444/337/35 516/337/35
f 272/337/35 226/337/35 270/337/35
f 521/337/147 465/337/147 522/337/147
f 213/337/681 234/337/681 275/337/681
f 216/337/682 237/337/682 236/337/682
f 226/337/35 216/337/35 269/337/35
f 275/337/147 237/337/147 247/337/147
f 444/337/35 434/337/35 515/337/35
f 520/337/147 455/337/147 465/337/147
f 237/337/679 216/337/679 226/337/679
f 269/337/678 275/337/678 276/337/678
f 433/337/35 432/337/35 430/337/35
f 233/337/147 235/337/147 236/337/147
f 434/337/682 455/337/682 454/337/682
f 431/337/681 452/337/681 520/337/681
f 269/337/35 216/337/35 215/337/35
f 275/337/147 234/337/147 236/337/147
f 515/337/35 434/337/35 433/337/35
f 520/337/147 452/337/147 454/337/147
f 233/337/147 230/337/147 232/337/147
f 212/337/35 214/337/35 211/337/35
f 451/337/147 453/337/147 454/337/147
f 215/337/683 236/337/683 235/337/683
f 212/337/684 233/337/684 234/337/684
f 433/337/683 454/337/683 453/337/683
f 430/337/684 451/337/684 452/337/684
f 215/337/35 214/337/35 212/337/35
f 429/337/685 450/337/685 449/337/685
f 185/337/686 197/337/686 230/337/686
f 430/337/35 432/337/35 429/337/35
f 451/337/147 448/337/147 450/337/147
f 232/337/687 211/337/687 214/337/687
f 209/337/688 230/337/688 233/337/688
f 450/337/687 429/337/687 432/337/687
f 427/337/688 448/337/688 451/337/688
f 210/337/689 231/337/689 238/337/689
f 415/337/147 420/337/147 456/337/147
f 403/337/686 415/337/686 448/337/686
f 209/337/35 211/337/35 210/337/35
f 230/337/147 197/337/147 231/337/147
f 427/337/35 429/337/35 428/337/35
f 448/337/147 415/337/147 449/337/147
f 211/337/685 232/337/685 231/337/685
f 203/337/226 239/337/226 238/337/226
f 192/337/226 219/337/226 217/337/226
f 192/337/690 202/337/690 197/337/690
f 428/337/689 449/337/689 456/337/689
f 410/337/690 420/337/690 415/337/690
f 185/337/35 210/337/35 219/337/35
f 197/337/147 202/337/147 238/337/147
f 403/337/35 428/337/35 437/337/35
f 459/337/234 425/337/234 414/337/234
f 196/337/234 221/337/234 241/337/234
f 423/337/234 425/337/234 426/337/234
f 243/337/691 238/337/691 239/337/691
f 461/337/691 456/337/691 457/337/691
f 198/337/226 200/337/226 203/337/226
f 218/337/35 217/337/35 222/337/35
f 416/337/226 418/337/226 421/337/226
f 457/337/805 421/337/805 422/337/805
f 421/337/226 457/337/226 456/337/226
f 407/337/226 416/337/226 420/337/226
f 426/337/234 425/337/234 459/337/234
f 409/337/35 408/337/35 435/337/35
f 410/337/226 437/337/226 435/337/226
f 414/337/234 413/337/234 438/337/234
f 219/337/691 238/337/691 243/337/691
f 239/337/806 203/337/806 204/337/806
f 460/337/694 459/337/694 466/337/694
f 208/337/234 207/337/234 241/337/234
f 186/337/226 191/337/226 192/337/226
f 189/337/35 188/337/35 217/337/35
f 404/337/226 407/337/226 410/337/226
f 196/337/234 195/337/234 220/337/234
f 436/337/35 435/337/35 440/337/35
f 407/337/807 404/337/807 405/337/807
f 406/337/696 411/337/696 412/337/696
f 407/337/808 405/337/808 406/337/808
f 198/337/696 191/337/696 194/337/696
f 416/337/696 407/337/696 412/337/696
f 417/337/808 419/337/808 418/337/808
f 416/337/696 423/337/696 424/337/696
f 417/337/696 418/337/696 416/337/696
f 199/337/809 201/337/809 200/337/809
f 198/337/696 205/337/696 206/337/696
f 199/337/808 200/337/808 198/337/808
f 191/337/696 186/337/696 187/337/696
f 190/337/696 193/337/696 194/337/696
f 191/337/810 187/337/810 190/337/810
f 412/337/234 414/337/234 425/337/234
f 193/337/234 195/337/234 196/337/234
f 208/337/234 206/337/234 205/337/234
f 191/337/226 198/337/226 202/337/226
f 405/337/35 404/337/35 408/337/35
f 421/337/811 418/337/811 419/337/811
f 187/337/35 186/337/35 188/337/35
f 194/337/234 196/337/234 207/337/234
f 203/337/812 200/337/812 201/337/812
f 414/337/234 412/337/234 411/337/234
f 461/337/699 463/337/699 464/337/699
f 462/337/699 467/337/699 466/337/699
f 461/337/813 464/337/813 462/337/813
f 225/337/699 243/337/699 248/337/699
f 443/337/699 461/337/699 466/337/699
f 442/337/699 441/337/699 440/337/699
f 443/337/699 446/337/699 445/337/699
f 442/337/699 440/337/699 443/337/699
f 243/337/699 245/337/699 246/337/699
f 244/337/699 249/337/699 248/337/699
f 243/337/699 246/337/699 244/337/699
f 224/337/699 223/337/699 222/337/699
f 225/337/699 228/337/699 227/337/699
f 224/337/699 222/337/699 225/337/699
f 248/337/694 241/337/694 221/337/694
f 435/337/691 437/337/691 443/337/691
f 217/337/691 219/337/691 225/337/691
f 242/337/694 241/337/694 248/337/694
f 439/337/694 438/337/694 445/337/694
f 437/337/691 456/337/691 461/337/691
f 221/337/694 220/337/694 227/337/694
f 466/337/694 459/337/694 439/337/694
f 463/337/814 457/337/814 458/337/814
f 245/337/815 239/337/815 240/337/815
