# Blender 5.1.2
# www.blender.org
o Cube.014
v 130.012756 187.905426 24.000000
v 130.004654 187.905441 26.000004
v 130.012756 189.905441 24.000000
v 130.004654 189.905441 26.000004
v 129.996140 187.905441 30.999994
v 129.996140 189.905441 30.999994
v 130.012756 193.805435 24.000000
v 130.004654 193.805435 26.000004
v 129.996140 193.805435 30.999994
v 132.012756 187.905426 24.000000
v 132.004654 187.905441 26.000004
v 132.012756 189.905441 24.000000
v 133.500015 187.905426 24.000000
v 133.491913 187.905441 26.000004
v 133.500015 189.905441 24.000000
v 133.491913 189.905441 26.000004
v 131.996140 187.905441 30.999994
v 133.483398 187.905441 30.999994
v 133.483398 189.905441 30.999994
v 132.012756 193.805435 24.000000
v 132.004654 193.805435 26.000004
v 133.500015 193.805435 24.000000
v 133.491913 193.805435 26.000004
v 131.996140 193.805435 30.999994
v 133.483398 193.805435 30.999994
v 128.943237 195.801117 26.299984
v 129.745499 195.238022 26.299984
v 128.490875 196.602814 26.299984
v 128.371536 197.483765 26.299984
v 129.443192 196.907913 26.299984
v 129.698059 196.457062 26.299984
v 129.371506 197.476151 26.299984
v 130.012756 194.578888 24.000000
v 130.004654 194.578888 26.000004
v 130.608551 195.082001 26.299984
v 130.063080 196.186249 26.299984
v 130.635269 196.081635 26.299984
v 131.143005 196.159012 26.299984
v 129.990738 196.867905 25.775082
v 130.005569 196.867828 25.775082
v 130.004654 196.867828 26.000004
v 129.990738 196.867905 26.299982
v 131.190735 196.861450 26.000004
v 131.190735 196.861450 26.299982
v 128.943237 195.801117 30.699991
v 129.745499 195.238022 30.699991
v 128.490875 196.602814 30.699991
v 128.371536 197.483765 30.699991
v 129.443192 196.907913 30.699991
v 129.698059 196.457062 30.699991
v 129.371506 197.476151 30.699991
v 129.996140 194.578888 30.999994
v 130.608551 195.082001 30.699991
v 130.063080 196.186249 30.699991
v 130.635269 196.081635 30.699991
v 131.143005 196.159012 30.699991
v 129.990738 196.867905 30.699989
v 129.996140 196.867874 30.999994
v 129.990738 196.867905 31.127758
v 129.996017 196.867874 31.127758
v 131.190735 196.861450 30.699989
v 131.190735 196.861450 30.999994
v 128.609344 198.506561 26.299984
v 129.479889 198.014465 26.299984
v 129.747391 198.429932 26.299984
v 129.141586 199.225540 26.299984
v 130.000000 198.590042 25.775085
v 130.005569 198.590012 25.775085
v 130.000000 198.590042 26.299984
v 131.200012 198.583572 26.000004
v 131.200012 198.583572 26.299984
v 130.000000 199.590012 25.775085
v 130.005569 199.589981 25.775085
v 130.000015 200.117111 25.775085
v 130.005569 200.117096 25.775085
v 130.000000 199.590012 26.299984
v 130.004654 200.117096 26.000004
v 130.000015 200.117111 26.299984
v 131.199997 199.583557 26.000004
v 131.199997 199.583557 26.299984
v 131.199997 200.110657 26.000004
v 131.199997 200.110657 26.299984
v 128.609344 198.506561 30.699991
v 129.479889 198.014465 30.699991
v 129.747391 198.429932 30.699991
v 129.141586 199.225540 30.699991
v 129.996140 197.873550 30.999994
v 129.996017 197.850113 31.127758
v 130.000000 198.590042 30.699991
v 130.000000 198.590027 30.999994
v 131.200012 198.583572 30.699991
v 131.200012 198.583572 30.999994
v 130.000000 199.590012 30.699991
v 130.000000 199.590012 30.999994
v 130.000015 200.117111 30.699993
v 129.996140 200.000000 30.999994
v 130.000000 200.000000 30.999994
v 130.000015 200.117111 30.999994
v 131.199997 199.583557 30.699991
v 131.199997 199.583557 30.999994
v 131.199997 200.110657 30.699993
v 131.199997 200.000015 30.999994
v 131.199997 200.110657 30.999994
v 132.012756 194.578888 24.000000
v 131.481049 195.217880 26.299984
v 132.004654 194.578888 26.000004
v 132.211884 195.666107 26.299984
v 131.551300 196.416870 26.299984
v 131.853668 196.808807 26.299984
v 132.038467 197.226257 26.299984
v 132.095016 197.655670 26.299984
v 132.654816 196.210342 26.299984
v 132.984558 196.902359 26.299984
v 133.089844 197.554108 26.299984
v 131.481049 195.217880 30.699991
v 131.996140 194.578888 30.999994
v 132.211884 195.666107 30.699991
v 131.551300 196.416870 30.699991
v 131.853668 196.808807 30.699991
v 132.038467 197.226257 30.699991
v 132.095016 197.655670 30.699991
v 132.654816 196.210342 30.699991
v 132.984558 196.902359 30.699991
v 133.089844 197.554108 30.699991
v 132.118805 198.178970 26.299976
v 133.118805 198.178970 26.299976
v 132.118805 198.178970 30.699984
v 131.996140 200.000046 30.999994
v 133.118805 198.178970 30.699986
v 136.012253 189.905441 24.000000
v 136.004150 189.905441 26.000004
v 135.995636 189.905441 30.999994
v 136.012253 193.805435 24.000000
v 136.004150 193.805435 26.000004
v 135.995636 193.805435 30.999994
v 138.943497 189.905441 38.434448
v 138.912750 189.905441 38.746593
v 139.182404 189.905441 37.857681
v 139.623840 189.905441 37.416241
v 139.381378 189.905441 37.615223
v 139.034546 189.905441 38.134300
v 139.900452 189.905441 37.268387
v 140.200607 189.905441 37.177338
v 137.813660 191.282547 37.188274
v 138.943497 191.282547 38.434448
v 138.912750 191.282547 38.746593
v 137.813660 193.805450 37.188274
v 139.182404 191.282547 37.857681
v 139.623840 191.282547 37.416241
v 139.381378 191.282547 37.615223
v 139.034546 191.282547 38.134300
v 139.900452 191.282547 37.268387
v 140.200607 191.282547 37.177338
v 136.007904 194.578888 30.999994
v 136.007904 200.000046 30.999992
v 129.980347 187.905441 46.999992
v 129.980347 189.905457 46.999992
v 129.996552 187.905441 51.999996
v 130.012756 187.905426 53.768547
v 129.996552 189.905441 51.999996
v 130.012756 189.905441 53.768547
v 129.980347 193.805450 46.999992
v 129.996552 193.805435 51.999996
v 130.012756 193.805435 53.768547
v 131.980347 187.905441 46.999992
v 133.467606 187.905441 46.999992
v 133.467606 189.905457 46.999992
v 131.996552 187.905441 51.999996
v 132.012756 187.905426 53.768547
v 132.012756 189.905441 53.768547
v 133.483810 187.905441 51.999996
v 133.500015 187.905426 53.768547
v 133.483810 189.905441 51.999996
v 133.500015 189.905441 53.768547
v 131.980347 193.805450 46.999992
v 133.467606 193.805450 46.999992
v 131.996552 193.805435 51.999996
v 132.012756 193.805435 53.768547
v 133.483810 193.805435 51.999996
v 133.500015 193.805435 53.768547
v 128.943237 195.801117 47.300030
v 129.745499 195.238022 47.300030
v 128.490875 196.602814 47.300030
v 128.371536 197.483765 47.300030
v 129.443192 196.907913 47.300030
v 129.698059 196.457062 47.300030
v 129.371506 197.476151 47.300030
v 129.980347 194.578903 46.999992
v 130.608551 195.082001 47.300030
v 130.063080 196.186249 47.300030
v 130.635269 196.081635 47.300030
v 131.143005 196.159012 47.300030
v 129.990738 196.867905 46.999992
v 129.990738 196.867905 47.300030
v 131.190735 196.861450 46.999992
v 131.190735 196.861450 47.300030
v 128.943237 195.801117 51.699978
v 129.745499 195.238022 51.699978
v 128.490875 196.602814 51.699978
v 128.371536 197.483765 51.699978
v 129.443192 196.907913 51.699974
v 129.698059 196.457062 51.699974
v 129.371506 197.476151 51.699974
v 130.608551 195.082001 51.699978
v 130.063080 196.186249 51.699974
v 130.635269 196.081635 51.699974
v 131.143005 196.159012 51.699974
v 129.996552 194.578888 51.999996
v 130.012756 194.578888 53.768547
v 129.990738 196.867905 51.699974
v 131.190735 196.861450 51.699974
v 129.996552 196.867874 51.999996
v 129.990738 196.867905 52.092667
v 129.997406 196.867874 52.092667
v 131.190735 196.861450 51.999996
v 128.609344 198.506561 47.300030
v 129.479889 198.014465 47.300030
v 129.747391 198.429932 47.300030
v 129.141586 199.225540 47.300030
v 130.000000 198.590042 46.999992
v 130.000000 198.590042 47.300030
v 131.200012 198.583572 46.999992
v 131.200012 198.583572 47.300030
v 130.000000 199.590012 46.999992
v 129.980347 200.000000 46.999992
v 130.000000 200.000000 46.999992
v 130.000015 200.117111 46.999992
v 130.000000 199.590012 47.300030
v 130.000015 200.117111 47.300034
v 131.199997 199.583557 46.999992
v 131.199997 200.000015 46.999992
v 131.199997 200.110657 46.999992
v 131.199997 199.583557 47.300030
v 131.199997 200.110657 47.300034
v 128.609344 198.506561 51.699978
v 129.479889 198.014465 51.699974
v 129.747391 198.429932 51.699974
v 129.141586 199.225540 51.699978
v 130.000000 198.590042 51.699974
v 131.200012 198.583572 51.699974
v 129.996552 197.948807 51.999996
v 129.997406 198.106613 52.092667
v 130.000000 198.590027 51.999996
v 131.200012 198.583572 51.999996
v 130.000000 199.590012 51.699978
v 130.000015 200.117111 51.699978
v 131.199997 199.583557 51.699978
v 131.199997 200.110657 51.699978
v 130.000000 199.590012 51.999996
v 130.000015 200.117111 51.999996
v 131.199997 199.583557 51.999996
v 131.199997 200.110657 51.999996
v 131.980347 194.578903 46.999992
v 131.481049 195.217880 47.300030
v 132.211884 195.666107 47.300030
v 131.551300 196.416870 47.300030
v 131.853668 196.808807 47.300030
v 132.038467 197.226257 47.300030
v 132.095016 197.655670 47.300030
v 132.654816 196.210342 47.300030
v 132.984558 196.902359 47.300030
v 133.089844 197.554108 47.300030
v 131.481049 195.217880 51.699978
v 132.211884 195.666107 51.699978
v 131.996552 194.578888 51.999996
v 132.012756 194.578888 53.768547
v 131.551300 196.416870 51.699974
v 131.853668 196.808807 51.699974
v 132.038467 197.226257 51.699974
v 132.095016 197.655670 51.699974
v 132.654816 196.210342 51.699978
v 132.984558 196.902359 51.699978
v 133.089844 197.554108 51.699978
v 132.118805 198.178970 47.300022
v 131.980347 200.000031 46.999992
v 133.118805 198.178970 47.300022
v 132.118805 198.178970 51.699966
v 133.118805 198.178970 51.699966
v 138.943497 189.905441 39.058739
v 139.034546 189.905441 39.358887
v 139.182404 189.905441 39.635506
v 139.381378 189.905441 39.877964
v 139.623840 189.905441 40.076942
v 139.900452 189.905441 40.224800
v 140.200607 189.905441 40.315849
v 139.182404 189.905457 45.857677
v 139.034546 189.905457 46.134296
v 139.381378 189.905457 45.615219
v 139.623840 189.905457 45.416241
v 139.900452 189.905457 45.268383
v 140.200607 189.905457 45.177334
v 137.813660 191.282547 40.304913
v 138.943497 191.282547 39.058739
v 137.813660 193.805450 40.304913
v 139.034546 191.282547 39.358887
v 139.182404 191.282547 39.635506
v 139.381378 191.282547 39.877964
v 139.623840 191.282547 40.076942
v 139.900452 191.282547 40.224800
v 140.200607 191.282547 40.315849
v 137.813660 191.282547 45.188274
v 137.813660 193.805450 45.188274
v 139.182404 191.282547 45.857677
v 139.034546 191.282547 46.134296
v 139.381378 191.282547 45.615219
v 139.623840 191.282547 45.416241
v 139.900452 191.282547 45.268383
v 140.200607 191.282547 45.177334
v 135.979843 189.905457 46.999992
v 135.996048 189.905441 51.999996
v 136.012253 189.905441 53.768547
v 135.979843 193.805450 46.999992
v 135.996048 193.805435 51.999996
v 136.012253 193.805435 53.768547
v 138.943497 189.905457 46.434448
v 138.912750 189.905457 46.746590
v 138.937714 189.905457 46.999992
v 138.943497 189.905457 47.058735
v 139.034546 189.905457 47.358883
v 139.182404 189.905457 47.635502
v 139.381378 189.905457 47.877960
v 139.623840 189.905441 48.076942
v 139.900452 189.905441 48.224800
v 140.200607 189.905441 48.315849
v 138.943497 191.282547 46.434448
v 138.912750 191.282547 46.746590
v 138.943497 191.282547 47.058735
v 137.813660 191.282547 48.304909
v 137.813660 193.805450 46.999992
v 137.813660 193.805450 48.304909
v 139.034546 191.282547 47.358883
v 139.182404 191.282547 47.635502
v 139.381378 191.282547 47.877960
v 139.623840 191.282547 48.076942
v 139.900452 191.282547 48.224800
v 140.200607 191.282547 48.315849
v 135.992111 194.578903 46.999992
v 135.992111 200.000046 46.999992
v 130.012756 206.355667 24.000000
v 130.004654 206.355667 26.000004
v 129.996140 206.355682 30.999994
v 132.118805 204.108643 26.299976
v 133.118805 204.108643 26.299976
v 132.118805 204.108643 30.699984
v 133.118805 204.108643 30.699986
v 132.118805 205.409180 26.299976
v 132.112442 206.051743 26.299976
v 132.012756 206.355667 24.000000
v 132.004654 206.355667 26.000004
v 132.093582 206.784180 26.299976
v 132.062973 207.578384 26.299976
v 132.118805 205.409180 30.699984
v 132.112442 206.051743 30.699984
v 131.996140 206.355682 30.999994
v 132.093582 206.784180 30.699984
v 132.062973 207.578384 30.699984
v 132.021774 208.403793 26.299976
v 131.971558 209.228714 26.299976
v 131.914291 210.021439 26.299976
v 131.852142 210.751495 26.299976
v 133.118805 208.409180 26.299976
v 134.318192 210.090942 26.299976
v 134.007584 210.839569 26.299976
v 132.021774 208.403793 30.699984
v 131.971558 209.228714 30.699984
v 131.914291 210.021439 30.699984
v 131.852142 210.751495 30.699984
v 133.118805 208.409180 30.699986
v 134.318192 210.090942 30.699986
v 134.007584 210.839569 30.699986
v 131.787506 211.390823 26.299976
v 132.318359 211.402527 26.299976
v 131.618805 212.909180 26.299976
v 132.518799 214.409180 26.299976
v 132.733719 213.662827 26.299976
v 133.343246 212.220016 26.299976
v 133.704758 211.527924 26.299976
v 132.992889 212.936935 26.299976
v 131.787506 211.390823 30.699984
v 132.318359 211.402527 30.699984
v 131.618805 212.909180 30.699984
v 132.518799 214.409180 30.699986
v 132.733719 213.662827 30.699986
v 133.343246 212.220016 30.699986
v 133.704758 211.527924 30.699986
v 132.992889 212.936935 30.699986
v 134.618805 208.409180 26.299976
v 134.537323 209.236465 26.299976
v 134.618805 208.409180 30.699986
v 134.537323 209.236465 30.699986
v 129.980347 206.355682 46.999992
v 129.996552 206.355682 51.999996
v 130.012756 206.355667 53.768547
v 132.118805 204.108643 47.300022
v 133.118805 204.108643 47.300022
v 132.118805 204.108643 51.699966
v 133.118805 204.108643 51.699966
v 132.118805 205.409180 47.300022
v 132.112442 206.051743 47.300022
v 131.980347 206.355682 46.999992
v 132.093582 206.784180 47.300022
v 132.062973 207.578384 47.300022
v 132.118805 205.409180 51.699966
v 132.112442 206.051743 51.699966
v 132.093582 206.784180 51.699966
v 132.062973 207.578384 51.699966
v 131.996552 206.355682 51.999996
v 132.012756 206.355667 53.768547
v 132.021774 208.403793 47.300022
v 131.971558 209.228714 47.300022
v 131.914291 210.021439 47.300022
v 131.852142 210.751495 47.300022
v 133.118805 208.409180 47.300022
v 134.318192 210.090942 47.300022
v 134.007584 210.839569 47.300022
v 132.021774 208.403793 51.699966
v 131.971558 209.228714 51.699966
v 131.914291 210.021439 51.699966
v 131.852142 210.751495 51.699966
v 133.118805 208.409180 51.699966
v 134.318192 210.090942 51.699966
v 134.007584 210.839569 51.699966
v 131.787506 211.390823 47.300022
v 132.318359 211.402527 47.300022
v 131.618805 212.909180 47.300022
v 132.518799 214.409180 47.300022
v 132.733719 213.662827 47.300022
v 133.343246 212.220016 47.300022
v 133.704758 211.527924 47.300022
v 132.992889 212.936935 47.300022
v 131.787506 211.390823 51.699966
v 132.318359 211.402527 51.699966
v 131.618805 212.909180 51.699966
v 132.518799 214.409180 51.699966
v 132.733719 213.662827 51.699966
v 133.343246 212.220016 51.699966
v 133.704758 211.527924 51.699966
v 132.992889 212.936935 51.699966
v 134.618805 208.409180 47.300022
v 134.537323 209.236465 47.300022
v 134.618805 208.409180 51.699966
v 134.537323 209.236465 51.699966
v 140.500015 189.905441 24.000000
v 140.500015 189.905441 26.000004
v 140.500015 189.905441 30.999994
v 140.500015 193.805435 24.000000
v 140.500015 193.805435 26.000004
v 140.500015 193.805435 30.999994
v 144.987778 189.905441 24.000000
v 144.995880 189.905441 26.000004
v 145.004395 189.905441 30.999994
v 144.987778 193.805435 24.000000
v 144.995880 193.805435 26.000004
v 145.004395 193.805435 30.999994
v 140.500015 189.905441 37.147846
v 140.512756 189.905441 37.146591
v 140.824890 189.905441 37.177338
v 141.125046 189.905441 37.268387
v 141.401657 189.905441 37.416241
v 141.644119 189.905441 37.615223
v 141.843094 189.905441 37.857681
v 141.990952 189.905441 38.134300
v 142.082001 189.905441 38.434448
v 142.112747 189.905441 38.746593
v 140.512756 191.282547 35.629955
v 140.512756 191.282547 37.146591
v 140.824890 191.282547 37.177338
v 141.125046 191.282547 37.268387
v 141.401657 191.282547 37.416241
v 141.644119 191.282547 37.615223
v 141.843094 191.282547 37.857681
v 141.990952 191.282547 38.134300
v 140.500015 193.805450 35.637310
v 140.512756 193.805450 35.629955
v 142.082001 191.282547 38.434448
v 142.112747 191.282547 38.746593
v 143.211838 191.282547 37.188274
v 143.211838 193.805450 37.188274
v 144.992126 194.578888 30.999994
v 144.992126 200.000046 30.999992
v 147.500015 187.905426 24.000000
v 147.508118 187.905441 26.000004
v 147.500015 189.905441 24.000000
v 147.508118 189.905441 26.000004
v 148.987274 187.905426 24.000000
v 148.995377 187.905441 26.000004
v 148.987274 189.905441 24.000000
v 147.516632 187.905441 30.999994
v 147.516632 189.905441 30.999994
v 149.003891 187.905441 30.999994
v 147.500015 193.805435 24.000000
v 147.508118 193.805435 26.000004
v 148.987274 193.805435 24.000000
v 148.995377 193.805435 26.000004
v 147.516632 193.805435 30.999994
v 149.003891 193.805435 30.999994
v 150.987274 187.905426 24.000000
v 150.995377 187.905441 26.000004
v 150.987274 189.905441 24.000000
v 150.995377 189.905441 26.000004
v 151.003891 187.905441 30.999994
v 151.003891 189.905441 30.999994
v 150.987274 193.805435 24.000000
v 150.995377 193.805435 26.000004
v 151.003891 193.805435 30.999994
v 148.015472 196.902359 26.299984
v 147.910187 197.554108 26.299984
v 148.987274 194.578888 24.000000
v 148.788147 195.666107 26.299984
v 148.995377 194.578888 26.000004
v 149.518982 195.217880 26.299984
v 148.345215 196.210342 26.299984
v 149.146362 196.808807 26.299984
v 149.448730 196.416870 26.299984
v 148.961563 197.226257 26.299984
v 148.905014 197.655670 26.299984
v 148.015472 196.902359 30.699991
v 147.910187 197.554108 30.699991
v 148.788147 195.666107 30.699991
v 149.003891 194.578888 30.999994
v 149.518982 195.217880 30.699991
v 148.345215 196.210342 30.699991
v 149.146362 196.808807 30.699991
v 149.448730 196.416870 30.699991
v 148.961563 197.226257 30.699991
v 148.905014 197.655670 30.699991
v 147.881226 198.178970 26.299976
v 148.881226 198.178970 26.299976
v 147.881226 198.178970 30.699986
v 148.881226 198.178970 30.699984
v 149.003891 200.000046 30.999994
v 150.987274 194.578888 24.000000
v 149.857025 196.159012 26.299984
v 150.391479 195.082001 26.299984
v 150.995377 194.578888 26.000004
v 150.364761 196.081635 26.299984
v 150.936951 196.186249 26.299984
v 151.009293 196.867905 25.775082
v 150.994461 196.867828 25.775082
v 149.809296 196.861450 26.000004
v 149.809296 196.861450 26.299982
v 150.995377 196.867828 26.000004
v 151.009293 196.867905 26.299982
v 151.254532 195.238022 26.299984
v 152.056793 195.801117 26.299984
v 151.301971 196.457062 26.299984
v 151.556839 196.907913 26.299984
v 151.628525 197.476151 26.299984
v 152.509155 196.602814 26.299984
v 152.628494 197.483765 26.299984
v 149.857025 196.159012 30.699991
v 150.391479 195.082001 30.699991
v 151.003891 194.578888 30.999994
v 150.364761 196.081635 30.699991
v 150.936951 196.186249 30.699991
v 149.809296 196.861450 30.699989
v 149.809296 196.861450 30.999994
v 151.009293 196.867905 30.699989
v 151.003891 196.867874 30.999994
v 151.009293 196.867905 31.127758
v 151.004013 196.867874 31.127758
v 151.254532 195.238022 30.699991
v 152.056793 195.801117 30.699991
v 151.301971 196.457062 30.699991
v 151.556839 196.907913 30.699991
v 151.628525 197.476151 30.699991
v 152.509155 196.602814 30.699991
v 152.628494 197.483765 30.699991
v 151.000031 198.590042 25.775085
v 150.994461 198.590012 25.775085
v 149.800018 198.583572 26.000004
v 149.800018 198.583572 26.299984
v 151.000031 198.590042 26.299984
v 151.000031 199.590012 25.775085
v 150.994461 199.589981 25.775085
v 151.000015 200.117111 25.775085
v 150.994461 200.117096 25.775085
v 149.800034 199.583557 26.000004
v 149.800034 199.583557 26.299984
v 149.800034 200.110657 26.000004
v 149.800034 200.110657 26.299984
v 151.000031 199.590012 26.299984
v 150.995377 200.117096 26.000004
v 151.000015 200.117111 26.299984
v 151.252640 198.429932 26.299984
v 151.520142 198.014465 26.299984
v 151.858444 199.225540 26.299984
v 152.390686 198.506561 26.299984
v 149.800018 198.583572 30.699991
v 149.800018 198.583572 30.999994
v 151.003891 197.873550 30.999994
v 151.004013 197.850113 31.127758
v 151.000031 198.590042 30.699991
v 151.000031 198.590027 30.999994
v 149.800034 199.583557 30.699991
v 149.800034 199.583557 30.999994
v 149.800034 200.110657 30.699993
v 149.800034 200.000015 30.999994
v 149.800034 200.110657 30.999994
v 151.000031 199.590012 30.699991
v 151.000031 199.590012 30.999994
v 151.000015 200.117111 30.699993
v 151.003891 200.000000 30.999994
v 151.000031 200.000000 30.999994
v 151.000015 200.117111 30.999994
v 151.252640 198.429932 30.699991
v 151.520142 198.014465 30.699991
v 151.858444 199.225540 30.699991
v 152.390686 198.506561 30.699991
v 140.500015 189.905441 40.345337
v 140.512756 189.905441 40.346592
v 140.824890 189.905441 40.315849
v 141.125046 189.905441 40.224800
v 141.990952 189.905441 39.358887
v 141.843094 189.905441 39.635506
v 141.401657 189.905441 40.076942
v 141.644119 189.905441 39.877964
v 142.082001 189.905441 39.058739
v 140.500015 189.905457 45.147846
v 140.512756 189.905457 45.146591
v 140.824890 189.905457 45.177334
v 141.125046 189.905457 45.268383
v 141.401657 189.905457 45.416241
v 141.644119 189.905457 45.615219
v 141.843094 189.905457 45.857677
v 141.990952 189.905457 46.134296
v 140.512756 191.282547 40.346592
v 140.824890 191.282547 40.315849
v 141.125046 191.282547 40.224800
v 141.990952 191.282547 39.358887
v 141.843094 191.282547 39.635506
v 141.401657 191.282547 40.076942
v 141.644119 191.282547 39.877964
v 140.512756 191.282547 41.863228
v 140.500015 193.805450 41.855877
v 140.512756 193.805450 41.863228
v 142.082001 191.282547 39.058739
v 143.211838 191.282547 40.304913
v 143.211838 193.805450 40.304913
v 140.512756 191.282547 43.629955
v 140.512756 191.282547 45.146591
v 140.824890 191.282547 45.177334
v 141.125046 191.282547 45.268383
v 141.401657 191.282547 45.416241
v 141.644119 191.282547 45.615219
v 141.843094 191.282547 45.857677
v 141.990952 191.282547 46.134296
v 140.500015 193.805450 43.637306
v 140.512756 193.805450 43.629955
v 143.211838 191.282547 45.188274
v 143.211838 193.805450 45.188274
v 141.401657 189.905441 48.076942
v 141.990952 189.905457 47.358883
v 141.843094 189.905457 47.635502
v 141.644119 189.905457 47.877960
v 140.500015 189.905441 48.345337
v 140.512756 189.905441 48.346592
v 140.824890 189.905441 48.315849
v 141.125046 189.905441 48.224800
v 142.082001 189.905457 46.434448
v 142.112747 189.905457 46.746590
v 142.087784 189.905457 46.999992
v 142.082001 189.905457 47.058735
v 140.500015 189.905441 51.999996
v 140.500015 189.905441 53.768547
v 141.401657 191.282547 48.076942
v 141.990952 191.282547 47.358883
v 141.843094 191.282547 47.635502
v 141.644119 191.282547 47.877960
v 140.512756 191.282547 48.346592
v 140.824890 191.282547 48.315849
v 141.125046 191.282547 48.224800
v 140.512756 191.282547 49.863228
v 140.500015 193.805450 49.855873
v 140.512756 193.805450 49.863228
v 142.082001 191.282547 46.434448
v 142.112747 191.282547 46.746590
v 142.082001 191.282547 47.058735
v 143.211838 191.282547 48.304909
v 143.211838 193.805450 46.999992
v 143.211838 193.805450 48.304909
v 140.500015 193.805435 51.999996
v 140.500015 193.805435 53.768547
v 145.020187 189.905457 46.999992
v 145.003983 189.905441 51.999996
v 144.987778 189.905441 53.768547
v 145.020187 193.805450 46.999992
v 145.003983 193.805435 51.999996
v 144.987778 193.805435 53.768547
v 145.007919 194.578903 46.999992
v 145.007919 200.000046 46.999992
v 147.532425 187.905441 46.999992
v 147.532425 189.905457 46.999992
v 149.019684 187.905441 46.999992
v 147.516220 187.905441 51.999996
v 147.500015 187.905426 53.768547
v 147.516220 189.905441 51.999996
v 147.500015 189.905441 53.768547
v 149.003479 187.905441 51.999996
v 148.987274 187.905426 53.768547
v 148.987274 189.905441 53.768547
v 147.532425 193.805450 46.999992
v 149.019684 193.805450 46.999992
v 147.516220 193.805435 51.999996
v 147.500015 193.805435 53.768547
v 149.003479 193.805435 51.999996
v 148.987274 193.805435 53.768547
v 151.019684 187.905441 46.999992
v 151.019684 189.905457 46.999992
v 151.003479 187.905441 51.999996
v 150.987274 187.905426 53.768547
v 151.003479 189.905441 51.999996
v 150.987274 189.905441 53.768547
v 151.019684 193.805450 46.999992
v 151.003479 193.805435 51.999996
v 150.987274 193.805435 53.768547
v 148.015472 196.902359 47.300030
v 147.910187 197.554108 47.300030
v 148.788147 195.666107 47.300030
v 149.019684 194.578903 46.999992
v 149.518982 195.217880 47.300030
v 148.345215 196.210342 47.300030
v 149.146362 196.808807 47.300030
v 149.448730 196.416870 47.300030
v 148.961563 197.226257 47.300030
v 148.905014 197.655670 47.300030
v 148.015472 196.902359 51.699978
v 147.910187 197.554108 51.699978
v 148.788147 195.666107 51.699978
v 149.518982 195.217880 51.699978
v 149.003479 194.578888 51.999996
v 148.987274 194.578888 53.768547
v 148.345215 196.210342 51.699978
v 149.146362 196.808807 51.699974
v 149.448730 196.416870 51.699974
v 148.961563 197.226257 51.699974
v 148.905014 197.655670 51.699974
v 147.881226 198.178970 47.300022
v 148.881226 198.178970 47.300022
v 149.019684 200.000031 46.999992
v 147.881226 198.178970 51.699966
v 148.881226 198.178970 51.699966
v 149.857025 196.159012 47.300030
v 151.019684 194.578903 46.999992
v 150.391479 195.082001 47.300030
v 150.364761 196.081635 47.300030
v 150.936951 196.186249 47.300030
v 149.809296 196.861450 46.999992
v 149.809296 196.861450 47.300030
v 151.009293 196.867905 46.999992
v 151.009293 196.867905 47.300030
v 151.254532 195.238022 47.300030
v 152.056793 195.801117 47.300030
v 151.301971 196.457062 47.300030
v 151.556839 196.907913 47.300030
v 151.628525 197.476151 47.300030
v 152.509155 196.602814 47.300030
v 152.628494 197.483765 47.300030
v 149.857025 196.159012 51.699974
v 150.391479 195.082001 51.699978
v 150.364761 196.081635 51.699974
v 150.936951 196.186249 51.699974
v 151.003479 194.578888 51.999996
v 150.987274 194.578888 53.768547
v 149.809296 196.861450 51.699974
v 151.009293 196.867905 51.699974
v 149.809296 196.861450 51.999996
v 151.003479 196.867874 51.999996
v 151.009293 196.867905 52.092667
v 151.002625 196.867874 52.092667
v 151.254532 195.238022 51.699978
v 152.056793 195.801117 51.699978
v 151.301971 196.457062 51.699974
v 151.556839 196.907913 51.699974
v 151.628525 197.476151 51.699974
v 152.509155 196.602814 51.699978
v 152.628494 197.483765 51.699978
v 149.800018 198.583572 46.999992
v 149.800018 198.583572 47.300030
v 151.000031 198.590042 46.999992
v 151.000031 198.590042 47.300030
v 149.800034 199.583557 46.999992
v 149.800034 200.000015 46.999992
v 149.800034 200.110657 46.999992
v 149.800034 199.583557 47.300030
v 149.800034 200.110657 47.300034
v 151.000031 199.590012 46.999992
v 151.000031 200.000000 46.999992
v 151.000015 200.117111 46.999992
v 151.019684 200.000000 46.999992
v 151.000031 199.590012 47.300030
v 151.000015 200.117111 47.300034
v 151.252640 198.429932 47.300030
v 151.520142 198.014465 47.300030
v 151.858444 199.225540 47.300030
v 152.390686 198.506561 47.300030
v 149.800018 198.583572 51.699974
v 151.000031 198.590042 51.699974
v 149.800018 198.583572 51.999996
v 151.003479 197.948807 51.999996
v 151.002625 198.106613 52.092667
v 151.000031 198.590027 51.999996
v 149.800034 199.583557 51.699978
v 149.800034 200.110657 51.699978
v 151.000031 199.590012 51.699978
v 151.000015 200.117111 51.699978
v 149.800034 199.583557 51.999996
v 149.800034 200.110657 51.999996
v 151.000031 199.590012 51.999996
v 151.000015 200.117111 51.999996
v 151.252640 198.429932 51.699974
v 151.520142 198.014465 51.699974
v 151.858444 199.225540 51.699978
v 152.390686 198.506561 51.699978
v 146.381226 208.409180 26.299976
v 146.462708 209.236465 26.299976
v 146.381226 208.409180 30.699986
v 146.462708 209.236465 30.699986
v 147.881226 204.108643 26.299976
v 148.881226 204.108643 26.299976
v 147.881226 204.108643 30.699986
v 148.881226 204.108643 30.699984
v 148.881226 205.409180 26.299976
v 148.887589 206.051743 26.299976
v 148.987274 206.355667 24.000000
v 148.995377 206.355667 26.000004
v 148.906448 206.784180 26.299976
v 148.937057 207.578384 26.299976
v 148.881226 205.409180 30.699984
v 148.887589 206.051743 30.699984
v 149.003891 206.355682 30.999994
v 148.906448 206.784180 30.699984
v 148.937057 207.578384 30.699984
v 150.987274 206.355667 24.000000
v 150.995377 206.355667 26.000004
v 151.003891 206.355682 30.999994
v 147.881226 208.409180 26.299976
v 146.681839 210.090942 26.299976
v 146.992447 210.839569 26.299976
v 148.978256 208.403793 26.299976
v 149.028473 209.228714 26.299976
v 149.085739 210.021439 26.299976
v 149.147888 210.751495 26.299976
v 147.881226 208.409180 30.699986
v 146.681839 210.090942 30.699986
v 146.992447 210.839569 30.699986
v 148.978256 208.403793 30.699984
v 149.028473 209.228714 30.699984
v 149.085739 210.021439 30.699984
v 149.147888 210.751495 30.699984
v 147.295273 211.527924 26.299976
v 147.656784 212.220016 26.299976
v 148.007141 212.936935 26.299976
v 148.681671 211.402527 26.299976
v 149.212524 211.390823 26.299976
v 148.266312 213.662827 26.299976
v 148.481232 214.409180 26.299976
v 149.381226 212.909180 26.299976
v 147.295273 211.527924 30.699986
v 147.656784 212.220016 30.699986
v 148.007141 212.936935 30.699986
v 148.681671 211.402527 30.699984
v 149.212524 211.390823 30.699984
v 148.266312 213.662827 30.699986
v 148.481232 214.409180 30.699986
v 149.381226 212.909180 30.699984
v 146.381226 208.409180 47.300022
v 146.462708 209.236465 47.300022
v 146.381226 208.409180 51.699966
v 146.462708 209.236465 51.699966
v 147.881226 204.108643 47.300022
v 148.881226 204.108643 47.300022
v 147.881226 204.108643 51.699966
v 148.881226 204.108643 51.699966
v 148.881226 205.409180 47.300022
v 148.887589 206.051743 47.300022
v 149.019684 206.355682 46.999992
v 148.906448 206.784180 47.300022
v 148.937057 207.578384 47.300022
v 148.881226 205.409180 51.699966
v 148.887589 206.051743 51.699966
v 148.906448 206.784180 51.699966
v 148.937057 207.578384 51.699966
v 149.003479 206.355682 51.999996
v 148.987274 206.355667 53.768547
v 151.019684 206.355682 46.999992
v 151.003479 206.355682 51.999996
v 150.987274 206.355667 53.768547
v 147.881226 208.409180 47.300022
v 146.681839 210.090942 47.300022
v 146.992447 210.839569 47.300022
v 148.978256 208.403793 47.300022
v 149.028473 209.228714 47.300022
v 149.085739 210.021439 47.300022
v 149.147888 210.751495 47.300022
v 147.881226 208.409180 51.699966
v 146.681839 210.090942 51.699966
v 146.992447 210.839569 51.699966
v 148.978256 208.403793 51.699966
v 149.028473 209.228714 51.699966
v 149.085739 210.021439 51.699966
v 149.147888 210.751495 51.699966
v 147.295273 211.527924 47.300022
v 147.656784 212.220016 47.300022
v 148.007141 212.936935 47.300022
v 148.681671 211.402527 47.300022
v 149.212524 211.390823 47.300022
v 148.266312 213.662827 47.300022
v 148.481232 214.409180 47.300022
v 149.381226 212.909180 47.300022
v 147.295273 211.527924 51.699966
v 147.656784 212.220016 51.699966
v 148.007141 212.936935 51.699966
v 148.681671 211.402527 51.699966
v 149.212524 211.390823 51.699966
v 148.266312 213.662827 51.699966
v 148.481232 214.409180 51.699966
v 149.381226 212.909180 51.699966
vn -0.0000 1.0000 -0.0000
vn 1.0000 -0.0000 0.0092
vn -0.0000 -0.0000 1.0000
vn -1.0000 -0.0000 0.0041
vn -0.0000 -0.0000 -1.0000
vn -0.0000 -1.0000 -0.0000
vn 1.0000 -0.0000 -0.0010
vn -1.0000 -0.0000 -0.0032
vn -1.0000 -0.0000 -0.0092
vn 1.0000 -0.0000 0.0032
vn 1.0000 -0.0000 -0.0041
vn -1.0000 -0.0000 0.0017
vn -1.0000 -0.0000 0.0010
vn -0.9999 -0.0159 0.0010
vn 1.0000 -0.0000 -0.0017
vn -1.0000 -0.0000 0.0092
vn 1.0000 -0.0000 0.0041
vn -1.0000 -0.0000 -0.0010
vn 1.0000 -0.0000 -0.0032
vn 1.0000 -0.0000 -0.0092
vn -1.0000 -0.0000 0.0032
vn -1.0000 -0.0000 -0.0041
vn 1.0000 -0.0000 0.0017
vn 1.0000 -0.0000 0.0010
vn 0.9999 -0.0159 0.0010
vn -1.0000 -0.0000 -0.0017
vn -0.5000 -0.0000 -0.8660
vn -1.0000 -0.0000 -0.0000
vn -0.5000 -0.0000 0.8660
vn 0.5000 -0.0000 0.8660
vn 1.0000 -0.0000 -0.0000
vn 0.5000 -0.0000 -0.8660
vn -0.0980 -0.0000 -0.9952
vn -0.2903 -0.0000 -0.9569
vn -0.4714 -0.0000 -0.8819
vn -0.6344 -0.0000 -0.7730
vn -0.7730 -0.0000 -0.6344
vn -0.8819 -0.0000 -0.4714
vn -0.9569 -0.0000 -0.2903
vn -0.9952 -0.0000 -0.0980
vn -0.9952 -0.0000 0.0980
vn -0.9569 -0.0000 0.2903
vn -0.8819 -0.0000 0.4714
vn -0.7730 -0.0000 0.6344
vn -0.6344 -0.0000 0.7730
vn -0.4714 -0.0000 0.8819
vn -0.2903 -0.0000 0.9569
vn -0.0980 -0.0000 0.9952
vn 0.0980 -0.0000 0.9952
vn 0.2903 -0.0000 0.9569
vn 0.4714 -0.0000 0.8819
vn 0.6344 -0.0000 0.7730
vn 0.7730 -0.0000 0.6344
vn 0.8819 -0.0000 0.4714
vn 0.9569 -0.0000 0.2903
vn 0.9952 -0.0000 0.0980
vn 0.9952 -0.0000 -0.0980
vn 0.9569 -0.0000 -0.2903
vn 0.8819 -0.0000 -0.4714
vn 0.7730 -0.0000 -0.6344
vn 0.6344 -0.0000 -0.7730
vn 0.4714 -0.0000 -0.8819
vn 0.2903 -0.0000 -0.9569
vn 0.0979 -0.0000 -0.9952
vn 0.0980 -0.0000 -0.9952
vn 1.0000 -0.0099 -0.0000
vn 0.9939 -0.1104 -0.0000
vn 0.9949 -0.1006 -0.0000
vn 0.9964 -0.0848 -0.0000
vn 0.9974 -0.0721 -0.0000
vn 0.9982 -0.0607 -0.0000
vn 0.9988 -0.0499 -0.0000
vn 0.9993 -0.0385 -0.0000
vn 0.9997 -0.0257 -0.0000
vn 0.8575 0.5145 -0.0000
vn -0.9610 0.2767 -0.0000
vn -0.9418 0.3363 -0.0000
vn -0.8985 0.4391 -0.0000
vn -0.8864 0.4630 -0.0000
vn -0.9153 0.4027 -0.0000
vn -0.9237 0.3832 -0.0000
vn -0.9687 0.2484 -0.0000
vn -0.9952 0.0980 -0.0000
vn 0.9990 0.0454 -0.0000
vn -0.9989 -0.0463 -0.0000
vn 0.9914 0.1306 -0.0000
vn -0.9872 -0.1595 -0.0000
vn 0.9144 0.4048 -0.0000
vn -0.9028 -0.4302 -0.0000
vn 0.7918 0.6108 -0.0000
vn -0.7756 -0.6312 -0.0000
vn 0.5340 0.8455 -0.0000
vn -0.5228 -0.8524 -0.0000
vn 0.1506 0.9886 -0.0000
vn -0.1539 -0.9881 -0.0000
vn -0.1798 0.9837 -0.0000
vn 0.5745 -0.8185 -0.0000
vn -0.5958 0.8031 -0.0000
vn 0.1779 -0.9840 -0.0000
vn 0.8709 -0.4914 -0.0000
vn -0.8705 0.4921 -0.0000
vn -0.9921 0.1252 -0.0000
vn 0.9909 -0.1342 -0.0000
vn -0.8408 -0.5414 -0.0000
vn 0.8037 0.5950 -0.0000
vn -0.9803 -0.1974 -0.0000
vn 0.9740 0.2265 -0.0000
vn -0.5353 -0.8446 -0.0000
vn 0.3908 0.9205 -0.0000
vn 1.0000 0.0054 -0.0000
vn -1.0000 -0.0054 -0.0000
vn -0.0054 1.0000 -0.0000
vn 0.0053 -1.0000 -0.0000
vn 0.0054 -1.0000 -0.0000
vn -1.0000 -0.0099 -0.0000
vn -0.9939 -0.1104 -0.0000
vn -0.9949 -0.1006 -0.0000
vn -0.9964 -0.0848 -0.0000
vn -0.9974 -0.0721 -0.0000
vn -0.9982 -0.0607 -0.0000
vn -0.9988 -0.0499 -0.0000
vn -0.9993 -0.0385 -0.0000
vn -0.9997 -0.0257 -0.0000
vn -0.8575 0.5145 -0.0000
vn 0.9610 0.2767 -0.0000
vn 0.9418 0.3363 -0.0000
vn 0.8985 0.4391 -0.0000
vn 0.8864 0.4630 -0.0000
vn 0.9153 0.4027 -0.0000
vn 0.9237 0.3832 -0.0000
vn 0.9687 0.2484 -0.0000
vn 0.9952 0.0980 -0.0000
vn -0.9990 0.0454 -0.0000
vn 0.9989 -0.0463 -0.0000
vn -0.9914 0.1306 -0.0000
vn 0.9872 -0.1595 -0.0000
vn -0.9144 0.4048 -0.0000
vn 0.9028 -0.4302 -0.0000
vn -0.7918 0.6108 -0.0000
vn 0.7756 -0.6312 -0.0000
vn -0.5340 0.8455 -0.0000
vn 0.5228 -0.8524 -0.0000
vn -0.1506 0.9886 -0.0000
vn 0.1539 -0.9881 -0.0000
vn 0.1798 0.9837 -0.0000
vn -0.5745 -0.8185 -0.0000
vn 0.5958 0.8031 -0.0000
vn -0.1779 -0.9840 -0.0000
vn -0.8709 -0.4914 -0.0000
vn 0.8705 0.4921 -0.0000
vn 0.9921 0.1252 -0.0000
vn -0.9909 -0.1342 -0.0000
vn 0.8408 -0.5414 -0.0000
vn -0.8037 0.5950 -0.0000
vn 0.9803 -0.1974 -0.0000
vn -0.9740 0.2265 -0.0000
vn 0.5353 -0.8446 -0.0000
vn -0.3908 0.9205 -0.0000
vn -1.0000 0.0054 -0.0000
vn 1.0000 -0.0054 -0.0000
vn 0.0054 1.0000 -0.0000
vn -0.0054 -1.0000 -0.0000
vn 1.0000 -0.0000 -0.0040
vn 1.0000 0.0001 -0.0010
vn -0.0001 -0.0000 -1.0000
vn 0.0030 -0.0000 -1.0000
vn -0.0016 -0.0000 -1.0000
vn 0.0002 -0.0000 1.0000
vn -0.0004 -0.0000 1.0000
vn -0.0000 1.0000 -0.0001
vn -0.0153 -0.0000 -0.9999
vn 0.0001 -0.0000 -1.0000
vn -1.0000 -0.0000 -0.0040
vn -0.0048 -0.0000 -1.0000
vn -0.0001 -0.0000 1.0000
vn 0.0175 -0.0000 -0.9998
vn -0.0016 -0.0000 1.0000
vn -0.0003 -0.0000 -1.0000
vn 0.9941 0.1084 -0.0000
vn 0.0031 -0.1230 0.9924
vn -0.0006 -0.0000 1.0000
vn 0.0003 -0.0000 1.0000
vn -0.0002 -0.0000 -1.0000
vn -0.0053 1.0000 -0.0000
vn -0.0057 1.0000 -0.0000
vn 0.0004 -0.0000 1.0000
vn -0.0003 -0.0000 1.0000
vn 0.0053 1.0000 -0.0000
vt 0.625000 0.500000
vt 0.602500 0.450000
vt 0.625000 0.450000
vt 0.602500 0.750000
vt 0.625000 0.625000
vt 0.625000 0.750000
vt 0.675000 0.625000
vt 0.675000 0.750000
vt 0.501250 0.804500
vt 0.475000 0.804500
vt 0.675000 0.587500
vt 0.625000 0.587500
vt 0.602500 0.625000
vt 0.000000 0.000000
vt 0.679500 0.625000
vt 0.679500 0.750000
vt 0.602500 0.800000
vt 0.625000 0.800000
vt 0.602500 0.804500
vt 0.625000 0.804500
vt 0.700875 0.750000
vt 0.722250 0.625000
vt 0.722250 0.750000
vt 0.602500 0.847250
vt 0.625000 0.825875
vt 0.625000 0.847250
vt 0.549976 0.841829
vt 0.549340 0.842978
vt 0.528813 0.825875
vt 0.580000 0.804500
vt 0.528813 0.800000
vt 0.580000 0.800000
vt 0.528813 0.750000
vt 0.580000 0.750000
vt 0.528813 0.625000
vt 0.580000 0.587500
vt 0.580000 0.625000
vt 0.602500 0.804500
vt 0.528813 0.500000
vt 0.580000 0.450000
vt 0.580000 0.500000
vt 0.583951 0.841835
vt 0.582860 0.840895
vt 0.602500 0.587500
vt 0.475000 0.500000
vt 0.501250 0.450000
vt 0.501250 0.500000
vt 0.501250 0.750000
vt 0.475000 0.625000
vt 0.501250 0.625000
vt 0.475000 0.587500
vt 0.501250 0.587500
vt 0.475000 0.750000
vt 0.501250 0.800000
vt 0.475000 0.800000
vt 0.501250 0.847250
vt 0.475000 0.825875
vt 0.501250 0.825875
vt 0.501250 0.804500
vt 0.528813 0.804500
vt 0.528813 0.804500
vt 0.580000 0.804500
vt 0.528813 0.587500
vt 0.528813 0.847250
vt 0.498298 0.550268
vt 0.498298 0.570493
vt 0.529221 0.571660
vt 0.528813 0.561250
vt 0.603679 0.570493
vt 0.603679 0.561289
vt 0.675000 0.500000
vt 0.580000 0.825875
vt 0.602500 0.825875
vt 0.700875 0.625000
vt 0.580000 0.561250
vt 0.574169 0.845833
vt 0.557215 0.841952
vt 0.557852 0.843100
vt 0.528813 0.450000
vt 0.583951 0.841956
vt 0.584846 0.843103
vt 0.475000 0.450000
vt 0.475000 0.847250
vt 0.498298 0.570493
vt 0.498298 0.550268
vt 0.529221 0.576416
vt 0.603679 0.561289
vt 0.833333 1.000000
vt 1.000000 0.602302
vt 0.833333 0.602301
vt 0.763551 0.602301
vt 0.666667 0.602301
vt 0.500000 0.602301
vt 0.666667 1.000000
vt 0.333333 1.000000
vt 0.499214 0.602301
vt 0.126790 0.250000
vt 0.129158 0.225963
vt 0.042154 0.130000
vt 0.370842 0.274037
vt 0.457846 0.370000
vt 0.457846 0.130000
vt 0.333333 0.602301
vt 0.166667 0.602301
vt 0.166667 1.000000
vt 0.166667 0.602301
vt 0.000786 0.602302
vt -0.000000 1.000000
vt 1.000000 1.000000
vt 0.833333 0.602302
vt 0.666667 0.602302
vt 0.500000 0.602302
vt 0.666667 0.602302
vt 0.499214 0.602302
vt 0.136169 0.202850
vt 0.147555 0.181548
vt 0.352445 0.318452
vt 0.363831 0.297150
vt 0.333333 0.602302
vt 0.166667 0.602302
vt -0.000000 0.602301
vt 1.000000 0.898152
vt 0.968750 0.829297
vt 0.968750 0.898152
vt 0.937500 0.898152
vt 0.968750 0.829297
vt 0.937500 0.829297
vt 0.937500 0.829297
vt 0.906250 0.898152
vt 0.937500 0.898152
vt 0.875000 0.898152
vt 0.906250 0.829297
vt 0.875000 0.829297
vt 0.843750 0.898152
vt 0.875000 0.829297
vt 0.843750 0.829297
vt 0.812500 0.898152
vt 0.843750 0.829297
vt 0.812500 0.829297
vt 0.781250 0.898152
vt 0.812500 0.829297
vt 0.781250 0.829297
vt 0.775369 0.898152
vt 0.781250 0.829297
vt 0.750000 0.829297
vt 0.718750 0.829297
vt 0.750000 0.898152
vt 0.750000 0.829297
vt 0.687500 0.829297
vt 0.718750 0.898152
vt 0.718750 0.829297
vt 0.656250 0.898152
vt 0.687500 0.829297
vt 0.656250 0.829297
vt 0.625000 0.829297
vt 0.656250 0.829297
vt 0.625000 0.898152
vt 0.593750 0.829297
vt 0.593750 0.898152
vt 0.562500 0.829297
vt 0.593750 0.829297
vt 0.562500 0.898152
vt 0.531250 0.829297
vt 0.531250 0.898152
vt 0.531250 0.898152
vt 0.500000 0.829297
vt 0.500000 0.898152
vt 0.498725 0.898152
vt 0.500000 0.829297
vt 0.468750 0.829297
vt 0.468750 0.898152
vt 0.437500 0.829297
vt 0.437500 0.898152
vt 0.406250 0.829297
vt 0.437500 0.829297
vt 0.406250 0.898152
vt 0.375000 0.829297
vt 0.375000 0.898152
vt 0.343750 0.898152
vt 0.375000 0.829297
vt 0.343750 0.829297
vt 0.312500 0.898152
vt 0.343750 0.829297
vt 0.312500 0.829297
vt 0.281250 0.829297
vt 0.281250 0.898152
vt 0.250000 0.898152
vt 0.281250 0.829297
vt 0.250000 0.829297
vt 0.224631 0.898152
vt 0.250000 0.829297
vt 0.218750 0.829297
vt 0.218750 0.898152
vt 0.187500 0.829297
vt 0.187500 0.898152
vt 0.156250 0.829297
vt 0.187500 0.829297
vt 0.125000 0.829297
vt 0.156250 0.898152
vt 0.156250 0.829297
vt 0.125000 0.898152
vt 0.093750 0.829297
vt 0.093750 0.898152
vt 0.093750 0.829297
vt 0.062500 0.898152
vt 0.031250 0.829297
vt 0.062500 0.829297
vt 0.031250 0.829297
vt 0.000000 0.898152
vt 0.001275 0.898152
vt 0.968750 0.898152
vt 0.937500 0.898152
vt 0.937500 0.898152
vt 0.906250 0.829297
vt 0.906250 0.898152
vt 0.875000 0.898152
vt 0.875000 0.898152
vt 0.843750 0.898152
vt 0.812500 0.898152
vt 0.781250 0.898152
vt 0.781250 0.898152
vt 0.750000 0.898152
vt 0.718750 0.898152
vt 0.687500 0.898152
vt 0.656250 0.898152
vt 0.656250 0.898152
vt 0.625000 0.898152
vt 0.625000 0.898152
vt 0.593750 0.898152
vt 0.562500 0.898152
vt 0.531250 0.898152
vt 0.531250 0.898152
vt 0.500000 0.898152
vt 0.498725 0.898152
vt 0.468750 0.898152
vt 0.437500 0.898152
vt 0.375000 0.898152
vt 0.406250 0.829297
vt 0.343750 0.898152
vt 0.312500 0.898152
vt 0.281250 0.898152
vt 0.250000 0.898152
vt 0.218750 0.898152
vt 0.250000 0.898152
vt 0.187500 0.898152
vt 0.156250 0.898152
vt 0.125000 0.898152
vt 0.093750 0.898152
vt 0.125000 0.829297
vt 0.062500 0.898152
vt 0.062500 0.829297
vt 0.031250 0.898152
vt 0.001275 0.898152
vt 1.343415 1.243902
vt 0.810000 0.631250
vt 1.229038 1.137998
vt 0.661372 0.612382
vt 0.519292 0.480826
vt 0.810000 0.500000
vt 0.512914 0.323512
vt 0.190014 0.119058
vt 0.405897 0.375831
vt 0.273303 0.253058
vt 0.388257 0.359497
vt 0.809039 0.749110
vt 0.956615 0.885755
vt 1.098432 1.017067
vt 0.100130 0.061809
vt 0.100130 0.061809
vt 0.295613 0.189189
vt 0.408454 0.264550
vt 0.609345 0.377996
vt 0.512914 0.323512
vt 0.692927 0.427733
vt 0.602500 0.500000
vt 0.574071 0.847190
vt 0.574075 0.847250
vt 0.558710 0.847250
vt 0.558714 0.847190
vt 0.574169 0.845713
vt 0.558616 0.845711
vt 0.574460 0.844293
vt 0.558325 0.844290
vt 0.574933 0.842984
vt 0.557852 0.842980
vt 0.575570 0.841838
vt 0.557215 0.841831
vt 0.576346 0.840897
vt 0.556439 0.840889
vt 0.577231 0.840198
vt 0.555555 0.840188
vt 0.578191 0.839768
vt 0.554594 0.839756
vt 0.580000 0.839742
vt 0.579189 0.839623
vt 0.553596 0.839610
vt 0.548481 0.847250
vt 0.548477 0.847190
vt 0.552597 0.839755
vt 0.548575 0.845710
vt 0.548867 0.844288
vt 0.551637 0.840186
vt 0.550752 0.840886
vt 0.586054 0.847250
vt 0.586060 0.847190
vt 0.585921 0.845712
vt 0.580264 0.839769
vt 0.581615 0.840197
vt 0.585512 0.844291
vt 0.584846 0.842982
vt 0.498298 0.557698
vt 0.501250 0.570493
vt 0.501250 0.546352
vt 0.498298 0.546352
vt 0.528813 0.576416
vt 0.529221 0.576416
vt 0.528813 0.571547
vt 0.602500 0.570493
vt 0.602500 0.562462
vt 0.579189 0.839743
vt 0.580000 0.839862
vt 0.548481 0.847250
vt 0.548575 0.845831
vt 0.548867 0.844409
vt 0.578191 0.839888
vt 0.577231 0.840318
vt 0.549340 0.843098
vt 0.549976 0.841949
vt 0.576346 0.841017
vt 0.575570 0.841958
vt 0.550752 0.841007
vt 0.551637 0.840307
vt 0.574933 0.843105
vt 0.574460 0.844413
vt 0.552597 0.839876
vt 0.553596 0.839731
vt 0.554594 0.839877
vt 0.555555 0.840309
vt 0.574075 0.847250
vt 0.556440 0.841009
vt 0.558616 0.845832
vt 0.558325 0.844411
vt 0.580264 0.839889
vt 0.581615 0.840318
vt 0.585921 0.845832
vt 0.585512 0.844411
vt 0.582860 0.841016
vt 0.498298 0.557698
vt 0.498298 0.546352
vt 0.529221 0.571660
vt 0.602500 0.562462
vt 0.833333 0.602301
vt 0.500000 1.000000
vt 0.373210 0.250000
vt 0.363831 0.297150
vt 0.352445 0.318452
vt 0.337122 0.337122
vt 0.370842 0.225963
vt 0.363831 0.202850
vt 0.250000 0.490000
vt 0.318452 0.352445
vt 0.352445 0.181548
vt 0.337122 0.162878
vt 0.297150 0.363831
vt 0.274037 0.370842
vt 0.250000 0.010000
vt 0.318452 0.147555
vt 0.250000 0.373210
vt 0.225963 0.370842
vt 0.297150 0.136169
vt 0.274037 0.129158
vt 0.042154 0.370000
vt 0.202850 0.363831
vt 0.250000 0.126790
vt 0.225963 0.129158
vt 0.181548 0.352445
vt 0.162878 0.337122
vt 0.202850 0.136169
vt 0.147555 0.318452
vt 0.136169 0.297150
vt 0.181548 0.147555
vt 0.162878 0.162878
vt 0.129158 0.274037
vt 0.147555 0.181548
vt 0.136169 0.202850
vt 0.236449 0.602301
vt -0.000000 0.602302
vt 1.000000 0.602301
vt 0.333333 0.602302
vt 0.318452 0.352445
vt 0.373210 0.250000
vt 0.297150 0.363831
vt 0.274037 0.370842
vt 0.363831 0.202850
vt 0.250000 0.373210
vt 0.225963 0.370842
vt 0.352445 0.181548
vt 0.337122 0.162878
vt 0.202850 0.363831
vt 0.318452 0.147555
vt 0.297150 0.136169
vt 0.274037 0.129158
vt 0.147555 0.318452
vt 0.136169 0.297150
vt 0.225963 0.129158
vt 0.129158 0.274037
vt 0.202850 0.136169
vt 0.129158 0.225963
vt 0.181548 0.147555
vt 0.162878 0.162878
vt 0.000786 0.602301
vt 1.000000 0.829297
vt 0.843750 0.898152
vt 0.812500 0.898152
vt 0.750000 0.898152
vt 0.781250 0.898152
vt 0.687500 0.898152
vt 0.625000 0.829297
vt 0.468750 0.898152
vt 0.468750 0.829297
vt 0.406250 0.898152
vt 0.312500 0.829297
vt 0.218750 0.898152
vt 0.250000 0.898152
vt 0.218750 0.829297
vt 0.156250 0.898152
vt 0.031250 0.898152
vt 0.000000 0.829297
vt 0.843750 0.898152
vt 0.750000 0.898152
vt 0.718750 0.898152
vt 0.562500 0.829297
vt 0.468750 0.898152
vt 0.406250 0.898152
vt 0.375000 0.898152
vt 0.343750 0.898152
vt 0.312500 0.898152
vt 0.281250 0.898152
vt 0.187500 0.898152
s 0
f 888/1/1 884/2/1 885/3/1
f 712/4/2 716/5/2 713/6/2
f 713/6/3 707/7/3 701/8/3
f 482/9/4 483/10/4 481/10/4
f 732/11/3 716/5/3 764/12/3
f 715/13/2 764/12/2 716/5/2
f 532/14/5 825/14/5 834/14/5
f 493/14/1 492/14/1 494/14/1
f 825/14/4 510/14/4 826/14/4
f 487/14/5 503/14/5 499/14/5
f 483/14/5 493/14/5 487/14/5
f 701/8/3 705/15/3 698/16/3
f 710/4/2 713/6/2 711/6/2
f 449/14/5 491/14/5 483/14/5
f 491/14/1 453/14/1 492/14/1
f 699/17/6 711/6/6 700/18/6
f 695/19/6 700/18/6 696/20/6
f 481/14/5 487/14/5 485/14/5
f 698/16/3 700/8/3 701/8/3
f 711/6/3 701/8/3 700/8/3
f 485/14/5 499/14/5 497/14/5
f 686/21/3 683/22/3 665/23/3
f 664/24/6 686/25/6 665/26/6
f 460/27/6 459/28/6 451/29/6
f 692/30/6 490/31/6 694/32/6
f 694/32/6 501/33/6 708/34/6
f 687/14/1 704/14/1 702/14/1
f 708/34/7 502/33/7 709/34/7
f 702/14/1 706/14/1 703/14/1
f 505/35/7 744/36/7 714/37/7
f 697/38/8 692/30/8 695/19/8
f 502/33/7 714/37/7 709/34/7
f 836/39/1 877/40/1 886/41/1
f 695/19/9 698/20/9 697/38/9
f 704/14/1 707/14/1 706/14/1
f 731/14/9 885/14/9 884/14/9
f 688/14/1 705/14/1 704/14/1
f 655/42/6 654/43/6 664/24/6
f 692/30/6 699/17/6 695/19/6
f 694/32/6 710/4/6 699/17/6
f 708/34/10 712/4/10 710/4/10
f 714/37/10 763/44/10 715/13/10
f 709/34/10 715/13/10 712/4/10
f 834/45/1 826/46/1 835/47/1
f 500/48/11 503/49/11 504/50/11
f 504/50/11 532/51/11 535/52/11
f 498/48/11 499/53/11 500/48/11
f 486/54/6 497/53/6 498/48/6
f 482/9/6 485/55/6 486/54/6
f 444/56/6 449/57/6 450/58/6
f 492/14/1 454/14/1 495/14/1
f 494/14/1 495/14/1 496/14/1
f 484/59/12 488/60/12 489/61/12
f 489/61/13 692/30/13 693/62/13
f 479/14/5 496/14/5 495/14/5
f 690/14/14 454/14/14 687/14/14
f 502/33/15 504/50/15 505/35/15
f 505/35/15 535/52/15 553/63/15
f 501/33/15 500/48/15 502/33/15
f 490/31/6 498/48/6 501/33/6
f 488/60/6 486/54/6 490/31/6
f 445/64/6 450/58/6 451/29/6
f 702/14/3 720/14/3 690/14/3
f 510/14/12 496/14/12 520/14/12
f 575/65/11 539/66/11 834/45/11
f 706/14/9 732/14/9 731/14/9
f 592/67/7 603/68/7 744/36/7
f 703/14/8 731/14/8 720/14/8
f 508/14/4 494/14/4 510/14/4
f 508/14/5 503/14/5 493/14/5
f 770/69/2 801/70/2 888/1/2
f 764/12/3 885/71/3 732/11/3
f 535/14/1 520/14/1 553/14/1
f 571/14/3 578/14/3 826/14/3
f 808/14/5 807/14/5 884/14/5
f 763/14/1 720/14/1 731/14/1
f 748/14/3 778/14/3 720/14/3
f 740/14/3 690/14/3 720/14/3
f 451/29/6 484/59/6 489/61/6
f 639/14/1 649/14/1 651/14/1
f 453/14/1 448/14/1 454/14/1
f 450/58/6 483/10/6 484/59/6
f 684/72/6 697/38/6 685/73/6
f 682/14/1 689/14/1 688/14/1
f 681/14/1 682/14/1 688/14/1
f 684/72/6 489/61/6 693/62/6
f 685/73/6 698/20/6 686/25/6
f 689/74/3 698/16/3 705/15/3
f 452/14/1 447/14/1 453/14/1
f 443/14/5 452/14/5 449/14/5
f 480/14/13 690/14/13 691/14/13
f 479/14/5 531/14/5 520/14/5
f 599/14/5 531/14/5 836/14/5
f 831/14/13 740/14/13 877/14/13
f 531/14/1 691/14/1 740/14/1
f 789/14/3 886/14/3 877/14/3
f 790/75/7 836/39/7 886/41/7
f 520/14/5 590/14/5 557/14/5
f 601/14/5 603/14/5 594/14/5
f 407/2/1 393/1/1 408/3/1
f 160/4/16 164/5/16 163/13/16
f 161/6/3 178/7/3 164/5/3
f 14/9/17 15/10/17 16/59/17
f 164/5/3 266/11/3 209/12/3
f 163/13/16 209/12/16 208/44/16
f 33/14/5 348/14/5 104/14/5
f 20/14/1 23/14/1 22/14/1
f 106/14/17 348/14/17 349/14/17
f 12/14/5 7/14/5 20/14/5
f 15/14/5 20/14/5 22/14/5
f 170/8/3 180/15/3 178/7/3
f 158/4/16 161/6/16 160/4/16
f 22/14/5 130/14/5 15/14/5
f 22/14/1 134/14/1 133/14/1
f 168/17/6 159/6/6 158/4/6
f 169/18/6 171/19/6 172/20/6
f 12/14/5 13/14/5 10/14/5
f 169/8/3 174/16/3 170/8/3
f 159/6/3 170/8/3 161/6/3
f 10/14/5 3/14/5 12/14/5
f 311/21/3 683/22/3 314/74/3
f 311/25/6 664/24/6 665/26/6
f 291/76/6 282/77/6 283/78/6
f 17/31/6 166/30/6 165/32/6
f 5/33/6 165/32/6 156/34/6
f 179/14/1 312/14/1 176/14/1
f 6/33/18 156/34/18 157/34/18
f 176/14/1 177/14/1 179/14/1
f 9/35/18 188/36/18 52/63/18
f 166/30/19 173/38/19 171/19/19
f 9/35/18 157/34/18 162/37/18
f 341/39/1 400/40/1 354/79/1
f 174/20/20 171/19/20 173/38/20
f 178/14/1 179/14/1 177/14/1
f 265/14/20 408/14/20 266/14/20
f 180/14/1 313/14/1 179/14/1
f 321/80/6 322/81/6 664/24/6
f 166/30/6 168/17/6 165/32/6
f 165/32/6 158/4/6 156/34/6
f 156/34/21 160/4/21 157/34/21
f 162/37/21 208/44/21 188/36/21
f 157/34/21 163/13/21 162/37/21
f 339/45/1 349/46/1 348/82/1
f 7/49/22 4/48/22 8/50/22
f 33/51/22 8/50/22 34/52/22
f 3/53/22 2/48/22 4/48/22
f 1/53/6 11/54/6 2/48/6
f 14/9/6 10/55/6 13/10/6
f 444/56/6 130/57/6 443/83/6
f 23/14/1 135/14/1 134/14/1
f 25/14/1 21/14/1 24/14/1
f 16/59/23 18/60/23 14/9/23
f 19/61/24 166/30/24 18/60/24
f 116/14/5 135/14/5 25/14/5
f 135/14/25 337/14/25 312/14/25
f 8/50/26 6/33/26 9/35/26
f 34/52/26 9/35/26 52/63/26
f 4/48/26 5/33/26 6/33/26
f 2/48/6 17/31/6 5/33/6
f 11/54/6 18/60/6 17/31/6
f 131/58/6 445/64/6 132/29/6
f 176/14/3 337/14/3 253/14/3
f 24/14/23 106/14/23 116/14/23
f 40/84/22 73/85/22 339/45/22
f 177/14/20 266/14/20 178/14/20
f 60/86/18 188/36/18 225/75/18
f 175/14/19 265/14/19 177/14/19
f 21/14/17 104/14/17 106/14/17
f 7/14/5 104/14/5 20/14/5
f 214/69/16 393/1/16 242/87/16
f 209/12/3 408/71/3 393/1/3
f 34/14/1 116/14/1 106/14/1
f 79/14/3 106/14/3 81/14/3
f 251/14/5 252/14/5 407/14/5
f 253/14/1 208/14/1 265/14/1
f 195/14/3 188/14/3 253/14/3
f 275/14/3 337/14/3 338/14/3
f 132/29/6 16/59/6 131/58/6
f 302/14/1 294/14/1 135/14/1
f 448/14/1 134/14/1 135/14/1
f 131/58/6 15/10/6 130/57/6
f 173/38/6 309/72/6 310/73/6
f 314/14/1 682/14/1 313/14/1
f 330/14/1 312/14/1 682/14/1
f 19/61/6 309/72/6 167/62/6
f 174/20/6 310/73/6 311/25/6
f 174/16/3 314/74/3 180/15/3
f 133/14/1 447/14/1 446/14/1
f 443/14/5 133/14/5 446/14/5
f 155/14/24 337/14/24 154/14/24
f 128/14/5 154/14/5 116/14/5
f 98/14/5 341/14/5 354/14/5
f 354/14/24 275/14/24 128/14/24
f 338/14/1 128/14/1 275/14/1
f 232/14/3 275/14/3 391/14/3
f 341/39/18 225/75/18 391/41/18
f 92/14/5 100/14/5 116/14/5
f 87/14/5 97/14/5 94/14/5
f 679/88/27 675/89/27 681/90/27
f 679/88/28 680/91/28 651/92/28
f 649/93/29 650/94/29 651/92/29
f 301/95/30 649/93/30 648/96/30
f 326/97/1 325/98/1 301/99/1
f 678/100/1 679/101/1 650/102/1
f 302/103/31 330/104/31 328/105/31
f 330/106/32 674/107/32 673/108/32
f 634/109/27 639/110/27 638/88/27
f 478/111/28 638/88/28 639/110/28
f 474/112/29 477/94/29 478/113/29
f 144/95/30 474/112/30 473/114/30
f 151/115/1 148/116/1 144/99/1
f 631/117/1 638/101/1 630/118/1
f 292/105/31 147/119/31 294/120/31
f 294/120/32 636/121/32 634/108/32
f 657/122/33 671/123/33 658/124/33
f 659/125/34 671/126/34 672/127/34
f 672/128/35 652/129/35 659/130/35
f 655/131/36 666/132/36 669/133/36
f 654/134/37 669/135/37 668/136/37
f 653/137/38 668/138/38 667/139/38
f 663/140/39 667/141/39 678/142/39
f 662/143/40 678/144/40 677/145/40
f 676/146/41 661/147/41 677/148/41
f 647/149/42 660/150/42 676/151/42
f 625/152/43 647/153/43 646/154/43
f 645/155/44 625/152/44 646/156/44
f 624/157/45 644/158/45 623/159/45
f 643/160/46 623/159/46 644/161/46
f 622/162/47 642/163/47 621/164/47
f 621/165/48 641/166/48 620/167/48
f 619/168/49 641/169/49 308/170/49
f 291/171/50 307/172/50 290/173/50
f 306/174/51 290/173/51 307/175/51
f 289/176/52 305/177/52 288/178/52
f 286/179/53 305/180/53 303/181/53
f 287/182/54 303/183/54 304/184/54
f 287/182/55 325/185/55 315/186/55
f 316/187/56 325/188/56 326/189/56
f 317/190/57 326/191/57 327/192/57
f 318/193/58 331/194/58 319/195/58
f 332/196/59 319/195/59 331/197/59
f 333/198/60 320/199/60 332/200/60
f 321/201/61 334/202/61 322/203/61
f 334/204/62 323/205/62 322/203/62
f 336/206/63 323/205/63 335/207/63
f 336/208/64 657/209/64 656/210/64
f 611/122/33 628/123/33 612/211/33
f 612/211/34 629/127/34 613/212/34
f 613/213/35 632/214/35 616/215/35
f 616/215/36 633/133/36 617/216/36
f 617/217/37 631/136/37 615/218/37
f 614/219/38 631/138/38 630/139/38
f 614/219/39 637/142/39 618/220/39
f 476/145/40 618/221/40 637/144/40
f 475/146/41 464/222/41 476/148/41
f 472/149/42 463/223/42 475/146/42
f 462/224/43 471/154/43 461/225/43
f 461/226/44 470/155/44 460/227/44
f 460/228/45 469/158/45 459/229/45
f 469/161/46 458/230/46 459/229/46
f 458/230/47 467/163/47 457/231/47
f 457/232/48 466/166/48 456/233/48
f 455/234/49 466/169/49 153/170/49
f 143/235/50 152/172/50 142/236/50
f 149/174/51 142/236/51 152/175/51
f 140/237/52 149/238/52 150/177/52
f 138/239/53 150/180/53 148/181/53
f 141/240/54 148/183/54 151/184/54
f 136/241/55 151/184/55 145/185/55
f 137/242/56 145/188/56 146/189/56
f 146/191/57 279/243/57 137/244/57
f 279/243/58 295/194/58 280/245/58
f 281/246/59 295/197/59 296/196/59
f 282/247/60 296/196/60 297/198/60
f 283/248/61 297/249/61 298/202/61
f 284/250/62 298/204/62 299/251/62
f 285/252/63 299/207/63 300/206/63
f 300/208/65 611/209/65 610/253/65
f 738/14/28 873/14/28 871/14/28
f 741/14/3 874/14/3 873/14/3
f 738/14/5 872/14/5 739/14/5
f 742/14/31 872/14/31 874/14/31
f 875/254/31 874/14/31 872/14/31
f 875/254/5 871/14/5 889/255/5
f 873/14/3 880/254/3 896/255/3
f 876/256/66 880/254/66 875/254/66
f 900/257/3 901/258/3 896/255/3
f 889/255/6 869/259/6 867/259/6
f 898/260/3 896/255/3 913/261/3
f 871/14/28 896/255/28 889/255/28
f 914/262/3 918/14/3 917/14/3
f 910/14/67 915/263/67 907/263/67
f 902/264/68 907/263/68 915/263/68
f 910/14/5 906/262/5 909/14/5
f 889/255/5 893/257/5 892/265/5
f 895/264/69 901/258/69 894/258/69
f 894/258/70 900/257/70 893/257/70
f 893/257/71 899/265/71 892/265/71
f 892/265/72 883/266/72 879/266/72
f 879/266/73 882/267/73 878/267/73
f 878/267/74 881/256/74 876/256/74
f 889/255/5 905/261/5 908/268/5
f 909/14/75 918/14/75 910/14/75
f 909/14/76 916/269/76 917/14/76
f 905/261/77 916/269/77 908/268/77
f 904/270/78 913/261/78 905/261/78
f 903/271/79 912/270/79 904/270/79
f 903/271/80 898/260/80 911/271/80
f 890/272/81 898/260/81 891/273/81
f 868/274/82 897/272/82 890/272/82
f 867/259/83 870/274/83 868/274/83
f 741/14/3 737/14/3 742/14/3
f 742/14/84 726/14/84 739/14/84
f 726/14/5 738/14/5 739/14/5
f 718/14/85 741/14/85 738/14/85
f 726/14/86 736/14/86 725/14/86
f 717/14/87 728/14/87 718/14/87
f 718/14/5 725/14/5 717/14/5
f 728/14/3 736/14/3 737/14/3
f 717/14/5 723/14/5 722/14/5
f 727/14/3 734/14/3 736/14/3
f 725/14/88 734/14/88 723/14/88
f 722/14/89 727/14/89 717/14/89
f 722/14/5 724/14/5 719/14/5
f 733/14/3 735/14/3 734/14/3
f 723/14/90 735/14/90 724/14/90
f 719/14/91 733/14/91 722/14/91
f 724/14/92 759/14/92 743/14/92
f 721/14/93 729/14/93 719/14/93
f 719/14/5 743/14/5 721/14/5
f 729/14/3 759/14/3 735/14/3
f 745/14/5 743/14/5 746/14/5
f 759/14/3 760/14/3 761/14/3
f 743/14/94 761/14/94 746/14/94
f 745/14/95 730/14/95 721/14/95
f 527/14/28 821/14/28 819/14/28
f 529/14/3 822/14/3 821/14/3
f 527/14/5 820/14/5 528/14/5
f 530/14/31 820/14/31 822/14/31
f 823/254/31 822/14/31 820/14/31
f 823/254/5 819/14/5 837/255/5
f 821/14/3 829/254/3 844/255/3
f 824/256/66 829/254/66 823/254/66
f 848/257/3 849/258/3 844/255/3
f 817/259/6 837/255/6 844/255/6
f 846/260/3 844/255/3 861/261/3
f 819/14/28 844/255/28 837/255/28
f 862/262/3 866/14/3 865/14/3
f 863/263/67 858/14/67 866/14/67
f 850/264/68 855/263/68 863/263/68
f 858/14/5 854/262/5 857/14/5
f 837/255/5 841/257/5 840/265/5
f 849/258/69 843/264/69 850/264/69
f 842/258/70 848/257/70 841/257/70
f 841/257/71 847/265/71 840/265/71
f 840/265/72 833/266/72 828/266/72
f 828/266/73 832/267/73 827/267/73
f 827/267/74 830/256/74 824/256/74
f 837/255/5 853/261/5 856/268/5
f 857/14/75 866/14/75 858/14/75
f 856/268/76 865/14/76 857/14/76
f 853/261/77 864/269/77 856/268/77
f 852/270/78 861/261/78 853/261/78
f 851/271/79 860/270/79 852/270/79
f 839/273/80 859/271/80 851/271/80
f 838/272/81 846/260/81 839/273/81
f 816/274/82 845/272/82 838/272/82
f 815/259/83 818/274/83 816/274/83
f 529/14/3 526/14/3 530/14/3
f 530/14/84 516/14/84 528/14/84
f 516/14/5 527/14/5 528/14/5
f 507/14/85 529/14/85 527/14/85
f 516/14/86 525/14/86 515/14/86
f 506/14/87 518/14/87 507/14/87
f 507/14/5 515/14/5 506/14/5
f 518/14/3 525/14/3 526/14/3
f 506/14/5 513/14/5 512/14/5
f 517/14/3 523/14/3 525/14/3
f 523/14/88 515/14/88 525/14/88
f 512/14/89 517/14/89 506/14/89
f 512/14/5 514/14/5 509/14/5
f 522/14/3 524/14/3 523/14/3
f 513/14/90 524/14/90 514/14/90
f 509/14/91 522/14/91 512/14/91
f 514/14/92 551/14/92 533/14/92
f 511/14/93 519/14/93 509/14/93
f 509/14/5 533/14/5 511/14/5
f 519/14/3 551/14/3 524/14/3
f 534/14/5 533/14/5 536/14/5
f 551/14/3 552/14/3 554/14/3
f 533/14/94 554/14/94 536/14/94
f 534/14/95 521/14/95 511/14/95
f 746/14/96 762/14/96 747/14/96
f 554/14/3 562/14/3 555/14/3
f 753/14/97 771/14/97 752/14/97
f 747/14/98 773/14/98 754/14/98
f 536/14/96 555/14/96 537/14/96
f 752/14/99 760/14/99 745/14/99
f 544/14/99 552/14/99 534/14/99
f 752/14/5 746/14/5 747/14/5
f 544/14/5 536/14/5 537/14/5
f 761/14/3 771/14/3 762/14/3
f 563/14/100 549/14/100 567/14/100
f 546/14/101 565/14/101 547/14/101
f 545/14/5 537/14/5 546/14/5
f 555/14/3 563/14/3 564/14/3
f 753/14/5 747/14/5 754/14/5
f 762/14/3 772/14/3 773/14/3
f 537/14/98 564/14/98 546/14/98
f 545/14/97 562/14/97 544/14/97
f 758/14/5 755/14/5 756/14/5
f 565/14/3 568/14/3 566/14/3
f 754/14/101 774/14/101 755/14/101
f 757/14/100 772/14/100 753/14/100
f 547/14/5 545/14/5 546/14/5
f 565/14/3 563/14/3 567/14/3
f 755/14/5 753/14/5 754/14/5
f 774/14/3 772/14/3 776/14/3
f 607/14/3 568/14/3 609/14/3
f 550/14/5 586/14/5 588/14/5
f 774/14/3 777/14/3 775/14/3
f 547/14/102 566/14/102 548/14/102
f 567/14/103 550/14/103 568/14/103
f 755/14/102 775/14/102 756/14/102
f 758/14/103 776/14/103 757/14/103
f 550/14/5 547/14/5 548/14/5
f 794/14/104 811/14/104 793/14/104
f 587/14/105 609/14/105 588/14/105
f 758/14/5 794/14/5 796/14/5
f 812/14/3 777/14/3 814/14/3
f 548/14/106 607/14/106 586/14/106
f 568/14/107 588/14/107 609/14/107
f 756/14/106 812/14/106 794/14/106
f 777/14/107 796/14/107 814/14/107
f 593/14/108 585/14/108 606/14/108
f 798/14/3 813/14/3 805/14/3
f 795/14/105 814/14/105 796/14/105
f 585/14/5 588/14/5 586/14/5
f 606/14/3 609/14/3 608/14/3
f 793/14/5 796/14/5 794/14/5
f 811/14/3 814/14/3 813/14/3
f 586/14/104 606/14/104 585/14/104
f 601/14/31 593/14/31 600/14/31
f 569/14/31 582/14/31 573/14/31
f 582/14/109 608/14/109 587/14/109
f 793/14/108 798/14/108 781/14/108
f 791/14/109 813/14/109 795/14/109
f 573/14/5 587/14/5 585/14/5
f 593/14/3 608/14/3 600/14/3
f 781/14/5 795/14/5 793/14/5
f 785/14/28 797/14/28 803/14/28
f 579/14/28 589/14/28 595/14/28
f 804/14/28 807/14/28 808/14/28
f 593/14/110 591/14/110 560/14/110
f 766/14/110 802/14/110 800/14/110
f 602/14/31 604/14/31 601/14/31
f 538/14/5 570/14/5 569/14/5
f 810/14/31 805/14/31 806/14/31
f 809/14/31 798/14/31 805/14/31
f 792/14/31 805/14/31 791/14/31
f 797/14/28 807/14/28 803/14/28
f 781/14/31 787/14/31 791/14/31
f 778/14/28 785/14/28 782/14/28
f 558/14/110 573/14/110 593/14/110
f 765/14/111 799/14/111 797/14/111
f 589/14/28 596/14/28 595/14/28
f 582/14/31 576/14/31 584/14/31
f 569/14/5 575/14/5 574/14/5
f 787/14/31 788/14/31 792/14/31
f 571/14/28 579/14/28 578/14/28
f 784/14/112 792/14/112 789/14/112
f 581/14/112 602/14/112 584/14/112
f 786/14/112 806/14/112 792/14/112
f 808/14/112 806/14/112 804/14/112
f 599/14/112 602/14/112 597/14/112
f 583/14/112 581/14/112 584/14/112
f 786/14/28 803/14/28 804/14/28
f 578/14/28 581/14/28 580/14/28
f 595/14/28 598/14/28 599/14/28
f 584/14/31 600/14/31 582/14/31
f 574/14/5 577/14/5 576/14/5
f 581/14/28 595/14/28 597/14/28
f 785/14/28 784/14/28 783/14/28
f 766/14/113 770/14/113 768/14/113
f 556/14/114 543/14/114 558/14/114
f 751/14/114 765/14/114 749/14/114
f 749/14/114 750/14/114 751/14/114
f 558/14/113 561/14/113 559/14/113
f 543/14/114 540/14/114 542/14/114
f 572/14/111 556/14/111 589/14/111
f 751/14/110 780/14/110 781/14/110
f 543/14/110 569/14/110 573/14/110
f 556/14/111 590/14/111 589/14/111
f 748/14/111 779/14/111 778/14/111
f 766/14/110 781/14/110 798/14/110
f 571/14/111 541/14/111 572/14/111
f 779/14/111 765/14/111 797/14/111
f 769/14/3 801/14/3 770/14/3
f 560/14/3 592/14/3 561/14/3
f 276/14/31 397/14/31 278/14/31
f 278/14/3 396/14/3 277/14/3
f 276/14/5 394/14/5 395/14/5
f 277/14/28 394/14/28 274/14/28
f 398/254/28 396/14/28 403/254/28
f 395/14/5 398/254/5 413/255/5
f 403/254/3 397/14/3 420/255/3
f 399/256/115 403/254/115 404/256/115
f 417/257/3 416/265/3 420/255/3
f 413/255/6 441/259/6 420/255/6
f 438/261/3 432/262/3 441/259/3
f 395/14/31 420/255/31 397/14/31
f 433/14/3 432/262/3 434/14/3
f 425/14/116 431/263/116 433/14/116
f 419/264/117 423/263/117 412/264/117
f 424/262/5 425/14/5 426/14/5
f 410/257/5 411/258/5 413/255/5
f 412/264/118 418/258/118 419/264/118
f 411/258/119 417/257/119 418/258/119
f 410/257/120 416/265/120 417/257/120
f 409/265/121 406/266/121 416/265/121
f 402/266/122 405/267/122 406/266/122
f 401/267/123 404/256/123 405/267/123
f 414/272/5 424/262/5 428/270/5
f 426/14/124 433/14/124 434/14/124
f 435/269/125 426/14/125 434/14/125
f 430/261/126 435/269/126 438/261/126
f 428/270/127 438/261/127 436/270/127
f 429/271/128 436/270/128 437/271/128
f 422/260/129 429/271/129 437/271/129
f 414/272/130 422/260/130 421/272/130
f 421/272/131 440/274/131 414/272/131
f 439/259/132 442/274/132 441/259/132
f 270/14/3 278/14/3 277/14/3
f 259/14/133 277/14/133 274/14/133
f 259/14/5 276/14/5 262/14/5
f 262/14/134 278/14/134 273/14/134
f 259/14/135 269/14/135 270/14/135
f 261/14/136 273/14/136 272/14/136
f 258/14/5 262/14/5 261/14/5
f 273/14/3 269/14/3 272/14/3
f 257/14/5 261/14/5 260/14/5
f 272/14/3 268/14/3 271/14/3
f 258/14/137 268/14/137 269/14/137
f 260/14/138 272/14/138 271/14/138
f 256/14/5 260/14/5 255/14/5
f 267/14/3 271/14/3 268/14/3
f 257/14/139 267/14/139 268/14/139
f 255/14/140 271/14/140 264/14/140
f 207/14/141 256/14/141 192/14/141
f 254/14/142 264/14/142 263/14/142
f 192/14/5 255/14/5 254/14/5
f 207/14/3 264/14/3 267/14/3
f 189/14/5 192/14/5 254/14/5
f 204/14/3 207/14/3 206/14/3
f 192/14/143 206/14/143 207/14/143
f 189/14/144 263/14/144 204/14/144
f 126/14/31 345/14/31 129/14/31
f 129/14/3 344/14/3 127/14/3
f 126/14/5 342/14/5 343/14/5
f 127/14/28 342/14/28 125/14/28
f 346/254/28 344/14/28 352/254/28
f 343/14/5 346/254/5 361/255/5
f 352/254/3 345/14/3 368/255/3
f 347/256/115 352/254/115 353/256/115
f 365/257/3 364/265/3 368/255/3
f 361/255/6 389/259/6 368/255/6
f 386/261/3 380/262/3 389/259/3
f 343/14/31 368/255/31 345/14/31
f 381/14/3 380/262/3 382/14/3
f 379/263/116 373/14/116 371/263/116
f 367/264/117 371/263/117 360/264/117
f 372/262/5 373/14/5 374/14/5
f 358/257/5 359/258/5 361/255/5
f 366/258/118 360/264/118 359/258/118
f 359/258/119 365/257/119 366/258/119
f 358/257/120 364/265/120 365/257/120
f 357/265/121 356/266/121 364/265/121
f 351/266/122 355/267/122 356/266/122
f 350/267/123 353/256/123 355/267/123
f 362/272/5 372/262/5 376/270/5
f 381/14/124 374/14/124 373/14/124
f 383/269/125 374/14/125 382/14/125
f 378/261/126 383/269/126 386/261/126
f 376/270/127 386/261/127 384/270/127
f 377/271/128 384/270/128 385/271/128
f 363/273/129 385/271/129 370/260/129
f 362/272/130 370/260/130 369/272/130
f 369/272/131 388/274/131 362/272/131
f 387/259/132 390/274/132 389/259/132
f 121/14/3 129/14/3 127/14/3
f 111/14/133 127/14/133 125/14/133
f 111/14/5 126/14/5 114/14/5
f 114/14/134 129/14/134 124/14/134
f 111/14/135 120/14/135 121/14/135
f 113/14/136 124/14/136 123/14/136
f 110/14/5 114/14/5 113/14/5
f 124/14/3 120/14/3 123/14/3
f 109/14/5 113/14/5 112/14/5
f 123/14/3 119/14/3 122/14/3
f 119/14/137 110/14/137 109/14/137
f 112/14/138 123/14/138 122/14/138
f 108/14/5 112/14/5 107/14/5
f 118/14/3 122/14/3 119/14/3
f 109/14/139 118/14/139 119/14/139
f 107/14/140 122/14/140 117/14/140
f 56/14/141 108/14/141 38/14/141
f 105/14/142 117/14/142 115/14/142
f 38/14/5 107/14/5 105/14/5
f 56/14/3 117/14/3 118/14/3
f 35/14/5 38/14/5 105/14/5
f 53/14/3 56/14/3 55/14/3
f 38/14/143 55/14/143 56/14/143
f 35/14/144 115/14/144 53/14/144
f 191/14/145 205/14/145 206/14/145
f 46/14/3 55/14/3 54/14/3
f 181/14/146 198/14/146 197/14/146
f 190/14/147 202/14/147 205/14/147
f 37/14/145 54/14/145 55/14/145
f 182/14/148 204/14/148 198/14/148
f 27/14/148 53/14/148 46/14/148
f 182/14/5 191/14/5 189/14/5
f 27/14/5 37/14/5 35/14/5
f 198/14/3 206/14/3 205/14/3
f 45/14/149 28/14/149 26/14/149
f 31/14/150 49/14/150 50/14/150
f 36/14/5 26/14/5 31/14/5
f 45/14/3 54/14/3 50/14/3
f 190/14/5 181/14/5 186/14/5
f 197/14/3 205/14/3 202/14/3
f 50/14/147 36/14/147 31/14/147
f 26/14/146 46/14/146 45/14/146
f 185/14/5 184/14/5 187/14/5
f 49/14/3 48/14/3 47/14/3
f 186/14/150 201/14/150 202/14/150
f 183/14/149 197/14/149 199/14/149
f 26/14/5 30/14/5 31/14/5
f 49/14/3 45/14/3 50/14/3
f 181/14/5 185/14/5 186/14/5
f 201/14/3 197/14/3 202/14/3
f 48/14/3 84/14/3 83/14/3
f 29/14/5 64/14/5 32/14/5
f 201/14/3 200/14/3 199/14/3
f 30/14/151 51/14/151 49/14/151
f 47/14/152 29/14/152 28/14/152
f 185/14/151 203/14/151 201/14/151
f 184/14/152 199/14/152 200/14/152
f 30/14/5 29/14/5 32/14/5
f 217/14/153 237/14/153 236/14/153
f 66/14/154 83/14/154 86/14/154
f 184/14/5 217/14/5 187/14/5
f 200/14/3 236/14/3 235/14/3
f 32/14/155 84/14/155 51/14/155
f 48/14/156 63/14/156 29/14/156
f 187/14/155 236/14/155 203/14/155
f 200/14/156 216/14/156 184/14/156
f 65/14/157 89/14/157 85/14/157
f 238/14/3 239/14/3 245/14/3
f 219/14/154 235/14/154 238/14/154
f 63/14/5 65/14/5 64/14/5
f 83/14/3 85/14/3 86/14/3
f 216/14/5 218/14/5 217/14/5
f 235/14/3 237/14/3 238/14/3
f 64/14/153 85/14/153 84/14/153
f 89/14/28 94/14/28 93/14/28
f 67/14/28 76/14/28 72/14/28
f 76/14/158 86/14/158 93/14/158
f 218/14/157 239/14/157 237/14/157
f 228/14/158 238/14/158 245/14/158
f 66/14/5 69/14/5 65/14/5
f 86/14/3 89/14/3 93/14/3
f 219/14/5 221/14/5 218/14/5
f 240/14/31 233/14/31 247/14/31
f 80/14/31 91/14/31 71/14/31
f 251/14/31 248/14/31 252/14/31
f 59/14/159 87/14/159 89/14/159
f 210/14/159 242/14/159 241/14/159
f 93/14/28 97/14/28 98/14/28
f 68/14/5 39/14/5 67/14/5
f 245/14/28 250/14/28 246/14/28
f 239/14/28 249/14/28 245/14/28
f 229/14/28 245/14/28 246/14/28
f 251/14/31 240/14/31 247/14/31
f 220/14/28 228/14/28 224/14/28
f 223/14/31 230/14/31 233/14/31
f 57/14/159 69/14/159 42/14/159
f 211/14/160 244/14/160 215/14/160
f 100/14/31 91/14/31 99/14/31
f 76/14/28 74/14/28 72/14/28
f 73/14/5 67/14/5 72/14/5
f 228/14/28 227/14/28 226/14/28
f 71/14/31 79/14/31 80/14/31
f 227/14/161 234/14/161 232/14/161
f 95/14/161 82/14/161 78/14/161
f 234/14/161 246/14/161 248/14/161
f 250/14/161 248/14/161 246/14/161
f 98/14/161 101/14/161 95/14/161
f 78/14/161 81/14/161 77/14/161
f 247/14/31 234/14/31 248/14/31
f 80/14/31 81/14/31 82/14/31
f 101/14/31 102/14/31 100/14/31
f 78/14/28 93/14/28 95/14/28
f 75/14/5 72/14/5 74/14/5
f 99/14/31 82/14/31 101/14/31
f 230/14/31 231/14/31 234/14/31
f 210/14/162 212/14/162 213/14/162
f 42/14/162 61/14/162 57/14/162
f 194/14/162 211/14/162 210/14/162
f 194/14/162 195/14/162 196/14/162
f 58/14/162 57/14/162 62/14/162
f 41/14/162 44/14/162 42/14/162
f 61/14/160 71/14/160 91/14/160
f 193/14/159 221/14/159 220/14/159
f 42/14/159 67/14/159 39/14/159
f 61/14/160 92/14/160 62/14/160
f 196/14/160 222/14/160 223/14/160
f 210/14/159 221/14/159 194/14/159
f 44/14/160 70/14/160 71/14/160
f 211/14/160 223/14/160 240/14/160
f 213/14/3 214/14/3 242/14/3
f 59/14/3 60/14/3 88/14/3
f 888/1/1 887/275/1 884/2/1
f 712/4/2 715/13/2 716/5/2
f 713/6/3 716/5/3 707/7/3
f 482/9/4 484/59/4 483/10/4
f 732/11/3 707/7/3 716/5/3
f 715/13/2 763/44/2 764/12/2
f 532/14/5 508/14/5 825/14/5
f 493/14/1 491/14/1 492/14/1
f 825/14/4 508/14/4 510/14/4
f 487/14/5 493/14/5 503/14/5
f 483/14/5 491/14/5 493/14/5
f 701/8/3 707/7/3 705/15/3
f 710/4/2 712/4/2 713/6/2
f 449/14/5 452/14/5 491/14/5
f 491/14/1 452/14/1 453/14/1
f 699/17/6 710/4/6 711/6/6
f 695/19/6 699/17/6 700/18/6
f 481/14/5 483/14/5 487/14/5
f 698/16/3 696/16/3 700/8/3
f 711/6/3 713/6/3 701/8/3
f 485/14/5 487/14/5 499/14/5
f 686/21/3 689/74/3 683/22/3
f 664/24/6 685/73/6 686/25/6
f 620/276/6 619/277/6 610/278/6
f 620/276/6 610/278/6 611/279/6
f 621/280/6 620/276/6 611/279/6
f 621/280/6 611/279/6 612/281/6
f 622/282/6 621/280/6 612/281/6
f 622/282/6 612/281/6 613/283/6
f 623/284/6 622/282/6 613/283/6
f 623/284/6 613/283/6 616/285/6
f 624/286/6 623/284/6 616/285/6
f 624/286/6 616/285/6 617/287/6
f 625/288/6 624/286/6 617/287/6
f 625/288/6 617/287/6 615/289/6
f 626/290/6 625/288/6 615/289/6
f 626/290/6 615/289/6 614/291/6
f 660/292/6 626/290/6 614/291/6
f 660/292/6 614/291/6 618/293/6
f 684/72/6 662/294/6 661/295/6
f 661/295/6 660/292/6 618/293/6
f 661/295/6 618/293/6 464/296/6
f 451/29/6 684/72/6 661/295/6
f 455/297/6 445/64/6 451/29/6
f 456/298/6 455/297/6 451/29/6
f 451/29/6 661/295/6 464/296/6
f 451/29/6 464/296/6 463/299/6
f 457/300/6 456/298/6 451/29/6
f 458/301/6 457/300/6 451/29/6
f 451/29/6 463/299/6 462/302/6
f 451/29/6 462/302/6 461/303/6
f 459/28/6 458/301/6 451/29/6
f 451/29/6 461/303/6 460/27/6
f 692/30/6 488/60/6 490/31/6
f 694/32/6 490/31/6 501/33/6
f 687/14/1 688/14/1 704/14/1
f 708/34/7 501/33/7 502/33/7
f 702/14/1 704/14/1 706/14/1
f 505/35/7 553/63/7 744/36/7
f 697/38/8 693/62/8 692/30/8
f 502/33/7 505/35/7 714/37/7
f 836/39/1 831/79/1 877/40/1
f 695/19/9 696/20/9 698/20/9
f 704/14/1 705/14/1 707/14/1
f 731/14/9 732/14/9 885/14/9
f 688/14/1 689/14/1 705/14/1
f 664/24/6 656/304/6 657/305/6
f 664/24/6 657/305/6 658/306/6
f 684/72/6 685/73/6 664/24/6
f 663/307/6 662/294/6 684/72/6
f 653/308/6 663/307/6 684/72/6
f 664/24/6 658/306/6 659/309/6
f 664/24/6 659/309/6 652/310/6
f 653/308/6 684/72/6 664/24/6
f 654/43/6 653/308/6 664/24/6
f 664/24/6 652/310/6 655/42/6
f 692/30/6 694/32/6 699/17/6
f 694/32/6 708/34/6 710/4/6
f 708/34/10 709/34/10 712/4/10
f 714/37/10 744/36/10 763/44/10
f 709/34/10 714/37/10 715/13/10
f 834/45/1 825/82/1 826/46/1
f 500/48/11 499/53/11 503/49/11
f 504/50/11 503/49/11 532/51/11
f 498/48/11 497/53/11 499/53/11
f 486/54/6 485/55/6 497/53/6
f 482/9/6 481/10/6 485/55/6
f 444/56/6 443/83/6 449/57/6
f 492/14/1 453/14/1 454/14/1
f 494/14/1 492/14/1 495/14/1
f 484/59/12 482/9/12 488/60/12
f 489/61/13 488/60/13 692/30/13
f 495/14/5 454/14/5 479/14/5
f 479/14/5 520/14/5 496/14/5
f 690/14/14 479/14/14 454/14/14
f 502/33/15 500/48/15 504/50/15
f 505/35/15 504/50/15 535/52/15
f 501/33/15 498/48/15 500/48/15
f 490/31/6 486/54/6 498/48/6
f 488/60/6 482/9/6 486/54/6
f 445/64/6 444/56/6 450/58/6
f 690/14/3 687/14/3 702/14/3
f 702/14/3 703/14/3 720/14/3
f 510/14/12 494/14/12 496/14/12
f 575/65/31 570/311/31 539/66/31
f 539/66/11 542/312/11 535/52/11
f 535/52/11 532/51/11 834/45/11
f 834/45/11 835/47/11 583/313/11
f 834/45/11 583/313/11 577/314/11
f 539/66/163 535/52/163 834/45/163
f 834/45/11 577/314/11 575/65/11
f 706/14/9 707/14/9 732/14/9
f 744/36/7 553/63/7 559/315/7
f 744/36/164 559/315/164 561/316/164
f 603/68/7 790/75/7 744/36/7
f 592/67/7 591/317/7 603/68/7
f 744/36/7 561/316/7 592/67/7
f 703/14/8 706/14/8 731/14/8
f 508/14/4 493/14/4 494/14/4
f 508/14/5 532/14/5 503/14/5
f 888/1/2 764/12/2 763/44/2
f 763/44/2 768/318/2 770/69/2
f 801/70/2 800/319/2 887/275/2
f 888/1/2 763/44/2 770/69/2
f 801/70/2 887/275/2 888/1/2
f 764/12/3 888/1/3 885/71/3
f 535/14/1 510/14/1 520/14/1
f 510/14/3 535/14/3 542/14/3
f 510/14/3 542/14/3 540/14/3
f 583/14/3 835/14/3 826/14/3
f 580/14/3 583/14/3 826/14/3
f 826/14/3 510/14/3 540/14/3
f 826/14/3 540/14/3 571/14/3
f 578/14/3 580/14/3 826/14/3
f 767/14/5 768/14/5 763/14/5
f 887/14/165 800/14/165 802/14/165
f 887/14/166 802/14/166 809/14/166
f 767/14/5 763/14/5 731/14/5
f 799/14/5 767/14/5 731/14/5
f 887/14/167 809/14/167 810/14/167
f 887/14/5 810/14/5 808/14/5
f 799/14/5 731/14/5 884/14/5
f 807/14/5 799/14/5 884/14/5
f 884/14/5 887/14/5 808/14/5
f 763/14/1 744/14/1 720/14/1
f 787/14/168 780/14/168 750/14/168
f 788/14/3 787/14/3 750/14/3
f 744/14/3 790/14/3 788/14/3
f 783/14/3 740/14/3 720/14/3
f 782/14/3 783/14/3 720/14/3
f 744/14/169 788/14/169 750/14/169
f 744/14/3 750/14/3 748/14/3
f 778/14/3 782/14/3 720/14/3
f 720/14/3 744/14/3 748/14/3
f 740/14/3 691/14/3 690/14/3
f 451/29/6 450/58/6 484/59/6
f 454/14/1 448/14/1 473/14/1
f 454/14/170 473/14/170 474/14/170
f 680/14/1 687/14/1 454/14/1
f 651/14/1 680/14/1 454/14/1
f 454/14/1 474/14/1 478/14/1
f 454/14/1 478/14/1 639/14/1
f 635/14/1 648/14/1 649/14/1
f 636/14/1 635/14/1 649/14/1
f 651/14/1 454/14/1 639/14/1
f 639/14/1 636/14/1 649/14/1
f 453/14/1 447/14/1 448/14/1
f 450/58/6 449/57/6 483/10/6
f 684/72/6 693/62/6 697/38/6
f 682/14/1 683/14/1 689/14/1
f 687/14/1 680/14/1 681/14/1
f 675/14/1 674/14/1 682/14/1
f 688/14/1 687/14/1 681/14/1
f 681/14/1 675/14/1 682/14/1
f 684/72/6 451/29/6 489/61/6
f 685/73/6 697/38/6 698/20/6
f 689/74/3 686/21/3 698/16/3
f 452/14/1 446/14/1 447/14/1
f 443/14/5 446/14/5 452/14/5
f 480/14/13 479/14/13 690/14/13
f 479/14/5 480/14/5 531/14/5
f 836/14/5 603/14/5 604/14/5
f 836/14/171 604/14/171 605/14/171
f 531/14/5 831/14/5 836/14/5
f 599/14/5 598/14/5 531/14/5
f 836/14/5 605/14/5 599/14/5
f 831/14/13 531/14/13 740/14/13
f 531/14/1 480/14/1 691/14/1
f 877/14/3 740/14/3 783/14/3
f 877/14/3 783/14/3 784/14/3
f 788/14/3 790/14/3 886/14/3
f 877/14/3 784/14/3 789/14/3
f 789/14/3 788/14/3 886/14/3
f 790/75/7 603/68/7 836/39/7
f 559/14/5 553/14/5 520/14/5
f 520/14/5 531/14/5 598/14/5
f 520/14/5 598/14/5 596/14/5
f 557/14/5 559/14/5 520/14/5
f 520/14/5 596/14/5 590/14/5
f 601/14/5 604/14/5 603/14/5
f 603/14/172 591/14/172 594/14/172
f 407/2/1 392/275/1 393/1/1
f 160/4/16 161/6/16 164/5/16
f 161/6/3 170/8/3 178/7/3
f 14/9/17 13/10/17 15/10/17
f 164/5/3 178/7/3 266/11/3
f 163/13/16 164/5/16 209/12/16
f 33/14/5 339/14/5 348/14/5
f 20/14/1 21/14/1 23/14/1
f 106/14/17 104/14/17 348/14/17
f 12/14/5 3/14/5 7/14/5
f 15/14/5 12/14/5 20/14/5
f 170/8/3 174/16/3 180/15/3
f 158/4/16 159/6/16 161/6/16
f 22/14/5 133/14/5 130/14/5
f 22/14/1 23/14/1 134/14/1
f 168/17/6 169/18/6 159/6/6
f 169/18/6 168/17/6 171/19/6
f 12/14/5 15/14/5 13/14/5
f 169/8/3 172/16/3 174/16/3
f 159/6/3 169/8/3 170/8/3
f 10/14/5 1/14/5 3/14/5
f 311/21/3 665/23/3 683/22/3
f 311/25/6 310/73/6 664/24/6
f 316/320/6 317/321/6 309/72/6
f 309/72/6 132/29/6 445/64/6
f 445/64/6 455/322/6 143/323/6
f 445/64/6 143/323/6 142/324/6
f 315/325/6 316/320/6 309/72/6
f 287/326/6 315/325/6 309/72/6
f 445/64/6 142/324/6 139/327/6
f 445/64/6 139/327/6 140/328/6
f 286/329/6 287/326/6 309/72/6
f 288/330/6 286/329/6 309/72/6
f 445/64/6 140/328/6 138/331/6
f 445/64/6 138/331/6 141/332/6
f 289/333/6 288/330/6 309/72/6
f 290/334/6 289/333/6 309/72/6
f 309/72/6 445/64/6 141/332/6
f 309/72/6 141/332/6 136/335/6
f 309/72/6 136/335/6 137/336/6
f 309/72/6 137/336/6 279/337/6
f 290/334/6 309/72/6 279/337/6
f 290/334/6 279/337/6 280/338/6
f 610/278/6 619/339/6 291/76/6
f 291/76/6 290/334/6 280/338/6
f 291/76/6 280/338/6 281/340/6
f 285/341/6 610/278/6 291/76/6
f 284/342/6 285/341/6 291/76/6
f 291/76/6 281/340/6 282/77/6
f 283/78/6 284/342/6 291/76/6
f 17/31/6 18/60/6 166/30/6
f 5/33/6 17/31/6 165/32/6
f 179/14/1 313/14/1 312/14/1
f 6/33/18 5/33/18 156/34/18
f 176/14/1 175/14/1 177/14/1
f 9/35/18 162/37/18 188/36/18
f 166/30/19 167/62/19 173/38/19
f 9/35/18 6/33/18 157/34/18
f 341/39/1 391/41/1 400/40/1
f 174/20/20 172/20/20 171/19/20
f 178/14/1 180/14/1 179/14/1
f 265/14/20 407/14/20 408/14/20
f 180/14/1 314/14/1 313/14/1
f 664/24/6 310/73/6 309/72/6
f 309/72/6 317/321/6 318/343/6
f 309/72/6 318/343/6 319/344/6
f 324/345/6 656/304/6 664/24/6
f 323/346/6 324/345/6 664/24/6
f 664/24/6 309/72/6 319/344/6
f 664/24/6 319/344/6 320/347/6
f 322/81/6 323/346/6 664/24/6
f 664/24/6 320/347/6 321/80/6
f 166/30/6 171/19/6 168/17/6
f 165/32/6 168/17/6 158/4/6
f 156/34/21 158/4/21 160/4/21
f 162/37/21 163/13/21 208/44/21
f 157/34/21 160/4/21 163/13/21
f 339/45/1 340/47/1 349/46/1
f 7/49/22 3/53/22 4/48/22
f 33/51/22 7/49/22 8/50/22
f 3/53/22 1/53/22 2/48/22
f 1/53/6 10/55/6 11/54/6
f 14/9/6 11/54/6 10/55/6
f 444/56/6 131/58/6 130/57/6
f 23/14/1 25/14/1 135/14/1
f 25/14/1 23/14/1 21/14/1
f 16/59/23 19/61/23 18/60/23
f 19/61/24 167/62/24 166/30/24
f 25/14/5 24/14/5 116/14/5
f 116/14/5 154/14/5 135/14/5
f 135/14/25 154/14/25 337/14/25
f 8/50/26 4/48/26 6/33/26
f 34/52/26 8/50/26 9/35/26
f 4/48/26 2/48/26 5/33/26
f 2/48/6 11/54/6 17/31/6
f 11/54/6 14/9/6 18/60/6
f 131/58/6 444/56/6 445/64/6
f 253/14/3 175/14/3 176/14/3
f 176/14/3 312/14/3 337/14/3
f 24/14/23 21/14/23 106/14/23
f 339/45/22 33/51/22 34/52/22
f 34/52/22 41/312/22 40/84/22
f 40/84/28 68/348/28 73/85/28
f 75/349/22 77/313/22 340/47/22
f 75/349/22 340/47/22 339/45/22
f 339/45/173 34/52/173 40/84/173
f 73/85/22 75/349/22 339/45/22
f 177/14/20 265/14/20 266/14/20
f 96/68/18 87/317/18 88/350/18
f 60/86/18 58/315/18 52/63/18
f 225/75/18 96/68/18 88/350/18
f 60/86/18 52/63/18 188/36/18
f 225/75/18 88/350/18 60/86/18
f 175/14/19 253/14/19 265/14/19
f 21/14/17 20/14/17 104/14/17
f 7/14/5 33/14/5 104/14/5
f 214/69/16 212/318/16 208/44/16
f 208/44/16 209/12/16 393/1/16
f 393/1/16 392/275/16 241/351/16
f 393/1/16 241/351/16 242/87/16
f 214/69/16 208/44/16 393/1/16
f 209/12/3 266/11/3 408/71/3
f 34/14/1 52/14/1 116/14/1
f 43/14/3 41/14/3 34/14/3
f 349/14/3 340/14/3 77/14/3
f 349/14/3 77/14/3 81/14/3
f 43/14/3 34/14/3 106/14/3
f 70/14/3 43/14/3 106/14/3
f 106/14/3 349/14/3 81/14/3
f 79/14/3 70/14/3 106/14/3
f 265/14/5 208/14/5 212/14/5
f 265/14/5 212/14/5 215/14/5
f 243/14/5 241/14/5 392/14/5
f 249/14/174 243/14/174 392/14/174
f 407/14/5 265/14/5 215/14/5
f 407/14/5 215/14/5 244/14/5
f 250/14/5 249/14/5 392/14/5
f 252/14/5 250/14/5 392/14/5
f 407/14/5 244/14/5 251/14/5
f 252/14/5 392/14/5 407/14/5
f 253/14/1 188/14/1 208/14/1
f 193/14/175 220/14/175 224/14/175
f 224/14/3 226/14/3 225/14/3
f 253/14/3 275/14/3 231/14/3
f 253/14/3 231/14/3 230/14/3
f 224/14/3 225/14/3 188/14/3
f 193/14/3 224/14/3 188/14/3
f 253/14/3 230/14/3 222/14/3
f 195/14/3 193/14/3 188/14/3
f 253/14/3 222/14/3 195/14/3
f 275/14/3 253/14/3 337/14/3
f 132/29/6 19/61/6 16/59/6
f 302/14/1 648/14/1 635/14/1
f 302/14/1 635/14/1 294/14/1
f 312/14/1 329/14/1 302/14/1
f 473/14/1 448/14/1 135/14/1
f 147/14/1 473/14/1 135/14/1
f 135/14/1 312/14/1 302/14/1
f 294/14/1 147/14/1 135/14/1
f 448/14/1 447/14/1 134/14/1
f 131/58/6 16/59/6 15/10/6
f 173/38/6 167/62/6 309/72/6
f 314/14/1 683/14/1 682/14/1
f 330/14/1 329/14/1 312/14/1
f 312/14/1 313/14/1 682/14/1
f 682/14/1 674/14/1 330/14/1
f 19/61/6 132/29/6 309/72/6
f 174/20/6 173/38/6 310/73/6
f 174/16/3 311/21/3 314/74/3
f 133/14/1 134/14/1 447/14/1
f 443/14/5 130/14/5 133/14/5
f 155/14/24 338/14/24 337/14/24
f 128/14/5 155/14/5 154/14/5
f 354/14/5 128/14/5 102/14/5
f 354/14/5 102/14/5 103/14/5
f 97/14/5 96/14/5 341/14/5
f 354/14/5 103/14/5 98/14/5
f 98/14/176 97/14/176 341/14/176
f 354/14/24 400/14/24 275/14/24
f 338/14/1 155/14/1 128/14/1
f 391/14/3 225/14/3 226/14/3
f 391/14/177 226/14/177 227/14/177
f 275/14/3 400/14/3 391/14/3
f 232/14/3 231/14/3 275/14/3
f 391/14/3 227/14/3 232/14/3
f 341/39/18 96/68/18 225/75/18
f 116/14/5 52/14/5 58/14/5
f 116/14/5 58/14/5 62/14/5
f 102/14/5 128/14/5 116/14/5
f 100/14/5 102/14/5 116/14/5
f 116/14/5 62/14/5 92/14/5
f 94/14/178 90/14/178 87/14/178
f 87/14/5 96/14/5 97/14/5
f 679/88/27 673/109/27 675/89/27
f 651/92/28 650/94/28 679/88/28
f 679/88/28 681/352/28 680/91/28
f 649/93/29 640/353/29 650/94/29
f 648/96/30 302/103/30 301/95/30
f 301/95/30 640/353/30 649/93/30
f 677/354/1 678/100/1 650/102/1
f 679/101/1 667/355/1 668/356/1
f 679/101/1 668/356/1 669/357/1
f 676/358/1 677/354/1 650/102/1
f 647/359/1 676/358/1 650/102/1
f 673/360/1 679/101/1 669/357/1
f 673/360/1 669/357/1 666/361/1
f 646/362/1 647/359/1 650/102/1
f 645/363/1 646/362/1 650/102/1
f 673/360/1 666/361/1 672/364/1
f 673/360/1 672/364/1 671/365/1
f 645/363/1 650/102/1 640/366/1
f 644/367/1 645/363/1 640/366/1
f 673/360/1 671/365/1 670/368/1
f 673/360/1 670/368/1 336/369/1
f 643/370/1 644/367/1 640/366/1
f 642/371/1 643/370/1 640/366/1
f 328/372/1 673/360/1 336/369/1
f 328/372/1 336/369/1 335/373/1
f 641/374/1 642/371/1 640/366/1
f 308/375/1 641/374/1 640/366/1
f 328/372/1 335/373/1 334/376/1
f 328/372/1 334/376/1 333/377/1
f 308/375/1 640/366/1 301/99/1
f 307/378/1 308/375/1 301/99/1
f 328/372/1 333/377/1 332/379/1
f 328/372/1 332/379/1 331/380/1
f 306/381/1 307/378/1 301/99/1
f 305/382/1 306/381/1 301/99/1
f 301/99/1 328/372/1 331/380/1
f 301/99/1 331/380/1 327/383/1
f 303/384/1 305/382/1 301/99/1
f 304/385/1 303/384/1 301/99/1
f 301/99/1 327/383/1 326/97/1
f 325/98/1 304/385/1 301/99/1
f 678/100/1 667/355/1 679/101/1
f 328/105/31 301/95/31 302/103/31
f 302/103/179 329/386/179 330/104/179
f 673/108/32 328/105/32 330/106/32
f 674/107/32 675/387/32 673/108/32
f 634/109/27 636/388/27 639/110/27
f 478/111/28 477/94/28 638/88/28
f 474/112/29 465/353/29 477/94/29
f 473/114/30 147/389/30 144/95/30
f 144/95/30 465/353/30 474/112/30
f 637/100/1 630/118/1 638/101/1
f 634/360/1 631/117/1 633/357/1
f 634/360/1 633/357/1 632/390/1
f 637/100/1 638/101/1 477/102/1
f 476/391/1 637/100/1 477/102/1
f 634/360/1 632/390/1 629/392/1
f 634/360/1 629/392/1 628/393/1
f 475/358/1 476/391/1 477/102/1
f 472/394/1 475/358/1 477/102/1
f 634/360/1 628/393/1 627/395/1
f 634/360/1 627/395/1 300/396/1
f 471/397/1 472/394/1 477/102/1
f 470/398/1 471/397/1 477/102/1
f 292/372/1 634/360/1 300/396/1
f 292/372/1 300/396/1 299/399/1
f 470/398/1 477/102/1 465/366/1
f 469/400/1 470/398/1 465/366/1
f 292/372/1 299/399/1 298/376/1
f 292/372/1 298/376/1 297/377/1
f 468/401/1 469/400/1 465/366/1
f 467/402/1 468/401/1 465/366/1
f 292/372/1 297/377/1 296/403/1
f 292/372/1 296/403/1 295/404/1
f 466/374/1 467/402/1 465/366/1
f 153/405/1 466/374/1 465/366/1
f 144/99/1 292/372/1 295/404/1
f 144/99/1 295/404/1 293/406/1
f 153/405/1 465/366/1 144/99/1
f 152/407/1 153/405/1 144/99/1
f 144/99/1 293/406/1 146/97/1
f 144/99/1 146/97/1 145/408/1
f 149/409/1 152/407/1 144/99/1
f 150/410/1 149/409/1 144/99/1
f 144/99/1 145/408/1 151/115/1
f 148/116/1 150/410/1 144/99/1
f 631/117/1 634/360/1 638/101/1
f 292/105/31 144/95/31 147/119/31
f 634/108/32 292/105/32 294/120/32
f 294/120/180 635/411/180 636/121/180
f 657/122/33 670/412/33 671/123/33
f 659/125/34 658/211/34 671/126/34
f 672/128/35 666/214/35 652/129/35
f 655/131/36 652/129/36 666/132/36
f 654/134/37 655/131/37 669/135/37
f 653/137/38 654/413/38 668/138/38
f 663/140/39 653/414/39 667/141/39
f 677/145/40 661/415/40 662/143/40
f 662/143/40 663/416/40 678/144/40
f 676/146/41 660/150/41 661/147/41
f 647/149/42 626/417/42 660/150/42
f 625/152/43 626/417/43 647/153/43
f 645/155/44 624/157/44 625/152/44
f 624/157/45 645/418/45 644/158/45
f 643/160/46 622/162/46 623/159/46
f 622/162/47 643/160/47 642/163/47
f 621/165/48 642/163/48 641/166/48
f 308/170/49 291/419/49 619/168/49
f 619/168/49 620/167/49 641/169/49
f 291/171/50 308/420/50 307/172/50
f 306/174/51 289/421/51 290/173/51
f 289/176/52 306/238/52 305/177/52
f 286/179/53 288/178/53 305/180/53
f 287/182/54 286/179/54 303/183/54
f 287/182/55 304/422/55 325/185/55
f 316/187/56 315/186/56 325/188/56
f 327/192/57 318/423/57 317/190/57
f 317/190/57 316/424/57 326/191/57
f 318/193/58 327/425/58 331/194/58
f 332/196/59 320/426/59 319/195/59
f 333/198/60 321/201/60 320/199/60
f 321/201/61 333/249/61 334/202/61
f 334/204/62 335/251/62 323/205/62
f 336/206/63 324/252/63 323/205/63
f 656/210/65 324/427/65 336/208/65
f 336/208/65 670/428/65 657/209/65
f 611/122/33 627/412/33 628/123/33
f 612/211/34 628/126/34 629/127/34
f 613/213/35 629/128/35 632/214/35
f 616/215/36 632/132/36 633/133/36
f 617/217/37 633/133/37 631/136/37
f 614/219/38 615/429/38 631/138/38
f 614/219/39 630/139/39 637/142/39
f 476/145/40 464/430/40 618/221/40
f 475/146/41 463/431/41 464/222/41
f 472/149/42 462/224/42 463/223/42
f 462/224/43 472/153/43 471/154/43
f 461/226/44 471/156/44 470/155/44
f 460/228/45 470/418/45 469/158/45
f 469/161/46 468/160/46 458/230/46
f 458/230/47 468/432/47 467/163/47
f 457/232/48 467/163/48 466/166/48
f 153/170/49 143/433/49 455/234/49
f 455/234/49 456/233/49 466/169/49
f 143/235/50 153/420/50 152/172/50
f 149/174/51 139/434/51 142/236/51
f 140/237/52 139/434/52 149/238/52
f 138/239/53 140/435/53 150/180/53
f 141/240/54 138/436/54 148/183/54
f 136/241/55 141/437/55 151/184/55
f 137/242/56 136/438/56 145/188/56
f 146/191/57 293/192/57 279/243/57
f 279/243/58 293/192/58 295/194/58
f 281/246/59 280/439/59 295/197/59
f 282/247/60 281/246/60 296/196/60
f 283/248/61 282/247/61 297/249/61
f 284/250/62 283/248/62 298/204/62
f 285/252/63 284/250/63 299/207/63
f 610/253/65 285/252/65 300/208/65
f 300/208/65 627/428/65 611/209/65
f 738/14/28 741/14/28 873/14/28
f 741/14/3 742/14/3 874/14/3
f 738/14/5 871/14/5 872/14/5
f 742/14/31 739/14/31 872/14/31
f 875/254/31 880/254/31 874/14/31
f 875/254/5 872/14/5 871/14/5
f 873/14/3 874/14/3 880/254/3
f 876/256/66 881/256/66 880/254/66
f 896/255/3 880/254/3 881/256/3
f 896/255/3 881/256/3 882/267/3
f 915/263/3 914/262/3 896/255/3
f 902/264/3 915/263/3 896/255/3
f 896/255/3 882/267/3 883/266/3
f 896/255/3 883/266/3 899/265/3
f 901/258/3 902/264/3 896/255/3
f 896/255/3 899/265/3 900/257/3
f 889/255/6 896/255/6 869/259/6
f 912/270/3 911/271/3 898/260/3
f 898/260/3 897/272/3 870/274/3
f 870/274/3 869/259/3 896/255/3
f 896/255/3 914/262/3 917/14/3
f 896/255/3 917/14/3 916/269/3
f 898/260/3 870/274/3 896/255/3
f 913/261/181 912/270/181 898/260/181
f 896/255/3 916/269/3 913/261/3
f 871/14/28 873/14/28 896/255/28
f 914/262/3 915/263/3 918/14/3
f 910/14/67 918/14/67 915/263/67
f 902/264/68 895/264/68 907/263/68
f 910/14/5 907/263/5 906/262/5
f 876/256/5 875/254/5 889/255/5
f 889/255/5 906/262/5 907/263/5
f 889/255/5 907/263/5 895/264/5
f 878/267/5 876/256/5 889/255/5
f 879/266/5 878/267/5 889/255/5
f 889/255/5 895/264/5 894/258/5
f 889/255/5 894/258/5 893/257/5
f 892/265/5 879/266/5 889/255/5
f 895/264/69 902/264/69 901/258/69
f 894/258/70 901/258/70 900/257/70
f 893/257/71 900/257/71 899/265/71
f 892/265/72 899/265/72 883/266/72
f 879/266/73 883/266/73 882/267/73
f 878/267/74 882/267/74 881/256/74
f 909/14/5 906/262/5 889/255/5
f 889/255/5 867/259/5 868/274/5
f 868/274/5 890/272/5 891/273/5
f 891/273/5 903/271/5 904/270/5
f 891/273/165 904/270/165 905/261/165
f 889/255/5 868/274/5 891/273/5
f 908/268/5 909/14/5 889/255/5
f 889/255/5 891/273/5 905/261/5
f 909/14/75 917/14/75 918/14/75
f 909/14/76 908/268/76 916/269/76
f 905/261/77 913/261/77 916/269/77
f 904/270/78 912/270/78 913/261/78
f 903/271/79 911/271/79 912/270/79
f 903/271/80 891/273/80 898/260/80
f 890/272/81 897/272/81 898/260/81
f 868/274/82 870/274/82 897/272/82
f 867/259/83 869/259/83 870/274/83
f 741/14/3 728/14/3 737/14/3
f 742/14/84 737/14/84 726/14/84
f 726/14/5 718/14/5 738/14/5
f 718/14/85 728/14/85 741/14/85
f 726/14/86 737/14/86 736/14/86
f 717/14/87 727/14/87 728/14/87
f 718/14/5 726/14/5 725/14/5
f 728/14/3 727/14/3 736/14/3
f 717/14/5 725/14/5 723/14/5
f 727/14/3 733/14/3 734/14/3
f 725/14/88 736/14/88 734/14/88
f 722/14/89 733/14/89 727/14/89
f 722/14/5 723/14/5 724/14/5
f 733/14/3 729/14/3 735/14/3
f 723/14/90 734/14/90 735/14/90
f 719/14/91 729/14/91 733/14/91
f 724/14/92 735/14/92 759/14/92
f 721/14/93 730/14/93 729/14/93
f 719/14/5 724/14/5 743/14/5
f 729/14/3 730/14/3 759/14/3
f 745/14/5 721/14/5 743/14/5
f 759/14/3 730/14/3 760/14/3
f 743/14/94 759/14/94 761/14/94
f 745/14/95 760/14/95 730/14/95
f 527/14/28 529/14/28 821/14/28
f 529/14/3 530/14/3 822/14/3
f 527/14/5 819/14/5 820/14/5
f 530/14/31 528/14/31 820/14/31
f 823/254/31 829/254/31 822/14/31
f 823/254/5 820/14/5 819/14/5
f 821/14/3 822/14/3 829/254/3
f 824/256/66 830/256/66 829/254/66
f 844/255/3 829/254/3 830/256/3
f 844/255/3 830/256/3 832/267/3
f 863/263/3 862/262/3 844/255/3
f 850/264/3 863/263/3 844/255/3
f 844/255/3 832/267/3 833/266/3
f 844/255/3 833/266/3 847/265/3
f 849/258/3 850/264/3 844/255/3
f 844/255/3 847/265/3 848/257/3
f 817/259/6 815/259/6 837/255/6
f 860/270/3 859/271/3 846/260/3
f 846/260/3 845/272/3 818/274/3
f 818/274/3 817/259/3 844/255/3
f 844/255/3 862/262/3 865/14/3
f 844/255/3 865/14/3 864/269/3
f 846/260/3 818/274/3 844/255/3
f 861/261/182 860/270/182 846/260/182
f 844/255/3 864/269/3 861/261/3
f 819/14/28 821/14/28 844/255/28
f 862/262/3 863/263/3 866/14/3
f 863/263/67 855/263/67 858/14/67
f 850/264/68 843/264/68 855/263/68
f 858/14/5 855/263/5 854/262/5
f 824/256/5 823/254/5 837/255/5
f 837/255/5 854/262/5 855/263/5
f 837/255/5 855/263/5 843/264/5
f 827/267/5 824/256/5 837/255/5
f 828/266/5 827/267/5 837/255/5
f 837/255/5 843/264/5 842/258/5
f 837/255/5 842/258/5 841/257/5
f 840/265/5 828/266/5 837/255/5
f 849/258/69 842/258/69 843/264/69
f 842/258/70 849/258/70 848/257/70
f 841/257/71 848/257/71 847/265/71
f 840/265/72 847/265/72 833/266/72
f 828/266/73 833/266/73 832/267/73
f 827/267/74 832/267/74 830/256/74
f 857/14/5 854/262/5 837/255/5
f 837/255/5 815/259/5 816/274/5
f 816/274/5 838/272/5 839/273/5
f 839/273/165 851/271/165 852/270/165
f 839/273/5 852/270/5 853/261/5
f 837/255/5 816/274/5 839/273/5
f 856/268/5 857/14/5 837/255/5
f 837/255/5 839/273/5 853/261/5
f 857/14/75 865/14/75 866/14/75
f 856/268/76 864/269/76 865/14/76
f 853/261/77 861/261/77 864/269/77
f 852/270/78 860/270/78 861/261/78
f 851/271/79 859/271/79 860/270/79
f 839/273/80 846/260/80 859/271/80
f 838/272/81 845/272/81 846/260/81
f 816/274/82 818/274/82 845/272/82
f 815/259/83 817/259/83 818/274/83
f 529/14/3 518/14/3 526/14/3
f 530/14/84 526/14/84 516/14/84
f 516/14/5 507/14/5 527/14/5
f 507/14/85 518/14/85 529/14/85
f 516/14/86 526/14/86 525/14/86
f 506/14/87 517/14/87 518/14/87
f 507/14/5 516/14/5 515/14/5
f 518/14/3 517/14/3 525/14/3
f 506/14/5 515/14/5 513/14/5
f 517/14/3 522/14/3 523/14/3
f 523/14/88 513/14/88 515/14/88
f 512/14/89 522/14/89 517/14/89
f 512/14/5 513/14/5 514/14/5
f 522/14/3 519/14/3 524/14/3
f 513/14/90 523/14/90 524/14/90
f 509/14/91 519/14/91 522/14/91
f 514/14/92 524/14/92 551/14/92
f 511/14/93 521/14/93 519/14/93
f 509/14/5 514/14/5 533/14/5
f 519/14/3 521/14/3 551/14/3
f 534/14/5 511/14/5 533/14/5
f 551/14/3 521/14/3 552/14/3
f 533/14/94 551/14/94 554/14/94
f 534/14/95 552/14/95 521/14/95
f 746/14/96 761/14/96 762/14/96
f 554/14/3 552/14/3 562/14/3
f 753/14/97 772/14/97 771/14/97
f 747/14/98 762/14/98 773/14/98
f 536/14/96 554/14/96 555/14/96
f 752/14/99 771/14/99 760/14/99
f 544/14/99 562/14/99 552/14/99
f 752/14/5 745/14/5 746/14/5
f 544/14/5 534/14/5 536/14/5
f 761/14/3 760/14/3 771/14/3
f 563/14/100 545/14/100 549/14/100
f 546/14/101 564/14/101 565/14/101
f 545/14/5 544/14/5 537/14/5
f 555/14/3 562/14/3 563/14/3
f 753/14/5 752/14/5 747/14/5
f 762/14/3 771/14/3 772/14/3
f 537/14/98 555/14/98 564/14/98
f 545/14/97 563/14/97 562/14/97
f 758/14/5 757/14/5 755/14/5
f 565/14/3 567/14/3 568/14/3
f 754/14/101 773/14/101 774/14/101
f 757/14/100 776/14/100 772/14/100
f 547/14/5 549/14/5 545/14/5
f 565/14/3 564/14/3 563/14/3
f 755/14/5 757/14/5 753/14/5
f 774/14/3 773/14/3 772/14/3
f 607/14/3 566/14/3 568/14/3
f 550/14/5 548/14/5 586/14/5
f 774/14/3 776/14/3 777/14/3
f 547/14/102 565/14/102 566/14/102
f 567/14/103 549/14/103 550/14/103
f 755/14/102 774/14/102 775/14/102
f 758/14/103 777/14/103 776/14/103
f 550/14/5 549/14/5 547/14/5
f 794/14/104 812/14/104 811/14/104
f 587/14/105 608/14/105 609/14/105
f 758/14/5 756/14/5 794/14/5
f 812/14/3 775/14/3 777/14/3
f 548/14/106 566/14/106 607/14/106
f 568/14/107 550/14/107 588/14/107
f 756/14/106 775/14/106 812/14/106
f 777/14/107 758/14/107 796/14/107
f 593/14/108 573/14/108 585/14/108
f 798/14/3 811/14/3 813/14/3
f 795/14/105 813/14/105 814/14/105
f 585/14/5 587/14/5 588/14/5
f 606/14/3 607/14/3 609/14/3
f 793/14/5 795/14/5 796/14/5
f 811/14/3 812/14/3 814/14/3
f 586/14/104 607/14/104 606/14/104
f 601/14/31 594/14/31 593/14/31
f 569/14/31 574/14/31 582/14/31
f 582/14/109 600/14/109 608/14/109
f 793/14/108 811/14/108 798/14/108
f 791/14/109 805/14/109 813/14/109
f 573/14/5 582/14/5 587/14/5
f 593/14/3 606/14/3 608/14/3
f 781/14/5 791/14/5 795/14/5
f 785/14/28 779/14/28 797/14/28
f 579/14/28 572/14/28 589/14/28
f 804/14/28 803/14/28 807/14/28
f 560/14/110 558/14/110 593/14/110
f 593/14/110 594/14/110 591/14/110
f 591/14/110 592/14/110 560/14/110
f 801/14/110 769/14/110 766/14/110
f 766/14/110 798/14/110 802/14/110
f 800/14/110 801/14/110 766/14/110
f 601/14/31 600/14/31 602/14/31
f 602/14/31 605/14/31 604/14/31
f 538/14/183 539/14/183 570/14/183
f 810/14/31 809/14/31 805/14/31
f 809/14/31 802/14/31 798/14/31
f 792/14/31 806/14/31 805/14/31
f 797/14/28 799/14/28 807/14/28
f 781/14/31 780/14/31 787/14/31
f 778/14/28 779/14/28 785/14/28
f 558/14/110 543/14/110 573/14/110
f 765/14/111 767/14/111 799/14/111
f 589/14/28 590/14/28 596/14/28
f 582/14/31 574/14/31 576/14/31
f 569/14/5 570/14/5 575/14/5
f 792/14/31 791/14/31 787/14/31
f 788/14/31 789/14/31 792/14/31
f 571/14/28 572/14/28 579/14/28
f 784/14/112 786/14/112 792/14/112
f 581/14/112 597/14/112 602/14/112
f 786/14/112 804/14/112 806/14/112
f 808/14/112 810/14/112 806/14/112
f 599/14/112 605/14/112 602/14/112
f 584/14/184 576/14/184 577/14/184
f 583/14/112 580/14/112 581/14/112
f 584/14/185 577/14/185 583/14/185
f 786/14/28 785/14/28 803/14/28
f 578/14/28 579/14/28 581/14/28
f 599/14/28 597/14/28 595/14/28
f 595/14/28 596/14/28 598/14/28
f 584/14/31 602/14/31 600/14/31
f 574/14/5 575/14/5 577/14/5
f 581/14/28 579/14/28 595/14/28
f 783/14/28 782/14/28 785/14/28
f 785/14/28 786/14/28 784/14/28
f 768/14/114 767/14/114 765/14/114
f 766/14/114 769/14/114 770/14/114
f 768/14/114 765/14/114 766/14/114
f 556/14/114 541/14/114 543/14/114
f 751/14/114 766/14/114 765/14/114
f 749/14/114 748/14/114 750/14/114
f 559/14/114 557/14/114 556/14/114
f 558/14/114 560/14/114 561/14/114
f 559/14/114 556/14/114 558/14/114
f 539/14/114 538/14/114 543/14/114
f 543/14/114 541/14/114 540/14/114
f 542/14/114 539/14/114 543/14/114
f 572/14/111 541/14/111 556/14/111
f 751/14/110 750/14/110 780/14/110
f 543/14/110 538/14/110 569/14/110
f 556/14/111 557/14/111 590/14/111
f 748/14/111 749/14/111 779/14/111
f 766/14/110 751/14/110 781/14/110
f 571/14/111 540/14/111 541/14/111
f 779/14/111 749/14/111 765/14/111
f 276/14/31 395/14/31 397/14/31
f 278/14/3 397/14/3 396/14/3
f 276/14/5 274/14/5 394/14/5
f 277/14/28 396/14/28 394/14/28
f 398/254/28 394/14/28 396/14/28
f 395/14/5 394/14/5 398/254/5
f 403/254/3 396/14/3 397/14/3
f 399/256/115 398/254/115 403/254/115
f 404/256/3 403/254/3 420/255/3
f 420/255/3 432/262/3 431/263/3
f 420/255/3 431/263/3 419/264/3
f 405/267/3 404/256/3 420/255/3
f 406/266/3 405/267/3 420/255/3
f 420/255/3 419/264/3 418/258/3
f 420/255/3 418/258/3 417/257/3
f 416/265/3 406/266/3 420/255/3
f 413/255/6 439/259/6 441/259/6
f 442/274/3 421/272/3 422/260/3
f 422/260/3 437/271/3 436/270/3
f 422/260/186 436/270/186 438/261/186
f 441/259/3 442/274/3 422/260/3
f 432/262/3 420/255/3 441/259/3
f 435/269/3 434/14/3 432/262/3
f 441/259/3 422/260/3 438/261/3
f 438/261/3 435/269/3 432/262/3
f 395/14/31 413/255/31 420/255/31
f 433/14/3 431/263/3 432/262/3
f 425/14/116 423/263/116 431/263/116
f 419/264/117 431/263/117 423/263/117
f 424/262/5 423/263/5 425/14/5
f 413/255/5 398/254/5 399/256/5
f 413/255/5 399/256/5 401/267/5
f 423/263/5 424/262/5 413/255/5
f 412/264/5 423/263/5 413/255/5
f 413/255/5 401/267/5 402/266/5
f 413/255/5 402/266/5 409/265/5
f 411/258/5 412/264/5 413/255/5
f 413/255/5 409/265/5 410/257/5
f 412/264/118 411/258/118 418/258/118
f 411/258/119 410/257/119 417/257/119
f 410/257/120 409/265/120 416/265/120
f 409/265/121 402/266/121 406/266/121
f 402/266/122 401/267/122 405/267/122
f 401/267/123 399/256/123 404/256/123
f 429/271/5 415/273/5 414/272/5
f 414/272/5 440/274/5 439/259/5
f 439/259/5 413/255/5 424/262/5
f 424/262/5 426/14/5 427/268/5
f 424/262/5 427/268/5 430/261/5
f 414/272/5 439/259/5 424/262/5
f 428/270/5 429/271/5 414/272/5
f 424/262/5 430/261/5 428/270/5
f 426/14/124 425/14/124 433/14/124
f 435/269/125 427/268/125 426/14/125
f 430/261/126 427/268/126 435/269/126
f 428/270/127 430/261/127 438/261/127
f 429/271/128 428/270/128 436/270/128
f 422/260/129 415/273/129 429/271/129
f 414/272/130 415/273/130 422/260/130
f 421/272/131 442/274/131 440/274/131
f 439/259/132 440/274/132 442/274/132
f 270/14/3 273/14/3 278/14/3
f 259/14/133 270/14/133 277/14/133
f 259/14/5 274/14/5 276/14/5
f 262/14/134 276/14/134 278/14/134
f 259/14/135 258/14/135 269/14/135
f 261/14/136 262/14/136 273/14/136
f 258/14/5 259/14/5 262/14/5
f 273/14/3 270/14/3 269/14/3
f 257/14/5 258/14/5 261/14/5
f 272/14/3 269/14/3 268/14/3
f 258/14/137 257/14/137 268/14/137
f 260/14/138 261/14/138 272/14/138
f 256/14/5 257/14/5 260/14/5
f 267/14/3 264/14/3 271/14/3
f 257/14/139 256/14/139 267/14/139
f 255/14/140 260/14/140 271/14/140
f 207/14/141 267/14/141 256/14/141
f 254/14/142 255/14/142 264/14/142
f 192/14/5 256/14/5 255/14/5
f 207/14/3 263/14/3 264/14/3
f 189/14/5 191/14/5 192/14/5
f 204/14/3 263/14/3 207/14/3
f 192/14/143 191/14/143 206/14/143
f 189/14/144 254/14/144 263/14/144
f 126/14/31 343/14/31 345/14/31
f 129/14/3 345/14/3 344/14/3
f 126/14/5 125/14/5 342/14/5
f 127/14/28 344/14/28 342/14/28
f 346/254/28 342/14/28 344/14/28
f 343/14/5 342/14/5 346/254/5
f 352/254/3 344/14/3 345/14/3
f 347/256/115 346/254/115 352/254/115
f 353/256/3 352/254/3 368/255/3
f 368/255/3 380/262/3 379/263/3
f 368/255/3 379/263/3 367/264/3
f 355/267/3 353/256/3 368/255/3
f 356/266/3 355/267/3 368/255/3
f 368/255/3 367/264/3 366/258/3
f 368/255/3 366/258/3 365/257/3
f 364/265/3 356/266/3 368/255/3
f 361/255/6 387/259/6 389/259/6
f 390/274/3 369/272/3 370/260/3
f 370/260/3 385/271/3 384/270/3
f 370/260/187 384/270/187 386/261/187
f 389/259/3 390/274/3 370/260/3
f 380/262/3 368/255/3 389/259/3
f 383/269/3 382/14/3 380/262/3
f 389/259/3 370/260/3 386/261/3
f 386/261/3 383/269/3 380/262/3
f 343/14/31 361/255/31 368/255/31
f 381/14/3 379/263/3 380/262/3
f 379/263/116 381/14/116 373/14/116
f 367/264/117 379/263/117 371/263/117
f 372/262/5 371/263/5 373/14/5
f 361/255/5 346/254/5 347/256/5
f 361/255/5 347/256/5 350/267/5
f 371/263/5 372/262/5 361/255/5
f 360/264/5 371/263/5 361/255/5
f 361/255/5 350/267/5 351/266/5
f 361/255/5 351/266/5 357/265/5
f 359/258/5 360/264/5 361/255/5
f 361/255/5 357/265/5 358/257/5
f 366/258/118 367/264/118 360/264/118
f 359/258/119 358/257/119 365/257/119
f 358/257/120 357/265/120 364/265/120
f 357/265/121 351/266/121 356/266/121
f 351/266/122 350/267/122 355/267/122
f 350/267/123 347/256/123 353/256/123
f 377/271/5 363/273/5 362/272/5
f 362/272/5 388/274/5 387/259/5
f 387/259/5 361/255/5 372/262/5
f 372/262/5 374/14/5 375/268/5
f 372/262/5 375/268/5 378/261/5
f 362/272/5 387/259/5 372/262/5
f 376/270/5 377/271/5 362/272/5
f 372/262/5 378/261/5 376/270/5
f 381/14/124 382/14/124 374/14/124
f 383/269/125 375/268/125 374/14/125
f 378/261/126 375/268/126 383/269/126
f 376/270/127 378/261/127 386/261/127
f 377/271/128 376/270/128 384/270/128
f 363/273/129 377/271/129 385/271/129
f 362/272/130 363/273/130 370/260/130
f 369/272/131 390/274/131 388/274/131
f 387/259/132 388/274/132 390/274/132
f 121/14/3 124/14/3 129/14/3
f 111/14/133 121/14/133 127/14/133
f 111/14/5 125/14/5 126/14/5
f 114/14/134 126/14/134 129/14/134
f 111/14/135 110/14/135 120/14/135
f 113/14/136 114/14/136 124/14/136
f 110/14/5 111/14/5 114/14/5
f 124/14/3 121/14/3 120/14/3
f 109/14/5 110/14/5 113/14/5
f 123/14/3 120/14/3 119/14/3
f 119/14/137 120/14/137 110/14/137
f 112/14/138 113/14/138 123/14/138
f 108/14/5 109/14/5 112/14/5
f 118/14/3 117/14/3 122/14/3
f 109/14/139 108/14/139 118/14/139
f 107/14/140 112/14/140 122/14/140
f 56/14/141 118/14/141 108/14/141
f 105/14/142 107/14/142 117/14/142
f 38/14/5 108/14/5 107/14/5
f 56/14/3 115/14/3 117/14/3
f 35/14/5 37/14/5 38/14/5
f 53/14/3 115/14/3 56/14/3
f 38/14/143 37/14/143 55/14/143
f 35/14/144 105/14/144 115/14/144
f 191/14/145 190/14/145 205/14/145
f 46/14/3 53/14/3 55/14/3
f 181/14/146 182/14/146 198/14/146
f 190/14/147 186/14/147 202/14/147
f 37/14/145 36/14/145 54/14/145
f 182/14/148 189/14/148 204/14/148
f 27/14/148 35/14/148 53/14/148
f 182/14/5 190/14/5 191/14/5
f 27/14/5 36/14/5 37/14/5
f 198/14/3 204/14/3 206/14/3
f 45/14/149 47/14/149 28/14/149
f 31/14/150 30/14/150 49/14/150
f 36/14/5 27/14/5 26/14/5
f 45/14/3 46/14/3 54/14/3
f 190/14/5 182/14/5 181/14/5
f 197/14/3 198/14/3 205/14/3
f 50/14/147 54/14/147 36/14/147
f 26/14/146 27/14/146 46/14/146
f 185/14/5 183/14/5 184/14/5
f 49/14/3 51/14/3 48/14/3
f 186/14/150 185/14/150 201/14/150
f 183/14/149 181/14/149 197/14/149
f 26/14/5 28/14/5 30/14/5
f 49/14/3 47/14/3 45/14/3
f 181/14/5 183/14/5 185/14/5
f 201/14/3 199/14/3 197/14/3
f 48/14/3 51/14/3 84/14/3
f 29/14/5 63/14/5 64/14/5
f 201/14/3 203/14/3 200/14/3
f 30/14/151 32/14/151 51/14/151
f 47/14/152 48/14/152 29/14/152
f 185/14/151 187/14/151 203/14/151
f 184/14/152 183/14/152 199/14/152
f 30/14/5 28/14/5 29/14/5
f 217/14/153 218/14/153 237/14/153
f 66/14/154 63/14/154 83/14/154
f 184/14/5 216/14/5 217/14/5
f 200/14/3 203/14/3 236/14/3
f 32/14/155 64/14/155 84/14/155
f 48/14/156 83/14/156 63/14/156
f 187/14/155 217/14/155 236/14/155
f 200/14/156 235/14/156 216/14/156
f 65/14/157 69/14/157 89/14/157
f 238/14/3 237/14/3 239/14/3
f 219/14/154 216/14/154 235/14/154
f 63/14/5 66/14/5 65/14/5
f 83/14/3 84/14/3 85/14/3
f 216/14/5 219/14/5 218/14/5
f 235/14/3 236/14/3 237/14/3
f 64/14/153 65/14/153 85/14/153
f 89/14/28 90/14/28 94/14/28
f 67/14/28 69/14/28 76/14/28
f 76/14/158 66/14/158 86/14/158
f 218/14/157 221/14/157 239/14/157
f 228/14/158 219/14/158 238/14/158
f 66/14/5 76/14/5 69/14/5
f 86/14/3 85/14/3 89/14/3
f 219/14/5 228/14/5 221/14/5
f 240/14/31 223/14/31 233/14/31
f 80/14/31 99/14/31 91/14/31
f 251/14/31 247/14/31 248/14/31
f 89/14/159 57/14/159 59/14/159
f 59/14/159 88/14/159 87/14/159
f 87/14/159 90/14/159 89/14/159
f 243/14/159 239/14/159 210/14/159
f 210/14/159 213/14/159 242/14/159
f 241/14/159 243/14/159 210/14/159
f 98/14/28 95/14/28 93/14/28
f 93/14/28 94/14/28 97/14/28
f 68/14/172 40/14/172 39/14/172
f 245/14/28 249/14/28 250/14/28
f 239/14/28 243/14/28 249/14/28
f 229/14/28 228/14/28 245/14/28
f 251/14/31 244/14/31 240/14/31
f 220/14/28 221/14/28 228/14/28
f 223/14/31 222/14/31 230/14/31
f 57/14/159 89/14/159 69/14/159
f 211/14/160 240/14/160 244/14/160
f 100/14/31 92/14/31 91/14/31
f 76/14/28 78/14/28 74/14/28
f 73/14/5 68/14/5 67/14/5
f 226/14/28 224/14/28 228/14/28
f 228/14/28 229/14/28 227/14/28
f 71/14/31 70/14/31 79/14/31
f 227/14/161 229/14/161 234/14/161
f 95/14/161 101/14/161 82/14/161
f 234/14/161 229/14/161 246/14/161
f 250/14/161 252/14/161 248/14/161
f 98/14/161 103/14/161 101/14/161
f 77/14/188 75/14/188 74/14/188
f 78/14/161 82/14/161 81/14/161
f 77/14/161 74/14/161 78/14/161
f 247/14/31 233/14/31 234/14/31
f 80/14/31 79/14/31 81/14/31
f 100/14/31 99/14/31 101/14/31
f 101/14/31 103/14/31 102/14/31
f 78/14/28 76/14/28 93/14/28
f 75/14/5 73/14/5 72/14/5
f 99/14/31 80/14/31 82/14/31
f 234/14/31 233/14/31 230/14/31
f 231/14/31 232/14/31 234/14/31
f 210/14/162 211/14/162 215/14/162
f 212/14/162 214/14/162 213/14/162
f 210/14/162 215/14/162 212/14/162
f 42/14/162 44/14/162 61/14/162
f 194/14/162 196/14/162 211/14/162
f 194/14/162 193/14/162 195/14/162
f 58/14/162 60/14/162 59/14/162
f 57/14/162 61/14/162 62/14/162
f 58/14/162 59/14/162 57/14/162
f 42/14/162 39/14/162 40/14/162
f 41/14/162 43/14/162 44/14/162
f 42/14/162 40/14/162 41/14/162
f 61/14/160 44/14/160 71/14/160
f 193/14/159 194/14/159 221/14/159
f 42/14/159 69/14/159 67/14/159
f 61/14/160 91/14/160 92/14/160
f 196/14/160 195/14/160 222/14/160
f 210/14/159 239/14/159 221/14/159
f 44/14/160 43/14/160 70/14/160
f 211/14/160 196/14/160 223/14/160
