# Blender 5.1.2
# www.blender.org
o PlotterFuerHeinrichV1.001
v 130.000031 212.300018 23.768543
v 132.000031 212.300018 23.768541
v 131.200012 212.300018 32.974308
v 130.000031 212.314590 33.215382
v 130.000031 212.358124 33.452938
v 130.000031 212.429977 33.683517
v 130.000031 212.529099 33.903755
v 131.200012 212.314590 33.215382
v 131.200012 212.358124 33.452938
v 131.200012 212.429977 33.683517
v 131.200012 212.529099 33.903755
v 130.000031 212.654053 34.110435
v 130.000031 212.802994 34.300552
v 130.000031 212.973770 34.471329
v 130.000031 213.163879 34.620274
v 130.000031 213.370575 34.745220
v 130.000031 213.590805 34.844341
v 130.000031 213.821381 34.916191
v 130.000031 214.058945 34.959724
v 131.200012 212.654053 34.110435
v 131.200012 212.802994 34.300552
v 131.200012 212.973770 34.471329
v 131.200012 213.163879 34.620274
v 131.200012 213.370575 34.745220
v 131.200012 213.590805 34.844341
v 131.200012 213.821381 34.916191
v 131.200012 214.058945 34.959724
v 132.000031 213.406555 36.532795
v 132.112839 213.406555 36.532795
v 132.000031 213.326889 36.795425
v 132.112839 213.326889 36.795425
v 132.000031 213.922180 35.904495
v 132.112839 213.922180 35.904495
v 132.000031 214.164230 35.775120
v 132.112839 214.164230 35.775120
v 132.000031 213.535919 36.290752
v 132.112839 213.535919 36.290752
v 132.000031 213.710037 36.078602
v 132.112839 213.710037 36.078602
v 132.000031 213.299988 37.068550
v 132.112839 213.299988 37.068550
v 132.000031 213.326889 37.341679
v 132.112839 213.326889 37.341679
v 132.000031 213.406555 37.604309
v 132.112839 213.406555 37.604309
v 132.000031 213.535919 37.846348
v 132.112839 213.535919 37.846348
v 132.000031 213.710037 38.058502
v 132.112839 213.710037 38.058502
v 132.000031 213.922180 38.232609
v 132.112839 213.922180 38.232609
v 132.000031 214.164230 38.361984
v 132.112839 214.164230 38.361984
v 132.000031 214.426849 35.695450
v 132.112839 214.426849 35.695450
v 132.000031 214.699982 35.668549
v 132.112839 214.699982 35.668549
v 132.000031 214.426849 38.441650
v 132.112839 214.426849 38.441650
v 132.000031 214.699982 38.468552
v 132.112839 214.699982 38.468552
v 134.512863 213.406555 36.532795
v 134.512863 213.326889 36.795425
v 134.512863 213.922180 35.904495
v 134.512863 214.164230 35.775120
v 134.512863 213.535919 36.290752
v 134.512863 213.710037 36.078602
v 134.512863 213.299988 37.068550
v 134.512863 213.326889 37.341679
v 134.512863 213.406555 37.604309
v 134.512863 213.535919 37.846348
v 134.512863 213.710037 38.058502
v 134.512863 213.922180 38.232609
v 134.512863 214.164230 38.361984
v 134.512863 214.426849 35.695450
v 134.512863 214.699982 35.668549
v 134.512863 214.426849 38.441650
v 134.512863 214.699982 38.468552
v 132.112839 206.069778 41.868549
v 132.112839 206.816132 41.653637
v 132.112839 207.542023 41.394463
v 132.112839 208.258942 41.044106
v 132.112839 208.951035 40.682598
v 132.112839 209.076431 42.068993
v 132.112839 207.569778 42.768551
v 132.112839 209.088135 42.599846
v 132.112839 209.639389 40.379776
v 132.112839 210.388016 40.069164
v 132.112839 210.457520 42.473064
v 132.112839 211.242493 39.850033
v 132.112839 212.069778 39.768551
v 132.112839 211.250244 42.415787
v 132.112839 212.069778 41.268551
v 132.112839 212.075165 42.365585
v 130.000031 212.529099 44.444855
v 130.000031 212.429977 44.665089
v 130.000031 212.358124 44.895668
v 130.000031 212.314590 45.133224
v 131.200012 212.529099 44.444855
v 131.200012 212.429977 44.665089
v 131.200012 212.358124 44.895668
v 131.200012 212.314590 45.133224
v 131.200012 212.300018 45.374298
v 132.112839 209.727463 42.535213
v 134.512863 206.069778 41.868549
v 134.512863 206.816132 41.653637
v 134.512863 207.542023 41.394463
v 134.512863 208.258942 41.044106
v 134.512863 208.951035 40.682598
v 134.512863 209.076431 42.068993
v 134.512863 207.569778 42.768551
v 134.512863 209.088135 42.599846
v 134.512863 209.639389 40.379776
v 134.512863 210.388016 40.069160
v 134.512863 210.457520 42.473064
v 134.512863 211.242493 39.850033
v 134.512863 212.069778 39.768551
v 134.512863 211.250244 42.415787
v 134.512863 212.069778 41.268551
v 134.512863 212.075165 42.365585
v 134.512863 209.727463 42.535213
v 130.000031 212.300018 53.768520
v 132.000031 212.300018 53.768513
v 132.112839 212.900574 42.324383
v 132.112839 213.694763 42.293770
v 132.112839 214.427216 42.274918
v 132.112839 215.069778 42.268551
v 130.000031 212.973770 43.877277
v 130.000031 212.802994 44.048054
v 130.000031 212.654053 44.238171
v 130.000031 213.163879 43.728333
v 130.000031 213.370575 43.603386
v 130.000031 213.821381 43.432415
v 130.000031 214.058945 43.388882
v 130.000031 213.590805 43.504269
v 131.200012 212.973770 43.877277
v 131.200012 212.802994 44.048054
v 131.200012 212.654053 44.238171
v 131.200012 213.163879 43.728333
v 131.200012 213.370575 43.603386
v 131.200012 213.821381 43.432415
v 131.200012 214.058945 43.388882
v 131.200012 213.590805 43.504269
v 132.112839 216.370316 41.268551
v 132.112839 216.370316 42.268551
v 134.512863 212.900574 42.324383
v 134.512863 213.694763 42.293770
v 134.512863 214.427216 42.274918
v 134.512863 215.069778 42.268551
v 134.512863 216.370316 41.268551
v 134.512863 216.370316 42.268551
v 132.000031 213.406555 47.632797
v 132.112839 213.406555 47.632797
v 132.000031 213.326889 47.895424
v 132.112839 213.326889 47.895424
v 132.000031 213.710037 47.178604
v 132.112839 213.710037 47.178604
v 132.000031 213.922180 47.004494
v 132.112839 213.922180 47.004494
v 132.000031 214.164230 46.875122
v 132.112839 214.164230 46.875122
v 132.000031 213.535919 47.390755
v 132.112839 213.535919 47.390755
v 132.000031 213.299988 48.168552
v 132.112839 213.299988 48.168552
v 132.000031 213.326889 48.441677
v 132.112839 213.326889 48.441677
v 132.000031 213.406555 48.704308
v 132.112839 213.406555 48.704308
v 132.000031 213.535919 48.946350
v 132.112839 213.535919 48.946350
v 132.000031 213.710037 49.158501
v 132.112839 213.710037 49.158501
v 132.000031 213.922180 49.332607
v 132.112839 213.922180 49.332607
v 132.000031 214.164230 49.461983
v 132.112839 214.164230 49.461983
v 132.000031 214.426849 46.795452
v 132.112839 214.426849 46.795452
v 132.000031 214.699982 46.768551
v 132.112839 214.699982 46.768551
v 132.000031 214.426849 49.541649
v 132.112839 214.426849 49.541649
v 132.000031 214.699982 49.568550
v 132.112839 214.699982 49.568550
v 134.512863 213.406555 47.632797
v 134.512863 213.326889 47.895424
v 134.512863 213.710037 47.178604
v 134.512863 213.922180 47.004494
v 134.512863 214.164230 46.875118
v 134.512863 213.535919 47.390755
v 134.512863 213.299988 48.168552
v 134.512863 213.326889 48.441677
v 134.512863 213.406555 48.704308
v 134.512863 213.535919 48.946350
v 134.512863 213.710037 49.158501
v 134.512863 213.922180 49.332607
v 134.512863 214.164230 49.461983
v 134.512863 214.426849 46.795452
v 134.512863 214.699982 46.768551
v 134.512863 214.426849 49.541649
v 134.512863 214.699982 49.568550
v 132.000031 220.299988 35.668549
v 132.112839 220.299988 35.668549
v 132.000031 220.299988 38.468552
v 132.112839 220.299988 38.468552
v 132.000031 222.299988 35.668549
v 132.112839 222.299988 35.668549
v 132.000031 222.299988 38.468552
v 132.112839 222.299988 38.468552
v 134.512863 220.299988 35.668549
v 134.512863 220.299988 38.468552
v 134.512863 222.299988 35.668549
v 134.512863 222.299988 38.468552
v 132.000031 226.400009 23.768541
v 130.000031 232.300003 23.768543
v 132.509735 230.814667 23.768543
v 132.949631 228.842468 23.768543
v 132.940018 228.940018 23.768543
v 133.086472 228.586456 23.768543
v 133.162231 228.524277 23.768543
v 133.248688 228.478073 23.768543
v 133.024292 228.662231 23.768543
v 132.978088 228.748672 23.768543
v 133.342484 228.449615 23.768543
v 133.440018 228.440018 23.768543
v 132.940018 230.060013 23.768543
v 132.949631 230.157562 23.768543
v 132.978088 230.251358 23.768543
v 133.024292 230.337799 23.768543
v 133.086472 230.413574 23.768543
v 133.162231 230.475754 23.768543
v 133.248688 230.521957 23.768543
v 133.342484 230.550415 23.768543
v 133.440018 230.560013 23.768543
v 134.940018 230.560013 23.768543
v 134.940018 232.300003 23.768543
v 132.000031 226.312271 35.668549
v 132.112839 226.312271 35.668549
v 132.000031 226.400009 35.668549
v 132.112839 226.400009 35.668549
v 132.000031 226.312271 38.468552
v 132.112839 226.312271 38.468552
v 130.000031 229.541077 34.988888
v 131.200027 229.541077 34.988888
v 130.000031 229.778625 35.032425
v 130.000031 230.009216 35.104275
v 130.000031 230.229446 35.203396
v 130.000031 230.436127 35.328339
v 130.000031 230.626251 35.477287
v 131.200027 229.778625 35.032425
v 131.200027 230.009216 35.104275
v 131.200027 230.229446 35.203396
v 131.200027 230.436127 35.328339
v 131.200027 230.626251 35.477287
v 130.000031 230.797028 35.648060
v 130.000031 230.945969 35.838177
v 130.000031 231.070908 36.044861
v 130.000031 231.170029 36.265099
v 130.000031 231.241882 36.495674
v 130.000031 231.285416 36.733231
v 131.200027 230.797028 35.648060
v 131.200027 230.945969 35.838177
v 131.200027 231.070908 36.044861
v 131.200027 231.170029 36.265099
v 131.200027 231.241882 36.495674
v 131.200027 231.285416 36.733231
v 130.000031 231.300003 36.974304
v 131.200027 231.300003 36.974304
v 134.512863 226.312271 35.668549
v 134.512863 226.400009 35.668549
v 134.512863 226.312271 38.468552
v 134.512863 226.400009 38.468552
v 132.112839 220.299988 41.268551
v 132.112839 220.299988 42.268551
v 132.112839 220.299988 44.768551
v 132.112839 222.267136 45.801437
v 132.112839 223.030762 41.190788
v 132.112839 223.030746 42.195625
v 132.112839 223.575012 41.244396
v 132.112839 224.098343 41.403149
v 132.112839 223.381744 42.230198
v 132.112839 223.719254 42.332581
v 132.112839 224.030304 42.498837
v 132.112839 224.580658 41.660950
v 132.112839 225.003403 42.007889
v 132.112839 225.350357 42.430637
v 132.112839 223.030746 45.793892
v 132.112839 223.381744 45.759315
v 132.112839 223.719254 45.656937
v 132.112839 224.030304 45.490677
v 132.112839 224.302933 42.722580
v 132.112839 224.526672 42.995216
v 132.112839 224.692932 43.306259
v 132.112839 224.795319 43.643761
v 132.112839 224.829880 43.994759
v 132.112839 224.795319 44.345753
v 132.112839 225.608154 42.912949
v 132.112839 224.302933 45.266933
v 132.112839 224.692932 44.683258
v 132.112839 224.526672 44.994301
v 132.112839 225.608154 45.048134
v 132.112839 225.003403 45.953197
v 132.112839 225.350357 45.530445
v 134.512863 220.299988 41.268551
v 134.512863 220.299988 42.268551
v 134.512863 220.299988 44.768551
v 134.512863 222.267136 45.801437
v 134.512863 223.030762 41.190788
v 134.512863 223.030746 42.195625
v 134.512863 223.575012 41.244392
v 134.512863 224.098343 41.403149
v 134.512863 223.381744 42.230198
v 134.512863 223.719254 42.332581
v 134.512863 224.030304 42.498837
v 134.512863 224.580658 41.660950
v 134.512863 225.003403 42.007885
v 134.512863 225.350357 42.430637
v 134.512863 223.030746 45.793892
v 134.512863 223.381744 45.759315
v 134.512863 223.719254 45.656937
v 134.512863 224.030304 45.490677
v 134.512863 224.302933 42.722580
v 134.512863 224.526672 42.995216
v 134.512863 224.692932 43.306259
v 134.512863 224.795319 43.643761
v 134.512863 224.829880 43.994759
v 134.512863 224.795319 44.345753
v 134.512863 225.608154 42.912949
v 134.512863 224.302933 45.266933
v 134.512863 224.692932 44.683258
v 134.512863 224.526672 44.994301
v 134.512863 225.608154 45.048134
v 134.512863 225.003403 45.953197
v 134.512863 225.350357 45.530445
v 132.000031 220.299988 46.768551
v 132.112839 220.299988 46.768551
v 132.000031 220.299988 49.568550
v 132.112839 220.299988 49.568550
v 132.000031 222.299988 46.768551
v 132.112839 222.299988 46.768551
v 132.000031 222.299988 49.568550
v 132.112839 222.299988 49.568550
v 132.112839 223.063599 46.761002
v 132.112839 223.583221 46.699493
v 132.112839 224.098343 46.557934
v 132.112839 224.580658 46.300133
v 134.512863 220.299988 46.768551
v 134.512863 220.299988 49.568550
v 134.512863 222.299988 46.768551
v 134.512863 222.299988 49.568550
v 134.512863 223.063599 46.761002
v 134.512863 223.583221 46.699493
v 134.512863 224.098343 46.557934
v 134.512863 224.580658 46.300133
v 132.000031 226.312271 39.768551
v 132.112839 226.312271 39.768551
v 132.112839 225.766907 43.436287
v 132.000031 226.312271 42.768551
v 132.112839 226.312271 42.768551
v 132.112839 225.820496 43.980541
v 132.112839 225.766907 44.524796
v 132.000031 226.312271 45.768547
v 132.112839 226.312271 45.768547
v 130.000031 231.300003 41.374298
v 130.000031 230.945969 42.510429
v 130.000031 231.241882 41.852932
v 130.000031 231.285416 41.615372
v 130.000031 231.170029 42.083508
v 130.000031 231.070908 42.303745
v 131.200027 231.300003 41.374298
v 131.200027 230.945969 42.510429
v 131.200027 231.241882 41.852932
v 131.200027 231.285416 41.615372
v 131.200027 231.170029 42.083508
v 131.200027 231.070908 42.303745
v 130.000031 229.541077 43.359718
v 130.000031 229.778625 43.316181
v 130.000031 230.009216 43.244331
v 130.000031 230.229446 43.145210
v 130.000031 230.626251 42.871323
v 130.000031 230.436127 43.020267
v 131.200027 229.541077 43.359718
v 131.200027 229.778625 43.316181
v 131.200027 230.009216 43.244331
v 131.200027 230.229446 43.145210
v 131.200027 230.626251 42.871323
v 131.200027 230.436127 43.020267
v 130.000031 230.797028 42.700546
v 131.200027 230.797028 42.700546
v 132.949631 228.842468 40.841702
v 132.940018 228.940018 40.841702
v 133.086472 228.586456 40.841702
v 133.162231 228.524277 40.841702
v 133.248688 228.478073 40.841702
v 133.024292 228.662231 40.841702
v 132.978088 228.748672 40.841702
v 133.342484 228.449615 40.841702
v 133.440018 228.440018 40.841702
v 134.512863 226.312271 39.768551
v 134.512863 226.399994 39.768551
v 134.512863 225.766907 43.436287
v 134.512863 226.312271 42.768551
v 134.512863 226.399994 42.768551
v 134.512863 225.820496 43.980541
v 134.512863 225.766907 44.524796
v 134.512863 226.312271 45.768547
v 134.512863 226.399994 45.768547
v 132.000031 226.312271 46.768551
v 132.112839 226.312271 46.768551
v 132.000031 226.312271 49.568550
v 132.112839 226.312271 49.568550
v 132.000031 226.399994 49.568550
v 132.112839 226.399994 49.568550
v 132.000031 226.399994 53.768513
v 130.000031 232.300003 53.768520
v 134.512863 226.312271 46.768551
v 134.512863 226.399994 46.768551
v 134.512863 226.312271 49.568550
v 134.512863 226.399994 49.568550
v 132.949631 228.842468 53.768520
v 132.940018 228.940018 53.768520
v 133.086472 228.586456 53.768520
v 133.162231 228.524277 53.768520
v 133.248688 228.478073 53.768520
v 133.024292 228.662231 53.768520
v 132.978088 228.748672 53.768520
v 133.342484 228.449615 53.768520
v 133.440018 228.440018 53.768520
v 132.940018 230.060013 53.768520
v 132.949631 230.157562 53.768520
v 132.978088 230.251358 53.768520
v 133.024292 230.337799 53.768520
v 133.086472 230.413574 53.768520
v 133.162231 230.475754 53.768520
v 133.248688 230.521957 53.768520
v 133.342484 230.550415 53.768520
v 133.440018 230.560013 53.768520
v 134.940018 230.560013 53.768520
v 134.940018 232.300003 53.768520
v 139.300018 228.440018 43.768528
v 139.641724 230.641708 42.163315
v 139.622574 230.622559 42.264339
v 139.786545 230.518005 42.163315
v 139.812531 230.553757 42.068527
v 139.770645 230.496109 42.264339
v 139.691864 230.546387 42.368526
v 139.847794 230.602295 41.982857
v 139.996262 230.511322 41.982857
v 140.157120 230.444687 41.982857
v 140.029831 230.577209 41.908901
v 140.068726 230.653549 41.848911
v 139.948959 230.418488 42.163315
v 139.936661 230.394363 42.264339
v 139.850067 230.432251 42.368526
v 139.969025 230.457870 42.068527
v 140.124924 230.345596 42.163315
v 140.116562 230.319855 42.264339
v 140.138580 230.387634 42.068527
v 140.024124 230.344131 42.368526
v 140.326431 230.404037 41.982857
v 140.179977 230.515015 41.908901
v 140.206451 230.596497 41.848911
v 140.337997 230.477081 41.908901
v 140.351395 230.561691 41.848911
v 140.310135 230.301132 42.163315
v 140.317047 230.344788 42.068527
v 140.305893 230.274399 42.264339
v 140.209763 230.284164 42.368526
v 140.402466 230.253815 42.368526
v 139.511337 230.996246 41.982857
v 139.348251 231.014267 42.368526
v 139.496124 230.770630 42.264339
v 139.437851 230.840988 42.368526
v 139.418503 230.948944 42.163315
v 139.394379 230.936646 42.264339
v 139.457886 230.969009 42.068527
v 139.444702 231.157104 41.982857
v 139.515030 231.179962 41.908901
v 139.404053 231.326416 41.982857
v 139.477097 231.337982 41.908901
v 139.345612 231.124908 42.163315
v 139.319870 231.116547 42.264339
v 139.286697 231.199387 42.368526
v 139.301147 231.310120 42.163315
v 139.344803 231.317032 42.068527
v 139.274414 231.305878 42.264339
v 139.254700 231.391830 42.368526
v 139.387650 231.138565 42.068527
v 139.602310 230.847778 41.982857
v 139.577225 231.029816 41.908901
v 139.662140 230.891251 41.908901
v 139.653564 231.068710 41.848911
v 139.715393 230.715378 41.982857
v 139.767685 230.767670 41.908901
v 139.828262 230.828247 41.848911
v 139.808136 230.997314 41.804710
v 139.731445 230.941605 41.848911
v 139.553772 230.812515 42.068527
v 139.518021 230.786530 42.163315
v 139.672974 230.672958 42.068527
v 139.553329 230.683746 42.368526
v 139.596512 231.206436 41.848911
v 139.655334 231.366211 41.804710
v 139.561707 231.351379 41.848911
v 139.686661 231.235718 41.804710
v 139.390381 231.500000 41.982857
v 139.404053 231.673584 41.982857
v 139.464340 231.500000 41.908901
v 139.477097 231.662018 41.908901
v 139.515030 231.820038 41.908901
v 139.444702 231.842896 41.982857
v 139.259125 231.500000 42.264339
v 139.286194 231.500000 42.163315
v 139.330399 231.500000 42.068527
v 139.344803 231.682968 42.068527
v 139.253036 231.586914 42.368526
v 139.301147 231.689880 42.163315
v 139.274414 231.694122 42.264339
v 139.345612 231.875092 42.163315
v 139.319870 231.883453 42.264339
v 139.281754 231.779877 42.368526
v 139.387650 231.861435 42.068527
v 139.511337 232.003754 41.982857
v 139.340134 231.966019 42.368526
v 139.418503 232.051056 42.163315
v 139.394379 232.063354 42.264339
v 139.457886 232.030991 42.068527
v 139.496124 232.229370 42.264339
v 139.426773 232.140808 42.368526
v 139.644806 231.500000 41.804710
v 139.655334 231.633789 41.804710
v 139.550018 231.500000 41.848911
v 139.561707 231.648621 41.848911
v 139.596512 231.793564 41.848911
v 139.745819 231.500000 41.777641
v 139.686661 231.764282 41.804710
v 139.577225 231.970184 41.908901
v 139.653564 231.931290 41.848911
v 139.662140 232.108749 41.908901
v 139.602310 232.152222 41.982857
v 139.808136 232.002686 41.804710
v 139.731445 232.058395 41.848911
v 139.715393 232.284622 41.982857
v 139.691772 232.300003 42.018562
v 139.752182 232.300003 41.967033
v 139.828262 232.171753 41.848911
v 139.818695 232.300003 41.922356
v 139.553772 232.187485 42.068527
v 139.518021 232.213470 42.163315
v 139.566223 232.300003 42.213642
v 139.597824 232.300003 42.143398
v 139.641418 232.300003 42.075897
v 139.546661 232.300003 42.290581
v 139.539551 232.300003 42.368526
v 139.997330 230.808121 41.804710
v 139.891266 230.662125 41.908901
v 139.941620 230.731430 41.848911
v 139.889862 231.056702 41.777641
v 140.056717 230.889847 41.777641
v 140.235733 230.686646 41.804710
v 139.889862 231.943298 41.777641
v 139.895294 232.104721 41.804710
v 139.997330 232.191879 41.804710
v 139.885880 232.300003 41.887489
v 139.941620 232.268570 41.848911
v 140.056717 232.110153 41.777641
v 140.111755 232.261993 41.804710
v 140.030838 232.300003 41.837303
v 140.187119 232.300003 41.806801
v 138.461166 230.548386 43.768528
v 139.090744 229.746017 43.768528
v 138.729889 230.111053 43.768528
v 138.583023 230.322021 43.768528
v 138.899872 229.918213 43.768528
v 138.365921 230.787155 43.768528
v 138.298538 231.035233 43.768528
v 138.259888 231.289383 43.768528
v 138.250488 231.546265 43.768528
v 138.270447 231.802567 43.768528
v 138.319519 232.054901 43.768528
v 138.397034 232.300003 43.768528
v 139.300018 229.596710 43.768528
v 139.691864 230.546387 43.768528
v 139.850067 230.432251 43.768528
v 140.024124 230.344131 43.768528
v 140.209763 230.284164 43.768528
v 140.402466 230.253815 43.768528
v 139.348251 231.014267 43.768528
v 139.437851 230.840988 43.768528
v 139.286697 231.199387 43.768528
v 139.254700 231.391830 43.768528
v 139.553329 230.683746 43.768528
v 139.253036 231.586914 43.768528
v 139.281754 231.779877 43.768528
v 139.340134 231.966019 43.768528
v 139.426773 232.140808 43.768528
v 139.539551 232.300003 43.768528
v 139.300018 228.440018 53.768520
v 138.461166 230.548386 53.768520
v 139.090744 229.746017 53.768520
v 138.729889 230.111053 53.768520
v 138.583023 230.322021 53.768520
v 138.899872 229.918213 53.768520
v 138.365921 230.787155 53.768520
v 138.298538 231.035233 53.768520
v 138.259888 231.289383 53.768520
v 138.250488 231.546265 53.768520
v 138.270447 231.802567 53.768520
v 138.319519 232.054901 53.768520
v 138.397034 232.300003 53.768520
v 139.300018 229.596710 53.768520
v 149.000000 212.300018 23.768541
v 151.000000 212.300018 23.768543
v 149.800018 212.300018 32.974308
v 149.800018 212.314590 33.215382
v 149.800018 212.358124 33.452938
v 149.800018 212.429977 33.683517
v 149.800018 212.529099 33.903755
v 151.000000 212.314590 33.215382
v 151.000000 212.358124 33.452938
v 151.000000 212.429977 33.683517
v 151.000000 212.529099 33.903755
v 146.487137 213.406555 36.532791
v 146.487137 213.326889 36.795425
v 146.487137 213.922180 35.904491
v 146.487137 214.164230 35.775120
v 146.487137 213.535934 36.290752
v 146.487137 213.710037 36.078602
v 146.487137 213.299988 37.068550
v 146.487137 213.326889 37.341675
v 146.487137 213.406555 37.604305
v 146.487137 213.535934 37.846348
v 146.487137 213.710037 38.058498
v 146.487137 213.922180 38.232609
v 146.487137 214.164230 38.361980
v 146.487137 214.426849 35.695450
v 146.487137 214.699982 35.668549
v 146.487137 214.426849 38.441650
v 146.487137 214.699982 38.468552
v 149.800018 212.654053 34.110435
v 149.800018 212.802994 34.300552
v 149.800018 212.973770 34.471329
v 149.800018 213.163879 34.620274
v 149.800018 213.370575 34.745220
v 149.800018 213.590805 34.844341
v 149.800018 213.821381 34.916191
v 149.800018 214.058945 34.959724
v 151.000000 212.654053 34.110435
v 151.000000 212.802994 34.300552
v 151.000000 212.973770 34.471329
v 151.000000 213.163879 34.620274
v 151.000000 213.370575 34.745220
v 151.000000 213.590805 34.844341
v 151.000000 213.821381 34.916191
v 151.000000 214.058945 34.959724
v 148.887161 213.406555 36.532791
v 149.000000 213.406555 36.532791
v 148.887161 213.326889 36.795425
v 149.000000 213.326889 36.795425
v 148.887161 213.922180 35.904491
v 149.000000 213.922180 35.904491
v 148.887161 214.164230 35.775120
v 149.000000 214.164230 35.775120
v 148.887161 213.535934 36.290752
v 149.000000 213.535934 36.290752
v 148.887161 213.710037 36.078602
v 149.000000 213.710037 36.078602
v 148.887161 213.299988 37.068550
v 149.000000 213.299988 37.068550
v 148.887161 213.326889 37.341675
v 149.000000 213.326889 37.341675
v 148.887161 213.406555 37.604305
v 149.000000 213.406555 37.604305
v 148.887161 213.535934 37.846348
v 149.000000 213.535934 37.846348
v 148.887161 213.710037 38.058498
v 149.000000 213.710037 38.058498
v 148.887161 213.922180 38.232609
v 149.000000 213.922180 38.232609
v 148.887161 214.164230 38.361980
v 149.000000 214.164230 38.361980
v 148.887161 214.426849 35.695450
v 149.000000 214.426849 35.695450
v 148.887161 214.699982 35.668549
v 149.000000 214.699982 35.668549
v 148.887161 214.426849 38.441650
v 149.000000 214.426849 38.441650
v 148.887161 214.699982 38.468552
v 149.000000 214.699982 38.468552
v 146.487137 206.069778 41.868549
v 146.487137 206.816132 41.653637
v 146.487137 207.542023 41.394463
v 146.487137 208.258942 41.044106
v 146.487137 208.951035 40.682598
v 146.487137 209.076431 42.068993
v 146.487137 207.569778 42.768551
v 146.487137 209.088135 42.599846
v 146.487137 209.639389 40.379772
v 146.487137 210.388016 40.069160
v 146.487137 210.457520 42.473064
v 146.487137 211.242493 39.850033
v 146.487137 212.069778 39.768551
v 146.487137 211.250244 42.415787
v 146.487137 212.069778 41.268551
v 146.487137 212.075165 42.365585
v 146.487137 209.727463 42.535213
v 148.887161 206.069778 41.868549
v 148.887161 206.816132 41.653637
v 148.887161 207.542023 41.394463
v 148.887161 208.258942 41.044106
v 148.887161 208.951035 40.682598
v 148.887161 209.076431 42.068993
v 148.887161 207.569778 42.768551
v 148.887161 209.088135 42.599846
v 148.887161 209.639389 40.379772
v 148.887161 210.388016 40.069160
v 148.887161 210.457520 42.473064
v 148.887161 211.242493 39.850033
v 148.887161 212.069778 39.768551
v 148.887161 211.250244 42.415787
v 148.887161 212.069778 41.268551
v 148.887161 212.075165 42.365585
v 148.887161 209.727463 42.535213
v 149.800018 212.529099 44.444855
v 149.800018 212.429977 44.665089
v 149.800018 212.358124 44.895668
v 149.800018 212.314590 45.133224
v 149.800018 212.300018 45.374298
v 151.000000 212.529099 44.444855
v 151.000000 212.429977 44.665089
v 151.000000 212.358124 44.895668
v 151.000000 212.314590 45.133224
v 149.000000 212.300018 53.768513
v 151.000000 212.300018 53.768520
v 146.487137 212.900574 42.324383
v 146.487137 213.694763 42.293770
v 146.487137 214.427216 42.274914
v 146.487137 215.069778 42.268551
v 146.487137 216.370316 41.268551
v 146.487137 216.370316 42.268551
v 148.887161 212.900574 42.324383
v 148.887161 213.694763 42.293770
v 148.887161 214.427216 42.274918
v 148.887161 215.069778 42.268551
v 149.800018 212.973770 43.877277
v 149.800018 212.802994 44.048054
v 149.800018 212.654053 44.238171
v 149.800018 213.163879 43.728333
v 149.800018 213.370575 43.603386
v 149.800018 213.821381 43.432415
v 149.800018 214.058945 43.388882
v 149.800018 213.590805 43.504269
v 151.000000 212.973770 43.877277
v 151.000000 212.802994 44.048054
v 151.000000 212.654053 44.238171
v 151.000000 213.163879 43.728333
v 151.000000 213.370575 43.603386
v 151.000000 213.821381 43.432415
v 151.000000 214.058945 43.388882
v 151.000000 213.590805 43.504269
v 148.887161 216.370316 41.268551
v 148.887161 216.370316 42.268551
v 146.487137 213.406555 47.632793
v 146.487137 213.326889 47.895424
v 146.487137 213.710037 47.178600
v 146.487137 213.922180 47.004494
v 146.487137 214.164230 46.875118
v 146.487137 213.535934 47.390751
v 146.487137 213.299988 48.168549
v 146.487137 213.326889 48.441677
v 146.487137 213.406555 48.704308
v 146.487137 213.535934 48.946350
v 146.487137 213.710037 49.158501
v 146.487137 213.922180 49.332607
v 146.487137 214.164230 49.461983
v 146.487137 214.426849 46.795452
v 146.487137 214.699982 46.768551
v 146.487137 214.426849 49.541649
v 146.487137 214.699982 49.568550
v 148.887161 213.406555 47.632793
v 149.000000 213.406555 47.632793
v 148.887161 213.326889 47.895424
v 149.000000 213.326889 47.895424
v 148.887161 213.710037 47.178600
v 149.000000 213.710037 47.178600
v 148.887161 213.922180 47.004494
v 149.000000 213.922180 47.004494
v 148.887161 214.164230 46.875118
v 149.000000 214.164230 46.875118
v 148.887161 213.535934 47.390751
v 149.000000 213.535934 47.390751
v 148.887161 213.299988 48.168549
v 149.000000 213.299988 48.168549
v 148.887161 213.326889 48.441677
v 149.000000 213.326889 48.441677
v 148.887161 213.406555 48.704308
v 149.000000 213.406555 48.704308
v 148.887161 213.535934 48.946350
v 149.000000 213.535934 48.946350
v 148.887161 213.710037 49.158501
v 149.000000 213.710037 49.158501
v 148.887161 213.922180 49.332607
v 149.000000 213.922180 49.332607
v 148.887161 214.164230 49.461983
v 149.000000 214.164230 49.461983
v 148.887161 214.426849 46.795452
v 149.000000 214.426849 46.795452
v 148.887161 214.699982 46.768551
v 149.000000 214.699982 46.768551
v 148.887161 214.426849 49.541649
v 149.000000 214.426849 49.541649
v 148.887161 214.699982 49.568550
v 149.000000 214.699982 49.568550
v 140.500015 226.400009 23.768541
v 140.500015 228.440018 23.768543
v 146.487137 220.299988 35.668549
v 146.487137 220.299988 38.468552
v 146.487137 222.299988 35.668549
v 146.487137 222.299988 38.468552
v 148.887161 220.299988 35.668549
v 149.000000 220.299988 35.668549
v 148.887161 220.299988 38.468552
v 149.000000 220.299988 38.468552
v 148.887161 222.299988 35.668549
v 149.000000 222.299988 35.668549
v 148.887161 222.299988 38.468552
v 149.000000 222.299988 38.468552
v 147.560013 228.440018 23.768543
v 147.657547 228.449615 23.768543
v 147.751343 228.478073 23.768543
v 147.837799 228.524277 23.768543
v 147.913559 228.586456 23.768543
v 147.975739 228.662231 23.768543
v 148.021942 228.748672 23.768543
v 148.050400 228.842468 23.768543
v 148.060013 228.940018 23.768543
v 146.060013 230.560013 23.768543
v 146.060013 232.300003 23.768543
v 147.560013 230.560013 23.768543
v 147.657547 230.550415 23.768543
v 147.751343 230.521957 23.768543
v 147.837799 230.475754 23.768543
v 147.913559 230.413574 23.768543
v 147.975739 230.337799 23.768543
v 148.021942 230.251358 23.768543
v 148.060013 230.060013 23.768543
v 148.050400 230.157562 23.768543
v 149.000000 226.400009 23.768541
v 148.490295 230.814667 23.768543
v 151.000000 232.300003 23.768543
v 146.487137 226.312271 35.668549
v 146.487137 226.400009 35.668549
v 146.487137 226.312271 38.468552
v 146.487137 226.400009 38.468552
v 148.887161 226.312271 35.668549
v 149.000000 226.312271 35.668549
v 148.887161 226.400009 35.668549
v 149.000000 226.400009 35.668549
v 148.887161 226.312271 38.468552
v 149.000000 226.312271 38.468552
v 149.800003 229.541077 34.988888
v 151.000000 229.541077 34.988888
v 149.800003 229.778625 35.032425
v 149.800003 230.009216 35.104275
v 149.800003 230.229446 35.203396
v 149.800003 230.436127 35.328339
v 149.800003 230.626251 35.477287
v 151.000000 229.778625 35.032425
v 151.000000 230.009216 35.104275
v 151.000000 230.229446 35.203396
v 151.000000 230.436127 35.328339
v 151.000000 230.626251 35.477287
v 149.800003 230.797028 35.648060
v 149.800003 230.945969 35.838177
v 149.800003 231.070908 36.044861
v 149.800003 231.170029 36.265099
v 149.800003 231.241882 36.495674
v 149.800003 231.285416 36.733231
v 151.000000 230.797028 35.648060
v 151.000000 230.945969 35.838177
v 151.000000 231.070908 36.044861
v 151.000000 231.170029 36.265099
v 151.000000 231.241882 36.495674
v 151.000000 231.285416 36.733231
v 149.800003 231.300003 36.974304
v 151.000000 231.300003 36.974304
v 140.500015 228.440018 40.841702
v 140.500015 228.440018 43.768528
v 141.700012 228.440018 43.768528
v 140.500015 230.390366 41.982857
v 140.500015 230.644791 41.804710
v 140.500015 230.464325 41.908901
v 140.500015 230.550003 41.848911
v 140.662033 230.477081 41.908901
v 140.648636 230.561691 41.848911
v 140.673599 230.404037 41.982857
v 140.820053 230.515015 41.908901
v 140.793579 230.596497 41.848911
v 140.500015 230.286179 42.163315
v 140.500015 230.330383 42.068527
v 140.500015 230.259109 42.264339
v 140.597565 230.253815 42.368526
v 140.689896 230.301132 42.163315
v 140.682983 230.344788 42.068527
v 140.694138 230.274399 42.264339
v 140.790268 230.284164 42.368526
v 140.842911 230.444687 41.982857
v 140.931305 230.653549 41.848911
v 140.970200 230.577209 41.908901
v 141.003769 230.511322 41.982857
v 141.152237 230.602295 41.982857
v 140.875107 230.345596 42.163315
v 140.883469 230.319855 42.264339
v 140.861450 230.387634 42.068527
v 140.975906 230.344131 42.368526
v 141.051071 230.418488 42.163315
v 141.063370 230.394363 42.264339
v 141.149963 230.432251 42.368526
v 141.031006 230.457870 42.068527
v 141.187500 230.553757 42.068527
v 141.213486 230.518005 42.163315
v 141.229385 230.496109 42.264339
v 141.308167 230.546387 42.368526
v 141.358307 230.641708 42.163315
v 141.377457 230.622559 42.264339
v 140.500015 230.745804 41.777641
v 140.764297 230.686646 41.804710
v 140.943314 230.889847 41.777641
v 141.002701 230.808121 41.804710
v 141.058411 230.731430 41.848911
v 141.108765 230.662125 41.908901
v 141.110168 231.056702 41.777641
v 140.500015 232.149994 41.768528
v 140.500015 232.254196 41.777641
v 140.500015 232.300003 41.787579
v 140.812912 232.300003 41.806801
v 140.888275 232.261993 41.804710
v 140.943314 232.110153 41.777641
v 140.969193 232.300003 41.837303
v 141.110168 231.943298 41.777641
v 141.002701 232.191879 41.804710
v 141.104736 232.104721 41.804710
v 141.058411 232.268570 41.848911
v 141.114151 232.300003 41.887489
v 141.171768 230.828247 41.848911
v 141.232346 230.767670 41.908901
v 141.284637 230.715378 41.982857
v 141.191895 230.997314 41.804710
v 141.268585 230.941605 41.848911
v 141.397720 230.847778 41.982857
v 141.337891 230.891251 41.908901
v 141.346466 231.068710 41.848911
v 141.422806 231.029816 41.908901
v 141.327057 230.672958 42.068527
v 141.446259 230.812515 42.068527
v 141.482010 230.786530 42.163315
v 141.446701 230.683746 42.368526
v 141.313370 231.235718 41.804710
v 141.403519 231.206436 41.848911
v 141.344696 231.366211 41.804710
v 141.438324 231.351379 41.848911
v 141.488693 230.996246 41.982857
v 141.503906 230.770630 42.264339
v 141.562180 230.840988 42.368526
v 141.542145 230.969009 42.068527
v 141.581528 230.948944 42.163315
v 141.605652 230.936646 42.264339
v 141.651779 231.014267 42.368526
v 141.555328 231.157104 41.982857
v 141.485001 231.179962 41.908901
v 141.522934 231.337982 41.908901
v 141.595978 231.326416 41.982857
v 141.612381 231.138565 42.068527
v 141.654419 231.124908 42.163315
v 141.680161 231.116547 42.264339
v 141.713333 231.199387 42.368526
v 141.655228 231.317032 42.068527
v 141.698883 231.310120 42.163315
v 141.725616 231.305878 42.264339
v 141.745331 231.391830 42.368526
v 141.254211 231.500000 41.777641
v 141.313370 231.764282 41.804710
v 141.355225 231.500000 41.804710
v 141.344696 231.633789 41.804710
v 141.450012 231.500000 41.848911
v 141.438324 231.648621 41.848911
v 141.403519 231.793564 41.848911
v 141.191895 232.002686 41.804710
v 141.268585 232.058395 41.848911
v 141.171768 232.171753 41.848911
v 141.181335 232.300003 41.922356
v 141.247849 232.300003 41.967033
v 141.284637 232.284622 41.982857
v 141.308258 232.300003 42.018562
v 141.346466 231.931290 41.848911
v 141.422806 231.970184 41.908901
v 141.337891 232.108749 41.908901
v 141.397720 232.152222 41.982857
v 141.358612 232.300003 42.075897
v 141.402206 232.300003 42.143398
v 141.446259 232.187485 42.068527
v 141.482010 232.213470 42.163315
v 141.433807 232.300003 42.213642
v 141.453369 232.300003 42.290581
v 141.460480 232.300003 42.368526
v 141.535690 231.500000 41.908901
v 141.522934 231.662018 41.908901
v 141.609650 231.500000 41.982857
v 141.595978 231.673584 41.982857
v 141.485001 231.820038 41.908901
v 141.555328 231.842896 41.982857
v 141.612381 231.861435 42.068527
v 141.669632 231.500000 42.068527
v 141.713837 231.500000 42.163315
v 141.655228 231.682968 42.068527
v 141.740906 231.500000 42.264339
v 141.746994 231.586914 42.368526
v 141.698883 231.689880 42.163315
v 141.725616 231.694122 42.264339
v 141.654419 231.875092 42.163315
v 141.680161 231.883453 42.264339
v 141.718277 231.779877 42.368526
v 141.488693 232.003754 41.982857
v 141.542145 232.030991 42.068527
v 141.581528 232.051056 42.163315
v 141.605652 232.063354 42.264339
v 141.503906 232.229370 42.264339
v 141.573257 232.140808 42.368526
v 141.659897 231.966019 42.368526
v 140.500015 230.253815 43.768528
v 140.597565 230.253815 43.768528
v 140.790268 230.284164 43.768528
v 140.975906 230.344131 43.768528
v 141.149963 230.432251 43.768528
v 141.700012 229.596710 43.768528
v 141.308167 230.546387 43.768528
v 141.446701 230.683746 43.768528
v 141.562180 230.840988 43.768528
v 141.651779 231.014267 43.768528
v 141.713333 231.199387 43.768528
v 141.745331 231.391830 43.768528
v 141.460480 232.300003 43.768528
v 141.746994 231.586914 43.768528
v 141.718277 231.779877 43.768528
v 141.573257 232.140808 43.768528
v 141.659897 231.966019 43.768528
v 141.909286 229.746017 43.768528
v 142.100159 229.918213 43.768528
v 142.270142 230.111053 43.768528
v 142.417007 230.322021 43.768528
v 142.538864 230.548386 43.768528
v 142.634109 230.787155 43.768528
v 142.701492 231.035233 43.768528
v 142.740143 231.289383 43.768528
v 142.749542 231.546265 43.768528
v 142.729584 231.802567 43.768528
v 142.602997 232.300003 43.768528
v 142.680511 232.054901 43.768528
v 140.500015 226.399994 53.768513
v 141.700012 228.440018 53.768520
v 141.700012 229.596710 53.768520
v 140.500015 232.300003 53.768520
v 141.909286 229.746017 53.768520
v 142.100159 229.918213 53.768520
v 142.270142 230.111053 53.768520
v 142.417007 230.322021 53.768520
v 142.538864 230.548386 53.768520
v 142.634109 230.787155 53.768520
v 142.701492 231.035233 53.768520
v 142.740143 231.289383 53.768520
v 142.749542 231.546265 53.768520
v 142.729584 231.802567 53.768520
v 142.602997 232.300003 53.768520
v 142.680511 232.054901 53.768520
v 146.487137 220.299988 41.268551
v 146.487137 220.299988 42.268551
v 146.487137 220.299988 44.768551
v 146.487137 222.267136 45.801437
v 146.487137 223.030762 41.190788
v 146.487137 223.030746 42.195625
v 146.487137 223.575012 41.244392
v 146.487137 224.098343 41.403145
v 146.487137 223.381744 42.230198
v 146.487137 223.719254 42.332581
v 146.487137 224.030304 42.498837
v 146.487137 224.580658 41.660950
v 146.487137 225.003403 42.007885
v 146.487137 225.350357 42.430637
v 146.487137 223.030746 45.793888
v 146.487137 223.381744 45.759315
v 146.487137 223.719254 45.656937
v 146.487137 224.030304 45.490677
v 146.487137 224.302933 42.722580
v 146.487137 224.526672 42.995216
v 146.487137 224.692932 43.306259
v 146.487137 224.795319 43.643761
v 146.487137 224.829880 43.994759
v 146.487137 224.795319 44.345753
v 146.487137 225.608154 42.912949
v 146.487137 224.302933 45.266933
v 146.487137 224.692932 44.683254
v 146.487137 224.526672 44.994301
v 146.487137 225.608154 45.048134
v 146.487137 225.003403 45.953194
v 146.487137 225.350357 45.530445
v 148.887161 220.299988 41.268551
v 148.887161 220.299988 42.268551
v 148.887161 220.299988 44.768551
v 148.887161 222.267136 45.801437
v 148.887161 223.030762 41.190788
v 148.887161 223.030746 42.195625
v 148.887161 223.575012 41.244392
v 148.887161 224.098343 41.403145
v 148.887161 223.381744 42.230198
v 148.887161 223.719254 42.332581
v 148.887161 224.030304 42.498837
v 148.887161 224.580658 41.660950
v 148.887161 225.003403 42.007885
v 148.887161 225.350357 42.430637
v 148.887161 223.030746 45.793888
v 148.887161 223.381744 45.759315
v 148.887161 223.719254 45.656937
v 148.887161 224.030304 45.490677
v 148.887161 224.302933 42.722580
v 148.887161 224.526672 42.995216
v 148.887161 224.692932 43.306259
v 148.887161 224.795319 43.643761
v 148.887161 224.829880 43.994759
v 148.887161 224.795319 44.345753
v 148.887161 225.608154 42.912949
v 148.887161 224.302933 45.266933
v 148.887161 224.692932 44.683254
v 148.887161 224.526672 44.994301
v 148.887161 225.608154 45.048134
v 148.887161 225.003403 45.953194
v 148.887161 225.350357 45.530445
v 146.487137 220.299988 46.768551
v 146.487137 220.299988 49.568550
v 146.487137 222.299988 46.768551
v 146.487137 222.299988 49.568550
v 146.487137 223.063599 46.761002
v 146.487137 223.583221 46.699493
v 146.487137 224.098343 46.557934
v 146.487137 224.580658 46.300133
v 148.887161 220.299988 46.768551
v 149.000000 220.299988 46.768551
v 148.887161 220.299988 49.568550
v 149.000000 220.299988 49.568550
v 148.887161 222.299988 46.768551
v 149.000000 222.299988 46.768551
v 148.887161 222.299988 49.568550
v 149.000000 222.299988 49.568550
v 148.887161 223.063599 46.761002
v 148.887161 223.583221 46.699493
v 148.887161 224.098343 46.557934
v 148.887161 224.580658 46.300133
v 146.487137 226.312271 39.768551
v 146.487137 226.399994 39.768551
v 147.560013 228.440018 40.841702
v 147.657547 228.449615 40.841702
v 147.751343 228.478073 40.841702
v 147.837799 228.524277 40.841702
v 147.913559 228.586456 40.841702
v 147.975739 228.662231 40.841702
v 148.021942 228.748672 40.841702
v 148.050400 228.842468 40.841702
v 148.060013 228.940018 40.841702
v 146.487137 225.766907 43.436287
v 146.487137 226.312271 42.768551
v 146.487137 226.399994 42.768551
v 146.487137 225.820496 43.980541
v 146.487137 225.766907 44.524792
v 146.487137 226.312271 45.768547
v 146.487137 226.399994 45.768547
v 148.887161 226.312271 39.768551
v 149.000000 226.312271 39.768551
v 148.887161 225.766907 43.436287
v 148.887161 226.312271 42.768551
v 149.000000 226.312271 42.768551
v 148.887161 225.820496 43.980541
v 148.887161 225.766907 44.524792
v 148.887161 226.312271 45.768547
v 149.000000 226.312271 45.768547
v 149.800003 231.300003 41.374298
v 149.800003 230.945969 42.510429
v 149.800003 231.241882 41.852932
v 149.800003 231.285416 41.615372
v 149.800003 231.170029 42.083508
v 149.800003 231.070908 42.303745
v 151.000000 231.300003 41.374298
v 151.000000 230.945969 42.510429
v 151.000000 231.241882 41.852932
v 151.000000 231.285416 41.615372
v 151.000000 231.170029 42.083508
v 151.000000 231.070908 42.303745
v 149.800003 229.541077 43.359718
v 149.800003 229.778625 43.316181
v 149.800003 230.009216 43.244331
v 149.800003 230.229446 43.145210
v 149.800003 230.626251 42.871323
v 149.800003 230.436127 43.020267
v 151.000000 229.541077 43.359718
v 151.000000 229.778625 43.316181
v 151.000000 230.009216 43.244331
v 151.000000 230.229446 43.145210
v 151.000000 230.626251 42.871323
v 151.000000 230.436127 43.020267
v 149.800003 230.797028 42.700546
v 151.000000 230.797028 42.700546
v 146.487137 226.312271 46.768551
v 146.487137 226.399994 46.768551
v 146.487137 226.312271 49.568550
v 146.487137 226.399994 49.568550
v 147.560013 228.440018 53.768520
v 147.657547 228.449615 53.768520
v 147.751343 228.478073 53.768520
v 147.837799 228.524277 53.768520
v 147.913559 228.586456 53.768520
v 147.975739 228.662231 53.768520
v 148.021942 228.748672 53.768520
v 148.050400 228.842468 53.768520
v 148.060013 228.940018 53.768520
v 146.060013 230.560013 53.768520
v 146.060013 232.300003 53.768520
v 147.560013 230.560013 53.768520
v 147.657547 230.550415 53.768520
v 147.751343 230.521957 53.768520
v 147.837799 230.475754 53.768520
v 147.913559 230.413574 53.768520
v 147.975739 230.337799 53.768520
v 148.021942 230.251358 53.768520
v 148.060013 230.060013 53.768520
v 148.050400 230.157562 53.768520
v 148.887161 226.312271 46.768551
v 149.000000 226.312271 46.768551
v 148.887161 226.312271 49.568550
v 149.000000 226.312271 49.568550
v 148.887161 226.399994 49.568550
v 149.000000 226.399994 49.568550
v 149.000000 226.399994 53.768513
v 151.000000 232.300003 53.768520
vn 0.9998 0.0206 -0.0000
vn 0.9956 -0.0936 -0.0000
vn 0.7112 -0.7030 -0.0000
vn 0.6263 -0.7796 -0.0000
vn 0.0035 0.2094 -0.9778
vn 0.1346 0.2937 -0.9464
vn 0.0779 0.1140 -0.9904
vn 0.2849 0.1848 -0.9406
vn 0.3115 0.0631 -0.9482
vn 0.1383 -0.0000 -0.9904
vn 0.4730 -0.1594 -0.8665
vn 0.3115 -0.0631 -0.9482
vn 0.4971 -0.0787 -0.8641
vn 0.2930 -0.5750 -0.7639
vn 0.1491 -0.4763 -0.8665
vn 0.2242 -0.4241 -0.8774
vn 0.1994 -0.6138 -0.7639
vn 0.0822 -0.4727 -0.8774
vn 0.6841 -0.3486 -0.6406
vn 0.5221 -0.3793 -0.7639
vn 0.5750 -0.2930 -0.7639
vn 0.6212 -0.4513 -0.6407
vn 0.4563 -0.4563 -0.7639
vn 0.5419 0.5148 -0.6643
vn 0.6811 0.3911 -0.6190
vn 0.6556 0.5385 -0.5293
vn 0.5067 0.4783 -0.7172
vn 0.3683 0.3654 -0.8549
vn 0.3750 0.4284 -0.8221
vn 0.5183 0.3849 -0.7637
vn 0.8220 0.5519 -0.1405
vn 0.7537 0.5995 -0.2693
vn 0.7839 0.6079 -0.1264
vn 0.3459 -0.0000 -0.9383
vn 0.4971 0.0787 -0.8641
vn 0.5033 -0.0000 -0.8641
vn 0.2379 0.2321 -0.9431
vn -0.0099 -0.1494 -0.9887
vn 0.1909 -0.2812 -0.9405
vn 0.0968 -0.2899 -0.9522
vn 0.2147 0.0753 -0.9738
vn 0.4070 0.2889 -0.8665
vn 0.4241 0.2243 -0.8774
vn 0.4006 -0.2978 -0.8665
vn 0.9909 0.1345 -0.0000
vn 0.2763 -0.1975 -0.9406
vn 0.1292 -0.0767 -0.9886
vn 0.0794 0.2110 -0.9743
vn 0.2302 0.3661 -0.9017
vn 0.2672 0.3743 -0.8880
vn 0.7117 0.5775 -0.3999
vn 0.7718 0.5351 -0.3435
vn 0.6198 0.4509 -0.6424
vn 0.8756 0.4516 -0.1714
vn 0.9267 0.3732 -0.0427
vn 0.9368 0.3035 -0.1739
vn 0.5797 -0.7986 -0.1618
vn 0.4268 -0.8377 -0.3406
vn 0.5526 -0.7607 -0.3406
vn 0.9382 -0.3058 -0.1618
vn 0.8377 -0.4268 -0.3406
vn 0.8942 -0.2905 -0.3406
vn 0.8247 -0.2680 -0.4981
vn 0.8564 -0.1357 -0.4981
vn 0.9286 -0.1471 -0.3406
vn 0.7584 -0.1201 -0.6407
vn 0.7303 -0.2373 -0.6406
vn 0.6131 -0.6131 -0.4981
vn 0.7015 -0.5097 -0.4981
vn 0.6453 -0.0000 -0.7639
vn 0.6374 -0.1009 -0.7639
vn 0.1201 -0.7584 -0.6407
vn -0.0000 -0.6453 -0.7639
vn 0.1010 -0.6374 -0.7639
vn 0.6374 0.1010 -0.7639
vn 0.4307 -0.2113 -0.8774
vn 0.3443 -0.3341 -0.8774
vn 0.9735 0.2245 -0.0427
vn 0.1543 -0.9747 -0.1618
vn 0.2905 -0.8942 -0.3406
vn 0.3047 -0.9386 -0.1618
vn 0.1471 -0.9286 -0.3406
vn -0.0000 -0.8671 -0.4981
vn 0.1357 -0.8564 -0.4981
vn 0.8564 0.1357 -0.4981
vn 0.7678 -0.0000 -0.6407
vn 0.7584 0.1201 -0.6407
vn 0.6138 0.1994 -0.7639
vn 0.5750 0.2930 -0.7639
vn 0.4786 0.1555 -0.8641
vn -0.0109 -0.3398 -0.9405
vn 0.9966 0.0702 -0.0427
vn 0.9728 0.1534 -0.1738
vn 0.9848 -0.0007 -0.1738
vn 0.9402 -0.0000 -0.3407
vn 0.9286 0.1471 -0.3406
vn 0.8671 -0.0000 -0.4981
vn 0.2373 -0.7303 -0.6406
vn 0.2680 -0.8247 -0.4981
vn 0.7303 0.2373 -0.6406
vn 0.2889 -0.4070 -0.8665
vn 0.3793 -0.5221 -0.7639
vn 0.9934 -0.1094 -0.0357
vn 0.8377 0.4268 -0.3406
vn 0.3486 -0.6842 -0.6406
vn 0.3936 -0.7726 -0.4981
vn 0.4513 -0.6212 -0.6407
vn -0.0055 -0.4991 -0.8665
vn -0.0000 -1.0000 -0.0002
vn 0.0798 -0.9963 -0.0310
vn 0.0791 -0.9969 -0.0017
vn 0.8942 0.2905 -0.3406
vn 0.7726 0.3936 -0.4981
vn 0.8247 0.2680 -0.4981
vn 0.5429 -0.5429 -0.6407
vn 0.2096 0.2818 -0.9363
vn 0.9745 -0.1554 -0.1618
vn 0.9693 -0.2443 -0.0295
vn 0.4477 -0.8794 -0.1619
vn 0.5097 -0.7015 -0.4981
vn 0.9961 -0.0877 -0.0017
vn 0.9706 -0.2405 -0.0034
vn 0.8789 -0.4487 -0.1619
vn 0.9196 -0.3916 -0.0295
vn -0.0000 -0.9867 -0.1626
vn 0.7980 -0.5806 -0.1618
vn 0.8497 -0.5272 -0.0034
vn 0.7573 -0.6530 -0.0034
vn 0.8477 -0.5296 -0.0296
vn -0.0000 -0.0000 -1.0000
vn 0.7607 -0.5526 -0.3406
vn 0.6841 0.3486 -0.6406
vn -0.0000 -0.9995 -0.0302
vn -0.0000 -0.9995 0.0302
vn 0.9214 -0.3886 -0.0034
vn 0.6974 -0.6982 -0.1618
vn 0.7554 -0.6546 -0.0296
vn 0.7052 0.5008 -0.5019
vn 0.6138 -0.1994 -0.7639
vn 0.2322 -0.9727 -0.0034
vn 0.6446 -0.7640 -0.0296
vn -0.0000 -0.7678 -0.6407
vn 0.5184 -0.8546 -0.0297
vn 0.6648 -0.6648 -0.3407
vn 0.3807 -0.9247 -0.0034
vn 0.3794 -0.9247 -0.0296
vn 0.7726 -0.3936 -0.4981
vn 0.6465 -0.7629 -0.0034
vn 0.5200 -0.8542 -0.0034
vn 0.2314 -0.9724 -0.0297
vn 0.9784 -0.2066 -0.0000
vn -0.0000 -0.2393 0.9709
vn -0.0000 -0.3546 0.9350
vn -0.0000 -0.0914 0.9958
vn 0.9976 0.0695 -0.0000
vn 0.9485 -0.3168 -0.0000
vn 0.0014 0.1261 -0.9920
vn 0.1292 0.0767 -0.9886
vn 0.8520 -0.5235 -0.0000
vn 0.7867 -0.6173 -0.0000
vn -0.0000 -0.8854 0.4647
vn -0.0000 -0.8230 0.5681
vn -0.0000 -0.3546 -0.9350
vn -0.0000 -0.2393 -0.9709
vn -0.0000 -0.8855 0.4647
vn -0.0000 -0.9350 0.3546
vn -0.0000 -0.0914 -0.9958
vn 0.8480 0.5254 -0.0695
vn 0.9279 0.3728 -0.0000
vn -0.0000 -0.7485 -0.6631
vn -0.0000 -0.8230 -0.5681
vn -0.0000 -0.9709 0.2393
vn -0.0000 -0.9927 0.1205
vn -0.0000 -0.8854 -0.4647
vn -0.0000 -0.5681 -0.8230
vn -0.0000 -0.4647 -0.8855
vn -0.0000 -0.5681 0.8230
vn -0.0000 -0.4647 0.8855
vn -0.0000 -0.9350 -0.3546
vn -0.0000 -0.8855 -0.4647
vn -1.0000 -0.0000 -0.0000
vn -0.0000 -0.8230 0.5680
vn 1.0000 -0.0000 -0.0000
vn -0.0000 -0.7485 0.6631
vn -0.0000 -0.9927 -0.1205
vn -0.0000 -0.9709 -0.2393
vn 0.8184 0.5734 -0.0361
vn 0.8586 0.5127 -0.0000
vn -0.0000 -0.6631 -0.7485
vn 0.0007 -0.7075 -0.7067
vn 0.0031 -0.9999 -0.0136
vn -0.0000 -0.7071 0.7071
vn 0.9062 -0.4229 -0.0000
vn 0.9691 0.2466 -0.0000
vn 0.5808 -0.8141 -0.0000
vn 0.9535 0.3015 -0.0000
vn -0.0000 1.0000 -0.0000
vn -0.0000 -0.8230 -0.5680
vn -0.0000 -0.6631 0.7485
vn 0.0052 -0.9955 -0.0950
vn 0.9746 0.2239 -0.0000
vn -0.0000 -0.7077 -0.7066
vn -0.0000 -1.0000 -0.0000
vn -0.6949 -0.0341 -0.7183
vn -0.6705 -0.1334 -0.7298
vn -0.6316 -0.2616 -0.7298
vn -0.5684 -0.3798 -0.7299
vn -0.4834 -0.4834 -0.7299
vn -0.3798 -0.5684 -0.7298
vn -0.2616 -0.6316 -0.7298
vn -0.1334 -0.6705 -0.7299
vn -0.0428 -0.4342 -0.8998
vn -0.1334 -0.6705 0.7299
vn -0.0428 -0.4342 0.8998
vn -0.2616 -0.6316 0.7298
vn -0.3798 -0.5684 0.7298
vn -0.4834 -0.4834 0.7299
vn -0.5684 -0.3798 0.7298
vn -0.6316 -0.2616 0.7299
vn -0.6705 -0.1334 0.7298
vn -0.6949 -0.0341 0.7183
vn -0.9988 0.0491 -0.0000
vn -0.6705 0.1334 0.7299
vn -0.6949 0.0341 0.7183
vn -0.9808 0.1951 -0.0000
vn -0.6316 0.2616 0.7298
vn -0.9239 0.3827 -0.0000
vn -0.5684 0.3798 0.7299
vn -0.8315 0.5556 -0.0000
vn -0.4834 0.4834 0.7298
vn -0.7299 0.6835 -0.0000
vn -0.3798 0.5684 0.7298
vn -0.5556 0.8315 -0.0000
vn -0.2616 0.6316 0.7299
vn -0.3827 0.9239 -0.0000
vn -0.1334 0.6705 0.7299
vn -0.1951 0.9808 -0.0000
vn -0.0341 0.6949 0.7183
vn -0.6949 0.0341 -0.7183
vn -0.6705 0.1334 -0.7298
vn -0.6316 0.2616 -0.7298
vn -0.5684 0.3798 -0.7298
vn -0.6344 0.7730 -0.0000
vn -0.4714 0.8819 -0.0000
vn -0.2903 0.9569 -0.0000
vn -0.0980 0.9952 -0.0000
vn -0.0000 -0.0000 1.0000
vn -0.3291 0.2701 -0.9048
vn -0.0491 0.9988 -0.0000
vn -0.9998 0.0206 -0.0000
vn -0.9956 -0.0936 -0.0000
vn -0.7112 -0.7030 -0.0000
vn -0.6263 -0.7796 -0.0000
vn -0.1955 0.2813 -0.9395
vn -0.0843 0.1827 -0.9796
vn -0.3115 0.0631 -0.9482
vn -0.2817 0.1861 -0.9413
vn -0.1471 -0.0107 -0.9891
vn -0.4720 -0.1611 -0.8668
vn -0.2239 -0.0355 -0.9740
vn -0.2891 -0.0968 -0.9524
vn -0.2930 -0.5750 -0.7639
vn -0.1611 -0.4720 -0.8667
vn -0.1994 -0.6138 -0.7639
vn -0.0679 -0.4750 -0.8774
vn -0.1010 -0.6374 -0.7639
vn -0.5221 -0.3793 -0.7639
vn -0.6841 -0.3486 -0.6406
vn -0.5750 -0.2930 -0.7639
vn -0.6212 -0.4513 -0.6407
vn -0.4563 -0.4563 -0.7639
vn -0.5429 -0.5429 -0.6407
vn -0.5419 0.5148 -0.6643
vn -0.6556 0.5385 -0.5293
vn -0.6811 0.3911 -0.6190
vn -0.5065 0.4579 -0.7306
vn -0.3683 0.3654 -0.8549
vn -0.5179 0.3886 -0.7621
vn -0.3750 0.4284 -0.8221
vn -0.7537 0.5995 -0.2693
vn -0.8347 0.5499 -0.0295
vn -0.8081 0.5788 -0.1092
vn -0.3529 -0.0109 -0.9356
vn -0.4967 -0.0754 -0.8646
vn -0.4967 0.0754 -0.8646
vn -0.2409 0.2409 -0.9402
vn -0.0720 0.1290 -0.9890
vn -0.1290 0.0720 -0.9890
vn -0.0808 -0.1181 -0.9897
vn -0.0921 -0.2914 -0.9522
vn -0.4401 0.2243 -0.8695
vn -0.2149 0.0735 -0.9739
vn -0.3998 -0.2904 -0.8694
vn -0.2222 -0.2222 -0.9493
vn -0.9909 0.1345 -0.0000
vn -0.1181 -0.0808 -0.9897
vn -0.2055 -0.2829 -0.9369
vn -0.2829 -0.2055 -0.9369
vn -0.0237 0.0801 -0.9965
vn -0.2302 0.3661 -0.9017
vn -0.2672 0.3743 -0.8880
vn -0.7718 0.5351 -0.3435
vn -0.7117 0.5775 -0.4000
vn -0.6170 0.4521 -0.6441
vn -0.4521 0.4184 -0.7877
vn -0.8750 0.4528 -0.1713
vn -0.9267 0.3732 -0.0427
vn -0.8480 0.5254 -0.0695
vn -0.5797 -0.7986 -0.1618
vn -0.4268 -0.8377 -0.3406
vn -0.4477 -0.8794 -0.1619
vn -0.8377 -0.4268 -0.3406
vn -0.9382 -0.3058 -0.1618
vn -0.8942 -0.2905 -0.3406
vn -0.8247 -0.2680 -0.4981
vn -0.7726 -0.3936 -0.4981
vn -0.8564 -0.1357 -0.4981
vn -0.7584 -0.1201 -0.6407
vn -0.7303 -0.2373 -0.6406
vn -0.6131 -0.6131 -0.4981
vn -0.6453 -0.0000 -0.7639
vn -0.6374 -0.1009 -0.7639
vn -0.1201 -0.7584 -0.6407
vn -0.3142 -0.0000 -0.9493
vn -0.6374 0.1010 -0.7639
vn -0.2904 -0.3998 -0.8694
vn -0.9368 0.3035 -0.1739
vn -0.9735 0.2245 -0.0427
vn -0.2905 -0.8942 -0.3406
vn -0.1543 -0.9747 -0.1618
vn -0.3047 -0.9386 -0.1618
vn -0.1471 -0.9286 -0.3406
vn -0.0000 -0.9402 -0.3406
vn -0.7678 -0.0000 -0.6407
vn -0.8564 0.1357 -0.4981
vn -0.7584 0.1201 -0.6407
vn -0.6138 0.1994 -0.7639
vn -0.4786 0.1555 -0.8641
vn -0.5750 0.2930 -0.7639
vn -0.9728 0.1534 -0.1738
vn -0.9966 0.0702 -0.0427
vn -0.9286 -0.1471 -0.3406
vn -0.9848 -0.0007 -0.1738
vn -0.9402 -0.0000 -0.3406
vn -0.8671 -0.0000 -0.4981
vn -0.9286 0.1471 -0.3406
vn -0.2373 -0.7303 -0.6406
vn -0.1357 -0.8564 -0.4981
vn -0.2680 -0.8247 -0.4981
vn -0.7303 0.2373 -0.6406
vn -0.1427 -0.2800 -0.9493
vn -0.9934 -0.1094 -0.0357
vn -0.8377 0.4268 -0.3406
vn -0.8942 0.2905 -0.3406
vn -0.3486 -0.6842 -0.6406
vn -0.3793 -0.5221 -0.7639
vn -0.4513 -0.6212 -0.6407
vn -0.0798 -0.9963 -0.0310
vn -0.0791 -0.9969 -0.0017
vn -0.8247 0.2680 -0.4981
vn -0.7726 0.3936 -0.4981
vn -0.6841 0.3486 -0.6406
vn -0.9693 -0.2443 -0.0295
vn -0.9745 -0.1554 -0.1618
vn -0.5097 -0.7015 -0.4981
vn -0.5526 -0.7607 -0.3406
vn -0.4072 0.2958 -0.8641
vn -0.9706 -0.2405 -0.0034
vn -0.9961 -0.0877 -0.0017
vn -0.9196 -0.3916 -0.0295
vn -0.8789 -0.4487 -0.1619
vn -0.7980 -0.5806 -0.1618
vn -0.7573 -0.6530 -0.0034
vn -0.8497 -0.5272 -0.0034
vn -0.8477 -0.5296 -0.0296
vn -0.7607 -0.5526 -0.3406
vn -0.6648 -0.6648 -0.3407
vn -0.0000 -0.9996 0.0300
vn 0.1983 -0.9787 -0.0541
vn -0.9214 -0.3886 -0.0034
vn -0.6974 -0.6982 -0.1618
vn -0.7554 -0.6546 -0.0296
vn -0.7052 0.5008 -0.5019
vn -0.6138 -0.1994 -0.7639
vn -0.2322 -0.9727 -0.0034
vn -0.6446 -0.7640 -0.0296
vn -0.5184 -0.8546 -0.0297
vn -0.3807 -0.9247 -0.0034
vn -0.3794 -0.9247 -0.0296
vn -0.7015 -0.5097 -0.4981
vn -0.5200 -0.8542 -0.0034
vn -0.6465 -0.7629 -0.0034
vn -0.2314 -0.9724 -0.0297
vn -0.2800 -0.1427 -0.9493
vn -0.9784 -0.2066 -0.0000
vn -0.9976 0.0695 -0.0000
vn -0.9746 0.2239 -0.0000
vn -0.9485 -0.3168 -0.0000
vn -0.8520 -0.5235 -0.0000
vn -0.7867 -0.6173 -0.0000
vn -0.9279 0.3728 -0.0000
vn -0.8586 0.5127 -0.0000
vn -0.0000 -0.9927 0.1206
vn 0.0136 -0.9950 -0.0991
vn -0.8234 0.5653 -0.0499
vn -0.8160 0.5781 -0.0000
vn -0.0037 -0.9999 0.0129
vn -0.0007 -0.7075 -0.7067
vn -0.3936 -0.7726 -0.4981
vn -0.9062 -0.4229 -0.0000
vn -0.9691 0.2466 -0.0000
vn -0.5808 -0.8141 -0.0000
vn -0.9535 0.3015 -0.0000
vn -0.0000 -0.9958 -0.0913
vn -0.0186 -0.9954 -0.0939
vn 0.6705 -0.1334 -0.7298
vn 0.6949 -0.0341 -0.7183
vn 0.6316 -0.2616 -0.7298
vn 0.5684 -0.3798 -0.7299
vn 0.4834 -0.4834 -0.7299
vn 0.3798 -0.5684 -0.7298
vn 0.2616 -0.6316 -0.7298
vn 0.1334 -0.6705 -0.7299
vn 0.0428 -0.4342 -0.8998
vn 0.1334 -0.6705 0.7299
vn 0.2616 -0.6316 0.7298
vn 0.3798 -0.5684 0.7298
vn 0.4834 -0.4834 0.7299
vn 0.5684 -0.3798 0.7298
vn 0.6316 -0.2616 0.7299
vn 0.6705 -0.1334 0.7298
vn 0.6949 -0.0341 0.7183
vn 0.9988 0.0491 -0.0000
vn 0.6705 0.1334 0.7298
vn 0.9808 0.1951 -0.0000
vn 0.6316 0.2616 0.7298
vn 0.9239 0.3827 -0.0000
vn 0.5684 0.3798 0.7299
vn 0.8315 0.5556 -0.0000
vn 0.4834 0.4834 0.7298
vn 0.7299 0.6835 -0.0000
vn 0.3798 0.5684 0.7298
vn 0.5556 0.8315 -0.0000
vn 0.2616 0.6316 0.7299
vn 0.3827 0.9239 -0.0000
vn 0.1334 0.6705 0.7298
vn 0.1951 0.9808 -0.0000
vn 0.0341 0.6949 0.7183
vn 0.0491 0.9988 -0.0000
vn 0.6949 0.0341 -0.7183
vn 0.6705 0.1334 -0.7298
vn 0.6316 0.2616 -0.7298
vn 0.5684 0.3798 -0.7298
vn 0.3291 0.2701 -0.9048
vn 0.6344 0.7730 -0.0000
vn 0.4714 0.8819 -0.0000
vn 0.2903 0.9569 -0.0000
vn 0.0980 0.9952 -0.0000
vn 0.6949 0.0341 0.7183
vn -0.0000 -0.0980 -0.9952
vn -0.0000 -0.2903 -0.9569
vn -0.0000 -0.4714 -0.8819
vn -0.0000 -0.6344 -0.7730
vn -0.0000 -0.7730 -0.6344
vn -0.0000 -0.8819 -0.4714
vn -0.0000 -0.9569 -0.2903
vn -0.0000 -0.9952 -0.0980
vn -0.0000 -0.9952 0.0980
vn -0.0000 -0.9569 0.2903
vn -0.0000 -0.8819 0.4714
vn -0.0000 -0.7730 0.6344
vn -0.0000 -0.6344 0.7730
vn -0.0000 -0.4714 0.8819
vn -0.0000 -0.2903 0.9569
vn -0.0000 -0.0980 0.9952
vn -0.0000 0.1176 0.9931
vn -0.0000 0.2650 0.9643
vn -0.0000 0.4714 0.8819
vn -0.0000 0.6344 0.7730
vn -0.0000 0.7730 0.6344
vn -0.0000 0.8819 0.4714
vn -0.0000 0.9569 0.2903
vn -0.0000 0.9952 0.0980
vn -0.0000 0.9952 -0.0980
vn -0.0000 0.9569 -0.2903
vn -0.0000 0.8819 -0.4714
vn -0.0000 0.7730 -0.6344
vn -0.0000 0.6344 -0.7730
vn -0.0000 0.4714 -0.8819
vn -0.0000 0.2903 -0.9569
vn -0.0000 0.0980 -0.9952
vn -0.0000 -0.0285 -0.9996
vn -0.0000 0.0267 0.9996
vn -0.0000 0.0099 1.0000
vn -0.0000 0.1104 0.9939
vn -0.0000 0.1006 0.9949
vn -0.0000 0.0848 0.9964
vn -0.0000 0.0721 0.9974
vn -0.0000 0.0607 0.9982
vn -0.0000 0.0499 0.9988
vn -0.0000 0.0385 0.9993
vn -0.0000 0.0257 0.9997
vn -0.0000 -0.5145 0.8575
vn -0.0000 -0.2767 -0.9610
vn -0.0000 -0.3363 -0.9418
vn -0.0000 -0.4391 -0.8985
vn -0.0000 -0.4630 -0.8864
vn -0.0000 -0.4027 -0.9153
vn -0.0000 -0.3832 -0.9237
vn -0.0000 -0.2484 -0.9687
vn -0.0000 -0.0099 -1.0000
vn -0.0000 0.4649 -0.8854
vn 0.2174 -0.0809 -0.9727
vn 0.4468 0.4213 -0.7892
vn 0.0767 -0.1292 -0.9886
vn -0.0000 -0.9927 -0.1206
vn 0.8160 0.5781 -0.0000
vn 0.0046 -0.9956 0.0940
vn 0.0037 -0.9999 0.0129
vn 0.0008 -0.7072 0.7071
vn 1.0000 -0.0001 -0.0000
vn 1.0000 0.0001 -0.0000
vn -0.0000 1.0000 0.0001
vn -0.0000 1.0000 -0.0003
vn -0.0000 1.0000 -0.0001
vn -0.0001 -0.0000 1.0000
vn 0.0001 -0.0000 1.0000
vn -0.0000 0.3162 0.9487
vn -0.0068 -0.9996 -0.0264
vn -0.0007 -0.7072 0.7070
vn -0.1891 -0.9816 -0.0270
vn -0.0046 -0.9956 0.0940
vn -1.0000 -0.0001 -0.0000
vn -1.0000 0.0001 -0.0000
vn 0.0428 -0.4342 0.8998
vn 1.0000 -0.0000 -0.0001
vn -0.0000 0.0023 -1.0000
vn -1.0000 -0.0000 -0.0001
vt -1.000000 -0.358057
vt 0.000000 -0.332336
vt -1.000000 -0.332336
vt -1.000000 -0.178012
vt 0.000000 -0.152291
vt -1.000000 -0.152291
vt -0.079087 -0.337490
vt -0.073304 -0.286867
vt -0.083776 -0.269992
vt -0.073304 -0.236243
vt -0.073304 -0.185620
vt -0.083776 -0.168745
vt -0.062832 -0.134996
vt -0.073304 -0.151871
vt -0.062832 -0.151871
vt -0.052360 -0.050624
vt -0.062832 -0.033749
vt -0.062832 -0.050624
vt -0.052360 -0.033749
vt -0.062832 -0.016875
vt -0.041888 -0.118122
vt -0.052360 -0.101247
vt -0.052360 -0.118122
vt -0.041888 -0.101247
vt -0.052360 -0.084373
vt -0.041888 -0.253118
vt -0.037374 -0.252567
vt -0.030581 -0.249324
vt -0.044036 -0.256736
vt -0.062832 -0.253118
vt -0.055817 -0.267157
vt -0.052360 -0.236243
vt -0.010472 -0.236243
vt -0.015667 -0.244844
vt -0.007822 -0.243746
vt -0.073304 -0.168745
vt -0.062832 -0.185620
vt -0.062832 -0.168745
vt -0.073304 -0.253118
vt -0.083776 0.000000
vt -0.073304 -0.067498
vt -0.073304 -0.033749
vt -0.073304 -0.202494
vt -0.062832 -0.236243
vt -0.062832 -0.219369
vt -0.062832 -0.101247
vt -1.000000 -0.383777
vt 0.000000 -0.358057
vt -0.073304 -0.101247
vt -0.083776 -0.101247
vt -0.072875 -0.297438
vt -0.065371 -0.280510
vt -0.062832 -0.269992
vt -0.023091 -0.246676
vt -0.020944 -0.236243
vt -0.041888 -0.236243
vt -0.010472 -0.219369
vt -0.000000 -0.209787
vt -0.010472 -0.202494
vt -0.010472 -0.067498
vt -0.020944 -0.050624
vt -0.020944 -0.067498
vt -0.010472 -0.134996
vt -0.020944 -0.118122
vt -0.020944 -0.134996
vt -0.031416 -0.134996
vt -0.031416 -0.151871
vt -0.020944 -0.151871
vt -0.041888 -0.151871
vt -0.041888 -0.134996
vt -0.031416 -0.084373
vt -0.031416 -0.101247
vt -0.052360 -0.168745
vt -0.052360 -0.151871
vt -0.041888 -0.016875
vt -0.052360 0.000000
vt -0.052360 -0.016875
vt -0.052360 -0.185620
vt -0.062832 -0.118122
vt -0.062832 -0.084373
vt -0.000000 -0.193004
vt -0.010472 -0.016875
vt -0.020944 -0.033749
vt -0.010472 -0.033749
vt -0.020944 -0.016875
vt -0.031416 0.000000
vt -0.031416 -0.016875
vt -0.031416 -0.185620
vt -0.041888 -0.168745
vt -0.041888 -0.185620
vt -0.052360 -0.202494
vt -0.052360 -0.219369
vt -0.062832 -0.202494
vt -0.073304 0.000000
vt -0.000000 -0.176221
vt -0.010472 -0.185620
vt -0.010472 -0.168745
vt -0.020944 -0.168745
vt -0.020944 -0.185620
vt -0.031416 -0.168745
vt -0.041888 -0.033749
vt -0.031416 -0.033749
vt -0.041888 -0.202494
vt -0.062832 -0.067498
vt -0.052360 -0.067498
vt -0.000000 -0.159438
vt -0.020944 -0.219369
vt -0.041888 -0.050624
vt -0.031416 -0.050624
vt -0.041888 -0.067498
vt -0.062832 0.000000
vt 0.000000 0.392699
vt -0.140000 0.382935
vt -0.000000 0.382935
vt -0.020944 -0.202494
vt -0.031416 -0.219369
vt -0.031416 -0.202494
vt -0.041888 -0.084373
vt -0.073304 -0.269992
vt -0.010472 -0.151871
vt -0.000000 -0.142655
vt -0.010472 -0.050624
vt -0.031416 -0.067498
vt 0.000000 0.207179
vt 0.000000 0.226708
vt -0.010472 -0.118122
vt -0.000000 -0.125872
vt -0.010472 0.000000
vt -0.010472 -0.101247
vt 0.000000 0.265764
vt 0.000000 0.285293
vt -0.000000 -0.109089
vt -0.023785 0.213409
vt -0.001073 0.115177
vt 0.017439 0.121332
vt -0.020944 -0.101247
vt -0.041888 -0.219369
vt -0.200000 0.120000
vt -0.640000 0.000000
vt 0.000000 0.157080
vt 0.000000 0.246236
vt -0.010472 -0.084373
vt -0.000000 -0.092306
vt -0.031416 -0.236243
vt -0.052360 -0.134996
vt 0.000000 0.363406
vt -0.000000 -0.075523
vt -0.041888 0.000000
vt -0.000000 -0.058740
vt -0.020944 -0.084373
vt 0.000000 0.343878
vt -0.000000 -0.041957
vt -0.031416 -0.118122
vt -0.000000 0.304821
vt -0.000000 0.324350
vt -0.000000 -0.025174
vt -0.000000 -0.008391
vt 0.000000 -0.306615
vt -1.000000 -0.306615
vt 0.120000 0.108747
vt -0.000000 0.084581
vt 0.120000 0.084581
vt 0.120000 0.132914
vt 0.000000 0.108747
vt -0.140000 0.168122
vt -0.000000 0.187651
vt -0.140000 0.187651
vt 0.000000 -0.280895
vt -1.000000 -0.280895
vt -0.083776 -0.337490
vt -0.083776 -0.236243
vt -1.000000 -0.229453
vt 0.000000 -0.203733
vt -1.000000 -0.203733
vt 0.930000 -0.060415
vt 1.050000 -0.036249
vt 0.930000 -0.036249
vt 0.120000 -0.084581
vt 0.000000 -0.108747
vt 0.120000 -0.108747
vt 0.120000 -0.060415
vt -0.000000 -0.084581
vt 0.930000 -0.084581
vt 1.050000 -0.060415
vt -0.930000 0.132914
vt -1.050000 0.108747
vt -0.930000 0.108747
vt -0.140000 0.129066
vt -0.000000 0.148594
vt -0.140000 0.148594
vt -0.930000 -0.012083
vt -1.050000 -0.036249
vt -0.930000 -0.036249
vt 0.000000 -0.132914
vt 0.120000 -0.132914
vt -1.050000 -0.060415
vt -0.930000 -0.060415
vt 0.120000 -0.036249
vt 0.000000 -0.060415
vt -0.930000 0.060415
vt -1.050000 0.036249
vt -0.930000 0.036249
vt 0.930000 0.036249
vt 1.050000 0.060415
vt 0.930000 0.060415
vt 0.000000 0.060415
vt 0.120000 0.060415
vt 1.050000 0.084581
vt 0.930000 0.084581
vt -1.050000 0.132914
vt 0.160000 3.000000
vt 0.000000 0.000000
vt 0.160000 0.000000
vt 1.900000 1.320577
vt 2.000000 0.000000
vt 2.000000 3.000000
vt 1.050000 -0.012083
vt 0.930000 -0.012083
vt -0.140000 0.109537
vt -0.000000 0.129066
vt 0.120000 -0.012083
vt 0.000000 -0.036249
vt -1.050000 0.012083
vt -0.930000 0.012083
vt -0.930000 0.084581
vt -1.050000 0.060415
vt -1.050000 0.084581
vt 0.930000 0.108747
vt 1.050000 0.132914
vt 0.930000 0.132914
vt 1.900000 0.100000
vt -0.930000 -0.157080
vt 1.900000 2.900000
vt 0.120000 0.036249
vt -0.000000 0.012083
vt 0.120000 0.012083
vt -0.000000 0.132914
vt -0.595893 -0.948542
vt 0.595893 -0.948542
vt 0.572137 -0.944188
vt -1.000000 -0.255174
vt 0.000000 -0.229453
vt 0.000000 -0.178012
vt -1.000000 -0.409498
vt -0.000000 -0.383777
vt -1.000000 -0.126571
vt 0.000000 -0.126571
vt 0.000000 -0.255174
vt -0.000000 -0.435219
vt -0.000000 -0.409498
vt 0.450000 3.000000
vt 0.000000 3.000000
vt 0.000000 0.036249
vt 0.930000 -0.108747
vt 1.050000 -0.084581
vt -0.000000 -0.012083
vt 0.129671 1.000000
vt 0.129671 -0.000000
vt 0.930000 0.012083
vt 1.050000 0.036249
vt 1.050000 0.108747
vt 0.930000 -0.132914
vt 1.050000 -0.108747
vt -0.930000 -0.108747
vt -1.050000 -0.132914
vt -0.930000 -0.132914
vt -1.050000 -0.084581
vt -0.930000 -0.084581
vt 1.050000 0.012083
vt -0.000000 0.168122
vt -0.000000 -0.243352
vt -1.050000 -0.012083
vt -1.050000 -0.108747
vt -0.120078 1.162513
vt -0.142166 1.184617
vt -0.210297 1.198095
vt 1.900000 1.341335
vt 0.000000 2.823113
vt 0.000817 3.000000
vt 0.000000 2.780465
vt 0.003235 3.000000
vt 0.007163 3.000000
vt 0.012448 3.000000
vt 0.018888 3.000000
vt 0.026236 3.000000
vt 0.034209 3.000000
vt 0.042500 3.000000
vt 0.034209 0.000000
vt 0.042500 0.000000
vt 0.026236 0.000000
vt 0.018888 0.000000
vt 0.000000 3.000000
vt 0.000000 3.000000
vt 0.000000 1.292683
vt -0.052136 0.047637
vt -0.066038 0.060534
vt -0.036709 0.033006
vt -0.021337 0.018024
vt -0.015308 0.009642
vt 0.700000 1.707317
vt 0.700000 1.707317
vt 0.000000 0.065823
vt 0.000000 0.017758
vt 0.000000 0.006050
vt 0.000000 0.001288
vt 0.170000 3.000000
vt 0.170000 0.000000
vt 0.840000 0.600000
vt 1.000000 1.050000
vt 0.863417 0.810980
vt 0.000000 0.262168
vt -0.073304 -0.134996
vt -0.083776 -0.067498
vt -0.050335 -0.261706
vt -0.000000 -0.226570
vt -0.020944 0.000000
vt -0.142829 0.120000
vt -0.018402 0.106217
vt 0.120000 -0.157080
vt 1.900000 1.760577
vt -0.000000 0.109537
vt 1.980000 0.920577
vt -0.572137 -0.944188
vt -1.000000 -0.435219
vt 0.450000 -0.000000
vt 0.000000 1.000000
vt -0.140000 0.207179
vt -0.129474 1.174997
vt -0.114251 1.000000
vt 1.900000 2.246670
vt 1.900000 1.472002
vt 1.900000 1.873336
vt 1.000000 0.600000
vt 0.840000 0.727500
vt 0.214128 0.750000
vt 0.218645 0.750000
vt 0.214128 0.750000
vt 0.214128 0.750000
vt 0.218645 0.687500
vt 0.214128 0.687500
vt 0.250000 0.750000
vt 0.218645 0.750000
vt 0.218645 0.625000
vt 0.214128 0.625000
vt 0.214128 0.562500
vt 0.625000 0.500000
vt 0.750000 0.500000
vt 0.375000 0.500000
vt 0.625000 0.375000
vt 0.375000 0.375000
vt 0.250000 0.500000
vt 0.625000 0.343646
vt 0.375000 0.343645
vt 0.218645 0.500000
vt 0.214128 0.500000
vt 0.375000 0.339128
vt 0.625000 0.339128
vt 0.218645 0.562500
vt 1.343415 1.243902
vt 1.229038 1.137998
vt 0.405897 0.375831
vt 0.809039 0.749110
vt 0.956615 0.885755
vt 0.810000 0.500000
vt 0.810000 0.631250
vt 0.295613 0.189189
vt 0.190014 0.119058
vt 0.273303 0.253058
vt 0.388257 0.359497
vt 0.661372 0.612382
vt 0.519292 0.480826
vt 1.098432 1.017067
vt 0.609345 0.377996
vt 0.100130 0.061809
vt 0.100130 0.061809
vt 0.408454 0.264550
vt 0.512914 0.323512
vt 0.512914 0.323512
vt 0.692927 0.427733
vt 0.625000 0.906355
vt 0.625000 0.910872
vt 0.375000 0.906355
vt 0.625000 0.875000
vt 0.625000 0.750000
vt 0.375000 0.875000
vt 0.375000 0.750000
vt 0.375000 0.910872
vt 0.625000 0.750000
vt -0.140000 0.265764
vt 0.077756 0.222956
vt 0.052127 0.224952
vt 0.026438 0.224012
vt 0.001023 0.220147
vt -0.047662 0.203885
vt -0.070297 0.191700
vt -0.091395 0.177012
vt -0.110679 0.160014
vt -0.127899 0.140927
vt -0.272500 0.120000
vt -0.272500 -0.000000
vt -0.077119 -0.000000
vt -0.077119 0.009754
vt -0.074083 0.029025
vt -0.068087 0.047589
vt 0.127500 0.210297
vt 0.102990 0.218050
vt 0.111582 0.107325
vt 0.127500 0.096047
vt 0.094102 0.115988
vt -0.059274 0.064994
vt 0.075488 0.121826
vt -0.047861 0.080816
vt -0.034126 0.094669
vt 0.056192 0.124697
vt 0.036684 0.124531
vt -0.140000 0.226708
vt -0.140000 0.363406
vt -0.140000 0.246236
vt -0.140000 0.343878
vt -0.140000 0.304821
vt -0.140000 0.324350
vt -0.140000 0.285293
vt -0.094248 -0.337490
vt 0.001458 2.136470
vt 0.005812 2.112714
vt 0.012997 2.089656
vt 0.022909 2.067633
vt 0.035403 2.046964
vt 0.050298 2.027953
vt 0.067375 2.010875
vt 0.086387 1.995980
vt 0.107055 1.983486
vt 0.129079 1.973574
vt 0.152137 1.966389
vt 0.175893 1.962035
vt 1.724107 1.959119
vt 0.001458 0.944684
vt 0.012997 0.991498
vt 0.005812 0.968440
vt 0.035403 1.034190
vt 0.022909 1.013522
vt 0.067375 1.070279
vt 0.050298 1.053202
vt 0.107055 1.097668
vt 0.086387 1.085174
vt 0.152137 1.114766
vt 0.129079 1.107580
vt 1.724107 1.122035
vt 0.175893 1.119119
vt 1.747863 1.954766
vt 1.770921 1.947580
vt 1.747863 1.126389
vt 1.770921 1.133574
vt 1.792945 1.937668
vt 1.813613 1.925174
vt 1.792945 1.143486
vt 1.813613 1.155980
vt 1.832625 1.910279
vt 1.849702 1.893202
vt 1.832625 1.170875
vt 1.849702 1.187953
vt 1.864597 1.874190
vt 1.877091 1.853522
vt 1.864597 1.206964
vt 1.877091 1.227633
vt 1.887003 1.831498
vt 1.894188 1.808440
vt 1.887003 1.249656
vt 1.894188 1.272714
vt 1.898542 1.784684
vt 1.898542 1.296470
vt 2.100000 0.000000
vt 1.050000 -0.132914
vt 2.100000 3.000000
vt -0.397091 0.842945
vt -0.407003 0.820921
vt -0.414188 0.797863
vt -0.418542 0.774107
vt -0.421458 -0.774107
vt -0.369702 0.882625
vt -0.384597 0.863613
vt -0.333613 0.914597
vt -0.352625 0.899702
vt -0.290921 0.937003
vt -0.312945 0.927091
vt -0.244107 0.948542
vt -0.267863 0.944188
vt 0.220000 0.950000
vt -0.220000 0.950000
vt 0.267863 0.944188
vt 0.244107 0.948542
vt 0.312945 0.927091
vt 0.290921 0.937003
vt 0.352625 0.899702
vt 0.333613 0.914597
vt 0.384597 0.863613
vt 0.369702 0.882625
vt 0.407003 0.820921
vt 0.397091 0.842945
vt 0.418542 0.774107
vt 0.414188 0.797863
vt 0.421458 -0.774107
vt -0.425812 -0.797863
vt -0.432997 -0.820921
vt 0.425812 -0.797863
vt -0.442909 -0.842945
vt 0.432997 -0.820921
vt -0.455403 -0.863613
vt 0.442909 -0.842945
vt -0.470298 -0.882625
vt 0.455403 -0.863613
vt -0.487375 -0.899702
vt 0.470298 -0.882625
vt -0.506387 -0.914597
vt 0.487375 -0.899702
vt -0.527055 -0.927091
vt 0.506387 -0.914597
vt -0.549079 -0.937003
vt 0.527055 -0.927091
vt 0.549079 -0.937003
vt -0.620000 -0.950000
vt 0.620000 -0.950000
vt -0.114251 1.140000
vt -0.114963 1.147795
vt -0.116918 1.155489
vt -0.124438 1.169263
vt -0.135514 1.180149
vt -0.148884 1.188104
vt -0.163380 1.193123
vt -0.179007 1.196173
vt -0.210298 0.000000
vt 1.900000 2.246670
vt 1.900000 2.246670
vt 1.900000 2.153336
vt 1.900000 1.593336
vt 1.900000 1.472002
vt 1.900000 1.472002
vt 1.900000 1.472002
vt 1.900000 2.249181
vt 1.900000 2.256616
vt 1.900000 1.469491
vt 1.900000 2.268691
vt 1.900000 1.462056
vt 1.900000 2.284941
vt 1.900000 1.449981
vt 1.900000 2.304742
vt 1.900000 1.433731
vt 1.900000 2.327332
vt 1.900000 1.413930
vt 1.900000 2.351845
vt 1.900000 1.391339
vt 1.900000 2.377336
vt 1.900000 1.366827
vt 1.900000 2.508003
vt 1.900000 2.508003
vt 1.900000 1.210669
vt 1.900000 0.100000
vt 1.900000 1.210668
vt 1.900000 2.508003
vt 1.900000 1.210668
vt 1.900000 1.210669
vt 1.900000 2.508003
vt 1.900000 2.508003
vt 1.900000 1.213179
vt 1.900000 2.505492
vt 1.900000 2.498057
vt 1.900000 1.220615
vt 1.900000 1.232690
vt 1.900000 2.485982
vt 1.900000 2.469732
vt 1.900000 1.248940
vt 1.900000 1.268741
vt 1.900000 2.449931
vt 1.900000 2.427341
vt 1.900000 1.291331
vt 1.900000 1.315843
vt 1.900000 2.402828
vt -1.000000 0.600000
vt -0.840000 0.600000
vt -0.840000 0.727500
vt -0.837003 0.733763
vt -1.000000 1.050000
vt -0.827582 0.735132
vt -1.000000 0.210297
vt -1.000000 -0.000000
vt -0.950256 0.222956
vt -0.975490 0.218050
vt -0.898938 0.224012
vt -0.924627 0.224952
vt -0.848715 0.213409
vt -0.873523 0.220147
vt -0.802203 0.191700
vt -0.824838 0.203885
vt -0.761821 0.160014
vt -0.781105 0.177012
vt -0.729671 0.120000
vt -0.744601 0.140927
vt -0.810665 0.729574
vt -0.785233 0.713938
vt -0.752882 0.688028
vt -0.717285 0.656738
vt -0.600000 0.120000
vt -0.680194 0.623310
vt -0.641887 0.588396
vt -0.047170 0.009434
vt -0.037376 0.007073
vt -0.027270 0.004340
vt -0.021178 0.005051
vt 0.000000 0.707546
vt 0.000000 0.564751
vt 0.000000 0.414466
vt 0.700000 2.000000
vt 1.900000 1.210669
vt 1.900000 1.210668
vt 1.900000 1.210669
vt 1.900000 2.508003
vt 1.900000 1.213179
vt 1.900000 2.505493
vt 1.900000 2.498057
vt 1.900000 1.220615
vt 1.900000 1.232690
vt 1.900000 2.485982
vt 1.900000 1.248940
vt 1.900000 1.268741
vt 1.900000 2.449931
vt 1.900000 2.427341
vt 1.900000 1.291331
vt 1.900000 1.315844
vt 1.900000 2.402828
vt 1.900000 2.377337
vt 1.900000 1.341336
vt 1.900000 2.351845
vt 1.900000 1.366827
vt 1.900000 2.327332
vt 1.900000 1.391339
vt 1.900000 2.304742
vt 1.900000 1.413930
vt 1.900000 2.284941
vt 1.900000 1.433731
vt 1.900000 2.268691
vt 1.900000 1.449981
vt 1.900000 2.256616
vt 1.900000 1.462056
vt 1.900000 2.249181
vt 1.900000 1.469491
vt 1.900000 2.246670
vt 1.900000 1.472002
vt 1.900000 2.246670
vt 1.900000 1.472002
vt 1.900000 2.153336
vt 1.900000 2.246670
vt 1.900000 1.593336
vt 0.214128 0.750000
vt 0.625000 0.910872
s 1
f 1056/1/1 1071/2/2 1055/3/2
f 1049/4/3 1064/5/4 1048/6/4
f 936/7/5 938/8/6 939/9/7
f 989/10/8 985/11/9 982/12/10
f 960/13/11 961/14/12 962/15/13
f 910/16/14 899/17/15 909/18/16
f 898/19/17 896/20/18 899/17/15
f 963/21/19 952/22/20 954/23/21
f 951/24/22 947/25/23 952/22/20
f 994/26/24 995/27/25 1000/28/26
f 993/29/27 995/27/25 994/26/24
f 991/30/28 945/31/29 998/32/30
f 1028/33/31 1004/34/32 1005/35/33
f 984/36/34 987/37/35 986/38/36
f 939/9/7 943/39/37 989/10/8
f 927/40/38 930/41/39 928/42/40
f 983/43/41 990/44/42 996/45/43
f 947/25/23 950/46/44 952/22/20
f 1057/47/45 1072/48/1 1056/1/1
f 949/49/46 982/12/10 961/14/12
f 930/41/39 933/50/47 949/49/46
f 937/51/48 940/52/49 938/8/6
f 940/52/49 945/31/29 944/53/50
f 1001/54/51 1004/34/32 1003/55/52
f 993/29/27 999/56/53 998/32/30
f 1027/57/54 1030/58/55 1022/59/56
f 923/60/57 917/61/58 922/62/59
f 976/63/60 967/64/61 975/65/62
f 967/64/61 974/66/63 975/65/62
f 975/65/62 978/67/64 979/68/65
f 973/69/66 974/66/63 970/70/67
f 955/71/68 951/24/22 956/72/69
f 1007/73/70 973/69/66 972/74/71
f 897/75/72 893/76/73 895/77/74
f 986/38/36 1008/78/75 1007/73/70
f 949/49/46 960/13/11 953/79/76
f 930/41/39 950/46/44 946/80/77
f 1023/81/78 1022/59/56 1030/58/55
f 906/82/79 913/83/80 914/84/81
f 904/85/82 901/86/83 905/87/84
f 1016/88/85 1009/89/86 1010/90/87
f 1011/91/88 1010/90/87 1008/78/75
f 997/92/89 988/93/90 996/45/43
f 892/94/91 899/17/15 896/20/18
f 1018/95/92 1020/96/93 1023/81/78
f 1017/97/94 979/68/65 1015/98/95
f 1019/99/96 1014/100/97 1016/88/85
f 905/87/84 908/101/98 915/102/99
f 997/92/89 1012/103/100 1011/91/88
f 910/16/14 931/104/101 932/105/102
f 981/106/103 1017/97/94 1018/95/92
f 1022/59/56 1026/107/104 1027/57/54
f 913/83/80 905/87/84 915/102/99
f 915/102/99 911/108/105 920/109/106
f 911/108/105 932/105/102 912/110/107
f 895/77/74 894/111/108 896/20/18
f 989/10/8 991/30/28 990/44/42
f 1031/112/109 903/113/110 1032/114/111
f 1026/107/104 1028/33/31 1027/57/54
f 1016/88/85 1021/115/112 1019/99/96
f 1012/103/100 1025/116/113 1013/117/114
f 912/110/107 947/25/23 948/118/115
f 942/119/116 940/52/49 991/30/28
f 976/63/60 980/120/117 977/121/118
f 914/84/81 917/61/58 918/122/119
f 917/61/58 921/123/120 922/62/59
f 955/71/68 912/110/107 948/118/115
f 1007/73/70 1010/90/87 1009/89/86
f 996/45/43 998/32/30 997/92/89
f 980/120/117 1042/124/121 1041/125/122
f 968/126/123 976/63/60 969/127/124
f 902/128/125 904/85/82 906/82/79
f 917/61/58 915/102/99 920/109/106
f 897/75/72 898/19/17 908/101/98
f 932/105/102 946/80/77 947/25/23
f 985/11/9 988/93/90 987/37/35
f 964/129/126 1039/130/127 1038/131/128
f 964/129/126 968/126/123 965/132/129
f 1053/133/130 1040/134/130 1041/135/130
f 957/136/131 955/71/68 956/72/69
f 999/56/53 1025/116/113 1024/137/132
f 1185/138/133 887/139/134 1191/140/133
f 987/37/35 1011/91/88 1008/78/75
f 976/63/60 1041/125/122 1040/141/135
f 926/142/136 964/129/126 958/143/137
f 926/142/136 957/136/131 964/129/126
f 1002/144/138 1026/107/104 1025/116/113
f 1016/88/85 1012/103/100 1013/117/114
f 973/69/66 971/145/139 972/74/71
f 986/38/36 972/74/71 962/15/13
f 906/82/79 1033/146/140 1032/114/111
f 923/60/57 926/142/136 924/147/141
f 964/129/126 967/64/61 968/126/123
f 1013/117/114 1026/107/104 1021/115/112
f 905/87/84 891/148/142 897/75/72
f 998/32/30 1024/137/132 997/92/89
f 968/126/123 1040/141/135 1039/130/127
f 918/122/119 923/60/57 919/149/143
f 926/142/136 922/62/59 925/150/144
f 979/68/65 1014/100/97 1015/98/95
f 978/67/64 1009/89/86 1014/100/97
f 914/84/81 1034/151/145 1033/146/140
f 914/84/81 918/122/119 916/152/146
f 980/120/117 975/65/62 979/68/65
f 967/64/61 956/72/69 966/153/147
f 923/60/57 1037/154/148 1035/155/149
f 906/82/79 914/84/81 907/156/150
f 1017/97/94 1019/99/96 1020/96/93
f 918/122/119 1035/155/149 1034/151/145
f 902/128/125 906/82/79 903/157/110
f 926/142/136 1038/131/128 1037/154/148
f 954/23/21 950/46/44 953/79/76
f 966/153/147 970/70/67 974/66/63
f 971/145/139 962/15/13 972/74/71
f 908/101/98 910/16/14 911/108/105
f 966/153/147 951/24/22 963/21/19
f 1055/3/2 1070/158/151 1054/159/151
f 864/160/152 870/161/153 865/162/153
f 862/163/154 869/164/152 864/160/152
f 1023/165/78 1044/166/155 1018/167/92
f 1002/144/138 1001/54/51 1003/55/52
f 1054/159/151 1069/168/156 1053/169/156
f 935/170/157 941/171/158 933/50/47
f 1051/172/159 1066/173/160 1050/174/160
f 619/175/161 649/176/162 641/177/162
f 1199/178/163 1204/179/164 1198/180/164
f 876/181/165 883/182/166 877/178/166
f 618/183/166 623/184/161 619/175/161
f 752/185/167 759/186/164 751/187/164
f 1029/188/168 1047/189/169 1030/190/55
f 747/191/170 756/192/171 748/193/171
f 878/180/172 885/194/173 879/195/173
f 748/193/171 730/196/174 725/197/174
f 1202/198/175 1206/199/176 1200/181/176
f 750/200/176 757/201/175 749/202/175
f 1200/181/176 1205/182/163 1199/178/163
f 644/203/177 653/204/178 645/205/178
f 865/162/153 871/206/178 866/207/178
f 645/205/178 654/208/153 646/209/153
f 760/210/167 1197/195/167 1203/194/167
f 1189/162/179 1196/206/180 1190/207/180
f 839/211/181 1224/212/181 1225/213/181
f 875/198/182 882/199/165 876/181/165
f 887/214/183 851/215/183 1242/216/183
f 641/177/162 650/217/184 642/218/184
f 1188/163/185 1193/164/186 1187/160/186
f 1006/219/187 1046/220/188 1029/188/168
f 1201/221/189 1208/222/175 1202/198/175
f 749/202/175 754/223/189 746/224/189
f 753/225/163 758/226/176 750/200/176
f 751/187/164 761/227/163 753/225/163
f 1020/96/93 1021/115/112 1022/59/56
f 647/228/152 656/229/154 648/230/154
f 613/231/190 729/232/191 734/233/192
f 1186/234/171 1210/235/170 1209/236/170
f 648/230/154 863/237/154 862/163/154
f 728/238/183 616/239/183 617/240/183
f 963/21/19 971/145/139 970/70/67
f 922/62/59 955/71/68 925/150/144
f 999/56/53 1000/28/26 1002/144/138
f 920/109/106 912/110/107 921/123/120
f 1052/241/193 1067/242/159 1051/172/159
f 1050/174/160 1065/243/3 1049/4/3
f 1059/244/194 1073/245/45 1057/47/45
f 1036/246/195 1064/5/4 1062/247/195
f 954/23/21 960/13/11 971/145/139
f 1053/169/156 1068/248/193 1052/241/193
f 1059/244/194 1074/249/196 1075/250/194
f 928/42/40 931/104/101 909/18/16
f 851/212/197 1225/251/197 1242/252/197
f 1190/207/180 1192/253/198 1186/234/171
f 874/221/184 881/222/162 875/198/182
f 617/254/172 622/255/166 618/183/166
f 1209/236/170 1207/256/189 1201/221/189
f 890/257/183 1062/212/183 1061/258/183
f 643/259/199 652/260/177 644/203/177
f 1042/124/121 1018/167/92 1044/166/155
f 646/209/153 655/261/152 647/228/152
f 1187/160/186 1195/161/179 1189/162/179
f 1198/180/164 1203/194/167 1197/195/167
f 867/234/177 873/235/199 868/236/199
f 616/262/173 621/263/172 617/254/172
f 727/264/186 733/265/200 728/266/185
f 725/197/174 731/267/179 726/268/179
f 642/218/184 651/269/199 643/259/199
f 1045/270/201 1030/190/55 1047/189/169
f 866/207/178 872/253/177 867/234/177
f 1006/271/187 1027/57/54 1028/33/31
f 868/236/199 880/256/184 874/221/184
f 746/224/189 755/272/170 747/191/170
f 877/178/166 884/179/172 878/180/172
f 726/268/179 732/273/186 727/264/186
f 1001/274/197 992/275/197 936/276/197
f 670/277/181 613/231/181 734/233/181
f 614/212/202 849/212/130 851/212/130
s 0
f 1060/212/203 1159/212/203 1171/212/203
s 1
f 847/278/204 848/279/205 850/280/130
f 846/281/206 850/252/130 848/279/205
f 846/281/206 845/282/207 850/252/130
f 844/283/208 850/252/130 845/282/207
f 844/283/208 843/284/209 850/252/130
f 842/285/210 850/252/130 843/284/209
f 841/286/211 850/252/130 842/285/210
f 840/287/212 850/252/130 841/286/211
f 840/287/212 1227/288/213 1226/289/214
f 841/286/211 1228/290/215 1227/288/213
f 842/285/210 1229/291/216 1228/290/215
f 843/284/209 1230/212/217 1229/291/216
f 844/252/208 1231/212/218 1230/212/217
f 845/252/207 1232/212/219 1231/212/218
f 846/292/206 1234/212/220 1232/212/219
f 848/293/205 1233/212/221 1234/212/220
f 1168/294/222 1222/295/223 1223/296/224
f 1167/294/225 1221/297/226 1222/295/223
f 1166/294/227 1220/298/228 1221/297/226
f 1165/294/229 1219/299/230 1220/298/228
f 1164/300/231 1218/258/232 1219/258/230
f 1163/300/233 1217/258/234 1218/258/232
f 1162/301/235 1216/258/236 1217/258/234
f 1161/300/237 1215/258/238 1216/258/236
f 837/252/239 1167/294/225 1168/294/222
f 836/252/240 1166/294/227 1167/294/225
f 835/252/241 1165/294/229 1166/294/227
f 834/252/242 1164/294/231 1165/294/229
s 0
f 833/302/243 1163/212/243 1164/212/243
f 832/303/244 1162/212/244 1163/212/244
f 831/304/245 1161/212/245 1162/212/245
f 830/305/246 1160/212/246 1161/212/246
s 1
f 1168/294/222 1233/212/221 847/278/204
f 838/306/203 1226/289/203 1224/307/203
f 1220/298/228 1219/299/230 1241/212/247
f 838/308/130 851/309/130 850/310/130
f 849/212/130 833/302/248 834/311/242
s 0
f 816/212/197 1160/212/197 829/212/197
s 1
f 890/257/197 1215/258/238 1160/300/249
f 579/1/250 607/2/251 608/48/250
f 575/4/252 601/5/253 604/243/252
f 564/119/254 570/51/255 935/170/157
f 532/11/256 542/10/257 536/12/258
f 503/13/259 504/14/260 506/312/261
f 451/16/262 463/17/263 462/19/264
f 462/19/264 465/20/265 464/77/266
f 492/22/267 471/21/268 491/23/269
f 490/24/270 495/25/271 494/118/272
f 544/26/273 553/28/274 545/27/275
f 544/26/273 545/27/275 546/29/276
f 547/30/277 540/32/278 565/31/279
f 551/34/280 529/33/281 554/35/282
f 531/36/283 505/15/284 534/37/285
f 563/39/286 567/9/287 562/171/288
f 560/313/289 892/94/91 561/42/290
f 539/45/291 542/10/257 537/43/292
f 495/25/271 498/46/293 496/80/294
f 580/47/295 608/48/250 609/245/295
f 506/312/261 531/36/283 559/50/296
f 559/50/296 556/41/297 497/49/298
f 568/8/299 569/52/300 570/51/255
f 565/31/279 569/52/300 566/53/301
f 550/55/302 551/34/280 552/54/303
f 541/56/304 546/29/276 548/314/305
f 527/57/306 525/58/307 530/315/308
f 446/60/309 453/61/310 454/122/311
f 475/64/312 483/63/313 482/65/314
f 475/64/312 489/66/315 477/153/316
f 482/65/314 486/67/317 489/66/315
f 489/66/315 480/69/318 478/70/319
f 501/71/320 490/24/270 494/118/272
f 480/69/318 509/73/321 481/74/322
f 461/75/323 893/76/73 891/148/142
f 533/38/324 510/78/325 534/37/285
f 498/46/293 503/13/259 506/312/261
f 498/46/293 556/41/297 558/104/326
f 521/59/327 522/81/328 525/58/307
f 457/83/329 468/82/330 458/84/331
f 466/85/332 901/86/83 900/316/333
f 507/89/334 516/88/335 508/90/336
f 508/90/336 511/91/337 510/78/325
f 535/93/338 538/92/339 539/45/291
f 561/42/290 894/111/108 465/20/265
f 519/96/340 517/95/341 522/81/328
f 485/68/342 513/97/343 514/98/344
f 515/100/345 518/99/346 516/88/335
f 450/101/347 467/87/348 459/102/349
f 512/103/350 538/92/339 511/91/337
f 451/16/262 558/104/326 452/18/351
f 513/97/343 488/106/352 517/95/341
f 521/59/327 526/107/353 520/115/354
f 467/87/348 457/83/329 459/102/349
f 459/102/349 449/108/355 450/101/347
f 557/105/356 449/108/355 448/110/357
f 464/77/266 894/111/108 893/76/73
f 542/10/257 547/30/277 563/39/286
f 470/113/358 1031/112/109 588/114/359
f 526/107/353 529/33/281 550/55/302
f 516/88/335 520/115/354 523/117/360
f 512/103/350 528/116/361 524/137/362
f 448/110/357 495/25/271 557/105/356
f 564/119/254 547/30/277 569/52/300
f 483/63/313 484/121/363 487/120/364
f 453/61/310 458/84/331 454/122/311
f 445/123/365 453/61/310 444/62/366
f 448/110/357 501/71/320 494/118/272
f 509/73/321 508/90/336 510/78/325
f 539/45/291 540/32/278 543/44/367
f 487/120/364 591/125/368 592/124/369
f 472/127/370 483/63/313 476/126/371
f 466/85/332 902/128/125 468/82/330
f 453/61/310 459/102/349 457/83/329
f 461/75/323 462/19/264 464/77/266
f 557/105/356 496/80/294 558/104/326
f 532/11/256 535/93/338 537/43/292
f 473/129/372 593/131/373 590/130/374
f 473/129/372 474/132/375 476/126/371
f 583/317/130 589/134/130 590/318/130
f 500/136/376 501/71/320 442/150/377
f 528/116/361 541/56/304 524/137/362
f 268/139/378 269/319/134 371/138/379
f 534/37/285 511/91/337 535/93/338
f 483/63/313 589/141/380 591/125/368
f 473/129/372 443/142/381 502/143/382
f 500/136/376 443/142/381 473/129/372
f 526/107/353 549/144/383 528/116/361
f 516/88/335 512/103/350 508/90/336
f 479/145/384 480/69/318 481/74/322
f 481/74/322 533/38/324 505/15/284
f 468/82/330 588/114/359 587/146/385
f 443/142/381 446/60/309 447/147/386
f 473/129/372 475/64/312 500/136/376
f 523/117/360 526/107/353 528/116/361
f 467/87/348 891/148/142 901/86/83
f 524/137/362 540/32/278 538/92/339
f 476/126/371 590/130/374 589/141/380
f 446/60/309 454/122/311 455/149/387
f 444/62/366 443/142/381 442/150/377
f 485/68/342 515/100/345 486/67/317
f 486/67/317 507/89/334 480/69/318
f 458/84/331 587/146/385 586/151/388
f 454/122/311 458/84/331 460/152/389
f 487/120/364 482/65/314 483/63/313
f 499/72/390 475/64/312 477/153/316
f 446/60/309 585/155/391 584/154/392
f 458/84/331 468/82/330 469/156/393
f 513/97/343 518/99/346 514/98/344
f 454/122/311 586/151/388 585/155/391
f 468/82/330 902/128/125 470/157/358
f 443/142/381 584/154/392 593/131/373
f 498/46/293 491/23/269 493/79/394
f 477/153/316 478/70/319 471/21/268
f 479/145/384 505/15/284 503/13/259
f 451/16/262 450/101/347 449/108/355
f 490/24/270 477/153/316 471/21/268
f 578/3/251 606/158/395 607/2/251
f 247/161/153 251/160/152 252/162/153
f 246/164/152 245/163/154 251/160/152
f 522/165/328 594/166/396 595/270/397
f 549/144/383 552/54/303 553/28/274
f 577/159/395 605/168/398 606/158/395
f 562/171/288 935/170/157 927/40/38
f 574/172/399 602/173/400 603/242/399
f 12/176/162 11/175/161 20/177/162
f 378/179/164 385/178/163 384/180/164
f 259/182/166 264/181/165 265/178/166
f 7/184/161 10/183/166 11/175/161
f 133/186/164 142/185/167 141/187/164
f 530/188/308 596/189/401 597/220/402
f 130/192/171 137/191/170 138/193/171
f 261/194/173 266/180/172 267/195/403
f 95/196/174 138/193/171 99/197/174
f 380/199/176 388/198/175 386/181/176
f 131/201/175 140/200/176 139/202/175
f 379/182/163 386/181/176 385/178/163
f 16/204/178 23/203/177 24/205/178
f 248/206/178 252/162/153 253/207/178
f 17/208/153 24/205/178 25/209/153
f 134/210/167 383/195/167 142/185/167
f 370/206/180 375/162/179 376/207/180
f 237/211/183 439/212/183 236/252/183
f 258/199/165 263/198/182 264/181/165
f 216/215/181 365/320/181 416/216/181
f 13/217/184 20/177/162 21/218/184
f 367/164/186 374/163/404 373/160/186
f 555/219/405 597/220/402 598/321/406
f 382/222/175 387/221/189 388/198/175
f 128/223/189 139/202/175 136/224/189
f 132/226/176 143/225/163 140/200/176
f 135/227/163 141/187/164 143/225/163
f 519/96/340 520/115/354 518/99/346
f 19/229/154 26/228/152 27/230/154
f 3/322/407 2/231/408 123/233/192
f 389/235/170 372/234/171 390/236/170
f 27/230/154 244/237/154 19/229/154
f 8/239/181 102/238/181 101/323/181
f 471/21/268 479/145/384 491/23/269
f 501/71/320 444/62/366 442/150/377
f 541/56/304 553/28/274 544/26/273
f 448/110/357 456/109/409 445/123/365
f 571/241/410 603/242/399 600/248/410
f 573/174/400 604/243/252 602/173/400
f 581/244/411 609/245/295 610/250/411
f 583/246/412 601/5/253 572/6/253
f 491/23/269 503/13/259 493/79/394
f 576/169/398 600/248/410 605/168/398
f 581/244/411 611/249/413 582/324/413
f 558/104/326 561/42/290 463/17/263
f 216/212/197 440/251/197 237/325/197
f 366/253/198 376/207/180 372/234/171
f 257/222/162 262/221/184 263/198/182
f 6/255/166 9/254/172 10/183/166
f 381/256/189 390/236/170 387/221/189
f 441/257/181 612/212/181 583/326/181
f 15/260/177 22/259/199 23/203/177
f 592/124/369 517/167/341 488/327/352
f 18/261/152 25/209/153 26/228/152
f 369/161/179 373/160/186 375/162/179
f 377/194/167 384/180/164 383/195/167
f 250/235/199 254/234/177 255/236/199
f 5/263/172 8/262/173 9/254/172
f 98/265/414 101/264/186 102/266/415
f 96/267/179 99/197/174 100/268/179
f 14/269/199 21/218/184 22/259/199
f 595/270/397 525/190/307 522/165/328
f 249/253/177 253/207/178 254/234/177
f 527/57/306 555/271/405 554/35/282
f 256/256/184 255/236/199 262/221/184
f 129/272/170 136/224/189 137/191/170
f 260/179/172 265/178/166 266/180/172
f 97/273/186 100/268/179 101/264/186
f 545/328/197 598/329/197 936/276/197
f 340/330/183 209/331/183 359/332/183
f 1/212/202 215/212/130 2/212/408
s 0
f 408/212/203 401/212/203 1060/212/203
s 1
f 217/280/130 228/279/416 227/278/417
f 217/252/130 229/281/418 228/279/416
f 217/252/130 230/282/419 229/281/418
f 217/252/130 231/283/420 230/282/419
f 217/252/130 232/284/421 231/283/420
f 217/252/130 233/285/422 232/284/421
f 217/252/130 234/286/423 233/285/422
f 217/252/130 235/287/424 234/286/423
f 235/287/424 437/288/425 234/286/423
f 234/286/423 436/290/426 233/285/422
f 233/285/422 435/291/427 232/284/421
f 232/284/421 434/212/428 231/252/420
f 231/252/420 433/212/429 230/252/419
f 230/252/419 432/212/430 229/292/418
f 229/292/418 431/212/431 228/293/416
f 228/293/416 430/212/432 227/278/417
f 392/294/433 421/295/434 391/294/435
f 391/294/435 427/297/436 397/294/437
f 397/294/437 426/298/438 396/294/439
f 396/294/439 423/299/440 393/294/441
f 393/300/441 424/258/442 394/300/443
f 394/300/443 425/258/444 395/301/445
f 395/301/445 428/258/446 398/300/447
f 398/300/447 429/258/448 399/300/449
f 219/252/450 391/294/435 218/252/451
f 218/252/451 397/294/437 224/252/452
f 224/252/452 396/294/439 223/252/453
f 223/252/453 393/294/441 220/252/454
s 0
f 220/302/455 394/212/455 221/303/455
f 221/303/456 395/212/456 222/304/456
f 222/304/457 398/212/457 225/305/457
f 225/305/458 399/212/458 226/212/458
s 1
f 392/294/433 227/278/417 422/296/459
f 236/306/203 438/289/203 235/287/203
f 427/297/436 421/295/434 415/212/247
f 237/333/130 235/334/424 217/310/130
f 215/212/130 220/302/454 221/303/130
s 0
f 816/212/197 399/212/197 888/212/197
s 1
f 429/258/448 441/257/197 888/301/197
s 0
f 853/335/181 854/336/181 855/337/181
f 855/338/181 1158/339/181 1159/340/181
f 820/341/181 852/342/181 819/341/181
f 827/212/247 854/212/247 820/212/247
f 1158/212/203 860/212/203 1176/212/203
f 1170/212/203 1176/212/203 1179/212/203
f 1159/340/181 1170/343/181 1171/344/181
f 1179/212/203 1174/212/203 1170/212/203
f 1170/343/181 1175/345/181 1171/344/181
f 1179/212/203 1184/212/203 1183/212/203
f 1176/212/203 1180/212/203 1179/212/203
f 860/212/203 1177/212/203 1176/212/203
f 1183/212/203 1236/212/203 1235/212/203
f 1151/212/130 1235/212/130 1236/212/130
f 1183/212/203 1211/212/203 1174/212/203
f 1142/212/181 1140/212/181 1211/212/181
f 1121/212/183 1150/212/183 1110/212/183
f 1146/346/183 1110/212/183 1150/347/183
f 1147/346/130 1150/347/130 1151/347/130
f 1138/212/203 1109/212/203 1146/212/203
f 778/348/130 1146/346/130 809/346/130
f 810/346/130 1146/346/130 1147/346/130
f 809/346/460 808/346/460 807/346/460
f 790/346/461 807/346/461 808/346/461
f 788/346/462 789/346/462 790/346/462
f 789/346/461 777/348/461 807/346/461
f 768/348/462 787/346/462 767/348/462
f 767/348/463 785/346/463 766/348/463
f 787/346/463 786/346/463 785/346/463
f 766/348/464 791/346/464 769/348/464
f 786/346/464 791/346/464 785/346/464
f 791/346/465 782/346/465 781/346/465
f 781/346/466 784/346/466 783/346/466
f 769/348/465 781/346/465 764/348/465
f 764/348/466 783/346/466 765/348/466
f 765/348/467 793/346/467 770/348/467
f 783/346/467 794/346/467 793/346/467
f 770/348/468 795/346/468 771/348/468
f 793/346/468 796/346/468 795/346/468
f 795/346/469 798/346/469 797/346/469
f 797/346/470 800/346/470 799/346/470
f 799/346/471 802/346/471 801/346/471
f 772/348/470 799/346/470 773/348/470
f 773/348/471 801/346/471 774/348/471
f 774/348/472 803/346/472 775/348/472
f 803/346/472 802/346/472 804/346/472
f 775/348/473 805/346/473 776/348/473
f 805/346/473 804/346/473 806/346/473
f 805/346/474 812/346/474 811/346/474
f 811/346/475 814/346/475 813/346/475
f 776/348/474 811/346/474 779/348/474
f 779/348/475 813/346/475 780/348/475
f 780/348/247 1148/346/247 1139/348/247
f 813/346/247 1149/346/247 1148/346/247
f 1148/346/247 1153/349/247 1152/349/247
f 1139/348/247 1152/349/247 1141/350/247
f 1140/351/181 1139/348/181 1141/351/181
f 769/348/181 775/348/181 1139/348/181
f 1141/350/247 1237/352/247 1213/353/247
f 1141/351/181 1211/354/181 1140/351/181
f 1212/355/181 1213/354/181 1214/355/181
f 1214/356/247 1237/352/247 1239/357/247
f 1238/352/247 1239/357/247 1237/352/247
f 1152/349/247 1238/352/247 1237/352/247
f 1174/358/181 1212/355/181 1175/345/181
f 1079/212/181 1138/348/181 1140/351/181
f 1090/212/181 1140/212/181 1142/212/181
f 1091/212/181 1142/212/181 1143/212/181
f 1143/212/476 1154/212/476 1155/212/476
f 1092/212/181 1143/212/181 1144/212/181
f 1156/212/477 1143/212/477 1155/212/477
f 1122/212/183 1154/212/183 1121/212/183
f 1123/212/183 1155/212/183 1122/212/183
f 1156/212/183 1124/212/183 1157/212/183
f 1145/212/478 1156/212/478 1157/212/478
f 1157/212/183 1132/212/183 1136/212/183
f 1105/212/479 1157/212/479 1136/212/479
f 1101/212/181 1145/212/181 1105/212/181
f 1093/212/181 1144/212/181 1145/212/181
f 1103/212/181 1105/212/181 1106/212/181
f 1106/212/480 1136/212/480 1137/212/480
f 1102/212/181 1106/212/181 1104/212/181
f 1104/212/481 1137/212/481 1135/212/481
f 1137/212/183 1133/212/183 1135/212/183
f 1136/212/183 1134/212/183 1137/212/183
f 1135/212/183 1130/212/183 1182/212/183
f 1173/212/482 1135/212/482 1182/212/482
f 1182/212/183 1129/212/183 1181/212/183
f 1172/212/483 1182/212/483 1181/212/483
f 1098/212/181 1173/212/181 1172/212/181
f 1099/212/181 1104/212/181 1173/212/181
f 1097/212/181 1172/212/181 1169/212/181
f 1178/212/484 1172/212/484 1181/212/484
f 1169/212/181 1096/212/181 1097/212/181
f 1100/212/485 1178/212/485 1131/212/485
f 1127/212/183 1178/212/183 1128/212/183
f 1181/212/183 1128/212/183 1178/212/183
f 1126/212/183 1131/212/183 1127/212/183
f 1089/212/486 1131/212/486 1120/212/486
f 1125/212/183 1120/212/183 1126/212/183
f 1088/212/487 1120/212/487 1119/212/487
f 1089/212/181 1094/212/181 1095/212/181
f 1100/212/181 1095/212/181 1096/212/181
f 1086/212/181 1088/212/181 1087/212/181
f 1087/212/488 1119/212/488 1118/212/488
f 1087/212/181 1085/212/181 1086/212/181
f 1083/212/489 1118/212/489 1114/212/489
f 1116/212/183 1118/212/183 1117/212/183
f 1119/212/183 1117/212/183 1118/212/183
f 1115/212/183 1114/212/183 1116/212/183
f 1082/212/490 1114/212/490 1113/212/490
f 1112/212/183 1113/212/183 1115/212/183
f 1080/212/491 1113/212/491 1111/212/491
f 1082/212/181 1081/212/181 1084/212/181
f 1083/212/181 1084/212/181 1085/212/181
f 1076/212/181 1081/212/181 1080/212/181
f 1076/212/492 1111/212/492 1107/212/492
f 740/212/130 1107/212/130 762/212/130
f 741/212/181 1076/212/181 740/212/181
f 763/212/183 1107/212/183 1108/212/183
f 1112/212/183 1107/212/183 1111/212/183
f 1108/212/247 741/212/247 763/212/247
f 1081/212/493 1108/212/493 1112/212/493
f 1084/212/475 1112/212/475 1115/212/475
f 745/359/247 741/212/247 739/359/247
f 745/359/183 762/212/183 763/212/183
f 740/212/181 739/359/181 741/212/181
f 739/359/494 744/360/494 745/359/494
f 696/361/181 706/362/181 736/363/181
f 703/364/197 722/365/197 720/364/197
f 694/366/181 693/367/181 705/365/181
f 705/365/130 762/212/130 722/365/130
f 696/361/181 697/212/181 698/368/181
f 715/368/495 697/212/495 714/212/495
f 715/368/496 707/369/496 698/368/496
f 714/212/183 713/361/183 715/368/183
f 722/365/183 723/362/183 721/370/183
f 701/371/497 724/369/497 718/371/497
f 704/370/498 718/371/498 721/370/498
f 706/362/499 721/370/499 723/362/499
f 736/363/500 723/362/500 742/363/500
f 737/372/501 742/363/501 743/372/501
f 744/360/502 737/372/502 743/372/502
f 711/366/183 717/373/183 713/361/183
f 714/212/503 691/212/503 708/212/503
f 691/212/504 709/374/504 708/212/504
f 692/375/505 710/367/505 709/374/505
f 693/367/506 711/366/506 710/367/506
f 694/366/507 712/376/507 711/366/507
f 695/376/508 716/377/508 712/376/508
f 699/378/509 717/373/509 716/377/509
f 700/373/510 719/379/510 717/373/510
f 702/379/460 720/364/460 719/379/460
f 1116/212/474 1084/212/474 1115/212/474
f 1086/212/473 1116/212/473 1117/212/473
f 1125/212/472 1086/212/472 1117/212/472
f 1095/212/471 1125/212/471 1126/212/471
f 1096/212/470 1126/212/470 1127/212/470
f 1097/212/469 1127/212/469 1128/212/469
f 1129/212/468 1097/212/468 1128/212/468
f 1099/212/467 1129/212/467 1130/212/467
f 1102/212/466 1130/212/466 1133/212/466
f 1103/212/465 1133/212/465 1134/212/465
f 1101/212/464 1134/212/464 1132/212/464
f 1093/212/463 1132/212/463 1124/212/463
f 1092/212/462 1124/212/462 1123/212/462
f 1122/212/461 1092/212/461 1123/212/461
f 1090/212/460 1122/212/460 1121/212/460
f 1079/212/511 1121/212/511 1110/212/511
f 1078/212/512 1110/212/512 1109/212/512
f 771/348/469 797/346/469 772/348/469
f 778/348/460 807/346/460 777/348/460
f 857/380/130 858/381/130 859/381/130
f 852/382/130 858/381/130 856/380/130
f 825/383/130 852/382/130 856/380/130
f 826/383/130 856/380/130 857/380/130
f 822/384/130 825/383/130 826/383/130
f 819/385/130 821/384/130 817/386/130
f 686/384/130 821/384/130 822/384/130
f 685/384/460 684/384/460 683/384/460
f 638/386/460 683/384/460 637/386/460
f 685/384/130 817/386/130 821/384/130
f 628/386/181 635/386/181 818/386/181
f 819/341/181 818/386/181 820/341/181
f 820/212/247 823/212/247 827/212/247
f 640/386/247 823/384/247 818/386/247
f 639/386/475 689/384/475 640/386/475
f 687/384/475 690/384/475 689/384/475
f 689/384/247 824/384/247 823/384/247
f 681/384/474 688/384/474 687/384/474
f 679/384/473 682/384/473 681/384/473
f 635/386/473 681/384/473 636/386/473
f 636/386/474 687/384/474 639/386/474
f 634/386/472 679/384/472 635/386/472
f 633/386/471 677/384/471 634/386/471
f 675/384/471 678/384/471 677/384/471
f 677/384/472 680/384/472 679/384/472
f 673/384/470 676/384/470 675/384/470
f 671/384/469 674/384/469 673/384/469
f 669/384/468 672/384/468 671/384/468
f 659/384/467 670/384/467 669/384/467
f 630/386/468 671/384/468 631/386/468
f 625/386/467 669/384/467 630/386/467
f 657/384/466 660/384/466 659/384/466
f 624/386/466 659/384/466 625/386/466
f 624/386/465 665/384/465 657/384/465
f 629/386/464 665/384/464 628/386/464
f 668/384/464 665/384/464 667/384/464
f 657/384/465 666/384/465 658/384/465
f 661/384/463 668/384/463 667/384/463
f 662/384/462 663/384/462 664/384/462
f 664/384/461 683/384/461 684/384/461
f 663/384/461 637/386/461 683/384/461
f 627/386/462 661/384/462 626/386/462
f 626/386/463 667/384/463 629/386/463
f 631/386/469 673/384/469 632/386/469
f 632/386/470 675/384/470 633/386/470
f 823/212/247 828/212/247 827/212/247
f 827/212/247 861/212/247 860/212/247
f 270/342/183 273/338/183 272/336/183
f 272/336/183 401/340/183 400/339/183
f 214/341/183 270/342/183 272/336/183
f 210/212/247 272/212/247 243/212/247
f 243/212/203 400/212/203 357/212/203
f 357/212/203 403/212/203 360/212/203
f 400/339/183 404/344/183 403/343/183
f 360/212/203 407/212/203 364/212/203
f 404/344/183 407/358/183 403/343/183
f 359/212/203 364/212/203 363/212/203
f 356/212/203 360/212/203 359/212/203
f 242/212/203 357/212/203 356/212/203
f 363/212/203 410/212/203 409/212/203
f 341/212/130 409/212/130 410/212/130
f 364/212/203 417/212/203 410/212/203
f 350/212/183 352/212/183 417/212/183
f 288/212/181 341/212/181 344/212/181
f 337/346/181 277/212/181 276/212/181
f 337/346/130 340/347/130 341/347/130
f 276/212/203 348/212/203 337/212/203
f 200/348/130 337/346/130 348/348/130
f 181/346/130 336/346/130 337/346/130
f 180/346/460 179/346/460 178/346/460
f 161/346/461 178/346/461 179/346/461
f 159/346/462 160/346/462 161/346/462
f 190/348/461 179/346/461 199/348/461
f 159/346/462 190/348/462 189/348/462
f 157/346/463 189/348/463 188/348/463
f 158/346/463 157/346/463 156/346/463
f 163/346/464 188/348/464 191/348/464
f 163/346/464 156/346/464 157/346/464
f 162/346/465 153/346/465 152/346/465
f 152/346/466 155/346/466 154/346/466
f 153/346/465 191/348/465 186/348/465
f 155/346/466 186/348/466 187/348/466
f 165/346/467 187/348/467 192/348/467
f 154/346/467 165/346/467 164/346/467
f 167/346/468 192/348/468 193/348/468
f 164/346/468 167/346/468 166/346/468
f 166/346/469 169/346/469 168/346/469
f 168/346/470 171/346/470 170/346/470
f 172/346/471 171/346/471 173/346/471
f 171/346/470 194/348/470 195/348/470
f 173/346/471 195/348/471 196/348/471
f 175/346/472 196/348/472 197/348/472
f 172/346/472 175/346/472 174/346/472
f 177/346/473 197/348/473 198/348/473
f 174/346/473 177/346/473 176/346/473
f 176/346/474 183/346/474 182/346/474
f 182/346/475 185/346/475 184/346/475
f 198/348/474 183/346/474 177/346/474
f 185/346/475 201/348/475 202/348/475
f 202/348/247 339/346/247 185/346/247
f 184/346/247 339/346/247 338/346/247
f 338/346/247 343/349/247 342/349/247
f 343/349/247 349/348/247 351/350/247
f 350/351/183 349/348/183 348/348/183
f 195/348/183 189/348/183 348/348/183
f 351/350/247 412/352/247 343/349/247
f 351/351/183 417/354/183 419/354/183
f 417/354/183 420/355/183 419/354/183
f 414/357/247 419/353/247 420/356/247
f 412/352/247 413/357/247 411/352/247
f 342/349/247 412/352/247 411/352/247
f 408/345/183 417/354/183 407/358/183
f 348/348/183 308/212/183 350/351/183
f 350/212/183 319/212/183 352/212/183
f 320/212/183 352/212/183 319/212/183
f 345/212/476 352/212/476 353/212/476
f 321/212/183 353/212/183 320/212/183
f 345/212/477 354/212/477 346/212/477
f 289/212/181 344/212/181 345/212/181
f 290/212/181 345/212/181 346/212/181
f 291/212/181 346/212/181 347/212/181
f 346/212/478 355/212/478 347/212/478
f 299/212/181 347/212/181 303/212/181
f 347/212/479 334/212/479 303/212/479
f 355/212/183 330/212/183 334/212/183
f 354/212/183 322/212/183 355/212/183
f 334/212/183 332/212/183 335/212/183
f 304/212/480 334/212/480 335/212/480
f 335/212/183 331/212/183 333/212/183
f 304/212/481 333/212/481 302/212/481
f 300/212/181 304/212/181 302/212/181
f 301/212/181 303/212/181 304/212/181
f 297/212/181 302/212/181 362/212/181
f 302/212/482 406/212/482 362/212/482
f 296/212/181 362/212/181 361/212/181
f 362/212/483 405/212/483 361/212/483
f 406/212/183 327/212/183 405/212/183
f 333/212/183 328/212/183 406/212/183
f 405/212/183 326/212/183 402/212/183
f 361/212/484 402/212/484 358/212/484
f 325/212/183 402/212/183 326/212/183
f 358/212/485 329/212/485 298/212/485
f 358/212/181 294/212/181 295/212/181
f 295/212/181 361/212/181 358/212/181
f 298/212/181 293/212/181 294/212/181
f 298/212/486 318/212/486 287/212/486
f 287/212/181 292/212/181 293/212/181
f 287/212/487 317/212/487 286/212/487
f 323/212/183 318/212/183 324/212/183
f 324/212/183 329/212/183 325/212/183
f 317/212/183 315/212/183 316/212/183
f 286/212/488 316/212/488 285/212/488
f 314/212/183 316/212/183 315/212/183
f 285/212/489 312/212/489 281/212/489
f 285/212/181 283/212/181 284/212/181
f 284/212/181 286/212/181 285/212/181
f 281/212/181 282/212/181 283/212/181
f 280/212/490 312/212/490 311/212/490
f 280/212/181 279/212/181 282/212/181
f 280/212/491 309/212/491 278/212/491
f 310/212/183 311/212/183 313/212/183
f 313/212/183 312/212/183 314/212/183
f 310/212/183 305/212/183 309/212/183
f 278/212/492 305/212/492 274/212/492
f 144/212/130 305/212/130 150/212/130
f 151/212/183 305/212/183 306/212/183
f 145/212/181 274/212/181 144/212/181
f 274/212/181 279/212/181 278/212/181
f 145/212/247 306/212/247 275/212/247
f 275/212/493 310/212/493 279/212/493
f 279/212/475 313/212/475 282/212/475
f 127/359/247 151/212/247 145/212/247
f 144/212/181 127/359/181 145/212/181
f 149/359/183 150/212/183 151/212/183
f 126/360/494 149/359/494 127/359/494
f 119/365/183 120/362/183 118/370/183
f 117/364/197 93/365/197 119/365/197
f 107/367/183 113/378/183 119/365/183
f 119/365/130 144/212/130 150/212/130
f 111/212/183 110/361/183 112/368/183
f 86/368/495 111/212/495 112/368/495
f 104/369/496 112/368/496 121/369/496
f 84/361/181 85/212/181 86/368/181
f 84/361/181 94/362/181 124/363/181
f 104/369/497 115/371/497 89/371/497
f 89/371/498 118/370/498 92/370/498
f 92/370/499 120/362/499 94/362/499
f 94/362/500 146/363/500 124/363/500
f 124/363/501 147/372/501 125/372/501
f 125/372/502 148/360/502 126/360/502
f 81/367/181 84/361/181 88/373/181
f 85/212/503 105/212/503 111/212/503
f 80/374/504 105/212/504 79/212/504
f 81/367/505 106/375/505 80/374/505
f 82/366/506 107/367/506 81/367/506
f 83/376/507 108/366/507 82/366/507
f 109/376/508 87/377/508 113/378/508
f 88/373/509 113/378/509 87/377/509
f 90/379/510 114/373/510 88/373/510
f 90/379/460 117/364/460 116/379/460
f 282/212/474 314/212/474 283/212/474
f 284/212/473 314/212/473 315/212/473
f 284/212/472 323/212/472 292/212/472
f 292/212/471 324/212/471 293/212/471
f 293/212/470 325/212/470 294/212/470
f 294/212/469 326/212/469 295/212/469
f 296/212/468 326/212/468 327/212/468
f 296/212/467 328/212/467 297/212/467
f 297/212/466 331/212/466 300/212/466
f 300/212/465 332/212/465 301/212/465
f 301/212/464 330/212/464 299/212/464
f 299/212/463 322/212/463 291/212/463
f 290/212/462 322/212/462 321/212/462
f 290/212/461 320/212/461 289/212/461
f 289/212/460 319/212/460 288/212/460
f 277/212/511 319/212/511 308/212/511
f 277/212/512 307/212/512 276/212/512
f 169/346/469 193/348/469 194/348/469
f 179/346/460 200/348/460 199/348/460
f 238/380/130 241/381/130 239/380/130
f 239/380/130 271/387/130 270/382/130
f 208/383/130 270/382/130 213/385/130
f 208/383/130 238/380/130 239/380/130
f 204/384/130 207/383/130 208/383/130
f 204/384/130 213/385/130 211/386/130
f 57/384/130 203/384/130 204/384/130
f 56/384/460 55/384/460 54/384/460
f 55/384/460 76/386/460 75/386/460
f 57/384/130 211/386/130 76/386/130
f 71/386/183 64/386/183 211/386/183
f 213/341/183 212/386/183 211/386/183
f 206/212/247 214/212/247 210/212/247
f 61/384/247 212/386/247 206/384/247
f 61/384/475 77/386/475 78/386/475
f 58/384/475 61/384/475 60/388/475
f 60/384/247 206/384/247 205/384/247
f 52/384/474 59/384/474 58/388/474
f 50/384/473 53/384/473 52/388/473
f 53/384/473 73/386/473 74/386/473
f 74/386/474 59/384/474 53/384/474
f 51/384/472 72/386/472 73/386/472
f 49/384/471 71/386/471 72/386/471
f 48/388/471 47/384/471 49/384/471
f 48/384/472 51/384/472 50/388/472
f 44/384/470 47/384/470 46/388/470
f 42/384/469 45/384/469 44/388/469
f 40/384/468 43/384/468 42/388/468
f 30/384/467 41/384/467 40/388/467
f 43/384/468 68/386/468 69/386/468
f 63/386/467 41/384/467 31/384/467
f 28/384/466 31/384/466 30/388/466
f 31/384/466 62/386/466 63/386/466
f 29/384/465 66/386/465 62/386/465
f 37/384/464 67/386/464 66/386/464
f 37/384/464 38/384/464 39/384/464
f 28/388/465 37/384/465 29/384/465
f 32/384/463 39/384/463 38/384/463
f 33/384/462 34/384/462 35/384/462
f 35/384/461 54/384/461 55/384/461
f 35/384/461 75/386/461 65/386/461
f 33/384/462 65/386/462 64/386/462
f 39/384/463 64/386/463 67/386/463
f 45/384/469 69/386/469 70/386/469
f 47/384/470 70/386/470 71/386/470
f 205/212/247 210/212/247 209/212/247
f 209/212/247 243/212/247 242/212/247
s 1
f 1056/1/1 1072/48/1 1071/2/2
f 1049/4/3 1065/243/3 1064/5/4
f 939/9/7 935/170/157 936/7/5
f 936/7/5 937/51/48 938/8/6
f 938/8/6 942/119/116 939/9/7
f 982/12/10 941/171/158 989/10/8
f 989/10/8 983/43/41 985/11/9
f 985/11/9 984/36/34 982/12/10
f 960/13/11 959/312/513 961/14/12
f 910/16/14 898/19/17 899/17/15
f 898/19/17 895/77/74 896/20/18
f 963/21/19 951/24/22 952/22/20
f 951/24/22 948/118/115 947/25/23
f 998/32/30 990/44/42 991/30/28
f 991/30/28 944/53/50 945/31/29
f 945/31/29 992/314/514 998/32/30
f 1028/33/31 1003/55/52 1004/34/32
f 986/38/36 962/15/13 961/14/12
f 984/36/34 985/11/9 987/37/35
f 986/38/36 961/14/12 984/36/34
f 989/10/8 941/171/158 939/9/7
f 939/9/7 942/119/116 943/39/37
f 928/42/40 892/94/91 927/40/38
f 927/40/38 929/313/515 930/41/39
f 996/45/43 988/93/90 983/43/41
f 983/43/41 989/10/8 990/44/42
f 947/25/23 946/80/77 950/46/44
f 1057/47/45 1073/245/45 1072/48/1
f 961/14/12 959/312/513 949/49/46
f 949/49/46 933/50/47 982/12/10
f 982/12/10 984/36/34 961/14/12
f 930/41/39 929/313/515 933/50/47
f 998/32/30 992/314/514 993/29/27
f 993/29/27 994/26/24 999/56/53
f 1027/57/54 1029/315/168 1030/58/55
f 923/60/57 918/122/119 917/61/58
f 976/63/60 968/126/123 967/64/61
f 967/64/61 966/153/147 974/66/63
f 975/65/62 974/66/63 978/67/64
f 973/69/66 978/67/64 974/66/63
f 955/71/68 948/118/115 951/24/22
f 1007/73/70 1009/89/86 973/69/66
f 897/75/72 891/148/142 893/76/73
f 986/38/36 987/37/35 1008/78/75
f 953/79/76 950/46/44 949/49/46
f 949/49/46 959/312/513 960/13/11
f 946/80/77 931/104/101 930/41/39
f 930/41/39 949/49/46 950/46/44
f 1023/81/78 1020/96/93 1022/59/56
f 906/82/79 904/85/82 913/83/80
f 904/85/82 900/316/333 901/86/83
f 1016/88/85 1014/100/97 1009/89/86
f 1011/91/88 1012/103/100 1010/90/87
f 997/92/89 1011/91/88 988/93/90
f 896/20/18 894/111/108 892/94/91
f 892/94/91 928/42/40 899/17/15
f 1018/95/92 1017/97/94 1020/96/93
f 1017/97/94 980/120/117 979/68/65
f 1019/99/96 1015/98/95 1014/100/97
f 905/87/84 897/75/72 908/101/98
f 997/92/89 1024/137/132 1012/103/100
f 910/16/14 909/18/16 931/104/101
f 981/106/103 980/120/117 1017/97/94
f 1022/59/56 1021/115/112 1026/107/104
f 913/83/80 904/85/82 905/87/84
f 915/102/99 908/101/98 911/108/105
f 911/108/105 910/16/14 932/105/102
f 895/77/74 893/76/73 894/111/108
f 989/10/8 943/39/37 991/30/28
f 1031/112/109 902/128/125 903/113/110
f 1026/107/104 1003/55/52 1028/33/31
f 1016/88/85 1013/117/114 1021/115/112
f 1012/103/100 1024/137/132 1025/116/113
f 912/110/107 932/105/102 947/25/23
f 991/30/28 943/39/37 942/119/116
f 942/119/116 938/8/6 940/52/49
f 940/52/49 944/53/50 991/30/28
f 914/84/81 913/83/80 917/61/58
f 917/61/58 920/109/106 921/123/120
f 955/71/68 921/123/120 912/110/107
f 1007/73/70 1008/78/75 1010/90/87
f 996/45/43 990/44/42 998/32/30
f 1041/125/122 977/121/118 980/120/117
f 980/120/117 981/327/103 1042/124/121
f 902/128/125 900/316/333 904/85/82
f 917/61/58 913/83/80 915/102/99
f 897/75/72 895/77/74 898/19/17
f 932/105/102 931/104/101 946/80/77
f 985/11/9 983/43/41 988/93/90
f 1038/131/128 958/143/137 964/129/126
f 964/129/126 965/389/129 1039/130/127
f 1057/390/130 1056/391/130 1055/392/130
f 1055/392/130 1054/393/130 1053/133/130
f 1053/133/130 1052/394/130 1051/395/130
f 1051/395/130 1050/396/130 1049/397/130
f 1049/397/130 1048/398/130 1036/317/130
f 1036/317/130 890/399/130 889/400/130
f 889/400/130 1031/401/130 1032/402/130
f 889/400/130 1032/402/130 1033/403/130
f 1051/395/130 1049/397/130 1036/317/130
f 1036/317/130 889/400/130 1033/403/130
f 1036/317/130 1033/403/130 1034/404/130
f 1053/133/130 1051/395/130 1036/317/130
f 1057/390/130 1055/392/130 1053/133/130
f 1058/405/130 1059/406/130 1057/390/130
f 1046/407/130 1043/408/130 1058/405/130
f 1047/409/130 1046/407/130 1058/405/130
f 1058/405/130 1057/390/130 1053/133/130
f 1053/133/130 1036/317/130 1034/404/130
f 1053/133/130 1034/404/130 1035/410/130
f 1047/409/130 1058/405/130 1053/133/130
f 1045/411/130 1047/409/130 1053/133/130
f 1053/133/130 1035/410/130 1037/412/130
f 1053/133/130 1037/412/130 1038/413/130
f 1044/414/130 1045/411/130 1053/133/130
f 1042/415/130 1044/414/130 1053/133/130
f 1053/133/130 1038/413/130 1039/318/130
f 1053/133/130 1039/318/130 1040/134/130
f 1041/135/130 1042/415/130 1053/133/130
f 957/136/131 925/150/144 955/71/68
f 999/56/53 1002/144/138 1025/116/113
f 886/319/134 879/195/173 885/194/173
f 886/319/134 885/194/173 887/139/134
f 1194/237/516 1188/163/185 1185/138/133
f 1185/138/133 886/319/134 887/139/134
f 1191/140/133 1194/237/516 1185/138/133
f 987/37/35 988/93/90 1011/91/88
f 1040/141/135 969/127/124 976/63/60
f 976/63/60 977/416/118 1041/125/122
f 926/142/136 925/150/144 957/136/131
f 1002/144/138 1003/55/52 1026/107/104
f 1016/88/85 1010/90/87 1012/103/100
f 973/69/66 970/70/67 971/145/139
f 986/38/36 1007/73/70 972/74/71
f 1032/114/111 903/157/110 906/82/79
f 906/82/79 907/417/150 1033/146/140
f 964/129/126 957/136/131 967/64/61
f 1013/117/114 1025/116/113 1026/107/104
f 905/87/84 901/86/83 891/148/142
f 998/32/30 999/56/53 1024/137/132
f 1039/130/127 965/132/129 968/126/123
f 968/126/123 969/418/124 1040/141/135
f 926/142/136 923/60/57 922/62/59
f 979/68/65 978/67/64 1014/100/97
f 978/67/64 973/69/66 1009/89/86
f 1033/146/140 907/156/150 914/84/81
f 914/84/81 916/419/146 1034/151/145
f 980/120/117 976/63/60 975/65/62
f 967/64/61 957/136/131 956/72/69
f 1035/155/149 919/149/143 923/60/57
f 923/60/57 924/420/141 1037/154/148
f 1017/97/94 1015/98/95 1019/99/96
f 1034/151/145 916/152/146 918/122/119
f 918/122/119 919/421/143 1035/155/149
f 1037/154/148 924/147/141 926/142/136
f 926/142/136 958/422/137 1038/131/128
f 954/23/21 952/22/20 950/46/44
f 966/153/147 963/21/19 970/70/67
f 971/145/139 960/13/11 962/15/13
f 908/101/98 898/19/17 910/16/14
f 966/153/147 956/72/69 951/24/22
f 1055/3/2 1071/2/2 1070/158/151
f 864/160/152 869/164/152 870/161/153
f 862/163/154 863/237/154 869/164/152
f 1023/165/78 1045/270/201 1044/166/155
f 1002/144/138 1000/28/26 1001/54/51
f 1054/159/151 1070/158/151 1069/168/156
f 933/50/47 929/313/515 927/40/38
f 927/40/183 934/423/183 935/170/183
f 935/170/157 939/9/7 941/171/158
f 941/171/158 982/12/10 933/50/47
f 933/50/47 927/40/38 935/170/157
f 1051/172/159 1067/242/159 1066/173/160
f 619/175/161 623/184/161 649/176/162
f 1199/178/163 1205/182/163 1204/179/164
f 876/181/165 882/199/165 883/182/166
f 618/183/166 622/255/166 623/184/161
f 752/185/167 760/210/167 759/186/164
f 1029/188/168 1046/220/188 1047/189/169
f 747/191/170 755/272/170 756/192/171
f 878/180/172 884/179/172 885/194/173
f 748/193/171 756/192/171 730/196/174
f 1202/198/175 1208/222/175 1206/199/176
f 750/200/176 758/226/176 757/201/175
f 1200/181/176 1206/199/176 1205/182/163
f 644/203/177 652/260/177 653/204/178
f 865/162/153 870/161/153 871/206/178
f 645/205/178 653/204/178 654/208/153
f 760/210/167 752/185/167 1197/195/167
f 1189/162/179 1195/161/179 1196/206/180
f 839/211/181 838/252/181 1224/212/181
f 875/198/182 881/222/162 882/199/165
f 735/252/183 733/424/183 732/425/183
f 732/425/183 731/426/183 730/427/183
f 730/427/183 756/428/183 755/429/183
f 755/429/183 754/430/183 757/431/183
f 757/431/183 758/432/183 761/433/183
f 761/433/183 759/434/183 760/435/183
f 761/433/183 760/435/183 1203/436/183
f 755/429/183 757/431/183 761/433/183
f 732/425/183 730/427/183 755/429/183
f 1242/216/183 735/252/183 732/425/183
f 620/437/183 614/212/183 851/215/183
f 622/438/183 621/439/183 620/437/183
f 649/440/183 623/441/183 622/438/183
f 651/442/183 650/443/183 649/440/183
f 653/444/183 652/445/183 651/442/183
f 655/446/183 654/447/183 653/444/183
f 863/448/183 656/449/183 655/446/183
f 863/448/183 655/446/183 653/444/183
f 653/444/183 651/442/183 649/440/183
f 649/440/183 622/438/183 620/437/183
f 1242/216/183 732/425/183 755/429/183
f 755/429/183 761/433/183 1203/436/183
f 1242/216/183 755/429/183 1203/436/183
f 649/440/183 620/437/183 851/215/183
f 863/448/183 653/444/183 649/440/183
f 863/448/183 649/440/183 851/215/183
f 1242/216/183 1203/436/183 1204/450/183
f 1242/216/183 1204/450/183 1205/451/183
f 869/452/183 863/448/183 851/215/183
f 870/453/183 869/452/183 851/215/183
f 1242/216/183 1205/451/183 1206/454/183
f 1242/216/183 1206/454/183 1208/455/183
f 871/456/183 870/453/183 851/215/183
f 872/457/183 871/456/183 851/215/183
f 1242/216/183 1208/455/183 1207/458/183
f 1242/216/183 1207/458/183 1210/459/183
f 873/460/183 872/457/183 851/215/183
f 880/461/183 873/460/183 851/215/183
f 1242/216/183 1210/459/183 1192/462/183
f 1242/216/183 1192/462/183 1196/463/183
f 881/464/183 880/461/183 851/215/183
f 882/465/183 881/464/183 851/215/183
f 1242/216/183 1196/463/183 1195/466/183
f 1242/216/183 1195/466/183 1193/467/183
f 883/468/183 882/465/183 851/215/183
f 884/469/183 883/468/183 851/215/183
f 1242/216/183 1193/467/183 1194/470/183
f 1242/216/183 1194/470/183 1191/320/183
f 885/471/183 884/469/183 851/215/183
f 1242/216/183 1191/320/183 887/214/183
f 887/214/183 885/471/183 851/215/183
f 641/177/162 649/176/162 650/217/184
f 1188/163/185 1194/237/516 1193/164/186
f 1006/219/187 1043/321/517 1046/220/188
f 1201/221/189 1207/256/189 1208/222/175
f 749/202/175 757/201/175 754/223/189
f 753/225/163 761/227/163 758/226/176
f 751/187/164 759/186/164 761/227/163
f 1020/96/93 1019/99/96 1021/115/112
f 647/228/152 655/261/152 656/229/154
f 613/231/190 614/472/202 620/473/518
f 620/473/518 616/262/173 615/322/519
f 729/232/191 728/266/185 733/265/200
f 613/231/190 620/473/518 615/322/519
f 729/232/191 733/265/200 735/474/520
f 613/231/190 615/322/519 729/232/191
f 729/232/191 735/474/520 734/233/192
f 1186/234/171 1192/253/198 1210/235/170
f 648/230/154 656/229/154 863/237/154
f 1200/475/183 1199/476/183 1198/477/183
f 1198/477/183 1197/478/183 752/479/183
f 1200/475/183 1198/477/183 752/479/183
f 1201/480/183 1202/481/183 1200/475/183
f 1186/482/183 1209/483/183 1201/480/183
f 1189/484/183 1190/485/183 1186/482/183
f 1188/486/183 1187/487/183 1189/484/183
f 886/488/183 1185/489/183 1188/486/183
f 878/490/183 879/491/521 886/488/183
f 876/492/183 877/493/183 878/490/183
f 874/494/183 875/495/522 876/492/183
f 867/496/183 868/497/183 874/494/183
f 865/498/183 866/499/183 867/496/183
f 862/500/183 864/501/183 865/498/183
f 648/502/183 862/500/183 865/498/183
f 865/498/183 867/496/183 874/494/183
f 874/494/183 876/492/183 878/490/183
f 878/490/183 886/488/183 1188/486/183
f 1188/486/183 1189/484/183 1186/482/183
f 1186/482/183 1201/480/183 1200/475/183
f 1186/482/183 1200/475/183 752/479/183
f 878/490/183 1188/486/183 1186/482/183
f 865/498/183 874/494/183 878/490/183
f 648/502/183 865/498/183 878/490/183
f 878/490/183 1186/482/183 752/479/183
f 878/490/183 752/479/183 751/503/183
f 648/502/183 878/490/183 751/503/183
f 648/502/183 751/503/183 753/504/183
f 647/505/183 648/502/183 753/504/183
f 647/505/183 753/504/183 750/506/183
f 646/507/183 647/505/183 750/506/183
f 646/507/183 750/506/183 749/508/183
f 645/509/183 646/507/183 749/508/183
f 645/509/183 749/508/183 746/510/183
f 644/511/183 645/509/183 746/510/183
f 644/511/183 746/510/183 747/512/183
f 643/513/183 644/511/183 747/512/183
f 643/513/183 747/512/183 748/514/183
f 642/515/183 643/513/183 748/514/183
f 642/515/183 748/514/183 725/516/183
f 641/517/183 642/515/183 725/516/183
f 641/517/183 725/516/183 726/518/183
f 619/519/183 641/517/183 726/518/183
f 619/519/183 726/518/183 727/323/183
f 618/520/183 619/519/183 727/323/183
f 728/238/183 729/521/183 615/522/183
f 618/520/183 727/323/183 728/238/183
f 617/240/183 618/520/183 728/238/183
f 728/238/183 615/522/183 616/239/183
f 963/21/19 954/23/21 971/145/139
f 922/62/59 921/123/120 955/71/68
f 999/56/53 994/26/24 1000/28/26
f 920/109/106 911/108/105 912/110/107
f 1052/241/193 1068/248/193 1067/242/159
f 1050/174/160 1066/173/160 1065/243/3
f 1059/244/194 1075/250/194 1073/245/45
f 1036/246/195 1048/6/4 1064/5/4
f 954/23/21 953/79/76 960/13/11
f 1053/169/156 1069/168/156 1068/248/193
f 1059/244/194 1058/324/196 1074/249/196
f 909/18/16 899/17/15 928/42/40
f 928/42/40 930/41/39 931/104/101
f 851/212/197 839/325/197 1225/251/197
f 1190/207/180 1196/206/180 1192/253/198
f 874/221/184 880/256/184 881/222/162
f 617/254/172 621/263/172 622/255/166
f 1209/236/170 1210/235/170 1207/256/189
f 890/257/183 1036/326/183 1062/212/183
f 643/259/199 651/269/199 652/260/177
f 1042/124/121 981/327/103 1018/167/92
f 646/209/153 654/208/153 655/261/152
f 1187/160/186 1193/164/186 1195/161/179
f 1198/180/164 1204/179/164 1203/194/167
f 867/234/177 872/253/177 873/235/199
f 616/262/173 620/473/518 621/263/172
f 727/264/186 732/273/186 733/265/200
f 725/197/174 730/196/174 731/267/179
f 642/218/184 650/217/184 651/269/199
f 1045/270/201 1023/165/78 1030/190/55
f 866/207/178 871/206/178 872/253/177
f 1028/33/31 1005/35/33 1006/271/187
f 1006/271/187 1029/315/168 1027/57/54
f 868/236/199 873/235/199 880/256/184
f 746/224/189 754/223/189 755/272/170
f 877/178/166 883/182/166 884/179/172
f 726/268/179 731/267/179 732/273/186
f 1074/212/197 1058/326/197 1043/329/197
f 1043/329/197 1006/523/197 1005/524/197
f 1005/524/197 1004/525/523 1001/274/197
f 1001/274/197 1000/526/197 995/328/197
f 995/328/197 993/527/197 992/275/197
f 992/275/197 945/528/524 940/529/197
f 940/529/197 937/530/525 936/276/197
f 936/276/197 1063/531/197 1074/212/197
f 1043/329/197 1005/524/197 1001/274/197
f 936/276/197 1074/212/197 1043/329/197
f 992/275/197 940/529/197 936/276/197
f 1001/274/197 995/328/197 992/275/197
f 936/276/197 1043/329/197 1001/274/197
f 1151/532/181 1236/533/181 1184/534/181
f 1151/532/181 1184/534/181 1180/332/181
f 1147/532/181 1151/532/181 1180/332/181
f 1177/535/181 861/536/181 828/537/181
f 1147/532/181 1180/332/181 1177/535/181
f 810/532/181 1147/532/181 1177/535/181
f 1177/535/181 828/537/181 824/538/181
f 1177/535/181 824/538/181 690/537/181
f 808/539/181 810/532/181 1177/535/181
f 790/540/181 808/539/181 1177/535/181
f 1177/535/181 690/537/181 688/541/181
f 790/540/181 1177/535/181 688/541/181
f 788/542/181 790/540/181 688/541/181
f 788/542/181 688/541/181 682/543/181
f 786/544/181 788/542/181 682/543/181
f 786/544/181 682/543/181 680/545/181
f 792/546/181 786/544/181 680/545/181
f 792/546/181 680/545/181 678/547/181
f 782/548/181 792/546/181 678/547/181
f 782/548/181 678/547/181 676/549/181
f 784/550/181 782/548/181 676/549/181
f 784/550/181 676/549/181 674/551/181
f 794/552/181 784/550/181 674/551/181
f 794/552/181 674/551/181 672/553/181
f 794/552/181 672/553/181 670/277/181
f 1241/233/181 1240/554/181 1238/555/181
f 859/556/181 849/557/181 613/231/181
f 857/558/181 859/556/181 613/231/181
f 734/233/181 1241/233/181 1238/555/181
f 734/233/181 1238/555/181 1153/559/181
f 826/560/181 857/558/181 613/231/181
f 822/561/181 826/560/181 613/231/181
f 734/233/181 1153/559/181 1149/562/181
f 734/233/181 1149/562/181 814/563/181
f 686/561/181 822/561/181 613/231/181
f 684/564/181 686/561/181 613/231/181
f 734/233/181 814/563/181 812/565/181
f 734/233/181 812/565/181 806/566/181
f 664/567/181 684/564/181 613/231/181
f 662/568/181 664/567/181 613/231/181
f 734/233/181 806/566/181 804/569/181
f 734/233/181 804/569/181 802/570/181
f 668/571/181 662/568/181 613/231/181
f 666/572/181 668/571/181 613/231/181
f 734/233/181 802/570/181 800/573/181
f 734/233/181 800/573/181 798/574/181
f 658/575/181 666/572/181 613/231/181
f 660/576/181 658/575/181 613/231/181
f 734/233/181 798/574/181 796/577/181
f 734/233/181 796/577/181 794/552/181
f 670/277/181 660/576/181 613/231/181
f 734/233/181 794/552/181 670/277/181
f 614/212/202 613/212/190 849/212/130
s 0
f 1060/212/203 815/212/203 849/212/203
f 849/212/203 859/212/203 858/212/203
f 849/212/203 858/212/203 853/212/203
f 1240/212/203 1241/212/203 1060/212/203
f 1239/212/203 1240/212/203 1060/212/203
f 1060/212/203 849/212/203 853/212/203
f 1060/212/203 853/212/203 855/212/203
f 1214/212/203 1239/212/203 1060/212/203
f 1171/212/203 1175/212/203 1212/212/203
f 1212/212/203 1214/212/203 1060/212/203
f 1060/212/203 855/212/203 1159/212/203
f 1171/212/203 1212/212/203 1060/212/203
s 1
f 840/287/212 841/286/211 1227/288/213
f 841/286/211 842/285/210 1228/290/215
f 842/285/210 843/284/209 1229/291/216
f 843/284/209 844/252/208 1230/212/217
f 844/252/208 845/252/207 1231/212/218
f 845/252/207 846/292/206 1232/212/219
f 846/292/206 848/293/205 1234/212/220
f 848/293/205 847/278/204 1233/212/221
f 1168/294/222 1167/294/225 1222/295/223
f 1167/294/225 1166/294/227 1221/297/226
f 1166/294/227 1165/294/229 1220/298/228
f 1165/294/229 1164/294/231 1219/299/230
f 1164/300/231 1163/300/233 1218/258/232
f 1163/300/233 1162/301/235 1217/258/234
f 1162/301/235 1161/300/237 1216/258/236
f 1161/300/237 1160/300/249 1215/258/238
f 837/252/239 836/252/240 1167/294/225
f 836/252/240 835/252/241 1166/294/227
f 835/252/241 834/252/242 1165/294/229
f 834/252/242 833/252/248 1164/294/231
s 0
f 833/302/243 832/303/243 1163/212/243
f 832/303/244 831/304/244 1162/212/244
f 831/304/245 830/305/245 1161/212/245
f 830/305/246 829/212/246 1160/212/246
s 1
f 847/278/204 837/252/239 1168/294/222
f 1168/294/222 1223/296/224 1233/212/221
f 838/306/203 840/287/203 1226/289/203
f 1225/578/247 1224/579/247 1226/580/214
f 1225/578/247 1226/580/214 1227/581/213
f 734/212/192 735/212/520 1242/582/247
f 1241/212/247 734/212/192 1242/582/247
f 1242/582/247 1225/578/247 1227/581/213
f 1242/582/247 1227/581/213 1228/583/215
f 1074/584/247 1063/585/247 1060/212/247
f 1073/586/247 1075/587/526 1074/584/247
f 1071/588/247 1072/589/247 1073/586/247
f 1069/590/247 1070/591/247 1071/588/247
f 1067/592/247 1068/593/527 1069/590/247
f 1065/594/247 1066/595/247 1067/592/247
f 1062/596/247 1064/597/526 1065/594/247
f 1062/596/247 1065/594/247 1067/592/247
f 1067/592/247 1069/590/247 1071/588/247
f 1071/588/247 1073/586/247 1074/584/247
f 1242/582/247 1228/583/215 1229/598/216
f 1242/582/247 1229/598/216 1230/599/217
f 1067/592/247 1071/588/247 1074/584/247
f 1062/596/247 1067/592/247 1074/584/247
f 1242/582/247 1230/599/217 1231/600/218
f 1242/582/247 1231/600/218 1232/601/219
f 1062/596/247 1074/584/247 1060/212/247
f 1061/602/528 1062/596/247 1060/212/247
f 1242/582/247 1232/601/219 1234/603/220
f 1242/582/247 1234/603/220 1233/604/221
f 1061/602/528 1060/212/247 1241/212/247
f 1215/605/238 1061/602/528 1241/212/247
f 1241/212/247 1242/582/247 1233/604/221
f 1241/212/247 1233/604/221 1223/296/224
f 1216/606/236 1215/605/238 1241/212/247
f 1217/607/234 1216/606/236 1241/212/247
f 1241/212/247 1223/296/224 1222/295/223
f 1241/212/247 1222/295/223 1221/297/226
f 1218/608/232 1217/607/234 1241/212/247
f 1219/299/230 1218/608/232 1241/212/247
f 1241/212/247 1221/297/226 1220/298/228
f 850/310/130 840/334/212 838/308/130
f 838/308/130 839/333/130 851/309/130
f 849/212/130 815/212/130 816/212/130
f 849/212/130 816/212/130 829/212/130
f 850/280/130 851/212/130 849/212/130
f 837/609/239 847/278/204 850/280/130
f 836/610/240 837/609/239 850/280/130
f 849/212/130 829/212/130 830/305/130
f 849/212/130 830/305/130 831/304/130
f 836/610/240 850/280/130 849/212/130
f 835/611/241 836/610/240 849/212/130
f 849/212/130 831/304/130 832/303/130
f 849/212/130 832/303/130 833/302/248
f 834/311/242 835/611/241 849/212/130
s 0
f 816/212/197 888/212/197 1160/212/197
s 1
f 1160/300/249 888/301/197 889/612/197
f 890/257/197 1061/258/528 1215/258/238
f 1160/300/249 889/612/197 890/257/197
f 579/1/250 578/3/251 607/2/251
f 575/4/252 572/6/253 601/5/253
f 935/170/157 567/9/287 564/119/254
f 564/119/254 568/8/299 570/51/255
f 570/51/255 936/7/5 935/170/157
f 536/12/258 531/36/283 532/11/256
f 532/11/256 537/43/292 542/10/257
f 542/10/257 562/171/288 536/12/258
f 503/13/259 505/15/284 504/14/260
f 451/16/262 452/18/351 463/17/263
f 462/19/264 463/17/263 465/20/265
f 492/22/267 490/24/270 471/21/268
f 490/24/270 492/22/267 495/25/271
f 547/30/277 543/44/367 540/32/278
f 540/32/278 548/314/305 565/31/279
f 565/31/279 566/53/301 547/30/277
f 551/34/280 550/55/302 529/33/281
f 531/36/283 504/14/260 505/15/284
f 505/15/284 533/38/324 534/37/285
f 534/37/285 532/11/256 531/36/283
f 562/171/288 542/10/257 563/39/286
f 563/39/286 564/119/254 567/9/287
f 561/42/290 556/41/297 560/313/289
f 560/313/289 927/40/38 892/94/91
f 537/43/292 535/93/338 539/45/291
f 539/45/291 543/44/367 542/10/257
f 495/25/271 492/22/267 498/46/293
f 580/47/295 579/1/250 608/48/250
f 559/50/296 497/49/298 506/312/261
f 506/312/261 504/14/260 531/36/283
f 531/36/283 536/12/258 559/50/296
f 559/50/296 560/313/289 556/41/297
f 548/314/305 540/32/278 541/56/304
f 541/56/304 544/26/273 546/29/276
f 527/57/306 521/59/327 525/58/307
f 446/60/309 444/62/366 453/61/310
f 475/64/312 476/126/371 483/63/313
f 475/64/312 482/65/314 489/66/315
f 482/65/314 485/68/342 486/67/317
f 489/66/315 486/67/317 480/69/318
f 501/71/320 499/72/390 490/24/270
f 480/69/318 507/89/334 509/73/321
f 461/75/323 464/77/266 893/76/73
f 533/38/324 509/73/321 510/78/325
f 506/312/261 497/49/298 498/46/293
f 498/46/293 493/79/394 503/13/259
f 558/104/326 496/80/294 498/46/293
f 498/46/293 497/49/298 556/41/297
f 521/59/327 519/96/340 522/81/328
f 457/83/329 466/85/332 468/82/330
f 466/85/332 467/87/348 901/86/83
f 507/89/334 515/100/345 516/88/335
f 508/90/336 512/103/350 511/91/337
f 535/93/338 511/91/337 538/92/339
f 465/20/265 463/17/263 561/42/290
f 561/42/290 892/94/91 894/111/108
f 519/96/340 513/97/343 517/95/341
f 485/68/342 487/120/364 513/97/343
f 515/100/345 514/98/344 518/99/346
f 450/101/347 461/75/323 467/87/348
f 512/103/350 524/137/362 538/92/339
f 451/16/262 557/105/356 558/104/326
f 513/97/343 487/120/364 488/106/352
f 521/59/327 527/57/306 526/107/353
f 467/87/348 466/85/332 457/83/329
f 459/102/349 456/109/409 449/108/355
f 557/105/356 451/16/262 449/108/355
f 464/77/266 465/20/265 894/111/108
f 542/10/257 543/44/367 547/30/277
f 470/113/358 902/128/125 1031/112/109
f 526/107/353 527/57/306 529/33/281
f 516/88/335 518/99/346 520/115/354
f 512/103/350 523/117/360 528/116/361
f 448/110/357 494/118/272 495/25/271
f 564/119/254 563/39/286 547/30/277
f 547/30/277 566/53/301 569/52/300
f 569/52/300 568/8/299 564/119/254
f 453/61/310 457/83/329 458/84/331
f 445/123/365 456/109/409 453/61/310
f 448/110/357 445/123/365 501/71/320
f 509/73/321 507/89/334 508/90/336
f 539/45/291 538/92/339 540/32/278
f 592/124/369 488/327/352 487/120/364
f 487/120/364 484/121/363 591/125/368
f 466/85/332 900/316/333 902/128/125
f 453/61/310 456/109/409 459/102/349
f 461/75/323 450/101/347 462/19/264
f 557/105/356 495/25/271 496/80/294
f 532/11/256 534/37/285 535/93/338
f 590/130/374 474/389/375 473/129/372
f 473/129/372 502/143/382 593/131/373
f 889/400/130 441/399/130 583/317/130
f 583/317/130 572/398/130 575/397/130
f 575/397/130 573/396/130 574/395/130
f 574/395/130 571/394/130 576/133/130
f 576/133/130 577/393/130 578/392/130
f 578/392/130 579/391/130 580/390/130
f 580/390/130 581/406/130 582/405/130
f 582/405/130 598/408/130 597/407/130
f 582/405/130 597/407/130 596/409/130
f 578/392/130 580/390/130 582/405/130
f 574/395/130 576/133/130 578/392/130
f 583/317/130 575/397/130 574/395/130
f 1031/401/130 889/400/130 583/317/130
f 588/402/130 1031/401/130 583/317/130
f 583/317/130 574/395/130 578/392/130
f 578/392/130 582/405/130 596/409/130
f 578/392/130 596/409/130 595/411/130
f 587/403/130 588/402/130 583/317/130
f 586/404/130 587/403/130 583/317/130
f 578/392/130 595/411/130 594/414/130
f 578/392/130 594/414/130 592/415/130
f 585/410/130 586/404/130 583/317/130
f 584/412/130 585/410/130 583/317/130
f 583/317/130 578/392/130 592/415/130
f 583/317/130 592/415/130 591/135/130
f 593/413/130 584/412/130 583/317/130
f 590/318/130 593/413/130 583/317/130
f 583/317/130 591/135/130 589/134/130
f 500/136/376 499/72/390 501/71/320
f 528/116/361 549/144/383 541/56/304
f 374/163/404 368/237/185 365/140/529
f 268/139/378 261/194/173 267/195/403
f 374/163/404 365/140/529 268/139/378
f 371/138/379 374/163/404 268/139/378
f 268/139/378 267/195/403 269/319/134
f 534/37/285 510/78/325 511/91/337
f 591/125/368 484/416/363 483/63/313
f 483/63/313 472/127/370 589/141/380
f 500/136/376 442/150/377 443/142/381
f 526/107/353 550/55/302 549/144/383
f 516/88/335 523/117/360 512/103/350
f 479/145/384 478/70/319 480/69/318
f 481/74/322 509/73/321 533/38/324
f 587/146/385 469/417/393 468/82/330
f 468/82/330 470/157/358 588/114/359
f 473/129/372 476/126/371 475/64/312
f 523/117/360 520/115/354 526/107/353
f 467/87/348 461/75/323 891/148/142
f 524/137/362 541/56/304 540/32/278
f 589/141/380 472/418/370 476/126/371
f 476/126/371 474/132/375 590/130/374
f 444/62/366 446/60/309 443/142/381
f 485/68/342 514/98/344 515/100/345
f 486/67/317 515/100/345 507/89/334
f 586/151/388 460/419/389 458/84/331
f 458/84/331 469/156/393 587/146/385
f 487/120/364 485/68/342 482/65/314
f 499/72/390 500/136/376 475/64/312
f 584/154/392 447/420/386 446/60/309
f 446/60/309 455/149/387 585/155/391
f 513/97/343 519/96/340 518/99/346
f 585/155/391 455/421/387 454/122/311
f 454/122/311 460/152/389 586/151/388
f 593/131/373 502/422/382 443/142/381
f 443/142/381 447/147/386 584/154/392
f 498/46/293 492/22/267 491/23/269
f 477/153/316 489/66/315 478/70/319
f 479/145/384 481/74/322 505/15/284
f 451/16/262 462/19/264 450/101/347
f 490/24/270 499/72/390 477/153/316
f 578/3/251 577/159/395 606/158/395
f 247/161/153 246/164/152 251/160/152
f 246/164/152 244/237/154 245/163/154
f 522/165/328 517/167/341 594/166/396
f 549/144/383 550/55/302 552/54/303
f 577/159/395 576/169/398 605/168/398
f 927/40/38 560/313/289 559/50/296
f 559/50/296 536/12/258 562/171/288
f 562/171/288 567/9/287 935/170/157
f 927/40/38 559/50/296 562/171/288
f 574/172/399 573/174/400 602/173/400
f 12/176/162 7/184/161 11/175/161
f 378/179/164 379/182/163 385/178/163
f 259/182/166 258/199/165 264/181/165
f 7/184/161 6/255/166 10/183/166
f 133/186/164 134/210/167 142/185/167
f 530/188/308 525/190/307 596/189/401
f 130/192/171 129/272/170 137/191/170
f 261/194/173 260/179/172 266/180/172
f 95/196/174 130/192/171 138/193/171
f 380/199/176 382/222/175 388/198/175
f 131/201/175 132/226/176 140/200/176
f 379/182/163 380/199/176 386/181/176
f 16/204/178 15/260/177 23/203/177
f 248/206/178 247/161/153 252/162/153
f 17/208/153 16/204/178 24/205/178
f 134/210/167 377/194/167 383/195/167
f 370/206/180 369/161/179 375/162/179
f 237/211/183 440/213/183 439/212/183
f 258/199/165 257/222/162 263/198/182
f 216/215/181 1/212/181 4/437/181
f 4/437/181 5/439/181 6/438/181
f 6/438/181 7/441/181 12/440/181
f 12/440/181 13/443/181 14/442/181
f 14/442/181 15/445/181 16/444/181
f 16/444/181 17/447/181 18/446/181
f 18/446/181 19/449/181 244/448/181
f 16/444/181 18/446/181 244/448/181
f 12/440/181 14/442/181 16/444/181
f 4/437/181 6/438/181 12/440/181
f 98/424/181 122/252/181 416/216/181
f 96/426/181 97/425/181 98/424/181
f 130/428/181 95/427/181 96/426/181
f 128/430/181 129/429/181 130/428/181
f 132/432/181 131/431/181 128/430/181
f 133/434/181 135/433/181 132/432/181
f 377/436/181 134/435/181 133/434/181
f 377/436/181 133/434/181 132/432/181
f 132/432/181 128/430/181 130/428/181
f 130/428/181 96/426/181 98/424/181
f 216/215/181 4/437/181 12/440/181
f 12/440/181 16/444/181 244/448/181
f 216/215/181 12/440/181 244/448/181
f 130/428/181 98/424/181 416/216/181
f 377/436/181 132/432/181 130/428/181
f 377/436/181 130/428/181 416/216/181
f 216/215/181 244/448/181 246/452/181
f 216/215/181 246/452/181 247/453/181
f 378/450/181 377/436/181 416/216/181
f 379/451/181 378/450/181 416/216/181
f 216/215/181 247/453/181 248/456/181
f 216/215/181 248/456/181 249/457/181
f 380/454/181 379/451/181 416/216/181
f 382/455/181 380/454/181 416/216/181
f 216/215/181 249/457/181 250/460/181
f 216/215/181 250/460/181 256/461/181
f 381/458/181 382/455/181 416/216/181
f 389/459/181 381/458/181 416/216/181
f 216/215/181 256/461/181 257/464/181
f 216/215/181 257/464/181 258/465/181
f 366/462/181 389/459/181 416/216/181
f 370/463/181 366/462/181 416/216/181
f 216/215/181 258/465/181 259/468/181
f 216/215/181 259/468/181 260/469/181
f 369/466/181 370/463/181 416/216/181
f 367/467/181 369/466/181 416/216/181
f 216/215/181 260/469/181 261/471/181
f 216/215/181 261/471/181 268/214/181
f 368/470/181 367/467/181 416/216/181
f 216/215/181 268/214/181 365/320/181
f 365/320/181 368/470/181 416/216/181
f 13/217/184 12/176/162 20/177/162
f 367/164/186 368/237/185 374/163/404
f 555/219/405 530/188/308 597/220/402
f 382/222/175 381/256/189 387/221/189
f 128/223/189 131/201/175 139/202/175
f 132/226/176 135/227/163 143/225/163
f 135/227/163 133/186/164 141/187/164
f 519/96/340 521/59/327 520/115/354
f 19/229/154 18/261/152 26/228/152
f 122/474/530 98/265/414 102/266/415
f 122/474/530 102/266/415 103/232/531
f 4/473/532 1/472/202 2/231/408
f 3/322/407 8/262/173 4/473/532
f 123/233/192 122/474/530 103/232/531
f 3/322/407 4/473/532 2/231/408
f 123/233/192 103/232/531 3/322/407
f 389/235/170 366/253/198 372/234/171
f 27/230/154 245/163/154 244/237/154
f 375/484/181 373/487/181 374/486/181
f 374/486/181 371/489/181 269/488/181
f 269/488/181 267/491/533 266/490/181
f 266/490/181 265/493/181 264/492/181
f 264/492/181 263/495/181 262/494/181
f 262/494/181 255/497/181 254/496/181
f 254/496/181 253/499/181 252/498/181
f 252/498/181 251/501/181 245/500/181
f 252/498/181 245/500/181 27/502/181
f 262/494/181 254/496/181 252/498/181
f 266/490/181 264/492/181 262/494/181
f 374/486/181 269/488/181 266/490/181
f 376/485/181 375/484/181 374/486/181
f 390/483/181 372/482/534 376/485/181
f 388/481/181 387/480/181 390/483/181
f 385/476/181 386/475/181 388/481/181
f 383/478/181 384/477/181 385/476/181
f 142/479/181 383/478/181 385/476/181
f 385/476/181 388/481/181 390/483/181
f 390/483/181 376/485/181 374/486/181
f 374/486/181 266/490/181 262/494/181
f 262/494/181 252/498/181 27/502/181
f 374/486/181 262/494/181 27/502/181
f 385/476/181 390/483/181 374/486/181
f 142/479/181 385/476/181 374/486/181
f 374/486/181 27/502/181 26/505/181
f 374/486/181 26/505/181 25/507/181
f 142/479/181 374/486/181 25/507/181
f 142/479/181 25/507/181 24/509/181
f 141/503/181 142/479/181 24/509/181
f 141/503/181 24/509/181 23/511/181
f 143/504/181 141/503/181 23/511/181
f 143/504/181 23/511/181 22/513/181
f 140/506/181 143/504/181 22/513/181
f 140/506/181 22/513/181 21/515/181
f 139/508/181 140/506/181 21/515/181
f 139/508/181 21/515/181 20/517/181
f 136/510/181 139/508/181 20/517/181
f 136/510/181 20/517/181 11/519/181
f 137/512/181 136/510/181 11/519/181
f 137/512/181 11/519/181 10/520/181
f 138/514/181 137/512/181 10/520/181
f 138/514/181 10/520/181 9/240/181
f 99/516/181 138/514/181 9/240/181
f 8/239/181 3/522/181 103/521/181
f 99/516/181 9/240/181 8/239/181
f 100/518/181 99/516/181 8/239/181
f 8/239/181 103/521/181 102/238/181
f 101/323/181 100/518/181 8/239/181
f 471/21/268 478/70/319 479/145/384
f 501/71/320 445/123/365 444/62/366
f 541/56/304 549/144/383 553/28/274
f 448/110/357 449/108/355 456/109/409
f 571/241/410 574/172/399 603/242/399
f 573/174/400 575/4/252 604/243/252
f 581/244/411 580/47/295 609/245/295
f 583/246/412 612/247/412 601/5/253
f 491/23/269 479/145/384 503/13/259
f 576/169/398 571/241/410 600/248/410
f 581/244/411 610/250/411 611/249/413
f 463/17/263 452/18/351 558/104/326
f 558/104/326 556/41/297 561/42/290
f 216/212/197 416/252/197 440/251/197
f 366/253/198 370/206/180 376/207/180
f 257/222/162 256/256/184 262/221/184
f 6/255/166 5/263/172 9/254/172
f 381/256/189 389/235/170 390/236/170
f 441/257/181 599/258/181 612/212/181
f 15/260/177 14/269/199 22/259/199
f 592/124/369 594/166/396 517/167/341
f 18/261/152 17/208/153 25/209/153
f 369/161/179 367/164/186 373/160/186
f 377/194/167 378/179/164 384/180/164
f 250/235/199 249/253/177 254/234/177
f 5/263/172 4/473/532 8/262/173
f 98/265/414 97/273/186 101/264/186
f 96/267/179 95/196/174 99/197/174
f 14/269/199 13/217/184 21/218/184
f 595/270/397 596/189/401 525/190/307
f 249/253/177 248/206/178 253/207/178
f 554/35/282 529/33/281 527/57/306
f 527/57/306 530/315/308 555/271/405
f 256/256/184 250/235/199 255/236/199
f 129/272/170 128/223/189 136/224/189
f 260/179/172 259/182/166 265/178/166
f 97/273/186 96/267/179 100/268/179
f 569/529/197 565/528/525 548/275/197
f 548/275/197 546/527/197 545/328/197
f 545/328/197 553/526/197 552/274/197
f 552/274/197 551/525/523 554/524/197
f 554/524/197 555/523/197 598/329/197
f 598/329/197 582/326/197 611/212/197
f 611/212/197 1063/531/197 936/276/197
f 936/276/197 570/530/525 569/529/197
f 569/529/197 548/275/197 545/328/197
f 545/328/197 552/274/197 554/524/197
f 598/329/197 611/212/197 936/276/197
f 545/328/197 554/524/197 598/329/197
f 936/276/197 569/529/197 545/328/197
f 411/555/183 413/554/183 415/233/183
f 2/231/183 215/557/183 240/613/183
f 2/231/183 240/613/183 238/614/183
f 411/555/183 415/233/183 123/233/183
f 342/555/183 411/555/183 123/233/183
f 2/231/183 238/614/183 207/615/183
f 2/231/183 207/615/183 203/613/183
f 338/616/183 342/555/183 123/233/183
f 184/563/183 338/616/183 123/233/183
f 2/231/183 203/613/183 56/561/183
f 2/231/183 56/561/183 54/617/183
f 182/618/183 184/563/183 123/233/183
f 176/619/183 182/618/183 123/233/183
f 2/231/183 54/617/183 34/620/183
f 2/231/183 34/620/183 32/621/183
f 174/622/183 176/619/183 123/233/183
f 172/570/183 174/622/183 123/233/183
f 2/231/183 32/621/183 38/623/183
f 2/231/183 38/623/183 36/624/183
f 170/625/183 172/570/183 123/233/183
f 168/626/183 170/625/183 123/233/183
f 2/231/183 36/624/183 28/627/183
f 2/231/183 28/627/183 30/628/183
f 166/629/183 168/626/183 123/233/183
f 164/630/521 166/629/183 123/233/183
f 2/231/183 30/628/183 40/631/183
f 123/233/183 2/231/183 40/631/183
f 154/632/183 164/630/521 123/233/183
f 154/632/183 123/233/183 40/631/183
f 154/632/183 40/631/183 42/633/522
f 152/634/183 154/632/183 42/633/522
f 152/634/183 42/633/522 44/635/183
f 162/636/183 152/634/183 44/635/183
f 162/636/183 44/635/183 46/637/183
f 156/638/183 162/636/183 46/637/183
f 156/638/183 46/637/183 48/639/183
f 158/640/183 156/638/183 48/639/183
f 158/640/183 48/639/183 50/641/183
f 160/642/183 158/640/183 50/641/183
f 160/642/183 50/641/183 52/643/183
f 178/644/183 160/642/183 52/643/183
f 178/644/183 52/643/183 58/645/183
f 180/646/183 178/644/183 58/645/183
f 180/646/183 58/645/183 60/647/183
f 336/648/183 180/646/183 60/647/183
f 336/648/183 60/647/183 205/649/183
f 363/650/183 409/651/183 340/330/183
f 340/330/183 336/648/183 205/649/183
f 209/331/183 242/537/183 356/652/183
f 340/330/183 205/649/183 209/331/183
f 359/332/183 363/650/183 340/330/183
f 209/331/183 356/652/183 359/332/183
f 1/212/202 216/212/130 215/212/130
s 0
f 1060/212/203 415/212/203 413/212/203
f 1060/212/203 413/212/203 414/212/203
f 215/212/203 815/212/203 1060/212/203
f 241/212/203 240/212/203 215/212/203
f 271/212/203 241/212/203 215/212/203
f 1060/212/203 414/212/203 420/212/203
f 1060/212/203 420/212/203 418/212/203
f 271/212/203 215/212/203 1060/212/203
f 273/212/203 271/212/203 1060/212/203
f 1060/212/203 418/212/203 408/212/203
f 408/212/203 404/212/203 401/212/203
f 401/212/203 273/212/203 1060/212/203
s 1
f 235/287/424 438/289/535 437/288/425
f 234/286/423 437/288/425 436/290/426
f 233/285/422 436/290/426 435/291/427
f 232/284/421 435/291/427 434/212/428
f 231/252/420 434/212/428 433/212/429
f 230/252/419 433/212/429 432/212/430
f 229/292/418 432/212/430 431/212/431
f 228/293/416 431/212/431 430/212/432
f 392/294/433 422/296/459 421/295/434
f 391/294/435 421/295/434 427/297/436
f 397/294/437 427/297/436 426/298/438
f 396/294/439 426/298/438 423/299/440
f 393/300/441 423/258/440 424/258/442
f 394/300/443 424/258/442 425/258/444
f 395/301/445 425/258/444 428/258/446
f 398/300/447 428/258/446 429/258/448
f 219/252/450 392/294/433 391/294/435
f 218/252/451 391/294/435 397/294/437
f 224/252/452 397/294/437 396/294/439
f 223/252/453 396/294/439 393/294/441
s 0
f 220/302/455 393/212/455 394/212/455
f 221/303/456 394/212/456 395/212/456
f 222/304/457 395/212/457 398/212/457
f 225/305/458 398/212/458 399/212/458
s 1
f 392/294/433 219/252/450 227/278/417
f 227/278/417 430/212/432 422/296/459
f 236/306/203 439/307/203 438/289/203
f 1063/585/247 611/584/247 610/587/247
f 610/587/247 609/586/247 608/589/247
f 608/589/247 607/588/526 606/591/247
f 606/591/247 605/590/247 600/593/247
f 600/593/247 603/592/526 602/595/247
f 602/595/247 604/594/247 601/597/247
f 602/595/247 601/597/247 612/596/247
f 606/591/247 600/593/247 602/595/247
f 610/587/247 608/589/247 606/591/247
f 122/212/530 123/212/192 415/212/247
f 439/579/247 440/578/247 416/582/247
f 438/580/535 439/579/247 416/582/247
f 416/582/247 122/212/530 415/212/247
f 1063/585/247 610/587/247 606/591/247
f 606/591/247 602/595/247 612/596/247
f 1063/585/247 606/591/247 612/596/247
f 437/581/425 438/580/535 416/582/247
f 436/583/426 437/581/425 416/582/247
f 1060/212/247 1063/585/247 612/596/247
f 1060/212/247 612/596/247 599/602/528
f 435/598/427 436/583/426 416/582/247
f 434/599/428 435/598/427 416/582/247
f 415/212/247 1060/212/247 599/602/528
f 415/212/247 599/602/528 429/605/448
f 433/600/429 434/599/428 416/582/247
f 432/601/430 433/600/429 416/582/247
f 415/212/247 429/605/448 428/606/446
f 415/212/247 428/606/446 425/607/444
f 431/603/431 432/601/430 416/582/247
f 430/604/432 431/603/431 416/582/247
f 415/212/247 425/607/444 424/608/442
f 415/212/247 424/608/442 423/299/440
f 430/604/432 416/582/247 415/212/247
f 422/296/459 430/604/432 415/212/247
f 415/212/247 423/299/440 426/298/438
f 415/212/247 426/298/438 427/297/436
f 421/295/434 422/296/459 415/212/247
f 217/310/130 216/309/130 237/333/130
f 237/333/130 236/308/130 235/334/424
f 215/212/130 216/212/130 217/280/130
f 217/280/130 227/278/417 219/609/450
f 217/280/130 219/609/450 218/610/451
f 816/212/130 815/212/130 215/212/130
f 226/212/130 816/212/130 215/212/130
f 215/212/130 217/280/130 218/610/451
f 215/212/130 218/610/451 224/611/452
f 225/305/130 226/212/130 215/212/130
f 222/304/130 225/305/130 215/212/130
f 215/212/130 224/611/452 223/311/453
f 215/212/130 223/311/453 220/302/454
f 221/303/130 222/304/130 215/212/130
s 0
f 816/212/197 226/212/197 399/212/197
s 1
f 888/301/197 399/300/449 429/258/448
f 429/258/448 599/258/528 441/257/197
f 441/257/197 889/612/197 888/301/197
s 0
f 853/335/181 852/342/181 854/336/181
f 855/338/181 854/336/181 1158/339/181
f 820/341/181 854/336/181 852/342/181
f 827/212/247 860/212/247 854/212/247
f 1158/212/203 854/212/203 860/212/203
f 1170/212/203 1158/212/203 1176/212/203
f 1159/340/181 1158/339/181 1170/343/181
f 1179/212/203 1183/212/203 1174/212/203
f 1170/343/181 1174/358/181 1175/345/181
f 1179/212/203 1180/212/203 1184/212/203
f 1176/212/203 1177/212/203 1180/212/203
f 860/212/203 861/212/203 1177/212/203
f 1183/212/203 1184/212/203 1236/212/203
f 1151/212/130 1150/212/130 1235/212/130
f 1183/212/203 1235/212/203 1211/212/203
f 1235/212/536 1150/212/536 1154/212/536
f 1235/212/537 1154/212/537 1142/212/537
f 1211/212/537 1235/212/537 1142/212/537
f 1121/212/183 1154/212/183 1150/212/183
f 1146/346/183 1109/212/183 1110/212/183
f 1147/346/130 1146/346/130 1150/347/130
f 1138/212/203 1078/212/203 1109/212/203
f 778/348/130 1138/348/130 1146/346/130
f 810/346/130 809/346/130 1146/346/130
f 809/346/460 810/346/460 808/346/460
f 790/346/461 789/346/461 807/346/461
f 788/346/462 787/346/462 789/346/462
f 789/346/461 768/348/461 777/348/461
f 768/348/462 789/346/462 787/346/462
f 767/348/463 787/346/463 785/346/463
f 787/346/463 788/346/463 786/346/463
f 766/348/464 785/346/464 791/346/464
f 786/346/464 792/346/464 791/346/464
f 791/346/465 792/346/465 782/346/465
f 781/346/466 782/346/466 784/346/466
f 769/348/465 791/346/465 781/346/465
f 764/348/466 781/346/466 783/346/466
f 765/348/467 783/346/467 793/346/467
f 783/346/467 784/346/467 794/346/467
f 770/348/468 793/346/468 795/346/468
f 793/346/468 794/346/468 796/346/468
f 795/346/469 796/346/469 798/346/469
f 797/346/470 798/346/470 800/346/470
f 799/346/471 800/346/471 802/346/471
f 772/348/470 797/346/470 799/346/470
f 773/348/471 799/346/471 801/346/471
f 774/348/472 801/346/472 803/346/472
f 803/346/472 801/346/472 802/346/472
f 775/348/473 803/346/473 805/346/473
f 805/346/473 803/346/473 804/346/473
f 805/346/474 806/346/474 812/346/474
f 811/346/475 812/346/475 814/346/475
f 776/348/474 805/346/474 811/346/474
f 779/348/475 811/346/475 813/346/475
f 780/348/247 813/346/247 1148/346/247
f 813/346/247 814/346/247 1149/346/247
f 1148/346/247 1149/346/247 1153/349/247
f 1139/348/247 1148/346/247 1152/349/247
f 1140/351/181 1138/348/181 1139/348/181
f 1138/348/181 778/348/181 777/348/181
f 777/348/181 768/348/181 767/348/181
f 767/348/181 766/348/181 769/348/181
f 769/348/181 764/348/181 765/348/181
f 765/348/181 770/348/181 771/348/181
f 771/348/181 772/348/181 773/348/181
f 773/348/181 774/348/181 775/348/181
f 775/348/181 776/348/181 779/348/181
f 779/348/181 780/348/181 1139/348/181
f 1139/348/181 1138/348/181 777/348/181
f 777/348/181 767/348/181 769/348/181
f 769/348/181 765/348/181 771/348/181
f 771/348/181 773/348/181 775/348/181
f 775/348/181 779/348/181 1139/348/181
f 1139/348/181 777/348/181 769/348/181
f 769/348/181 771/348/181 775/348/181
f 1141/350/247 1152/349/247 1237/352/247
f 1141/351/181 1213/354/181 1211/354/181
f 1212/355/181 1211/354/181 1213/354/181
f 1214/356/247 1213/353/247 1237/352/247
f 1238/352/247 1240/357/247 1239/357/247
f 1152/349/247 1153/349/247 1238/352/247
f 1174/358/181 1211/354/181 1212/355/181
f 1079/212/181 1078/212/181 1138/348/181
f 1090/212/181 1079/212/181 1140/212/181
f 1091/212/181 1090/212/181 1142/212/181
f 1143/212/476 1142/212/476 1154/212/476
f 1092/212/181 1091/212/181 1143/212/181
f 1156/212/477 1144/212/477 1143/212/477
f 1122/212/183 1155/212/183 1154/212/183
f 1123/212/183 1156/212/183 1155/212/183
f 1156/212/183 1123/212/183 1124/212/183
f 1145/212/478 1144/212/478 1156/212/478
f 1157/212/183 1124/212/183 1132/212/183
f 1105/212/479 1145/212/479 1157/212/479
f 1101/212/181 1093/212/181 1145/212/181
f 1093/212/181 1092/212/181 1144/212/181
f 1103/212/181 1101/212/181 1105/212/181
f 1106/212/480 1105/212/480 1136/212/480
f 1102/212/181 1103/212/181 1106/212/181
f 1104/212/481 1106/212/481 1137/212/481
f 1137/212/183 1134/212/183 1133/212/183
f 1136/212/183 1132/212/183 1134/212/183
f 1135/212/183 1133/212/183 1130/212/183
f 1173/212/482 1104/212/482 1135/212/482
f 1182/212/183 1130/212/183 1129/212/183
f 1172/212/483 1173/212/483 1182/212/483
f 1098/212/181 1099/212/181 1173/212/181
f 1099/212/181 1102/212/181 1104/212/181
f 1097/212/181 1098/212/181 1172/212/181
f 1178/212/484 1169/212/484 1172/212/484
f 1169/212/181 1100/212/181 1096/212/181
f 1100/212/485 1169/212/485 1178/212/485
f 1127/212/183 1131/212/183 1178/212/183
f 1181/212/183 1129/212/183 1128/212/183
f 1126/212/183 1120/212/183 1131/212/183
f 1089/212/486 1100/212/486 1131/212/486
f 1125/212/183 1119/212/183 1120/212/183
f 1088/212/487 1089/212/487 1120/212/487
f 1089/212/181 1088/212/181 1094/212/181
f 1100/212/181 1089/212/181 1095/212/181
f 1086/212/181 1094/212/181 1088/212/181
f 1087/212/488 1088/212/488 1119/212/488
f 1087/212/181 1083/212/181 1085/212/181
f 1083/212/489 1087/212/489 1118/212/489
f 1116/212/183 1114/212/183 1118/212/183
f 1119/212/183 1125/212/183 1117/212/183
f 1115/212/183 1113/212/183 1114/212/183
f 1082/212/490 1083/212/490 1114/212/490
f 1112/212/183 1111/212/183 1113/212/183
f 1080/212/491 1082/212/491 1113/212/491
f 1082/212/181 1080/212/181 1081/212/181
f 1083/212/181 1082/212/181 1084/212/181
f 1076/212/181 1077/212/181 1081/212/181
f 1076/212/492 1080/212/492 1111/212/492
f 740/212/130 1076/212/130 1107/212/130
f 741/212/181 1077/212/181 1076/212/181
f 763/212/183 762/212/183 1107/212/183
f 1112/212/183 1108/212/183 1107/212/183
f 1108/212/247 1077/212/247 741/212/247
f 1081/212/493 1077/212/493 1108/212/493
f 1084/212/475 1081/212/475 1112/212/475
f 745/359/247 763/212/247 741/212/247
f 745/359/183 722/365/183 762/212/183
f 740/212/181 705/365/181 739/359/181
f 739/359/494 738/360/494 744/360/494
f 739/359/181 705/365/181 696/361/181
f 696/361/181 698/368/181 707/369/181
f 696/361/181 707/369/181 701/371/181
f 738/360/181 739/359/181 696/361/181
f 737/372/181 738/360/181 696/361/181
f 696/361/181 701/371/181 704/370/181
f 696/361/181 704/370/181 706/362/181
f 736/363/181 737/372/181 696/361/181
f 703/364/197 705/365/197 722/365/197
f 703/364/181 702/379/181 700/373/181
f 700/373/181 699/378/181 695/376/181
f 700/373/181 695/376/181 694/366/181
f 705/365/181 703/364/181 700/373/181
f 691/212/181 696/361/181 705/365/181
f 692/375/181 691/212/181 705/365/181
f 705/365/181 700/373/181 694/366/181
f 693/367/181 692/375/181 705/365/181
f 705/365/130 740/212/130 762/212/130
f 696/361/181 691/212/181 697/212/181
f 715/368/495 698/368/495 697/212/495
f 715/368/496 724/369/496 707/369/496
f 714/212/183 708/212/183 713/361/183
f 715/368/183 713/361/183 722/365/183
f 722/365/183 745/359/183 744/360/183
f 722/365/183 744/360/183 743/372/183
f 724/369/183 715/368/183 722/365/183
f 718/371/183 724/369/183 722/365/183
f 722/365/183 743/372/183 742/363/183
f 722/365/183 742/363/183 723/362/183
f 721/370/183 718/371/183 722/365/183
f 701/371/497 707/369/497 724/369/497
f 704/370/498 701/371/498 718/371/498
f 706/362/499 704/370/499 721/370/499
f 736/363/500 706/362/500 723/362/500
f 737/372/501 736/363/501 742/363/501
f 744/360/502 738/360/502 737/372/502
f 713/361/183 708/212/183 709/374/183
f 713/361/183 709/374/183 710/367/183
f 720/364/183 722/365/183 713/361/183
f 717/373/183 719/379/183 720/364/183
f 712/376/183 716/377/183 717/373/183
f 713/361/183 710/367/183 711/366/183
f 711/366/183 712/376/183 717/373/183
f 717/373/183 720/364/183 713/361/183
f 714/212/503 697/212/503 691/212/503
f 691/212/504 692/375/504 709/374/504
f 692/375/505 693/367/505 710/367/505
f 693/367/506 694/366/506 711/366/506
f 694/366/507 695/376/507 712/376/507
f 695/376/508 699/378/508 716/377/508
f 699/378/509 700/373/509 717/373/509
f 700/373/510 702/379/510 719/379/510
f 702/379/460 703/364/460 720/364/460
f 1116/212/474 1085/212/474 1084/212/474
f 1086/212/473 1085/212/473 1116/212/473
f 1125/212/472 1094/212/472 1086/212/472
f 1095/212/471 1094/212/471 1125/212/471
f 1096/212/470 1095/212/470 1126/212/470
f 1097/212/469 1096/212/469 1127/212/469
f 1129/212/468 1098/212/468 1097/212/468
f 1099/212/467 1098/212/467 1129/212/467
f 1102/212/466 1099/212/466 1130/212/466
f 1103/212/465 1102/212/465 1133/212/465
f 1101/212/464 1103/212/464 1134/212/464
f 1093/212/463 1101/212/463 1132/212/463
f 1092/212/462 1093/212/462 1124/212/462
f 1122/212/461 1091/212/461 1092/212/461
f 1090/212/460 1091/212/460 1122/212/460
f 1079/212/511 1090/212/511 1121/212/511
f 1078/212/512 1079/212/512 1110/212/512
f 771/348/469 795/346/469 797/346/469
f 778/348/460 809/346/460 807/346/460
f 857/380/130 856/380/130 858/381/130
f 852/382/130 853/387/130 858/381/130
f 825/383/130 819/385/130 852/382/130
f 826/383/130 825/383/130 856/380/130
f 822/384/130 821/384/130 825/383/130
f 819/385/130 825/383/130 821/384/130
f 686/384/130 685/384/130 821/384/130
f 685/384/460 686/384/460 684/384/460
f 638/386/460 685/384/460 683/384/460
f 685/384/130 638/386/130 817/386/130
f 817/386/181 638/386/181 637/386/181
f 637/386/181 627/386/181 626/386/181
f 626/386/181 629/386/181 628/386/181
f 628/386/181 624/386/181 625/386/181
f 625/386/181 630/386/181 631/386/181
f 631/386/181 632/386/181 633/386/181
f 633/386/181 634/386/181 635/386/181
f 635/386/181 636/386/181 639/386/181
f 639/386/181 640/386/181 818/386/181
f 818/386/181 817/386/181 637/386/181
f 637/386/181 626/386/181 628/386/181
f 628/386/181 625/386/181 631/386/181
f 631/386/181 633/386/181 635/386/181
f 635/386/181 639/386/181 818/386/181
f 818/386/181 637/386/181 628/386/181
f 628/386/181 631/386/181 635/386/181
f 819/341/181 817/386/181 818/386/181
f 820/212/247 818/212/247 823/212/247
f 640/386/247 689/384/247 823/384/247
f 639/386/475 687/384/475 689/384/475
f 687/384/475 688/384/475 690/384/475
f 689/384/247 690/384/247 824/384/247
f 681/384/474 682/384/474 688/384/474
f 679/384/473 680/384/473 682/384/473
f 635/386/473 679/384/473 681/384/473
f 636/386/474 681/384/474 687/384/474
f 634/386/472 677/384/472 679/384/472
f 633/386/471 675/384/471 677/384/471
f 675/384/471 676/384/471 678/384/471
f 677/384/472 678/384/472 680/384/472
f 673/384/470 674/384/470 676/384/470
f 671/384/469 672/384/469 674/384/469
f 669/384/468 670/384/468 672/384/468
f 659/384/467 660/384/467 670/384/467
f 630/386/468 669/384/468 671/384/468
f 625/386/467 659/384/467 669/384/467
f 657/384/466 658/384/466 660/384/466
f 624/386/466 657/384/466 659/384/466
f 624/386/465 628/386/465 665/384/465
f 629/386/464 667/384/464 665/384/464
f 668/384/464 666/384/464 665/384/464
f 657/384/465 665/384/465 666/384/465
f 661/384/463 662/384/463 668/384/463
f 662/384/462 661/384/462 663/384/462
f 664/384/461 663/384/461 683/384/461
f 663/384/461 627/386/461 637/386/461
f 627/386/462 663/384/462 661/384/462
f 626/386/463 661/384/463 667/384/463
f 631/386/469 671/384/469 673/384/469
f 632/386/470 673/384/470 675/384/470
f 823/212/247 824/212/247 828/212/247
f 827/212/247 828/212/247 861/212/247
f 270/342/183 271/653/183 273/338/183
f 272/336/183 273/337/183 401/340/183
f 214/341/183 213/341/183 270/342/183
f 210/212/247 214/212/247 272/212/247
f 243/212/203 272/212/203 400/212/203
f 357/212/203 400/212/203 403/212/203
f 400/339/183 401/340/183 404/344/183
f 360/212/203 403/212/203 407/212/203
f 404/344/183 408/345/183 407/358/183
f 359/212/203 360/212/203 364/212/203
f 356/212/203 357/212/203 360/212/203
f 242/212/203 243/212/203 357/212/203
f 363/212/203 364/212/203 410/212/203
f 341/212/130 340/212/130 409/212/130
f 364/212/203 407/212/203 417/212/203
f 344/212/538 341/212/538 410/212/538
f 352/212/537 344/212/537 410/212/537
f 352/212/537 410/212/537 417/212/537
f 288/212/181 277/212/181 341/212/181
f 337/346/181 341/347/181 277/212/181
f 337/346/130 336/346/130 340/347/130
f 276/212/203 307/212/203 348/212/203
f 200/348/130 181/346/130 337/346/130
f 181/346/130 180/346/130 336/346/130
f 180/346/460 181/346/460 179/346/460
f 161/346/461 160/346/461 178/346/461
f 159/346/462 158/346/462 160/346/462
f 190/348/461 161/346/461 179/346/461
f 159/346/462 161/346/462 190/348/462
f 157/346/463 159/346/463 189/348/463
f 158/346/463 159/346/463 157/346/463
f 163/346/464 157/346/464 188/348/464
f 163/346/464 162/346/464 156/346/464
f 162/346/465 163/346/465 153/346/465
f 152/346/466 153/346/466 155/346/466
f 153/346/465 163/346/465 191/348/465
f 155/346/466 153/346/466 186/348/466
f 165/346/467 155/346/467 187/348/467
f 154/346/467 155/346/467 165/346/467
f 167/346/468 165/346/468 192/348/468
f 164/346/468 165/346/468 167/346/468
f 166/346/469 167/346/469 169/346/469
f 168/346/470 169/346/470 171/346/470
f 172/346/471 170/346/471 171/346/471
f 171/346/470 169/346/470 194/348/470
f 173/346/471 171/346/471 195/348/471
f 175/346/472 173/346/472 196/348/472
f 172/346/472 173/346/472 175/346/472
f 177/346/473 175/346/473 197/348/473
f 174/346/473 175/346/473 177/346/473
f 176/346/474 177/346/474 183/346/474
f 182/346/475 183/346/475 185/346/475
f 198/348/474 201/348/474 183/346/474
f 185/346/475 183/346/475 201/348/475
f 202/348/247 349/348/247 339/346/247
f 184/346/247 185/346/247 339/346/247
f 338/346/247 339/346/247 343/349/247
f 343/349/247 339/346/247 349/348/247
f 350/351/183 351/351/183 349/348/183
f 349/348/183 202/348/183 201/348/183
f 201/348/183 198/348/183 197/348/183
f 197/348/183 196/348/183 195/348/183
f 195/348/183 194/348/183 193/348/183
f 193/348/183 192/348/183 187/348/183
f 187/348/183 186/348/183 191/348/183
f 191/348/183 188/348/183 189/348/183
f 189/348/183 190/348/183 199/348/183
f 199/348/183 200/348/183 348/348/183
f 348/348/183 349/348/183 201/348/183
f 201/348/183 197/348/183 195/348/183
f 195/348/183 193/348/183 187/348/183
f 187/348/183 191/348/183 189/348/183
f 189/348/183 199/348/183 348/348/183
f 348/348/183 201/348/183 195/348/183
f 195/348/183 187/348/183 189/348/183
f 351/350/247 419/353/247 412/352/247
f 351/351/183 350/351/183 417/354/183
f 417/354/183 418/355/183 420/355/183
f 414/357/247 412/352/247 419/353/247
f 412/352/247 414/357/247 413/357/247
f 342/349/247 343/349/247 412/352/247
f 408/345/183 418/355/183 417/354/183
f 348/348/183 307/212/183 308/212/183
f 350/212/183 308/212/183 319/212/183
f 320/212/183 353/212/183 352/212/183
f 345/212/476 344/212/476 352/212/476
f 321/212/183 354/212/183 353/212/183
f 345/212/477 353/212/477 354/212/477
f 289/212/181 288/212/181 344/212/181
f 290/212/181 289/212/181 345/212/181
f 291/212/181 290/212/181 346/212/181
f 346/212/478 354/212/478 355/212/478
f 299/212/181 291/212/181 347/212/181
f 347/212/479 355/212/479 334/212/479
f 355/212/183 322/212/183 330/212/183
f 354/212/183 321/212/183 322/212/183
f 334/212/183 330/212/183 332/212/183
f 304/212/480 303/212/480 334/212/480
f 335/212/183 332/212/183 331/212/183
f 304/212/481 335/212/481 333/212/481
f 300/212/181 301/212/181 304/212/181
f 301/212/181 299/212/181 303/212/181
f 297/212/181 300/212/181 302/212/181
f 302/212/482 333/212/482 406/212/482
f 296/212/181 297/212/181 362/212/181
f 362/212/483 406/212/483 405/212/483
f 406/212/183 328/212/183 327/212/183
f 333/212/183 331/212/183 328/212/183
f 405/212/183 327/212/183 326/212/183
f 361/212/484 405/212/484 402/212/484
f 325/212/183 329/212/183 402/212/183
f 358/212/485 402/212/485 329/212/485
f 358/212/181 298/212/181 294/212/181
f 295/212/181 296/212/181 361/212/181
f 298/212/181 287/212/181 293/212/181
f 298/212/486 329/212/486 318/212/486
f 287/212/181 286/212/181 292/212/181
f 287/212/487 318/212/487 317/212/487
f 323/212/183 317/212/183 318/212/183
f 324/212/183 318/212/183 329/212/183
f 317/212/183 323/212/183 315/212/183
f 286/212/488 317/212/488 316/212/488
f 314/212/183 312/212/183 316/212/183
f 285/212/489 316/212/489 312/212/489
f 285/212/181 281/212/181 283/212/181
f 284/212/181 292/212/181 286/212/181
f 281/212/181 280/212/181 282/212/181
f 280/212/490 281/212/490 312/212/490
f 280/212/181 278/212/181 279/212/181
f 280/212/491 311/212/491 309/212/491
f 310/212/183 309/212/183 311/212/183
f 313/212/183 311/212/183 312/212/183
f 310/212/183 306/212/183 305/212/183
f 278/212/492 309/212/492 305/212/492
f 144/212/130 274/212/130 305/212/130
f 151/212/183 150/212/183 305/212/183
f 145/212/181 275/212/181 274/212/181
f 274/212/181 275/212/181 279/212/181
f 145/212/247 151/212/247 306/212/247
f 275/212/493 306/212/493 310/212/493
f 279/212/475 310/212/475 313/212/475
f 127/359/247 149/359/247 151/212/247
f 144/212/181 93/365/181 127/359/181
f 149/359/183 119/365/183 150/212/183
f 126/360/494 148/360/494 149/359/494
f 112/368/183 110/361/183 119/365/183
f 119/365/183 149/359/183 148/360/183
f 119/365/183 148/360/183 147/372/183
f 121/369/183 112/368/183 119/365/183
f 115/371/183 121/369/183 119/365/183
f 119/365/183 147/372/183 146/363/183
f 119/365/183 146/363/183 120/362/183
f 118/370/183 115/371/183 119/365/183
f 117/364/197 91/364/197 93/365/197
f 119/365/183 110/361/183 105/212/183
f 119/365/183 105/212/183 106/375/183
f 116/379/183 117/364/183 119/365/183
f 113/378/183 114/373/183 116/379/183
f 108/366/183 109/376/183 113/378/183
f 119/365/183 106/375/183 107/367/183
f 107/367/522 108/366/522 113/378/522
f 113/378/183 116/379/183 119/365/183
f 119/365/130 93/365/130 144/212/130
f 111/212/183 105/212/183 110/361/183
f 86/368/495 85/212/495 111/212/495
f 104/369/496 86/368/496 112/368/496
f 84/361/181 79/212/181 85/212/181
f 127/359/181 93/365/181 84/361/181
f 84/361/181 86/368/181 104/369/181
f 84/361/181 104/369/181 89/371/181
f 126/360/181 127/359/181 84/361/181
f 125/372/181 126/360/181 84/361/181
f 84/361/181 89/371/181 92/370/181
f 84/361/181 92/370/181 94/362/181
f 124/363/181 125/372/181 84/361/181
f 104/369/497 121/369/497 115/371/497
f 89/371/498 115/371/498 118/370/498
f 92/370/499 118/370/499 120/362/499
f 94/362/500 120/362/500 146/363/500
f 124/363/501 146/363/501 147/372/501
f 125/372/502 147/372/502 148/360/502
f 88/373/181 87/377/181 83/376/181
f 88/373/181 83/376/181 82/366/181
f 91/364/181 90/379/181 88/373/181
f 84/361/181 93/365/181 91/364/181
f 80/374/181 79/212/181 84/361/181
f 88/373/181 82/366/181 81/367/181
f 81/367/181 80/374/181 84/361/181
f 84/361/181 91/364/181 88/373/181
f 85/212/503 79/212/503 105/212/503
f 80/374/504 106/375/504 105/212/504
f 81/367/505 107/367/505 106/375/505
f 82/366/506 108/366/506 107/367/506
f 83/376/507 109/376/507 108/366/507
f 109/376/508 83/376/508 87/377/508
f 88/373/509 114/373/509 113/378/509
f 90/379/510 116/379/510 114/373/510
f 90/379/460 91/364/460 117/364/460
f 282/212/474 313/212/474 314/212/474
f 284/212/473 283/212/473 314/212/473
f 284/212/472 315/212/472 323/212/472
f 292/212/471 323/212/471 324/212/471
f 293/212/470 324/212/470 325/212/470
f 294/212/469 325/212/469 326/212/469
f 296/212/468 295/212/468 326/212/468
f 296/212/467 327/212/467 328/212/467
f 297/212/466 328/212/466 331/212/466
f 300/212/465 331/212/465 332/212/465
f 301/212/464 332/212/464 330/212/464
f 299/212/463 330/212/463 322/212/463
f 290/212/462 291/212/462 322/212/462
f 290/212/461 321/212/461 320/212/461
f 289/212/460 320/212/460 319/212/460
f 277/212/511 288/212/511 319/212/511
f 277/212/512 308/212/512 307/212/512
f 169/346/469 167/346/469 193/348/469
f 179/346/460 181/346/460 200/348/460
f 238/380/130 240/654/130 241/381/130
f 239/380/130 241/381/130 271/387/130
f 208/383/130 239/380/130 270/382/130
f 208/383/130 207/383/130 238/380/130
f 204/384/130 203/384/130 207/383/130
f 204/384/130 208/383/130 213/385/130
f 57/384/130 56/384/130 203/384/130
f 56/384/460 57/384/460 55/384/460
f 55/384/460 57/384/460 76/386/460
f 57/384/130 204/384/130 211/386/130
f 212/386/183 78/386/183 77/386/183
f 77/386/183 74/386/183 73/386/183
f 73/386/183 72/386/183 71/386/183
f 71/386/183 70/386/183 69/386/183
f 69/386/183 68/386/183 63/386/183
f 63/386/183 62/386/183 66/386/183
f 66/386/183 67/386/183 64/386/183
f 64/386/183 65/386/183 75/386/183
f 75/386/183 76/386/183 211/386/183
f 211/386/183 212/386/183 77/386/183
f 77/386/183 73/386/183 71/386/183
f 71/386/183 69/386/183 63/386/183
f 63/386/183 66/386/183 64/386/183
f 64/386/183 75/386/183 211/386/183
f 211/386/183 77/386/183 71/386/183
f 71/386/183 63/386/183 64/386/183
f 213/341/183 214/341/183 212/386/183
f 206/212/247 212/212/247 214/212/247
f 61/384/247 78/386/247 212/386/247
f 61/384/475 59/384/475 77/386/475
f 58/384/475 59/384/475 61/384/475
f 60/384/247 61/384/247 206/384/247
f 52/384/474 53/384/474 59/384/474
f 50/384/473 51/384/473 53/384/473
f 53/384/473 51/384/473 73/386/473
f 74/386/474 77/386/474 59/384/474
f 51/384/472 49/384/472 72/386/472
f 49/384/471 47/384/471 71/386/471
f 48/388/471 46/384/471 47/384/471
f 48/384/472 49/384/472 51/384/472
f 44/384/470 45/384/470 47/384/470
f 42/384/469 43/384/469 45/384/469
f 40/384/468 41/384/468 43/384/468
f 30/384/467 31/384/467 41/384/467
f 43/384/468 41/384/468 68/386/468
f 63/386/467 68/386/467 41/384/467
f 28/384/466 29/384/466 31/384/466
f 31/384/466 29/384/466 62/386/466
f 29/384/465 37/384/465 66/386/465
f 37/384/464 39/384/464 67/386/464
f 37/384/464 36/384/464 38/384/464
f 28/388/465 36/384/465 37/384/465
f 32/384/463 33/384/463 39/384/463
f 33/384/462 32/384/462 34/384/462
f 35/384/461 34/384/461 54/384/461
f 35/384/461 55/384/461 75/386/461
f 33/384/462 35/384/462 65/386/462
f 39/384/463 33/384/463 64/386/463
f 45/384/469 43/384/469 69/386/469
f 47/384/470 45/384/470 70/386/470
f 205/212/247 206/212/247 210/212/247
f 209/212/247 210/212/247 243/212/247
