# Blender 5.1.2
# www.blender.org
o Cube.015
v 133.600006 162.176743 20.021959
v 133.600006 162.176743 23.021957
v 136.178391 167.945816 22.999998
v 136.178391 167.945816 23.021957
v 136.037277 168.685593 22.999998
v 136.037277 168.685593 23.021957
v 136.092331 168.312729 22.999998
v 136.092331 168.312729 23.021957
v 136.013611 169.061722 22.999998
v 136.013611 169.061722 23.021957
v 136.021500 169.438522 22.999998
v 136.021500 169.438522 23.021957
v 136.294846 167.587387 22.999998
v 136.294846 167.587387 23.021957
v 136.440903 167.239944 22.999998
v 136.440903 167.239944 23.021957
v 136.615509 166.905960 22.999998
v 136.615509 166.905960 23.021957
v 136.817444 166.587753 22.999998
v 136.817444 166.587753 23.021957
v 137.045303 166.287552 22.999998
v 137.045303 166.287552 23.021957
v 136.060898 169.813339 22.999998
v 136.060898 169.813339 23.021957
v 136.131516 170.183548 22.999998
v 136.131516 170.183548 23.021957
v 136.232864 170.546524 22.999998
v 136.232864 170.546524 23.021957
v 136.364243 170.899765 22.999998
v 136.364243 170.899765 23.021957
v 136.524704 171.240799 22.999998
v 136.524704 171.240799 23.021957
v 136.713150 171.567184 22.999998
v 136.713150 171.567184 23.021957
v 136.928238 171.876663 22.999998
v 136.928238 171.876663 23.021957
v 137.572220 165.749496 22.999998
v 137.572220 165.749496 23.021957
v 137.867584 165.515396 22.999998
v 137.867584 165.515396 23.021957
v 138.181503 165.306808 22.999998
v 138.181503 165.306808 23.021957
v 138.511765 165.125259 22.999998
v 138.511765 165.125259 23.021957
v 137.297485 166.007462 22.999998
v 137.297485 166.007462 23.021957
v 138.610504 168.537918 20.021959
v 138.610504 168.537918 20.500000
v 138.702972 168.304398 20.021959
v 138.702972 168.304398 20.500000
v 138.548050 168.781204 20.021959
v 138.548050 168.781204 20.500000
v 138.516571 169.030380 20.021959
v 138.516571 169.030380 20.500000
v 138.516571 169.281540 20.021959
v 138.516571 169.281540 20.500000
v 138.548050 169.530716 20.021959
v 138.548050 169.530716 20.500000
v 138.856064 164.971970 22.999998
v 138.856064 164.971970 23.021957
v 139.211975 164.848007 22.999998
v 139.211975 164.848007 23.021957
v 139.577011 164.754288 22.999998
v 139.577011 164.754288 23.021957
v 139.948624 164.691452 22.999998
v 139.948624 164.691452 23.021957
v 140.324173 164.659897 22.999998
v 140.324173 164.659897 23.021957
v 139.143524 167.698013 20.021959
v 139.143524 167.698013 20.500000
v 139.337051 167.537918 20.021959
v 139.337051 167.537918 20.500000
v 139.549118 167.403336 20.021959
v 139.549118 167.403336 20.500000
v 138.823959 168.084305 20.021959
v 138.823959 168.084305 20.500000
v 138.971588 167.881119 20.021959
v 138.971588 167.881119 20.500000
v 139.776367 167.296402 20.021959
v 139.776367 167.296402 20.500000
v 140.015244 167.218796 20.021959
v 140.015244 167.218796 20.500000
v 140.261948 167.171738 20.021959
v 140.261948 167.171738 20.500000
v 137.168472 172.167038 22.999998
v 137.168472 172.167038 23.021957
v 137.432159 172.436325 22.999998
v 137.432159 172.436325 23.021957
v 137.717453 172.682571 22.999998
v 137.717453 172.682571 23.021957
v 138.610504 169.774002 20.021959
v 138.610504 169.774002 20.500000
v 138.702972 170.007523 20.021959
v 138.702972 170.007523 20.500000
v 138.022354 172.904099 22.999998
v 138.022354 172.904099 23.021957
v 138.344727 173.099335 22.999998
v 138.344727 173.099335 23.021957
v 138.682297 173.266922 22.999998
v 138.682297 173.266922 23.021957
v 137.297485 177.007477 22.999998
v 137.297485 177.007477 23.021957
v 137.572220 176.749512 22.999998
v 137.572220 176.749512 23.021957
v 137.867584 176.515411 22.999998
v 137.867584 176.515411 23.021957
v 138.181503 176.306824 22.999998
v 138.181503 176.306824 23.021957
v 138.511765 176.125275 22.999998
v 138.511765 176.125275 23.021957
v 138.823959 170.227615 20.021959
v 138.823959 170.227615 20.500000
v 138.971588 170.430801 20.021959
v 138.971588 170.430801 20.500000
v 139.143524 170.613907 20.021959
v 139.143524 170.613907 20.500000
v 139.337051 170.774002 20.021959
v 139.337051 170.774002 20.500000
v 139.549118 170.908585 20.021959
v 139.549118 170.908585 20.500000
v 139.032715 173.405655 22.999998
v 139.032715 173.405655 23.021957
v 139.776367 171.015518 20.021959
v 139.776367 171.015518 20.500000
v 140.015244 171.093124 20.021959
v 140.015244 171.093124 20.500000
v 140.261948 171.140182 20.021959
v 140.261948 171.140182 20.500000
v 139.393509 173.514572 22.999998
v 139.393509 173.514572 23.021957
v 138.856064 175.971985 22.999998
v 138.856064 175.971985 23.021957
v 139.211975 175.848022 22.999998
v 139.211975 175.848022 23.021957
v 139.577011 175.754303 22.999998
v 139.577011 175.754303 23.021957
v 139.762161 173.592941 22.999998
v 139.762161 173.592941 23.021957
v 140.136063 173.640182 22.999998
v 140.136063 173.640182 23.021957
v 139.948624 175.691467 22.999998
v 139.948624 175.691467 23.021957
v 140.324173 175.659912 22.999998
v 140.324173 175.659912 23.021957
v 133.600006 179.176743 23.021957
v 133.600006 180.156921 23.070112
v 133.600006 181.127640 23.214106
v 133.600006 182.079590 23.452555
v 133.600006 183.003571 23.783161
v 133.600006 183.890717 24.202745
v 136.178391 178.945816 22.999998
v 136.178391 178.945816 23.021957
v 136.124237 179.176743 23.021957
v 136.092331 179.312729 22.999998
v 136.092331 179.312729 23.028639
v 136.037277 179.685593 22.999998
v 136.037277 179.685593 23.046957
v 136.013611 180.061722 22.999998
v 136.013611 180.061722 23.065435
v 136.015610 180.156921 23.070112
v 136.021500 180.438522 22.999998
v 136.021500 180.438522 23.111885
v 136.060898 180.813339 22.999998
v 136.060898 180.813339 23.167484
v 136.615509 177.905960 22.999998
v 136.615509 177.905960 23.021957
v 136.294846 178.587387 22.999998
v 136.294846 178.587387 23.021957
v 136.440903 178.239944 22.999998
v 136.440903 178.239944 23.021957
v 136.817444 177.587753 22.999998
v 136.817444 177.587753 23.021957
v 137.045303 177.287552 22.999998
v 137.045303 177.287552 23.021957
v 136.120850 181.127640 23.214106
v 136.131516 181.183548 22.999998
v 136.131516 181.183548 23.228109
v 136.232864 181.546524 22.999998
v 136.232864 181.546524 23.319031
v 136.364243 181.899765 22.999998
v 136.364243 181.899765 23.407511
v 136.448853 182.079590 23.452555
v 136.524704 182.240799 22.999998
v 136.524704 182.240799 23.510237
v 136.713150 182.567184 22.999998
v 136.713150 182.567184 23.627018
v 136.928238 182.876663 22.999998
v 136.928238 182.876663 23.737753
v 137.033234 183.003571 23.783161
v 133.600006 184.732452 24.707264
v 133.600006 185.520676 25.291855
v 133.600006 186.247818 25.950890
v 133.600006 186.906845 26.678026
v 133.600006 187.491440 27.466255
v 133.600006 187.995956 28.307991
v 133.600006 188.415543 29.195126
v 133.600006 189.176743 20.021959
v 133.600006 189.176743 20.071957
v 133.600006 192.176743 20.021959
v 133.600006 192.126740 23.021957
v 133.600006 192.176743 23.021957
v 133.600006 188.746155 30.119112
v 133.600006 188.984589 31.071056
v 133.600006 189.128586 32.041786
v 133.600006 189.176743 33.021957
v 138.548050 179.781204 20.021959
v 138.548050 179.781204 20.500000
v 138.702972 179.304398 20.021959
v 138.702972 179.304398 20.500000
v 138.610504 179.537918 20.021959
v 138.610504 179.537918 20.500000
v 138.516571 180.030380 20.021959
v 138.516571 180.030380 20.500000
v 138.516571 180.281540 20.021959
v 138.516571 180.281540 20.500000
v 138.548050 180.530716 20.021959
v 138.548050 180.530716 20.500000
v 138.610504 180.774002 20.021959
v 138.610504 180.774002 20.500000
v 137.168472 183.167038 22.999998
v 137.168472 183.167038 23.860476
v 137.432159 183.436325 22.999998
v 137.432159 183.436325 23.987839
v 137.717453 183.682571 22.999998
v 137.717453 183.682571 24.104303
v 138.702972 181.007523 20.021959
v 138.702972 181.007523 20.500000
v 138.022354 183.904099 22.999998
v 138.003922 183.890717 24.202745
v 138.022354 183.904099 24.210770
v 138.344727 184.099350 22.999998
v 138.344727 184.099350 24.327801
v 138.682297 184.266922 22.999998
v 138.682297 184.266922 24.428238
v 138.971588 178.881119 20.021959
v 138.971588 178.881119 20.500000
v 139.143524 178.698013 20.021959
v 139.143524 178.698013 20.500000
v 139.337051 178.537918 20.021959
v 139.337051 178.537918 20.500000
v 139.549118 178.403336 20.021959
v 139.549118 178.403336 20.500000
v 138.823959 179.084305 20.021959
v 138.823959 179.084305 20.500000
v 139.776367 178.296402 20.021959
v 139.776367 178.296402 20.500000
v 140.015244 178.218796 20.021959
v 140.015244 178.218796 20.500000
v 140.261948 178.171738 20.021959
v 140.261948 178.171738 20.500000
v 138.823959 181.227615 20.021959
v 138.823959 181.227615 20.500000
v 138.971588 181.430801 20.021959
v 138.971588 181.430801 20.500000
v 139.143524 181.613907 20.021959
v 139.143524 181.613907 20.500000
v 139.337051 181.774002 20.021959
v 139.337051 181.774002 20.500000
v 139.549118 181.908585 20.021959
v 139.549118 181.908585 20.500000
v 139.032715 184.405655 22.999998
v 139.032715 184.405655 24.511393
v 139.393509 184.514572 22.999998
v 139.393509 184.514572 24.576675
v 139.776367 182.015518 20.021959
v 139.776367 182.015518 20.500000
v 140.015244 182.093124 20.021959
v 140.015244 182.093124 20.500000
v 140.261948 182.140182 20.021959
v 140.261948 182.140182 20.500000
v 139.762161 184.592941 22.999998
v 139.762161 184.592941 24.623648
v 140.136063 184.640182 22.999998
v 140.136063 184.640182 24.651962
v 139.623840 188.167007 28.669643
v 139.182404 188.375793 29.111082
v 139.137482 188.415543 29.195126
v 139.381378 188.261108 28.868624
v 139.900467 188.097076 28.521786
v 140.200607 188.054016 28.430737
v 138.943497 188.591843 29.687849
v 138.912750 188.703522 29.999994
v 138.912750 188.746155 30.119112
v 139.034546 188.484436 29.387701
v 138.912750 188.984589 31.071056
v 139.623840 192.176743 28.669643
v 138.943497 192.176743 29.687849
v 138.912750 192.176743 29.999994
v 139.034546 192.176743 29.387701
v 139.182404 192.176743 29.111082
v 139.381378 192.176743 28.868624
v 139.900467 192.176743 28.521786
v 140.200607 192.176743 28.430737
v 138.912750 189.128586 32.041786
v 138.912750 189.176743 33.021957
v 133.600006 189.176743 61.600899
v 133.624084 189.176743 62.090988
v 133.696091 189.176743 62.576355
v 133.815308 189.176743 63.052326
v 133.980621 189.176743 63.514320
v 134.190414 189.176743 63.957886
v 134.442673 189.176743 64.378754
v 133.600006 192.176743 61.600899
v 133.624084 192.176743 62.090988
v 133.696091 192.176743 62.576355
v 133.815308 192.176743 63.052326
v 133.980621 192.176743 63.514320
v 134.190414 192.176743 63.957886
v 134.442673 192.176743 64.378754
v 134.734955 189.176743 64.772873
v 135.064484 189.176743 65.136436
v 134.734955 192.176743 64.772873
v 135.064484 192.176743 65.136436
v 135.428055 189.176743 65.465958
v 135.822159 189.176743 65.758255
v 135.428055 192.176743 65.465958
v 135.822159 192.176743 65.758255
v 136.243027 189.176743 66.010513
v 136.686600 189.176743 66.220306
v 136.243027 192.176743 66.010513
v 136.686600 192.176743 66.220306
v 137.148590 189.176743 66.385605
v 137.624557 189.176743 66.504829
v 137.148590 192.176743 66.385605
v 137.624557 192.176743 66.504829
v 138.109924 189.176743 66.576828
v 138.600021 189.176743 66.600906
v 138.109924 192.176743 66.576828
v 138.600021 192.176743 66.600906
v 138.912750 189.176743 61.623360
v 138.943497 189.176743 61.935509
v 139.034546 189.176743 62.235653
v 139.182404 189.176743 62.512276
v 139.381378 189.176743 62.754730
v 139.623840 189.176743 62.953712
v 138.912750 192.176743 61.623360
v 138.943497 192.176743 61.935509
v 139.034546 192.176743 62.235653
v 139.182404 192.176743 62.512276
v 139.381378 192.176743 62.754730
v 139.623840 192.176743 62.953712
v 139.900467 189.176743 63.101570
v 140.200607 189.176743 63.192619
v 139.900467 192.176743 63.101570
v 140.200607 192.176743 63.192619
v 140.701065 164.659897 22.999998
v 140.701065 164.659897 23.021957
v 141.076614 164.691452 22.999998
v 141.076614 164.691452 23.021957
v 141.448227 164.754288 22.999998
v 141.448227 164.754288 23.021957
v 141.813263 164.848007 23.000000
v 141.813263 164.848007 23.021957
v 142.169174 164.971970 23.000000
v 142.169174 164.971970 23.021957
v 140.512619 167.155960 20.021959
v 140.512619 167.155960 20.500000
v 140.763290 167.171738 20.021959
v 140.763290 167.171738 20.500000
v 141.009995 167.218796 20.021959
v 141.009995 167.218796 20.500000
v 141.248871 167.296402 20.021959
v 141.248871 167.296402 20.500000
v 141.476120 167.403336 20.021959
v 141.476120 167.403336 20.500000
v 141.688187 167.537918 20.021959
v 141.688187 167.537918 20.500000
v 141.881714 167.698013 20.021959
v 141.881714 167.698013 20.500000
v 142.053650 167.881119 20.021959
v 142.053650 167.881119 20.500000
v 142.201279 168.084305 20.021959
v 142.201279 168.084305 20.500000
v 142.513474 165.125259 23.000000
v 142.513474 165.125259 23.021957
v 142.843735 165.306808 23.000000
v 142.843735 165.306808 23.021957
v 143.157654 165.515396 23.000000
v 143.157654 165.515396 23.021957
v 143.453018 165.749496 23.000000
v 143.453018 165.749496 23.021957
v 142.322266 168.304398 20.021959
v 142.322266 168.304398 20.500000
v 142.414734 168.537918 20.021959
v 142.414734 168.537918 20.500000
v 142.477188 168.781204 20.021959
v 142.477188 168.781204 20.500000
v 142.508667 169.030380 20.021959
v 142.508667 169.030380 20.500000
v 142.508667 169.281540 20.021959
v 142.508667 169.281540 20.500000
v 142.477188 169.530716 20.021959
v 142.477188 169.530716 20.500000
v 143.727753 166.007462 23.000000
v 143.727753 166.007462 23.021957
v 140.512619 171.155960 20.021959
v 140.512619 171.155960 20.500000
v 140.763290 171.140182 20.021959
v 140.763290 171.140182 20.500000
v 141.009995 171.093124 20.021959
v 141.009995 171.093124 20.500000
v 141.248871 171.015518 20.021959
v 141.248871 171.015518 20.500000
v 141.476120 170.908585 20.021959
v 141.476120 170.908585 20.500000
v 141.688187 170.774002 20.021959
v 141.688187 170.774002 20.500000
v 141.881714 170.613907 20.021959
v 141.881714 170.613907 20.500000
v 142.053650 170.430801 20.021959
v 142.053650 170.430801 20.500000
v 142.201279 170.227615 20.021959
v 142.201279 170.227615 20.500000
v 141.992523 173.405655 23.000000
v 141.992523 173.405655 23.021957
v 140.512619 173.655960 22.999998
v 140.512619 173.655960 23.021957
v 140.889175 173.640182 22.999998
v 140.889175 173.640182 23.021957
v 141.263077 173.592941 22.999998
v 141.263077 173.592941 23.021957
v 140.701065 175.659912 22.999998
v 140.701065 175.659912 23.021957
v 141.076614 175.691467 22.999998
v 141.076614 175.691467 23.021957
v 141.631729 173.514572 23.000000
v 141.631729 173.514572 23.021957
v 141.448227 175.754303 22.999998
v 141.448227 175.754303 23.021957
v 141.813263 175.848022 23.000000
v 141.813263 175.848022 23.021957
v 142.169174 175.971985 23.000000
v 142.169174 175.971985 23.021957
v 142.322266 170.007523 20.021959
v 142.322266 170.007523 20.500000
v 142.414734 169.774002 20.021959
v 142.414734 169.774002 20.500000
v 142.342941 173.266922 23.000000
v 142.342941 173.266922 23.021957
v 142.680511 173.099335 23.000000
v 142.680511 173.099335 23.021957
v 143.002884 172.904099 23.000000
v 143.002884 172.904099 23.021957
v 143.307785 172.682571 23.000000
v 143.307785 172.682571 23.021957
v 143.593079 172.436325 23.000000
v 143.593079 172.436325 23.021957
v 143.856766 172.167038 23.000000
v 143.856766 172.167038 23.021957
v 142.513474 176.125275 23.000000
v 142.513474 176.125275 23.021957
v 142.843735 176.306824 23.000000
v 142.843735 176.306824 23.021957
v 143.157654 176.515411 23.000000
v 143.157654 176.515411 23.021957
v 143.453018 176.749512 23.000000
v 143.453018 176.749512 23.021957
v 143.727753 177.007477 23.000000
v 143.727753 177.007477 23.021957
v 143.979935 166.287552 23.000000
v 143.979935 166.287552 23.021957
v 144.207794 166.587753 23.000000
v 144.207794 166.587753 23.021957
v 144.409729 166.905960 23.000000
v 144.409729 166.905960 23.021957
v 144.584335 167.239944 23.000000
v 144.584335 167.239944 23.021957
v 144.730392 167.587387 23.000000
v 144.730392 167.587387 23.021957
v 144.846848 167.945816 23.000000
v 144.846848 167.945816 23.021957
v 144.932907 168.312729 23.000000
v 144.932907 168.312729 23.021957
v 144.987961 168.685593 23.000000
v 144.987961 168.685593 23.021957
v 145.011627 169.061722 23.000000
v 145.011627 169.061722 23.021957
v 145.003738 169.438522 23.000000
v 145.003738 169.438522 23.021957
v 147.400009 162.176743 20.021959
v 147.400009 162.176743 23.021957
v 144.792374 170.546524 23.000000
v 144.792374 170.546524 23.021957
v 144.500534 171.240799 23.000000
v 144.500534 171.240799 23.021957
v 144.660995 170.899765 23.000000
v 144.660995 170.899765 23.021957
v 144.097000 171.876663 23.000000
v 144.097000 171.876663 23.021957
v 144.312088 171.567184 23.000000
v 144.312088 171.567184 23.021957
v 144.964340 169.813339 23.000000
v 144.964340 169.813339 23.021957
v 144.893723 170.183548 23.000000
v 144.893723 170.183548 23.021957
v 140.512619 178.155960 20.021959
v 140.512619 178.155960 20.500000
v 140.763290 178.171738 20.021959
v 140.763290 178.171738 20.500000
v 141.009995 178.218796 20.021959
v 141.009995 178.218796 20.500000
v 141.248871 178.296402 20.021959
v 141.248871 178.296402 20.500000
v 141.476120 178.403336 20.021959
v 141.476120 178.403336 20.500000
v 141.688187 178.537918 20.021959
v 141.688187 178.537918 20.500000
v 141.881714 178.698013 20.021959
v 141.881714 178.698013 20.500000
v 142.053650 178.881119 20.021959
v 142.053650 178.881119 20.500000
v 142.201279 179.084305 20.021959
v 142.201279 179.084305 20.500000
v 140.512619 182.155960 20.021959
v 140.512619 182.155960 20.500000
v 140.763290 182.140182 20.021959
v 140.763290 182.140182 20.500000
v 141.009995 182.093124 20.021959
v 141.009995 182.093124 20.500000
v 141.248871 182.015518 20.021959
v 141.248871 182.015518 20.500000
v 140.512619 184.655960 22.999998
v 140.889175 184.640182 22.999998
v 140.512619 184.655960 24.661419
v 140.889175 184.640182 24.651962
v 141.263077 184.592941 22.999998
v 141.263077 184.592941 24.623648
v 141.688187 181.774002 20.021959
v 141.688187 181.774002 20.500000
v 141.476120 181.908585 20.021959
v 141.476120 181.908585 20.500000
v 141.881714 181.613907 20.021959
v 141.881714 181.613907 20.500000
v 142.201279 181.227615 20.021959
v 142.201279 181.227615 20.500000
v 142.053650 181.430801 20.021959
v 142.053650 181.430801 20.500000
v 141.631729 184.514572 23.000000
v 141.631729 184.514572 24.576675
v 141.992523 184.405655 23.000000
v 141.992523 184.405655 24.511393
v 142.322266 179.304398 20.021959
v 142.322266 179.304398 20.500000
v 142.414734 179.537918 20.021959
v 142.414734 179.537918 20.500000
v 142.477188 179.781204 20.021959
v 142.477188 179.781204 20.500000
v 142.414734 180.774002 20.021959
v 142.414734 180.774002 20.500000
v 142.508667 180.030380 20.021959
v 142.508667 180.030380 20.500000
v 142.508667 180.281540 20.021959
v 142.508667 180.281540 20.500000
v 142.477188 180.530716 20.021959
v 142.477188 180.530716 20.500000
v 142.322266 181.007523 20.021959
v 142.322266 181.007523 20.500000
v 142.342941 184.266922 23.000000
v 142.342941 184.266922 24.428238
v 142.680511 184.099350 23.000000
v 142.680511 184.099350 24.327801
v 143.002884 183.904099 23.000000
v 143.021317 183.890717 24.202745
v 143.002884 183.904099 24.210770
v 143.307785 183.682571 23.000000
v 143.307785 183.682571 24.104305
v 143.593079 183.436325 23.000000
v 143.593079 183.436325 23.987839
v 143.856766 183.167038 23.000000
v 143.856766 183.167038 23.860476
v 140.512756 188.039474 28.399994
v 140.824905 188.054016 28.430737
v 141.125046 188.097076 28.521786
v 141.401672 188.167007 28.669643
v 141.644119 188.261108 28.868624
v 141.843109 188.375793 29.111082
v 141.888031 188.415543 29.195126
v 140.512756 192.176743 28.399994
v 140.824905 192.176743 28.430737
v 141.125046 192.176743 28.521786
v 141.990967 188.484436 29.387701
v 142.082016 188.591843 29.687849
v 142.112762 188.703522 29.999994
v 142.112762 188.746155 30.119112
v 142.112762 188.984589 31.071056
v 141.401672 192.176743 28.669643
v 141.644119 192.176743 28.868624
v 141.843109 192.176743 29.111082
v 141.990967 192.176743 29.387701
v 142.082016 192.176743 29.687849
v 142.112762 192.176743 29.999994
v 142.112762 189.128586 32.041786
v 142.112762 189.176743 33.021957
v 143.979935 177.287552 23.000000
v 143.979935 177.287552 23.021957
v 144.207794 177.587753 23.000000
v 144.207794 177.587753 23.021957
v 144.409729 177.905960 23.000000
v 144.409729 177.905960 23.021957
v 144.584335 178.239944 23.000000
v 144.584335 178.239944 23.021957
v 144.730392 178.587387 23.000000
v 144.730392 178.587387 23.021957
v 144.846848 178.945816 23.000000
v 144.846848 178.945816 23.021957
v 144.901001 179.176743 23.021957
v 144.932907 179.312729 23.000000
v 144.932907 179.312729 23.028639
v 144.987961 179.685593 23.000000
v 144.987961 179.685593 23.046957
v 145.011627 180.061722 23.000000
v 145.011627 180.061722 23.065435
v 145.009628 180.156921 23.070112
v 145.003738 180.438522 23.000000
v 145.003738 180.438522 23.111885
v 144.964340 180.813339 23.000000
v 144.964340 180.813339 23.167484
v 144.312088 182.567184 23.000000
v 144.312088 182.567184 23.627018
v 144.792374 181.546524 23.000000
v 144.792374 181.546524 23.319031
v 144.576385 182.079590 23.452555
v 144.500534 182.240799 23.000000
v 144.500534 182.240799 23.510237
v 144.660995 181.899765 23.000000
v 144.660995 181.899765 23.407511
v 144.097000 182.876663 23.000000
v 143.992004 183.003571 23.783161
v 144.097000 182.876663 23.737753
v 144.904388 181.127640 23.214106
v 144.893723 181.183548 23.000000
v 144.893723 181.183548 23.228109
v 147.400009 179.176743 23.021957
v 147.400009 180.156921 23.070112
v 147.400009 181.127640 23.214106
v 147.400009 182.079590 23.452555
v 147.400009 183.003571 23.783161
v 147.400009 183.890717 24.202745
v 147.400009 184.732452 24.707264
v 147.400009 185.520676 25.291855
v 147.400009 186.247818 25.950890
v 147.400009 186.906845 26.678026
v 147.400009 187.491440 27.466255
v 147.400009 187.995956 28.307991
v 147.400009 188.415543 29.195126
v 147.400009 189.176743 20.021959
v 147.400009 189.176743 20.071957
v 147.400009 192.176743 20.021959
v 147.400009 192.126740 23.021957
v 147.400009 192.176743 23.021957
v 147.400009 188.746155 30.119112
v 147.400009 188.984589 31.071056
v 147.400009 189.128586 32.041786
v 147.400009 189.176743 33.021957
v 140.512756 189.176743 63.223362
v 140.824905 189.176743 63.192619
v 141.125046 189.176743 63.101570
v 140.512756 192.176743 63.223362
v 140.824905 192.176743 63.192619
v 141.125046 192.176743 63.101570
v 141.401672 189.176743 62.953712
v 141.644119 189.176743 62.754730
v 142.112762 189.176743 61.623360
v 142.082016 189.176743 61.935509
v 141.843109 189.176743 62.512276
v 141.990967 189.176743 62.235653
v 141.401672 192.176743 62.953712
v 141.644119 192.176743 62.754730
v 142.112762 192.176743 61.623360
v 142.082016 192.176743 61.935509
v 141.843109 192.176743 62.512276
v 141.990967 192.176743 62.235653
v 142.400009 189.176743 66.600906
v 142.890091 189.176743 66.576828
v 142.400009 192.176743 66.600906
v 142.890091 192.176743 66.576828
v 143.375458 189.176743 66.504829
v 143.851440 189.176743 66.385605
v 143.375458 192.176743 66.504829
v 143.851440 192.176743 66.385605
v 144.313431 189.176743 66.220306
v 144.756989 189.176743 66.010513
v 144.313431 192.176743 66.220306
v 144.756989 192.176743 66.010513
v 145.177856 189.176743 65.758255
v 145.571976 189.176743 65.465958
v 145.177856 192.176743 65.758255
v 145.571976 192.176743 65.465958
v 145.935547 189.176743 65.136436
v 146.265060 189.176743 64.772873
v 145.935547 192.176743 65.136436
v 146.265060 192.176743 64.772873
v 147.400009 189.176743 61.600899
v 147.375931 189.176743 62.090988
v 147.019409 189.176743 63.514320
v 147.303940 189.176743 62.576355
v 147.184708 189.176743 63.052326
v 146.557358 189.176743 64.378754
v 146.809616 189.176743 63.957886
v 147.400009 192.176743 61.600899
v 147.375931 192.176743 62.090988
v 147.019409 192.176743 63.514320
v 147.303940 192.176743 62.576355
v 147.184708 192.176743 63.052326
v 146.557358 192.176743 64.378754
v 146.809616 192.176743 63.957886
vn -0.0000 -0.0000 -1.0000
vn -0.0000 1.0000 -0.0000
vn -0.0000 -1.0000 -0.0000
vn -0.0001 -0.0000 -1.0000
vn -1.0000 -0.0000 -0.0000
vn 1.0000 -0.0000 -0.0000
vn -0.0491 -0.0000 0.9988
vn -0.1467 -0.0000 0.9892
vn -0.2430 -0.0000 0.9700
vn -0.3369 -0.0000 0.9415
vn -0.4276 -0.0000 0.9040
vn -0.5141 -0.0000 0.8577
vn -0.5957 -0.0000 0.8032
vn -0.6716 -0.0000 0.7410
vn -0.7409 -0.0000 0.6716
vn -0.8032 -0.0000 0.5957
vn -0.8577 -0.0000 0.5141
vn -0.9040 -0.0000 0.4276
vn -0.9415 -0.0000 0.3369
vn -0.9700 -0.0000 0.2430
vn -0.9892 -0.0000 0.1467
vn -0.9988 -0.0000 0.0491
vn 0.0491 -0.0000 0.9988
vn 0.1467 -0.0000 0.9892
vn 0.2430 -0.0000 0.9700
vn 0.3369 -0.0000 0.9415
vn 0.4276 -0.0000 0.9040
vn 0.5141 -0.0000 0.8577
vn 0.5957 -0.0000 0.8032
vn 0.6716 -0.0000 0.7410
vn 0.7410 -0.0000 0.6716
vn 0.8032 -0.0000 0.5957
vn 0.8577 -0.0000 0.5141
vn 0.9040 -0.0000 0.4276
vn 0.9415 -0.0000 0.3369
vn 0.9700 -0.0000 0.2430
vn 0.9892 -0.0000 0.1467
vn 0.9988 -0.0000 0.0491
vn -0.0000 -0.9988 0.0491
vn -0.0000 -0.9892 0.1467
vn -0.0000 -0.9700 0.2430
vn -0.0000 -0.9415 0.3369
vn -0.0000 -0.9040 0.4276
vn -0.0000 -0.8577 0.5141
vn -0.0000 -0.8032 0.5957
vn -0.0000 -0.7410 0.6716
vn -0.0000 -0.6716 0.7410
vn -0.0000 -0.5957 0.8032
vn -0.0000 -0.5141 0.8577
vn -0.0000 -0.4276 0.9040
vn -0.0000 -0.3369 0.9415
vn -0.0000 -0.2430 0.9700
vn -0.0000 -0.1467 0.9892
vn -0.0000 -0.0491 0.9988
vn -0.0000 -0.0000 1.0000
vn 0.0564 -0.7051 0.7069
vn -0.0000 -0.7065 0.7077
vn -0.0000 -0.7073 0.7069
vn 0.6531 -0.2715 0.7069
vn 0.6721 -0.2184 0.7075
vn 0.6394 -0.3009 0.7075
vn -0.0885 -0.7012 0.7074
vn -0.1207 -0.6969 0.7069
vn -0.0564 -0.7051 0.7069
vn 0.2300 -0.6689 0.7069
vn 0.1756 -0.6842 0.7078
vn 0.1760 -0.6853 0.7067
vn -0.2602 -0.6573 0.7073
vn -0.2902 -0.6450 0.7069
vn -0.2300 -0.6689 0.7069
vn 0.3404 -0.6191 0.7077
vn 0.2902 -0.6450 0.7069
vn 0.3408 -0.6199 0.7068
vn 0.4601 0.5372 0.7069
vn 0.4151 0.5715 0.7078
vn 0.4837 0.5152 0.7075
vn -0.4156 -0.5719 0.7072
vn -0.4415 -0.5526 0.7069
vn -0.3891 -0.5907 0.7069
vn -0.3405 -0.6193 0.7075
vn -0.3408 -0.6199 0.7068
vn -0.5651 -0.4254 0.7069
vn -0.5964 -0.3785 0.7078
vn -0.5973 -0.3791 0.7068
vn -0.5447 -0.4506 0.7073
vn -0.5238 -0.4754 0.7069
vn 0.5651 -0.4254 0.7069
vn 0.5966 -0.3786 0.7076
vn 0.5447 -0.4506 0.7073
vn 0.6255 -0.3301 0.7069
vn -0.6396 -0.3009 0.7074
vn -0.6531 -0.2715 0.7069
vn -0.6255 -0.3301 0.7069
vn 0.6880 -0.1643 0.7069
vn 0.6941 -0.1324 0.7076
vn -0.6942 -0.1324 0.7075
vn -0.7001 -0.1006 0.7069
vn -0.6880 -0.1643 0.7069
vn 0.7001 -0.1006 0.7069
vn 0.7051 -0.0444 0.7077
vn -0.7052 -0.0444 0.7076
vn -0.7062 -0.0444 0.7066
vn -0.7055 0.0444 0.7073
vn -0.7031 0.0767 0.7069
vn -0.7072 0.0121 0.7069
vn 0.7072 0.0121 0.7069
vn 0.7054 0.0444 0.7075
vn -0.6392 0.3008 0.7078
vn -0.6139 0.3513 0.7069
vn -0.6402 0.3013 0.7067
vn -0.6620 0.2491 0.7069
vn -0.6820 0.1875 0.7069
vn -0.6724 0.2185 0.7072
vn -0.5792 0.4059 0.7069
vn -0.5444 0.4503 0.7076
vn -0.5451 0.4509 0.7068
vn 0.6392 0.3008 0.7078
vn 0.6139 0.3513 0.7069
vn 0.5967 0.3786 0.7075
vn -0.5969 0.3788 0.7072
vn 0.5792 0.4059 0.7069
vn 0.5445 0.4504 0.7075
vn -0.1756 -0.6842 0.7078
vn -0.1760 -0.6853 0.7067
vn -0.4837 0.5151 0.7076
vn -0.4601 0.5372 0.7069
vn -0.5073 0.4929 0.7069
vn 0.7031 0.0767 0.7069
vn 0.6941 0.1324 0.7076
vn 0.1207 -0.6969 0.7069
vn -0.3405 0.6194 0.7074
vn -0.3120 0.6348 0.7069
vn -0.3688 0.6036 0.7069
vn 0.3120 0.6348 0.7069
vn 0.2599 0.6565 0.7081
vn 0.3404 0.6193 0.7075
vn 0.2071 0.6763 0.7069
vn 0.1758 0.6846 0.7074
vn -0.1759 0.6848 0.7072
vn -0.1443 0.6924 0.7069
vn -0.2071 0.6763 0.7069
vn 0.4837 -0.5150 0.7076
vn 0.5238 -0.4754 0.7069
vn 0.0886 0.7010 0.7076
vn 0.0324 0.7066 0.7069
vn -0.0000 0.7070 0.7072
vn -0.0324 0.7066 0.7069
vn -0.2599 0.6565 0.7081
vn -0.0886 0.7011 0.7075
vn 0.1443 0.6924 0.7069
vn 0.4415 -0.5526 0.7069
vn 0.4843 -0.5157 0.7068
vn 0.3688 0.6036 0.7069
vn -0.4151 0.5715 0.7078
vn -0.4159 0.5725 0.7066
vn 0.5073 0.4929 0.7069
vn 0.6620 0.2491 0.7069
vn 0.6723 0.2184 0.7073
vn 0.6820 0.1875 0.7069
vn -0.6939 0.1324 0.7078
vn -0.6949 0.1326 0.7068
vn -0.6720 -0.2183 0.7076
vn -0.6730 -0.2187 0.7066
vn -0.4837 -0.5150 0.7076
vn -0.4843 -0.5157 0.7068
vn 0.4156 -0.5719 0.7072
vn 0.3891 -0.5907 0.7069
vn 0.2602 -0.6572 0.7074
vn 0.0885 -0.7012 0.7074
vn -0.1253 -0.9921 -0.0000
vn 0.1253 -0.9921 -0.0000
vn 0.2487 -0.9686 -0.0000
vn 0.3681 -0.9298 -0.0000
vn 0.4818 -0.8763 -0.0000
vn 0.5878 -0.8090 -0.0000
vn 0.6846 -0.7290 -0.0000
vn 0.7705 -0.6374 -0.0000
vn 0.8443 -0.5358 -0.0000
vn 0.9048 -0.4258 -0.0000
vn 0.9511 -0.3090 -0.0000
vn 0.9823 -0.1874 -0.0000
vn 0.9980 -0.0628 -0.0000
vn 0.9980 0.0628 -0.0000
vn 0.9823 0.1874 -0.0000
vn 0.9511 0.3090 -0.0000
vn 0.9048 0.4258 -0.0000
vn 0.8443 0.5358 -0.0000
vn 0.7705 0.6374 -0.0000
vn 0.6846 0.7290 -0.0000
vn 0.5878 0.8090 -0.0000
vn 0.4818 0.8763 -0.0000
vn 0.3681 0.9298 -0.0000
vn 0.2487 0.9686 -0.0000
vn 0.1253 0.9921 -0.0000
vn -0.1253 0.9921 -0.0000
vn -0.2487 0.9686 -0.0000
vn -0.3681 0.9298 -0.0000
vn -0.4818 0.8763 -0.0000
vn -0.4817 0.8763 -0.0000
vn -0.5878 0.8090 -0.0000
vn -0.6846 0.7290 -0.0000
vn -0.7705 0.6374 -0.0000
vn -0.8443 0.5358 -0.0000
vn -0.9048 0.4258 -0.0000
vn -0.9511 0.3090 -0.0000
vn -0.9823 0.1874 -0.0000
vn -0.9980 0.0628 -0.0000
vn -0.9980 -0.0628 -0.0000
vn -0.9823 -0.1874 -0.0000
vn -0.9511 -0.3090 -0.0000
vn -0.9048 -0.4258 -0.0000
vn -0.8443 -0.5358 -0.0000
vn -0.7705 -0.6374 -0.0000
vn -0.6846 -0.7290 -0.0000
vn -0.5878 -0.8090 -0.0000
vn -0.4818 -0.8763 -0.0000
vn -0.3681 -0.9298 -0.0000
vn -0.2487 -0.9686 -0.0000
vn -0.8673 0.4977 -0.0000
vn -0.9048 0.4258 0.0006
vn -0.8647 0.5023 -0.0000
vn -0.7126 0.7016 -0.0000
vn -0.7705 0.6374 -0.0005
vn -0.7705 0.6374 0.0005
vn 0.9364 0.3510 -0.0000
vn 0.9625 0.2714 -0.0000
vn 0.9639 0.2664 -0.0000
vn -0.5441 -0.8390 -0.0009
vn -0.4818 -0.8763 0.0005
vn -0.5556 -0.8314 -0.0000
vn -0.1253 0.9921 0.0006
vn -0.2053 0.9787 -0.0000
vn -0.2105 0.9776 -0.0000
vn -0.4043 -0.9146 -0.0000
vn -0.4752 -0.8799 -0.0005
vn -0.4032 -0.9151 0.0005
vn 0.9889 -0.1487 -0.0000
vn 0.9715 -0.2371 -0.0007
vn 0.9819 -0.1895 -0.0016
vn -0.9364 0.3510 -0.0000
vn -0.9382 0.3461 -0.0000
vn 0.9492 -0.3148 -0.0007
vn 0.9208 -0.3899 -0.0000
vn 0.9205 -0.3907 0.0005
vn -0.3682 0.9298 -0.0005
vn -0.4470 0.8946 -0.0000
vn -0.3681 0.9298 0.0005
vn 0.3681 0.9298 0.0005
vn 0.2916 0.9565 -0.0000
vn 0.2865 0.9581 -0.0000
vn 0.2053 0.9787 -0.0000
vn 0.2105 0.9776 -0.0000
vn 0.8647 0.5023 -0.0000
vn 0.8197 0.5729 -0.0000
vn 0.8227 0.5685 -0.0000
vn -0.9208 -0.3899 -0.0000
vn -0.9492 -0.3148 -0.0007
vn -0.9205 -0.3907 0.0005
vn -0.5203 0.8540 -0.0000
vn -0.5158 0.8567 -0.0000
vn 0.4818 -0.8763 0.0005
vn 0.5441 -0.8390 -0.0009
vn 0.5556 -0.8314 -0.0000
vn 0.6191 -0.7853 -0.0000
vn 0.6785 -0.7346 -0.0004
vn 0.6846 -0.7290 0.0005
vn 0.5158 0.8567 -0.0000
vn 0.4423 0.8969 -0.0000
vn 0.4470 0.8946 -0.0000
vn -0.8874 -0.4609 -0.0000
vn -0.9050 -0.4253 -0.0026
vn 0.7705 0.6374 -0.0005
vn 0.7705 0.6374 0.0005
vn -0.9639 0.2664 -0.0000
vn -0.9737 0.2277 -0.0011
vn -0.9823 0.1874 0.0005
vn -0.9625 0.2715 -0.0000
vn 0.1253 0.9921 -0.0006
vn 0.1253 0.9921 0.0006
vn 0.9978 -0.0666 -0.0007
vn 0.9891 -0.1473 0.0003
vn -0.5878 0.8090 -0.0007
vn -0.5878 0.8090 0.0007
vn -0.0000 -1.0000 0.0003
vn -0.0797 -0.9968 -0.0002
vn -0.0000 -1.0000 -0.0003
vn 0.9382 0.3461 -0.0000
vn 0.9048 0.4258 -0.0006
vn 0.9048 0.4258 0.0006
vn 0.9997 0.0236 -0.0000
vn 0.9997 -0.0229 -0.0010
vn 0.0797 -0.9968 -0.0002
vn 0.9511 -0.3090 0.0007
vn 0.7949 -0.6067 -0.0000
vn 0.7353 -0.6777 -0.0010
vn 0.7713 -0.6364 -0.0023
vn -0.6514 0.7587 -0.0000
vn -0.6554 0.7553 -0.0000
vn -0.1641 -0.9864 -0.0000
vn -0.2449 -0.9695 -0.0006
vn -0.1668 -0.9860 0.0002
vn 0.0445 0.9990 -0.0000
vn 0.0393 0.9992 -0.0000
vn 0.7163 0.6978 -0.0000
vn -0.0863 -0.9963 -0.0000
vn -0.3313 -0.9435 -0.0000
vn 0.1668 -0.9860 0.0002
vn 0.0863 -0.9963 -0.0000
vn 0.9944 0.1058 0.0001
vn 0.9948 0.1019 -0.0000
vn 0.2449 -0.9695 -0.0006
vn 0.1641 -0.9864 -0.0000
vn -0.7949 -0.6067 -0.0000
vn -0.7713 -0.6364 -0.0023
vn -0.7353 -0.6777 -0.0010
vn 0.7126 0.7015 -0.0000
vn 0.6514 0.7588 -0.0000
vn 0.6553 0.7553 -0.0000
vn 0.5859 -0.8104 -0.0012
vn 0.6171 -0.7869 0.0007
vn -0.8812 -0.4728 -0.0009
vn -0.8443 -0.5358 0.0005
vn -0.0445 0.9990 -0.0000
vn -0.0393 0.9992 -0.0000
vn 0.9825 0.1861 -0.0005
vn 0.5878 0.8090 -0.0007
vn 0.5878 0.8090 0.0007
vn -0.6846 -0.7290 0.0005
vn -0.7449 -0.6671 -0.0000
vn 0.8402 -0.5423 -0.0005
vn 0.7936 -0.6085 0.0007
vn -0.9948 0.1019 -0.0000
vn -0.9825 0.1861 -0.0005
vn -0.9944 0.1058 0.0001
vn -0.9999 0.0170 -0.0002
vn -0.9997 -0.0229 -0.0010
vn -0.9980 -0.0628 0.0007
vn -0.3214 -0.9469 -0.0006
vn -0.2487 -0.9686 0.0006
vn -0.8197 0.5728 -0.0000
vn -0.8227 0.5685 -0.0000
vn 0.8812 -0.4728 -0.0009
vn 0.8443 -0.5358 0.0005
vn -0.8402 -0.5423 -0.0005
vn -0.7936 -0.6085 0.0007
vn -0.7163 0.6978 -0.0000
vn 0.9737 0.2277 -0.0011
vn -0.9889 -0.1487 -0.0000
vn -0.9978 -0.0666 -0.0007
vn -0.9891 -0.1473 0.0003
vn 0.3214 -0.9469 -0.0006
vn 0.2487 -0.9686 0.0006
vn -0.2916 0.9566 -0.0000
vn -0.2865 0.9581 -0.0000
vn 0.3313 -0.9435 -0.0000
vn 0.4032 -0.9151 0.0005
vn 0.4043 -0.9146 -0.0000
vn -0.6191 -0.7853 -0.0000
vn -0.5859 -0.8104 -0.0012
vn -0.1253 0.9921 -0.0006
vn -0.6785 -0.7346 -0.0004
vn -0.6171 -0.7869 0.0007
vn -0.9997 0.0236 -0.0000
vn -0.9819 -0.1895 -0.0016
vn -0.9742 -0.2257 -0.0000
vn 0.5203 0.8540 -0.0000
vn 0.9050 -0.4253 -0.0026
vn -0.9511 -0.3090 0.0007
vn -0.9715 -0.2371 -0.0007
vn 0.4752 -0.8799 -0.0005
vn 0.8673 0.4977 -0.0000
vn -0.0000 -0.7064 0.7078
vn -0.0000 -0.7071 0.7071
vn 0.6721 -0.2183 0.7075
vn 0.6394 -0.3009 0.7076
vn 0.1756 -0.6839 0.7081
vn 0.1760 -0.6854 0.7066
vn -0.2602 -0.6572 0.7074
vn 0.3405 -0.6192 0.7075
vn 0.2601 -0.6571 0.7075
vn 0.4151 0.5714 0.7079
vn -0.4156 -0.5718 0.7073
vn -0.3405 -0.6192 0.7075
vn -0.3408 -0.6198 0.7069
vn -0.5237 -0.4754 0.7069
vn 0.5965 -0.3785 0.7077
vn 0.6256 -0.3301 0.7069
vn 0.7050 -0.0444 0.7078
vn -0.7054 0.0444 0.7075
vn -0.7031 0.0766 0.7069
vn 0.7053 0.0444 0.7076
vn -0.6391 0.3007 0.7079
vn -0.6723 0.2185 0.7073
vn -0.6820 0.1876 0.7069
vn -0.5793 0.4059 0.7069
vn -0.5448 0.4507 0.7071
vn 0.5967 0.3786 0.7076
vn -0.5969 0.3788 0.7073
vn 0.5793 0.4059 0.7069
vn 0.5445 0.4504 0.7076
vn -0.1759 -0.6852 0.7068
vn -0.4836 0.5151 0.7077
vn 0.7031 0.0766 0.7069
vn -0.1759 0.6847 0.7073
vn 0.5237 -0.4754 0.7069
vn 0.4837 -0.5150 0.7077
vn 0.4840 -0.5155 0.7071
vn -0.0000 0.7069 0.7073
vn 0.6820 0.1876 0.7069
vn -0.6946 0.1325 0.7071
vn -0.4837 -0.5150 0.7077
vn -0.4840 -0.5155 0.7071
vn 0.4156 -0.5718 0.7073
vn 0.0885 -0.7012 0.7075
vn -0.9048 0.4258 0.0005
vn -0.7705 0.6374 -0.0007
vn -0.7705 0.6374 0.0007
vn 0.9363 0.3511 -0.0000
vn -0.4818 -0.8763 -0.0003
vn -0.5556 -0.8315 -0.0000
vn -0.5512 -0.8344 -0.0000
vn -0.1253 0.9921 0.0003
vn -0.4091 -0.9125 -0.0000
vn -0.4818 -0.8763 0.0003
vn 0.9896 -0.1435 -0.0000
vn 0.9742 -0.2257 -0.0000
vn 0.9730 -0.2310 -0.0000
vn 0.9511 -0.3090 -0.0007
vn 0.9229 -0.3851 -0.0000
vn -0.3682 0.9298 -0.0003
vn -0.3682 0.9298 0.0003
vn 0.3682 0.9298 -0.0000
vn 0.8647 0.5022 -0.0000
vn -0.9510 -0.3090 0.0007
vn -0.9229 -0.3851 -0.0000
vn -0.9208 -0.3900 -0.0000
vn 0.5512 -0.8344 -0.0000
vn 0.6846 -0.7289 -0.0003
vn 0.6232 -0.7821 -0.0000
vn 0.4422 0.8969 -0.0000
vn 0.4470 0.8945 -0.0000
vn -0.8850 -0.4656 -0.0000
vn 0.7705 0.6374 -0.0007
vn -0.9625 0.2714 -0.0000
vn -0.9823 0.1874 -0.0006
vn -0.9823 0.1874 0.0006
vn 0.1253 0.9921 -0.0003
vn 0.1253 0.9921 0.0003
vn 0.9980 -0.0628 -0.0006
vn 0.9889 -0.1486 -0.0000
vn -0.5878 0.8090 -0.0006
vn -0.5878 0.8090 0.0006
vn -0.0862 -0.9963 -0.0000
vn -0.0811 -0.9967 -0.0000
vn 0.9048 0.4258 -0.0005
vn 0.9048 0.4258 0.0005
vn 0.9998 0.0184 -0.0000
vn 0.9980 -0.0628 0.0006
vn 0.0811 -0.9967 -0.0000
vn 0.7982 -0.6024 -0.0000
vn 0.7449 -0.6671 -0.0000
vn 0.7413 -0.6711 -0.0000
vn -0.6515 0.7587 -0.0000
vn -0.1694 -0.9855 -0.0000
vn -0.2487 -0.9686 -0.0006
vn 0.7705 0.6374 0.0007
vn 0.7163 0.6977 -0.0000
vn 0.7126 0.7016 -0.0000
vn 0.6846 -0.7289 0.0003
vn -0.1642 -0.9864 -0.0000
vn -0.3264 -0.9452 -0.0000
vn -0.4044 -0.9146 -0.0000
vn 0.1642 -0.9864 -0.0000
vn 0.1694 -0.9855 -0.0000
vn 0.9997 0.0235 -0.0000
vn 0.9942 0.1071 -0.0000
vn 0.2487 -0.9686 -0.0006
vn -0.7413 -0.6711 -0.0000
vn -0.7949 -0.6068 -0.0000
vn -0.7981 -0.6025 -0.0000
vn 0.5556 -0.8315 -0.0000
vn -0.8443 -0.5358 -0.0005
vn 0.9823 0.1874 -0.0006
vn -0.6846 -0.7289 -0.0000
vn 0.8443 -0.5359 -0.0005
vn -0.9942 0.1071 -0.0000
vn -0.9997 0.0235 -0.0000
vn -0.9980 -0.0628 -0.0006
vn -0.9980 -0.0628 0.0006
vn -0.8196 0.5729 -0.0000
vn -0.8226 0.5685 -0.0000
vn 0.8874 -0.4609 -0.0000
vn 0.8850 -0.4656 -0.0000
vn 0.9823 0.1874 0.0006
vn -0.9896 -0.1435 -0.0000
vn -0.9889 -0.1486 -0.0000
vn 0.3264 -0.9452 -0.0000
vn 0.4091 -0.9125 -0.0000
vn -0.6232 -0.7821 -0.0000
vn -0.1253 0.9921 -0.0003
vn -0.9998 0.0184 -0.0000
vn -0.9730 -0.2310 -0.0000
vn -0.9510 -0.3090 -0.0007
vn -0.9952 -0.0000 0.0980
vn -0.9569 -0.0000 0.2903
vn -0.8819 -0.0000 0.4714
vn -0.7730 -0.0000 0.6344
vn -0.6344 -0.0000 0.7730
vn -0.4714 -0.0000 0.8819
vn -0.2903 -0.0000 0.9569
vn -0.0980 -0.0000 0.9952
vn 0.0980 -0.0000 0.9952
vn 0.2903 -0.0000 0.9569
vn 0.4714 -0.0000 0.8819
vn 0.6344 -0.0000 0.7730
vn 0.7730 -0.0000 0.6344
vn 0.8819 -0.0000 0.4714
vn 0.9569 -0.0000 0.2903
vn 0.9952 -0.0000 0.0980
vn -0.0980 -0.0000 -0.9952
vn -0.2903 -0.0000 -0.9569
vn -0.4714 -0.0000 -0.8819
vn -0.6344 -0.0000 -0.7730
vn -0.7730 -0.0000 -0.6344
vn -0.8819 -0.0000 -0.4714
vn -0.9569 -0.0000 -0.2903
vn -0.9952 -0.0000 -0.0980
vn 0.9952 -0.0000 -0.0980
vn 0.9569 -0.0000 -0.2903
vn 0.8819 -0.0000 -0.4714
vn 0.7730 -0.0000 -0.6344
vn 0.6344 -0.0000 -0.7730
vn 0.4714 -0.0000 -0.8819
vn 0.2903 -0.0000 -0.9569
vn 0.0980 -0.0000 -0.9952
vn 0.0001 -0.0000 -1.0000
vn -0.0011 -0.0000 -1.0000
vn 0.0004 -0.0000 -1.0000
vn -0.7410 -0.0000 0.6716
vn 0.7409 -0.0000 0.6716
vn -0.0001 -0.0000 1.0000
vn 0.0003 -0.0000 1.0000
vn 0.6730 -0.2187 0.7066
vn 0.4159 0.5725 0.7066
vn 0.5973 -0.3791 0.7068
vn 0.7062 -0.0444 0.7066
vn 0.6402 0.3013 0.7067
vn 0.5451 0.4509 0.7068
vn 0.6949 0.1326 0.7068
vn 0.2605 0.6578 0.7068
vn 0.0887 0.7020 0.7067
vn -0.2605 0.6578 0.7068
vn -0.0887 0.7020 0.7067
vn -0.9048 0.4258 -0.0006
vn -0.4423 0.8969 -0.0000
vn 0.3682 0.9298 -0.0005
vn 0.9980 -0.0628 0.0007
vn 0.9999 0.0170 -0.0002
vn 0.9823 0.1874 0.0005
vn 0.3408 -0.6198 0.7069
vn 0.5970 -0.3789 0.7071
vn 0.6401 0.3012 0.7068
vn 0.5448 0.4507 0.7071
vn 0.6946 0.1325 0.7071
vn 0.2604 0.6577 0.7069
vn 0.0887 0.7020 0.7066
vn -0.2604 0.6577 0.7069
vn -0.9048 0.4258 -0.0005
vn 0.8443 -0.5359 0.0005
vt 0.125000 0.750000
vt 0.375000 0.500000
vt 0.375000 0.750000
vt 0.400000 0.250000
vt 0.375000 0.250000
vt 0.375000 1.000000
vt 0.400000 0.750000
vt 0.400000 1.000000
vt 0.217445 0.750000
vt 0.219637 0.750000
vt 0.217445 0.750000
vt 0.284687 0.750000
vt 0.283012 0.750000
vt 0.412584 1.000000
vt 0.418876 0.750000
vt 0.405041 0.750000
vt 0.375417 0.750000
vt 0.793299 0.750000
vt 0.784420 0.500000
vt 0.793299 0.500000
vt 0.802091 0.750000
vt 0.802091 0.500000
vt 0.810714 0.750000
vt 0.810714 0.500000
vt 0.819084 0.750000
vt 0.819084 0.500000
vt 0.827119 0.750000
vt 0.827119 0.500000
vt 0.834744 0.750000
vt 0.834744 0.500000
vt 0.841883 0.750000
vt 0.841883 0.500000
vt 0.875000 0.750000
vt 0.875000 0.500000
vt 0.615562 0.000000
vt 0.621219 0.263265
vt 0.615562 0.256854
vt 0.613527 0.000000
vt 0.613527 0.255089
vt 0.611354 0.000000
vt 0.611354 0.253565
vt 0.609064 0.000000
vt 0.609064 0.252298
vt 0.606679 0.000000
vt 0.606679 0.251300
vt 0.604221 0.000000
vt 0.604221 0.250580
vt 0.601715 0.000000
vt 0.601715 0.250145
vt 0.599185 0.000000
vt 0.599185 0.250000
vt 0.685387 0.780193
vt 0.679426 0.472766
vt 0.685387 0.469807
vt 0.679426 0.777234
vt 0.673440 0.475697
vt 0.673440 0.774303
vt 0.667487 0.478571
vt 0.667487 0.771429
vt 0.661623 0.481361
vt 0.661623 0.768639
vt 0.655904 0.484040
vt 0.655904 0.765960
vt 0.650387 0.486581
vt 0.650387 0.763419
vt 0.645124 0.488961
vt 0.645124 0.761039
vt 0.622480 0.491157
vt 0.622480 0.758843
vt 0.615562 0.493146
vt 0.615562 0.756854
vt 0.613527 0.494912
vt 0.613527 0.755089
vt 0.611354 0.496435
vt 0.611354 0.753565
vt 0.609064 0.497702
vt 0.609064 0.752298
vt 0.606679 0.498700
vt 0.606679 0.751300
vt 0.604221 0.499420
vt 0.604221 0.750580
vt 0.601715 0.499855
vt 0.601715 0.750145
vt 0.599185 0.500000
vt 0.437023 0.903755
vt 0.434420 1.000000
vt 0.431046 1.000000
vt 0.451630 0.750000
vt 0.440622 0.845784
vt 0.446570 0.750000
vt 0.433038 0.903755
vt 0.427705 1.000000
vt 0.436250 0.845784
vt 0.441558 0.750000
vt 0.429131 0.903755
vt 0.424429 1.000000
vt 0.431963 0.845784
vt 0.436643 0.750000
vt 0.421248 1.000000
vt 0.427386 0.903198
vt 0.428642 0.903755
vt 0.429995 0.846341
vt 0.431872 0.750000
vt 0.431427 0.845784
vt 0.423148 0.874769
vt 0.418195 1.000000
vt 0.427292 0.750000
vt 0.422946 0.750000
vt 0.415297 1.000000
vt 0.403907 0.750000
vt 0.402900 0.750000
vt 0.401413 0.874772
vt 0.400462 0.930577
vt 0.400556 0.925409
vt 0.401204 0.818966
vt 0.401310 0.750000
vt 0.401311 0.824135
vt 0.400235 0.943603
vt 0.400297 0.939706
vt 0.400808 0.805941
vt 0.400741 0.750000
vt 0.400937 0.809837
vt 0.400000 1.000000
vt 0.400098 0.952303
vt 0.400133 0.949923
vt 0.400415 0.797240
vt 0.400331 0.750000
vt 0.400532 0.799620
vt 0.400027 0.956133
vt 0.400045 0.955419
vt 0.400083 0.750000
vt 0.400271 0.795211
vt 0.400206 0.794125
vt 0.400008 0.955847
vt 0.400013 0.956275
vt 0.400036 0.793697
vt 0.400062 0.793268
vt 0.620786 0.866151
vt 0.622193 0.859214
vt 0.400000 0.245833
vt 0.606766 0.352864
vt 0.436295 0.346507
vt 0.613848 0.416977
vt 0.400000 0.504167
vt 0.599185 0.750000
vt 0.375417 0.000000
vt 0.400000 0.793411
vt 0.400000 0.793268
vt 0.400000 0.948535
vt 0.400000 0.951181
vt 0.400000 0.000000
vt 0.375000 0.000000
vt 0.400000 0.500000
vt 0.176777 -0.993790
vt -0.176777 -1.021018
vt 0.176777 -1.021018
vt 0.176777 -0.639838
vt -0.176777 -0.612611
vt -0.176777 -0.653451
vt -0.176777 0.980177
vt 0.176777 0.966563
vt 0.176777 0.993790
vt -0.176777 1.021018
vt 0.176777 1.021018
vt 0.176777 -0.912109
vt -0.176777 -0.939336
vt 0.176777 -0.939336
vt -0.176777 0.898495
vt 0.176777 0.884882
vt 0.176777 0.912109
vt -0.176777 -0.857655
vt 0.176777 -0.884882
vt 0.176777 -0.857655
vt 0.176777 -0.231431
vt -0.176777 -0.204204
vt -0.176777 -0.245044
vt -0.176777 0.816814
vt 0.176777 0.803201
vt 0.176777 0.830428
vt -0.176777 0.857655
vt 0.176777 0.857655
vt 0.176777 0.721519
vt -0.176777 0.694292
vt 0.176777 0.694292
vt -0.176777 0.735133
vt 0.176777 0.748746
vt 0.176777 -0.721519
vt -0.176777 -0.694292
vt -0.176777 -0.735133
vt 0.176777 -0.667065
vt -0.176777 0.653451
vt 0.176777 0.639838
vt 0.176777 0.667065
vt 0.176777 -0.585383
vt -0.176777 -0.571770
vt -0.176777 0.571770
vt 0.176777 0.558156
vt 0.176777 0.585383
vt 0.176777 -0.558156
vt -0.176777 -0.530929
vt -0.176777 0.530929
vt 0.176777 0.530929
vt -0.176777 0.490088
vt 0.176777 0.476475
vt 0.176777 0.503702
vt 0.176777 -0.503702
vt -0.176777 -0.490088
vt -0.176777 0.367566
vt 0.176777 0.340339
vt 0.176777 0.367566
vt 0.176777 0.394793
vt 0.176777 0.422021
vt -0.176777 0.408407
vt 0.176777 0.313112
vt -0.176777 0.285885
vt 0.176777 0.285885
vt -0.176777 -0.367566
vt 0.176777 -0.340339
vt -0.176777 -0.326726
vt -0.176777 0.326726
vt 0.176777 -0.313112
vt -0.176777 -0.285885
vt -0.176777 0.939336
vt 0.176777 0.939336
vt -0.176777 0.245044
vt 0.176777 0.231431
vt 0.176777 0.258658
vt 0.176777 -0.476475
vt -0.176777 -0.449248
vt 0.176777 -0.966563
vt -0.176777 0.163363
vt 0.176777 0.149749
vt 0.176777 0.176976
vt 0.176777 -0.149749
vt -0.176777 -0.122522
vt -0.176777 -0.163363
vt 0.176777 -0.095295
vt -0.176777 -0.081681
vt -0.176777 0.081681
vt 0.176777 0.068068
vt 0.176777 0.095295
vt -0.176777 -0.775973
vt 0.176777 -0.748746
vt -0.176777 -0.040841
vt 0.176777 -0.013614
vt -0.176777 -0.000000
vt 0.176777 0.013614
vt -0.176777 0.122522
vt -0.176777 0.040841
vt 0.176777 -0.068068
vt 0.176777 -0.803201
vt 0.176777 -0.775973
vt 0.176777 -0.176976
vt -0.176777 0.204204
vt 0.176777 0.204204
vt 0.176777 -0.258658
vt 0.176777 -0.394793
vt -0.176777 -0.408407
vt 0.176777 -0.422021
vt -0.176777 0.449248
vt 0.176777 0.449248
vt -0.176777 0.612611
vt 0.176777 0.612611
vt -0.176777 0.775973
vt 0.176777 0.775973
vt -0.176777 -0.816814
vt 0.176777 -0.830428
vt -0.176777 -0.898495
vt -0.176777 -0.980177
vt 0.000000 0.000000
vt 0.176777 0.285885
vt 0.176777 0.040841
vt 0.176777 -0.581271
vt 0.176777 0.394793
vt 0.176777 -0.612611
vt 0.176777 0.122522
vt 0.176777 -0.122522
vt 0.176777 0.176976
vt 0.176777 -0.775973
vt 0.176777 0.654194
vt 0.176777 -0.285885
vt 0.176777 0.439157
vt 0.176777 0.422021
vt 0.176777 -0.040841
vt 0.176777 -0.530929
vt 0.176777 0.204204
vt 0.176777 0.993790
vt 0.176777 -0.367566
vt 0.176777 -0.510580
vt 0.176777 -0.993790
vt 0.176777 -0.733419
vt 0.176777 0.231431
vt 0.176777 0.733419
vt 0.176777 0.748746
vt 0.176777 -0.828782
vt 0.176777 -0.803201
vt 0.176777 -0.449248
vt 0.176777 -0.204204
vt 0.176777 -0.694292
vt 0.176777 0.476475
vt 0.176777 0.510580
vt 0.176777 0.313112
vt 0.176777 -0.694292
vt 0.176777 0.258658
vt 0.176777 -0.439157
vt 0.176777 0.558156
vt 0.176777 -0.939336
vt 0.176777 0.095295
vt 0.176777 0.828782
vt 0.176777 0.775973
vt 0.176777 0.581271
vt 0.176777 -0.654194
vt 0.176777 -0.857655
vt 0.176777 0.122522
vt 0.176777 0.857655
vt 0.176777 0.884882
vt 0.176777 0.639838
vt 0.176777 0.667065
vt 0.176777 0.449248
vt 0.176777 0.422021
vt 0.176777 0.912109
vt 0.176777 0.694292
vt 0.176777 0.775973
vt 0.176777 0.476475
vt 0.176777 0.530929
vt 0.176777 0.939336
vt 0.176777 0.721519
vt 0.176777 0.558156
vt 0.176777 0.830428
vt 0.176777 0.803201
vt 0.176777 0.503702
vt 0.176777 0.585383
vt 0.176777 0.612611
vt 0.250000 0.751373
vt 0.250000 0.758573
vt 0.250000 0.598965
vt 0.750000 0.772626
vt 0.718750 0.598965
vt 0.718750 0.778210
vt 0.718750 0.778210
vt 0.687500 0.598965
vt 0.687500 0.783580
vt 0.665744 0.787025
vt 0.656250 0.789013
vt 0.625000 0.598965
vt 0.625000 0.794747
vt 0.593750 0.598965
vt 0.593750 0.799452
vt 0.562500 0.598965
vt 0.562500 0.802949
vt 0.531250 0.598965
vt 0.531250 0.805102
vt 0.500000 0.598965
vt 0.500000 0.805829
vt 0.468750 0.805102
vt 0.468750 0.598965
vt 0.437500 0.802949
vt 0.437500 0.598965
vt 0.406250 0.799452
vt 0.437500 0.598965
vt 0.406250 0.598965
vt 0.375000 0.794747
vt 0.406250 0.598965
vt 0.375000 0.598965
vt 0.343750 0.789013
vt 0.375000 0.598965
vt 0.343750 0.598965
vt 0.334256 0.787025
vt 0.312500 0.783580
vt 0.281250 0.778210
vt 0.312500 0.598965
vt 0.281250 0.598965
vt 0.250000 0.772626
vt 1.000000 0.748965
vt 0.968750 0.598965
vt 0.968750 0.748965
vt 0.937500 0.598965
vt 0.937500 0.748965
vt 0.906250 0.598965
vt 0.906250 0.748965
vt 0.875000 0.598965
vt 0.875000 0.748965
vt 0.843750 0.598965
vt 0.843750 0.748965
vt 0.812500 0.598965
vt 0.812500 0.748965
vt 0.781250 0.598965
vt 0.781250 0.748965
vt 0.750000 0.598965
vt 0.750000 0.748965
vt 0.250000 0.748965
vt 0.218750 0.598965
vt 0.218750 0.748965
vt 0.187500 0.598965
vt 0.187500 0.748965
vt 0.156250 0.598965
vt 0.156250 0.748965
vt 0.125000 0.598965
vt 0.125000 0.748965
vt 0.093750 0.598965
vt 0.093750 0.748965
vt 0.062500 0.598965
vt 0.062500 0.748965
vt 0.031250 0.598965
vt 0.031250 0.748965
vt 0.000000 0.598965
vt 0.000000 0.748965
vt 0.750000 0.748965
vt 0.750000 0.598965
vt 0.750000 0.751373
vt 0.125000 0.500000
vt 0.283012 0.750000
vt 0.280820 0.750000
vt 0.278146 0.750000
vt 0.275031 0.750000
vt 0.285818 0.750000
vt 0.286389 0.750000
vt 0.271525 0.750000
vt 0.267683 0.750000
vt 0.286389 0.750000
vt 0.285818 0.750000
vt 0.263566 0.750000
vt 0.259239 0.750000
vt 0.254770 0.750000
vt 0.250228 0.750000
vt 0.280820 0.750000
vt 0.278146 0.750000
vt 0.245687 0.750000
vt 0.241218 0.750000
vt 0.275031 0.750000
vt 0.271525 0.750000
vt 0.236890 0.750000
vt 0.232774 0.750000
vt 0.267683 0.750000
vt 0.228932 0.750000
vt 0.225426 0.750000
vt 0.263566 0.750000
vt 0.222311 0.750000
vt 0.219637 0.750000
vt 0.241218 0.750000
vt 0.215770 0.750000
vt 0.214638 0.750000
vt 0.232774 0.750000
vt 0.214068 0.750000
vt 0.214068 0.750000
vt 0.228932 0.750000
vt 0.214638 0.750000
vt 0.215770 0.750000
vt 0.222311 0.750000
vt 0.285818 0.750000
vt 0.280820 0.750000
vt 0.275031 0.750000
vt 0.286389 0.750000
vt 0.285818 0.750000
vt 0.284687 0.750000
vt 0.263566 0.750000
vt 0.283012 0.750000
vt 0.280820 0.750000
vt 0.254770 0.750000
vt 0.278146 0.750000
vt 0.275031 0.750000
vt 0.250228 0.750000
vt 0.245687 0.750000
vt 0.241218 0.750000
vt 0.236890 0.750000
vt 0.259239 0.750000
vt 0.232774 0.750000
vt 0.228932 0.750000
vt 0.250228 0.750000
vt 0.222311 0.750000
vt 0.245687 0.750000
vt 0.241218 0.750000
vt 0.219637 0.750000
vt 0.236890 0.750000
vt 0.215770 0.750000
vt 0.214638 0.750000
vt 0.222311 0.750000
vt 0.219637 0.750000
vt 0.402032 0.750000
vt 0.784420 0.750000
vt 0.625000 0.000000
vt 0.441046 0.903755
vt 0.445037 0.845784
vt 0.437023 0.903755
vt 0.433038 0.903755
vt 0.425511 0.899684
vt 0.426226 0.901548
vt 0.428572 0.847990
vt 0.427629 0.849855
vt 0.425198 0.898870
vt 0.425511 0.899684
vt 0.427629 0.849855
vt 0.427219 0.850669
vt 0.424340 0.895265
vt 0.425990 0.854273
vt 0.424934 0.858666
vt 0.423682 0.890873
vt 0.423252 0.885862
vt 0.424092 0.863677
vt 0.423491 0.869114
vt 0.423070 0.880424
vt 0.400649 0.920219
vt 0.400656 0.919885
vt 0.401387 0.829324
vt 0.401394 0.829658
vt 0.400773 0.914045
vt 0.400891 0.907930
vt 0.401479 0.835498
vt 0.401533 0.841614
vt 0.401009 0.901581
vt 0.401123 0.895045
vt 0.401559 0.847962
vt 0.401557 0.854498
vt 0.401231 0.888367
vt 0.401329 0.881593
vt 0.401531 0.861176
vt 0.401482 0.867950
vt 0.400649 0.920219
vt 0.400326 0.937804
vt 0.400373 0.935354
vt 0.401072 0.814189
vt 0.400987 0.811739
vt 0.401387 0.829324
vt 0.400153 0.948391
vt 0.400178 0.947016
vt 0.400664 0.802527
vt 0.400589 0.801153
vt 0.400987 0.811739
vt 0.400153 0.948391
vt 0.400060 0.954333
vt 0.400065 0.954139
vt 0.400290 0.795404
vt 0.400271 0.795211
vt 0.400014 0.956239
vt 0.400128 0.793411
vt 0.400069 0.793304
vt 0.400000 0.954271
vt 0.400002 0.954849
vt 0.400009 0.794694
vt 0.400000 0.795272
vt 0.625000 0.909420
vt 0.624876 0.918299
vt 0.624504 0.927091
vt 0.623888 0.935714
vt 0.623035 0.944084
vt 0.621952 0.952119
vt 0.620649 0.959744
vt 0.619140 0.966883
vt 0.617439 0.973470
vt 0.615562 0.979439
vt 0.613527 0.984734
vt 0.611354 0.989304
vt 0.609064 0.993105
vt 0.606679 0.996100
vt 0.604221 0.998259
vt 0.601715 0.999564
vt 0.599185 1.000000
vt 0.441046 0.903755
vt 0.605920 0.896066
vt 0.610422 0.833155
vt 0.608002 0.895103
vt 0.613145 0.832634
vt 0.615858 0.833179
vt 0.610172 0.892886
vt 0.612396 0.889452
vt 0.618397 0.834829
vt 0.614639 0.884884
vt 0.616849 0.879322
vt 0.620559 0.837620
vt 0.622137 0.841559
vt 0.618944 0.872978
vt 0.622965 0.846595
vt 0.622969 0.852571
vt 0.451630 0.000000
vt 0.436295 0.404475
vt 0.611165 0.416453
vt 0.619140 0.283117
vt 0.620649 0.290256
vt 0.621952 0.297881
vt 0.623035 0.305916
vt 0.623888 0.314286
vt 0.624504 0.322908
vt 0.624876 0.331701
vt 0.625000 0.340580
vt 0.616526 0.416430
vt 0.619035 0.414771
vt 0.434676 0.403911
vt 0.433120 0.402256
vt 0.621172 0.411965
vt 0.622731 0.408000
vt 0.431686 0.399572
vt 0.430430 0.395963
vt 0.623544 0.402928
vt 0.429399 0.391567
vt 0.428633 0.386554
vt 0.623540 0.396903
vt 0.622764 0.390197
vt 0.428162 0.381115
vt 0.621364 0.383181
vt 0.619538 0.376262
vt 0.428003 0.375460
vt 0.428162 0.369806
vt 0.617467 0.369819
vt 0.615289 0.364161
vt 0.428634 0.364370
vt 0.429400 0.359362
vt 0.613086 0.359515
vt 0.610909 0.356033
vt 0.430431 0.354973
vt 0.431687 0.351373
vt 0.608791 0.353804
vt 0.433120 0.348700
vt 0.434676 0.347057
vt 0.400000 0.793697
vt 0.400000 0.794694
vt 0.400000 0.795404
vt 0.400000 0.794125
vt 0.400000 0.953290
vt 0.400000 0.796253
vt 0.400000 0.798363
vt 0.400000 0.801009
vt 0.400000 0.804172
vt 0.400000 0.948535
vt 0.400000 0.945371
vt 0.400000 0.807830
vt 0.400000 0.811958
vt 0.400000 0.941713
vt 0.400000 0.937585
vt 0.400000 0.816527
vt 0.400000 0.821504
vt 0.400000 0.933017
vt 0.400000 0.928040
vt 0.400000 0.826854
vt 0.400000 0.832541
vt 0.400000 0.922689
vt 0.400000 0.838524
vt 0.400000 0.844762
vt 0.400000 0.796253
vt 0.400000 0.797240
vt 0.400000 0.799620
vt 0.400000 0.798363
vt 0.400000 0.801009
vt 0.400000 0.802527
vt 0.400000 0.805941
vt 0.400000 0.804172
vt 0.400000 0.807830
vt 0.400000 0.809837
vt 0.400000 0.814189
vt 0.400000 0.811958
vt 0.400000 0.818966
vt 0.400000 0.824135
vt 0.400000 0.826854
vt 0.400000 0.829658
vt 0.400000 0.835498
vt 0.400000 0.832541
vt 0.400000 0.841614
vt 0.400000 0.847962
vt 0.400000 0.844762
vt 0.400000 0.854498
vt 0.400000 0.851209
vt 0.400000 0.861176
vt 0.400000 0.857822
vt 0.400000 0.867950
vt 0.400000 0.864554
vt 0.400000 0.874772
vt 0.400000 0.871358
vt 0.400000 0.881593
vt 0.400000 0.878186
vt 0.400000 0.888367
vt 0.400000 0.884989
vt 0.400000 0.895045
vt 0.400000 0.891721
vt 0.400000 0.901582
vt 0.400000 0.898334
vt 0.400000 0.907930
vt 0.400000 0.904782
vt 0.400000 0.914045
vt 0.400000 0.911019
vt 0.400000 0.919885
vt 0.400000 0.917002
vt 0.400000 0.925409
vt 0.400000 0.851209
vt 0.400000 0.857822
vt 0.400000 0.930577
vt 0.400000 0.864554
vt 0.400000 0.935354
vt 0.400000 0.939706
vt 0.400000 0.871358
vt 0.400000 0.878186
vt 0.400000 0.943603
vt 0.400000 0.947016
vt 0.400000 0.884989
vt 0.400000 0.891721
vt 0.400000 0.949923
vt 0.400000 0.952303
vt 0.400000 0.898334
vt 0.400000 0.904782
vt 0.400000 0.954139
vt 0.400000 0.911019
vt 0.400000 0.917002
vt 0.400000 0.955419
vt 0.400000 0.956132
vt 0.400000 0.922689
vt 0.400000 0.928040
vt 0.400000 0.956275
vt 0.400000 0.955847
vt 0.400000 0.933017
vt 0.400000 0.937585
vt 0.400000 0.954849
vt 0.400000 0.953290
vt 0.400000 0.945371
vt 0.400000 0.000000
vt 0.176777 0.367566
vt 0.176777 0.857655
vt 0.176777 0.149749
vt 0.176777 -0.503702
vt 0.176777 -0.721519
vt 0.176777 0.340339
vt 0.250000 0.598965
vt 0.250000 0.748965
vt 0.250000 0.770495
vt 0.750000 0.598965
vt 0.656250 0.598965
vt 0.500000 0.805829
vt 0.468750 0.805102
vt 0.437500 0.802949
vt 0.281250 0.778210
vt 1.000000 0.598965
vt 0.968750 0.598965
vt 0.937500 0.598965
vt 0.906250 0.598965
vt 0.875000 0.598965
vt 0.843750 0.598965
vt 0.812500 0.598965
vt 0.187500 0.598965
vt 0.156250 0.598965
vt 0.125000 0.598965
vt 0.093750 0.598965
vt 0.062500 0.598965
vt 0.031250 0.598965
vt 0.750000 0.770495
vt 0.750000 0.758573
s 0
f 197/1/1 648/2/1 646/3/1
f 201/4/2 648/2/2 199/5/2
f 1/6/3 481/7/3 2/8/3
f 49/9/1 75/10/1 1/1/1
f 208/11/4 480/3/4 197/1/4
f 548/12/1 556/13/1 646/3/1
f 192/8/5 193/14/5 200/8/5
f 642/15/6 641/16/6 647/17/6
f 326/18/7 329/19/7 328/20/7
f 323/21/8 328/20/8 325/22/8
f 322/23/9 325/22/9 324/24/9
f 319/25/10 324/24/10 321/26/10
f 318/27/11 321/26/11 320/28/11
f 315/29/12 320/28/12 317/30/12
f 314/31/13 317/30/13 316/32/13
f 311/33/14 316/32/14 313/34/14
f 310/35/15 313/36/15 312/37/15
f 302/38/16 312/37/16 309/39/16
f 301/40/17 309/39/17 308/41/17
f 300/42/18 308/41/18 307/43/18
f 299/44/19 307/43/19 306/45/19
f 298/46/20 306/45/20 305/47/20
f 297/48/21 305/47/21 304/49/21
f 296/50/22 304/49/22 303/51/22
f 673/52/23 676/53/23 675/54/23
f 674/55/24 679/56/24 676/53/24
f 677/57/25 680/58/25 679/56/25
f 678/59/26 683/60/26 680/58/26
f 681/61/27 684/62/27 683/60/27
f 682/63/28 687/64/28 684/62/28
f 685/65/29 688/66/29 687/64/29
f 686/67/30 691/68/30 688/66/30
f 689/69/31 692/70/31 691/68/31
f 690/71/32 705/72/32 692/70/32
f 698/73/33 706/74/33 705/72/33
f 699/75/34 702/76/34 706/74/34
f 695/77/35 704/78/35 702/76/35
f 697/79/36 703/80/36 704/78/36
f 696/81/37 701/82/37 703/80/37
f 694/83/38 700/84/38 701/82/38
f 294/85/39 205/86/39 204/87/39
f 654/88/39 592/89/39 653/90/39
f 285/91/40 204/87/40 203/92/40
f 653/90/40 585/93/40 652/94/40
f 283/95/41 203/92/41 202/96/41
f 652/94/41 584/97/41 651/98/41
f 196/99/42 281/100/42 282/101/42
f 582/102/42 645/103/42 583/104/42
f 571/105/43 195/106/43 644/107/43
f 195/106/44 643/108/44 644/107/44
f 194/109/45 642/15/45 643/108/45
f 193/14/46 641/16/46 642/15/46
f 192/8/47 640/110/47 641/16/47
f 191/8/48 639/111/48 640/110/48
f 190/8/49 524/112/49 639/111/49
f 149/8/50 223/113/50 225/114/50
f 568/115/50 637/116/50 566/117/50
f 148/8/51 186/118/51 188/119/51
f 619/120/51 636/121/51 629/122/51
f 147/123/52 179/124/52 181/125/52
f 621/126/52 635/127/52 626/128/52
f 146/8/53 162/129/53 164/130/53
f 634/131/53 630/132/53 617/133/53
f 145/8/54 157/134/54 159/135/54
f 610/136/54 633/7/54 612/137/54
f 678/59/3 343/138/3 655/139/3
f 200/140/5 296/50/5 303/51/5
f 329/19/55 673/52/55 675/54/55
f 336/141/2 288/142/2 201/4/2
f 700/84/2 670/143/2 704/78/2
f 649/144/6 700/84/6 693/145/6
f 198/146/5 201/4/5 199/5/5
f 479/147/55 477/148/55 481/7/55
f 2/8/55 16/149/55 14/150/55
f 2/151/5 198/146/5 197/152/5
f 646/3/6 650/153/6 649/144/6
f 480/3/6 647/17/6 633/7/6
s 1
f 273/154/56 515/155/57 522/156/58
f 180/157/59 219/158/60 227/159/61
f 517/160/62 526/161/63 523/162/64
f 515/163/57 523/162/64 522/164/58
f 261/165/65 268/166/66 263/167/67
f 521/168/68 558/169/69 540/170/70
f 260/171/71 233/172/72 231/173/73
f 103/174/74 240/175/75 238/176/76
f 529/177/77 565/178/78 562/179/79
f 558/169/69 531/180/80 560/181/81
f 627/182/82 535/183/83 618/184/84
f 537/185/85 627/182/82 569/186/86
f 187/187/87 252/188/88 254/189/89
f 252/188/88 183/190/90 227/159/61
f 557/191/91 625/192/92 623/193/93
f 219/158/60 176/194/94 217/195/95
f 535/183/83 623/193/93 618/184/84
f 555/196/96 616/197/97 631/198/98
f 163/199/99 215/200/100 217/195/95
f 616/197/97 553/201/101 614/202/102
f 551/203/103 609/204/104 611/205/105
f 215/200/100 158/206/106 213/207/107
f 543/208/108 598/209/109 600/210/110
f 602/211/111 604/212/112 545/213/113
f 596/214/114 511/215/115 594/216/116
f 209/217/117 165/218/118 244/219/119
f 513/220/120 596/214/114 598/209/109
f 171/221/121 236/222/122 244/219/119
f 519/223/123 540/170/70 538/224/124
f 509/225/125 456/226/126 458/227/127
f 156/228/128 207/229/129 213/207/107
f 268/166/66 271/230/130 263/167/67
f 505/231/131 450/232/132 452/233/133
f 109/234/134 246/235/135 242/236/136
f 246/235/135 133/237/137 248/238/138
f 501/239/139 428/240/140 430/241/141
f 256/242/142 220/243/143 254/189/89
f 250/244/144 143/245/145 497/246/146
f 143/245/145 422/247/147 497/246/146
f 503/248/148 450/232/132 505/231/131
f 499/249/149 428/240/140 501/239/139
f 133/237/137 135/250/150 248/238/138
f 256/242/142 224/251/151 222/252/152
f 107/253/153 109/234/134 242/236/136
f 452/233/133 507/254/154 505/231/131
f 456/226/126 507/254/154 454/255/155
f 101/256/156 103/174/74 238/176/76
f 511/215/115 458/227/127 594/216/116
f 236/222/122 101/256/156 238/176/76
f 165/218/118 171/221/121 244/219/119
f 167/257/157 209/217/117 211/258/158
f 543/208/108 602/211/111 545/213/113
f 151/259/159 167/257/157 211/258/158
f 547/260/160 604/212/112 607/261/161
f 609/204/104 547/260/160 607/261/161
f 156/228/128 213/207/107 158/206/106
f 553/201/101 611/205/105 614/202/102
f 422/247/147 499/249/149 497/246/146
f 163/199/99 217/195/95 176/194/94
f 549/262/162 631/198/98 620/263/163
f 625/192/92 549/262/162 620/263/163
f 180/157/59 227/159/61 183/190/90
f 430/241/141 503/248/148 501/239/139
f 240/175/75 107/253/153 242/236/136
f 187/187/87 254/189/89 220/243/143
f 533/264/164 569/186/86 567/265/165
f 565/178/78 533/264/164 567/265/165
f 224/251/151 258/266/166 228/267/167
f 531/180/80 562/179/79 560/181/81
f 135/250/150 250/244/144 248/238/138
f 233/172/72 266/268/168 261/165/65
f 260/171/71 228/267/167 258/266/166
f 526/161/63 519/223/123 538/224/124
f 270/269/169 273/154/56 271/230/130
f 207/229/129 151/259/159 211/258/158
f 514/270/3 517/270/170 515/270/3
f 269/270/171 515/270/3 270/270/171
f 267/270/172 270/270/171 268/270/172
f 266/270/173 267/270/172 268/270/172
f 266/270/173 259/270/174 265/270/173
f 257/270/175 260/270/174 258/270/175
f 256/270/176 257/270/175 258/270/175
f 254/270/177 255/270/176 256/270/176
f 252/270/178 253/270/177 254/270/177
f 227/270/179 251/270/178 252/270/178
f 219/270/180 226/270/179 227/270/179
f 217/270/181 218/270/180 219/270/180
f 216/270/181 215/270/182 214/270/182
f 214/270/182 213/270/183 212/270/183
f 207/270/184 212/270/183 213/270/183
f 211/270/185 206/270/184 207/270/184
f 210/270/185 209/270/186 208/270/186
f 208/270/186 244/270/187 243/270/187
f 243/270/187 236/270/188 235/270/188
f 238/270/189 235/270/188 236/270/188
f 237/270/189 240/270/190 239/270/190
f 240/270/190 241/270/191 239/270/190
f 241/270/191 246/270/192 245/270/192
f 245/270/192 248/270/193 247/270/193
f 247/270/193 250/270/194 249/270/194
f 250/270/194 496/270/2 249/270/194
f 497/270/2 498/270/195 496/270/2
f 498/270/195 501/270/196 500/270/196
f 500/270/196 503/270/197 502/270/197
f 502/270/197 505/270/198 504/270/199
f 505/270/198 506/270/200 504/270/199
f 506/270/200 509/270/201 508/270/201
f 508/270/201 511/270/202 510/270/202
f 510/270/202 513/270/203 512/270/203
f 512/270/203 543/270/204 542/270/204
f 542/270/204 545/270/205 544/270/205
f 544/270/205 547/270/206 546/270/206
f 546/270/206 551/270/207 550/270/207
f 550/270/207 553/270/208 552/270/208
f 555/270/209 552/270/208 553/270/208
f 555/270/209 548/270/210 554/270/209
f 548/270/210 557/270/211 556/270/211
f 535/270/212 556/270/211 557/270/211
f 537/270/213 534/270/212 535/270/212
f 537/270/213 532/270/214 536/270/213
f 529/270/215 532/270/214 533/270/214
f 530/270/216 529/270/215 531/270/216
f 521/270/217 530/270/216 531/270/216
f 519/270/218 520/270/217 521/270/217
f 516/270/170 519/270/218 517/270/170
f 599/209/219 600/210/220 598/209/221
f 458/227/222 595/271/223 594/216/224
f 168/257/225 151/259/226 152/259/227
f 564/179/228 560/181/229 562/179/230
f 424/272/231 429/240/232 428/240/233
f 558/169/234 561/181/235 559/169/236
f 163/199/237 177/194/238 175/273/239
f 600/210/220 603/274/240 602/211/241
f 179/275/242 180/157/243 181/157/244
f 433/276/245 450/232/246 432/276/247
f 131/277/248 134/237/249 133/237/250
f 133/237/250 136/250/251 135/250/252
f 165/218/253 172/221/254 171/221/255
f 625/192/256 621/263/257 626/192/258
f 450/232/246 453/278/259 452/233/260
f 231/173/261 230/267/262 228/267/263
f 224/251/264 223/279/265 222/252/266
f 107/253/267 110/234/268 109/234/269
f 623/193/270 626/192/258 622/280/271
f 171/221/255 174/281/272 173/281/273
f 605/212/274 606/282/275 607/261/276
f 602/211/241 605/283/274 604/212/277
f 135/250/252 142/284/278 141/284/279
f 162/285/280 163/199/237 164/199/281
f 452/233/260 455/286/282 454/255/283
f 522/164/284 525/287/285 524/164/286
f 167/257/287 170/288/288 169/288/289
f 158/206/290 162/285/280 160/289/291
f 274/290/292 522/156/284 524/156/286
f 177/194/238 178/275/293 179/275/242
f 187/187/294 221/243/295 189/291/296
f 454/255/283 457/292/297 456/226/298
f 526/161/299 539/224/300 527/161/301
f 141/284/279 144/245/302 143/245/303
f 102/256/304 173/281/273 174/281/272
f 221/243/295 222/252/266 223/252/265
f 523/162/305 527/161/301 525/287/285
f 559/169/236 540/170/306 558/169/234
f 272/230/307 273/154/308 274/290/292
f 158/206/290 157/228/309 156/228/310
f 264/167/311 271/230/312 272/230/307
f 627/182/313 628/293/314 570/294/315
f 101/256/316 104/174/317 103/174/318
f 228/267/263 229/295/319 225/296/320
f 624/193/321 618/184/322 623/193/270
f 143/245/303 423/247/323 422/247/324
f 155/297/325 156/228/310 157/228/309
f 103/174/318 106/298/326 105/298/327
f 570/186/315 567/265/328 569/186/329
f 186/299/330 187/187/294 188/187/331
f 609/204/332 608/261/333 610/300/334
f 612/205/335 613/301/336 614/202/337
f 541/170/338 538/224/339 540/170/306
f 594/216/224 597/302/340 596/214/341
f 184/190/342 185/303/343 186/299/330
f 627/182/313 619/184/344 629/182/345
f 456/226/298 459/304/346 458/227/222
f 151/259/226 155/297/325 153/305/347
f 616/197/348 615/202/349 617/306/350
f 262/165/351 263/167/352 264/307/311
f 597/214/340 598/209/221 596/214/341
f 428/240/233 431/308/353 430/241/354
f 261/165/355 234/172/356 233/172/357
f 565/178/358 563/309/359 564/179/228
f 422/247/324 425/272/360 424/272/231
f 565/178/358 568/310/361 566/178/362
f 611/205/363 610/204/334 612/205/335
f 630/311/364 631/198/365 617/197/350
f 105/298/327 108/253/366 107/253/267
f 180/157/243 184/190/342 182/312/367
f 110/234/268 131/277/248 109/234/269
f 620/263/368 632/198/369 621/263/257
f 232/313/370 233/172/357 234/172/356
f 430/241/354 433/314/245 432/276/247
f 165/218/253 170/288/288 166/218/371
f 139/154/56 397/155/372 416/156/373
f 29/157/59 92/158/374 94/159/375
f 399/160/62 420/161/63 418/162/64
f 397/163/372 418/162/64 416/164/373
f 121/165/65 126/166/376 129/167/377
f 403/168/378 438/169/69 414/170/70
f 99/172/72 120/171/379 124/268/380
f 37/174/74 72/175/381 70/176/76
f 407/177/382 444/178/78 442/179/79
f 438/169/69 405/180/383 440/181/384
f 488/182/82 413/183/83 490/184/84
f 411/185/85 488/182/82 448/186/385
f 35/187/87 112/188/386 114/189/89
f 112/188/386 31/190/387 94/159/375
f 435/191/91 486/192/92 484/193/93
f 92/158/374 25/194/94 58/195/95
f 413/183/83 484/193/93 490/184/84
f 393/196/96 492/197/97 494/198/98
f 23/199/99 56/200/388 58/195/95
f 492/197/97 391/201/101 478/202/102
f 389/203/389 474/204/390 476/205/105
f 56/200/388 9/206/106 54/207/391
f 383/208/392 464/209/109 466/210/110
f 385/213/393 468/211/111 470/212/394
f 462/214/395 371/215/115 460/216/396
f 50/217/117 17/218/118 76/219/397
f 373/220/398 462/214/395 464/209/109
f 19/221/399 78/222/400 76/219/397
f 401/223/123 414/170/70 426/224/401
f 369/225/402 380/226/126 394/227/127
f 5/228/403 52/229/129 54/207/391
f 126/166/376 137/230/130 129/167/377
f 365/231/131 374/232/132 376/233/133
f 43/234/134 80/235/135 74/236/136
f 80/235/135 61/237/137 82/238/138
f 361/239/404 350/240/140 352/241/141
f 85/243/405 116/242/406 87/252/407
f 84/244/144 67/245/145 357/246/408
f 67/245/145 346/247/147 357/246/408
f 363/248/148 374/232/132 365/231/131
f 359/249/149 350/240/140 361/239/404
f 61/237/137 63/250/150 82/238/138
f 116/242/406 89/251/151 87/252/407
f 41/253/153 43/234/134 74/236/136
f 367/254/154 376/233/133 378/255/155
f 380/226/126 367/254/154 378/255/155
f 45/256/156 37/174/74 70/176/76
f 371/215/115 394/227/127 460/216/396
f 78/222/400 45/256/156 70/176/76
f 17/218/118 19/221/399 76/219/397
f 13/257/157 50/217/117 48/258/158
f 383/208/392 468/211/111 385/213/393
f 3/259/409 13/257/157 48/258/158
f 387/260/160 470/212/394 472/261/410
f 474/204/390 387/260/160 472/261/410
f 5/228/403 54/207/391 9/206/106
f 391/201/101 476/205/105 478/202/102
f 346/247/147 359/249/149 357/246/408
f 23/199/99 58/195/95 25/194/94
f 437/262/162 494/198/98 482/263/163
f 486/192/92 437/262/162 482/263/163
f 29/157/59 94/159/375 31/190/387
f 352/241/141 363/248/148 361/239/404
f 72/175/381 41/253/153 74/236/136
f 35/187/87 114/189/89 85/243/405
f 409/264/411 448/186/385 446/265/412
f 444/178/78 409/264/411 446/265/412
f 89/251/151 118/266/413 95/267/167
f 405/180/383 442/179/79 440/181/384
f 63/250/150 84/244/144 82/238/138
f 124/268/380 121/165/65 99/172/72
f 120/171/379 95/267/167 118/266/413
f 420/161/63 401/223/123 426/224/401
f 128/269/414 139/154/56 137/230/130
f 52/229/129 3/259/409 48/258/158
f 396/270/3 399/270/170 397/270/3
f 127/270/171 397/270/3 128/270/171
f 125/270/172 128/270/171 126/270/172
f 124/270/173 125/270/172 126/270/172
f 124/270/173 119/270/174 123/270/173
f 117/270/175 120/270/174 118/270/175
f 116/270/176 117/270/175 118/270/175
f 114/270/177 115/270/176 116/270/176
f 112/270/178 113/270/177 114/270/177
f 94/270/179 111/270/178 112/270/178
f 92/270/180 93/270/179 94/270/179
f 58/270/181 91/270/180 92/270/180
f 56/270/182 57/270/181 58/270/181
f 55/270/182 54/270/183 53/270/183
f 53/270/183 52/270/184 51/270/184
f 48/270/185 51/270/184 52/270/184
f 47/270/185 50/270/186 49/270/186
f 49/270/186 76/270/187 75/270/187
f 75/270/187 78/270/188 77/270/188
f 70/270/189 77/270/188 78/270/188
f 69/270/189 72/270/190 71/270/190
f 72/270/190 73/270/191 71/270/190
f 73/270/191 80/270/192 79/270/192
f 79/270/192 82/270/193 81/270/193
f 81/270/193 84/270/194 83/270/194
f 83/270/194 357/270/2 356/270/2
f 357/270/2 358/270/195 356/270/2
f 358/270/195 361/270/196 360/270/196
f 360/270/196 363/270/197 362/270/197
f 362/270/197 365/270/198 364/270/198
f 365/270/198 366/270/200 364/270/198
f 366/270/200 369/270/201 368/270/201
f 368/270/201 371/270/202 370/270/202
f 370/270/202 373/270/203 372/270/203
f 372/270/203 383/270/204 382/270/204
f 382/270/204 385/270/205 384/270/205
f 384/270/205 387/270/206 386/270/206
f 386/270/206 389/270/207 388/270/207
f 388/270/207 391/270/208 390/270/208
f 390/270/208 393/270/209 392/270/209
f 392/270/209 437/270/210 436/270/210
f 436/270/210 435/270/211 434/270/211
f 434/270/211 413/270/212 412/270/212
f 411/270/213 412/270/212 413/270/212
f 409/270/214 410/270/213 411/270/213
f 407/270/215 408/270/214 409/270/214
f 404/270/216 407/270/215 405/270/216
f 403/270/217 404/270/216 405/270/216
f 403/270/217 400/270/218 402/270/217
f 398/270/170 401/270/218 399/270/170
f 465/209/219 466/210/415 464/209/221
f 394/227/222 461/271/416 460/216/417
f 14/257/418 3/259/226 4/259/227
f 441/315/419 442/179/420 443/179/421
f 348/272/422 351/240/232 350/240/233
f 439/316/423 440/181/424 441/181/419
f 24/199/425 25/194/426 26/194/427
f 466/210/415 469/274/240 468/211/241
f 28/275/428 29/157/243 30/157/429
f 355/276/430 374/232/246 354/276/431
f 59/277/432 62/237/249 61/237/250
f 61/237/250 64/250/251 63/250/252
f 17/218/433 20/221/254 19/221/255
f 482/263/434 487/317/435 486/192/436
f 374/232/246 377/278/259 376/233/260
f 96/267/437 97/173/174 98/173/174
f 88/252/438 89/251/264 90/251/439
f 41/253/267 44/234/440 43/234/441
f 484/193/270 487/192/435 485/318/442
f 22/281/443 19/221/255 20/221/254
f 470/212/444 473/319/445 472/261/446
f 468/211/241 471/320/274 470/212/444
f 63/250/252 66/284/447 65/284/448
f 12/285/449 23/199/450 24/199/425
f 376/233/260 379/286/451 378/255/452
f 417/164/286 418/162/453 419/162/454
f 13/257/287 16/288/455 15/288/456
f 10/206/457 11/285/458 12/285/449
f 140/154/459 416/156/284 417/156/286
f 26/194/427 27/275/293 28/275/428
f 36/187/460 85/243/461 86/243/462
f 378/255/452 381/292/463 380/226/298
f 421/161/464 426/224/339 427/224/465
f 65/284/448 68/245/302 67/245/303
f 21/281/466 46/256/467 45/256/468
f 86/243/462 87/252/469 88/252/438
f 419/162/454 420/161/470 421/161/464
f 415/321/471 438/169/472 439/169/423
f 137/230/473 140/154/459 138/230/474
f 9/206/475 6/228/476 5/228/310
f 130/167/477 137/230/473 138/230/474
f 449/294/478 488/182/479 489/182/480
f 45/256/468 38/174/317 37/174/318
f 90/251/439 95/267/481 96/267/437
f 490/184/322 485/193/442 491/322/482
f 67/245/303 347/247/323 346/247/324
f 8/297/483 5/228/310 6/228/476
f 37/174/318 40/298/326 39/298/327
f 447/323/484 448/186/329 449/186/478
f 34/303/485 35/187/294 36/187/460
f 472/261/446 475/324/486 474/204/332
f 476/205/487 479/325/488 478/202/489
f 427/326/465 414/170/306 415/170/471
f 460/216/417 463/302/490 462/214/491
f 31/190/492 34/303/485 32/190/493
f 489/327/480 490/184/322 491/184/482
f 380/226/298 395/304/346 394/227/222
f 7/297/494 4/259/227 3/259/226
f 478/202/489 493/328/495 492/197/496
f 122/165/497 129/167/352 130/167/477
f 463/214/490 464/209/221 462/214/491
f 350/240/233 353/308/353 352/241/354
f 100/172/498 121/165/355 122/165/497
f 443/329/421 444/178/358 445/178/499
f 346/247/324 349/272/500 348/272/422
f 445/330/499 446/265/484 447/265/484
f 474/204/332 477/331/501 476/205/487
f 495/332/502 492/197/496 493/197/495
f 39/298/327 42/253/366 41/253/267
f 30/157/429 31/190/492 32/190/493
f 44/234/440 59/277/432 43/234/441
f 494/198/365 483/333/503 482/263/434
f 97/173/174 100/172/498 98/173/174
f 352/241/354 355/314/430 354/276/431
f 16/288/455 17/218/433 15/288/456
s 0
f 294/334/6 285/335/6 288/336/6
f 583/337/504 590/338/504 582/339/504
f 582/340/505 589/341/505 581/342/505
f 577/343/506 589/341/506 576/344/506
f 576/344/507 587/345/507 575/346/507
f 575/346/508 586/347/508 574/348/508
f 574/348/509 580/349/509 573/350/509
f 573/350/510 579/351/510 572/352/510
f 572/352/511 578/353/511 571/354/511
f 280/355/512 578/353/512 293/356/512
f 279/357/513 293/356/513 292/358/513
f 275/359/514 292/360/514 286/361/514
f 278/362/515 286/363/515 291/364/515
f 276/365/516 291/366/516 290/367/516
f 277/368/517 290/367/517 284/369/517
f 281/370/518 289/371/518 287/372/518
f 282/373/519 287/372/519 288/336/519
f 655/374/520 659/375/520 656/376/520
f 656/376/521 660/377/521 657/378/521
f 657/378/522 667/379/522 661/380/522
f 661/380/523 668/381/523 662/382/523
f 662/382/524 671/383/524 665/384/524
f 665/384/525 672/385/525 666/386/525
f 666/386/526 670/387/526 664/388/526
f 664/388/527 669/389/527 663/390/527
f 330/391/528 337/392/528 331/393/528
f 331/393/529 338/394/529 332/395/529
f 332/395/530 339/396/530 333/397/530
f 333/397/531 340/398/531 334/399/531
f 334/399/532 341/400/532 335/401/532
f 335/401/533 344/402/533 342/403/533
f 342/403/534 345/404/534 343/405/534
f 343/405/535 658/406/535 655/407/535
f 593/408/5 591/409/5 592/410/5
f 197/1/1 199/411/1 648/2/1
f 201/4/2 650/153/2 648/2/2
f 1/6/3 480/3/3 481/7/3
f 436/12/1 434/412/1 480/3/1
f 197/1/4 412/413/4 410/414/4
f 197/1/1 410/414/1 408/415/1
f 392/416/1 436/12/1 480/3/1
f 390/417/1 392/416/1 480/3/1
f 197/1/1 408/415/1 406/418/1
f 197/1/1 406/418/1 404/419/1
f 388/420/1 390/417/1 480/3/1
f 386/421/1 388/420/1 480/3/1
f 197/1/1 404/419/1 402/422/1
f 197/1/1 402/422/1 400/423/1
f 384/12/1 386/421/1 480/3/1
f 382/412/1 384/12/1 480/3/1
f 197/1/1 400/423/1 398/424/1
f 197/1/1 398/424/1 396/425/1
f 372/426/1 382/412/1 480/3/1
f 370/427/1 372/426/1 480/3/1
f 197/1/1 396/425/1 127/428/1
f 197/1/1 127/428/1 125/429/1
f 368/430/1 370/427/1 480/3/1
f 366/431/1 368/430/1 480/3/1
f 197/1/1 125/429/1 123/432/1
f 197/1/1 123/432/1 119/433/1
f 366/431/1 480/3/1 1/1/1
f 364/434/1 366/431/1 1/1/1
f 197/1/1 119/433/1 117/435/1
f 197/1/1 117/435/1 115/436/1
f 362/437/1 364/434/1 1/1/1
f 360/423/1 362/437/1 1/1/1
f 197/1/1 115/436/1 113/438/1
f 197/1/1 113/438/1 111/439/1
f 358/424/1 360/423/1 1/1/1
f 356/425/1 358/424/1 1/1/1
f 1/1/1 197/1/1 111/439/1
f 1/1/536 111/439/536 93/9/536
f 83/428/1 356/425/1 1/1/1
f 81/440/1 83/428/1 1/1/1
f 1/1/1 93/9/1 91/441/1
f 1/1/1 91/441/1 57/442/1
f 79/432/1 81/440/1 1/1/1
f 73/443/1 79/432/1 1/1/1
f 1/1/1 57/442/1 55/444/1
f 1/1/1 55/444/1 53/445/1
f 71/446/1 73/443/1 1/1/1
f 69/436/1 71/446/1 1/1/1
f 1/1/1 53/445/1 51/447/1
f 1/1/1 51/447/1 47/448/1
f 77/449/1 69/436/1 1/1/1
f 75/10/1 77/449/1 1/1/1
f 1/1/1 47/448/1 49/9/1
f 554/450/537 548/12/537 480/3/537
f 480/3/4 434/412/4 412/413/4
f 646/3/1 534/451/1 536/427/1
f 646/3/1 536/427/1 532/452/1
f 480/3/1 412/413/1 197/1/1
f 552/417/1 554/450/1 480/3/1
f 550/453/1 552/417/1 480/3/1
f 197/1/1 646/3/1 532/452/1
f 197/1/536 532/452/536 528/418/536
f 546/454/1 550/453/1 480/3/1
f 544/455/4 546/454/4 480/3/4
f 197/1/1 528/418/1 530/419/1
f 197/1/1 530/419/1 520/456/1
f 542/457/1 544/455/1 480/3/1
f 512/458/1 542/457/1 480/3/1
f 197/1/1 520/456/1 518/423/1
f 197/1/1 518/423/1 516/459/1
f 510/460/1 512/458/1 480/3/1
f 508/461/1 510/460/1 480/3/1
f 197/1/1 516/459/1 514/462/1
f 197/1/1 514/462/1 269/463/1
f 506/431/1 508/461/1 480/3/1
f 504/434/1 506/431/1 480/3/1
f 197/1/1 269/463/1 267/464/1
f 197/1/1 267/464/1 265/465/1
f 502/437/1 504/434/1 480/3/1
f 500/466/1 502/437/1 480/3/1
f 197/1/1 265/465/1 259/467/1
f 197/1/1 259/467/1 257/468/1
f 498/424/1 500/466/1 480/3/1
f 496/469/1 498/424/1 480/3/1
f 197/1/1 257/468/1 255/436/1
f 197/1/1 255/436/1 253/470/1
f 249/471/1 496/469/1 480/3/1
f 247/472/1 249/471/1 480/3/1
f 197/1/1 253/470/1 251/473/1
f 197/1/1 251/473/1 226/9/1
f 245/474/1 247/472/1 480/3/1
f 241/467/1 245/474/1 480/3/1
f 197/1/1 226/9/1 218/475/1
f 197/1/1 218/475/1 216/476/1
f 239/446/1 241/467/1 480/3/1
f 237/436/1 239/446/1 480/3/1
f 197/1/1 216/476/1 214/444/1
f 197/1/1 214/444/1 212/445/1
f 235/477/1 237/436/1 480/3/1
f 243/478/1 235/477/1 480/3/1
f 197/1/1 212/445/1 206/442/1
f 197/1/1 206/442/1 210/441/1
f 208/11/538 243/478/538 480/3/538
f 197/1/1 210/441/1 208/11/1
f 646/3/1 480/3/1 548/12/1
f 556/13/1 534/451/1 646/3/1
f 200/8/5 198/8/5 145/8/5
f 200/8/5 145/8/5 146/8/5
f 204/87/5 205/86/5 200/8/5
f 203/92/5 204/87/5 200/8/5
f 200/8/5 146/8/5 147/123/5
f 200/8/5 147/123/5 148/8/5
f 202/96/5 203/92/5 200/8/5
f 196/99/5 202/96/5 200/8/5
f 200/8/5 148/8/5 149/8/5
f 200/8/5 149/8/5 150/8/5
f 195/106/5 196/99/5 200/8/5
f 194/109/5 195/106/5 200/8/5
f 200/8/5 150/8/5 190/8/5
f 200/8/5 190/8/5 191/8/5
f 193/14/5 194/109/5 200/8/5
f 200/8/5 191/8/5 192/8/5
f 634/131/6 633/7/6 647/17/6
f 647/17/6 649/144/6 654/88/6
f 647/17/6 654/88/6 653/90/6
f 635/127/6 634/131/6 647/17/6
f 636/121/6 635/127/6 647/17/6
f 647/17/6 653/90/6 652/94/6
f 647/17/6 652/94/6 651/98/6
f 637/116/6 636/121/6 647/17/6
f 638/479/6 637/116/6 647/17/6
f 647/17/6 651/98/6 645/103/6
f 647/17/6 645/103/6 644/107/6
f 639/111/6 638/479/6 647/17/6
f 640/110/6 639/111/6 647/17/6
f 647/17/6 644/107/6 643/108/6
f 647/17/6 643/108/6 642/15/6
f 641/16/6 640/110/6 647/17/6
f 326/18/7 327/480/7 329/19/7
f 323/21/8 326/18/8 328/20/8
f 322/23/9 323/21/9 325/22/9
f 319/25/10 322/23/10 324/24/10
f 318/27/11 319/25/11 321/26/11
f 315/29/12 318/27/12 320/28/12
f 314/31/13 315/29/13 317/30/13
f 311/33/14 314/31/14 316/32/14
f 310/35/539 311/481/539 313/36/539
f 302/38/16 310/35/16 312/37/16
f 301/40/17 302/38/17 309/39/17
f 300/42/18 301/40/18 308/41/18
f 299/44/19 300/42/19 307/43/19
f 298/46/20 299/44/20 306/45/20
f 297/48/21 298/46/21 305/47/21
f 296/50/22 297/48/22 304/49/22
f 673/52/23 674/55/23 676/53/23
f 674/55/24 677/57/24 679/56/24
f 677/57/25 678/59/25 680/58/25
f 678/59/26 681/61/26 683/60/26
f 681/61/27 682/63/27 684/62/27
f 682/63/28 685/65/28 687/64/28
f 685/65/29 686/67/29 688/66/29
f 686/67/30 689/69/30 691/68/30
f 689/69/540 690/71/540 692/70/540
f 690/71/32 698/73/32 705/72/32
f 698/73/33 699/75/33 706/74/33
f 699/75/34 695/77/34 702/76/34
f 695/77/35 697/79/35 704/78/35
f 697/79/36 696/81/36 703/80/36
f 696/81/37 694/83/37 701/82/37
f 694/83/38 693/145/38 700/84/38
f 294/85/39 295/482/39 205/86/39
f 654/88/39 593/483/39 592/89/39
f 285/91/40 294/484/40 204/87/40
f 653/90/40 592/89/40 585/93/40
f 283/95/41 285/485/41 203/92/41
f 652/94/41 585/93/41 584/97/41
f 283/95/42 202/96/42 196/99/42
f 196/99/42 277/486/42 284/487/42
f 196/99/42 284/487/42 281/100/42
f 282/101/42 283/95/42 196/99/42
f 581/488/42 577/489/42 645/103/42
f 645/103/42 651/98/42 584/97/42
f 645/103/42 584/97/42 583/104/42
f 582/102/42 581/488/42 645/103/42
f 276/490/43 277/491/43 196/99/43
f 644/107/43 645/103/43 577/492/43
f 644/107/43 577/492/43 576/493/43
f 276/490/43 196/99/43 195/106/43
f 278/494/43 276/490/43 195/106/43
f 644/107/43 576/493/43 575/495/43
f 644/107/43 575/495/43 574/496/43
f 275/497/43 278/494/43 195/106/43
f 279/498/43 275/497/43 195/106/43
f 644/107/43 574/496/43 573/499/43
f 644/107/43 573/499/43 572/500/43
f 280/501/43 279/498/43 195/106/43
f 644/107/43 572/500/43 571/105/43
f 571/105/43 280/501/43 195/106/43
f 195/106/44 194/109/44 643/108/44
f 194/109/45 193/14/45 642/15/45
f 193/14/46 192/8/46 641/16/46
f 192/8/47 191/8/47 640/110/47
f 191/8/48 190/8/48 639/111/48
f 190/8/49 150/8/49 229/502/49
f 190/8/49 229/502/49 230/503/49
f 563/504/49 638/479/49 639/111/49
f 564/505/49 563/504/49 639/111/49
f 190/8/49 230/503/49 232/506/49
f 190/8/49 232/506/49 234/507/49
f 561/508/49 564/505/49 639/111/49
f 559/509/49 561/508/49 639/111/49
f 190/8/49 234/507/49 262/510/49
f 190/8/49 262/510/49 264/511/49
f 541/512/49 559/509/49 639/111/49
f 539/513/49 541/512/49 639/111/49
f 190/8/49 264/511/49 272/514/49
f 190/8/49 272/514/49 274/515/49
f 527/516/49 539/513/49 639/111/49
f 525/517/49 527/516/49 639/111/49
f 190/8/49 274/515/49 524/112/49
f 524/112/49 525/517/49 639/111/49
f 229/518/50 150/8/50 149/8/50
f 149/8/50 189/519/50 221/520/50
f 149/8/50 221/520/50 223/113/50
f 225/114/50 229/518/50 149/8/50
f 570/521/50 628/522/50 637/116/50
f 637/116/50 638/479/50 563/523/50
f 637/116/50 563/523/50 566/117/50
f 568/115/50 570/521/50 637/116/50
f 189/519/51 149/8/51 148/8/51
f 148/8/51 182/524/51 184/525/51
f 148/8/51 184/525/51 186/118/51
f 188/119/51 189/519/51 148/8/51
f 624/526/51 622/527/51 636/121/51
f 636/121/51 637/116/51 628/528/51
f 636/121/51 628/528/51 629/122/51
f 619/120/51 624/526/51 636/121/51
f 182/529/52 148/8/52 147/123/52
f 147/123/52 175/530/52 177/531/52
f 147/123/52 177/531/52 179/124/52
f 181/125/52 182/529/52 147/123/52
f 632/532/52 630/533/52 635/127/52
f 635/127/52 636/121/52 622/527/52
f 635/127/52 622/527/52 626/128/52
f 621/126/52 632/532/52 635/127/52
f 175/530/53 147/123/53 146/8/53
f 146/8/53 160/534/53 162/129/53
f 164/130/53 175/530/53 146/8/53
f 615/535/53 613/536/53 634/131/53
f 634/131/53 635/127/53 630/132/53
f 617/133/53 615/535/53 634/131/53
f 160/534/54 146/8/54 145/8/54
f 145/8/54 153/537/54 155/538/54
f 145/8/54 155/538/54 157/134/54
f 159/135/54 160/534/54 145/8/54
f 608/539/54 606/540/54 633/7/54
f 633/7/54 634/131/54 613/536/54
f 633/7/54 613/536/54 612/137/54
f 610/136/54 608/539/54 633/7/54
f 697/79/3 695/77/3 699/75/3
f 699/75/3 698/73/3 690/71/3
f 690/71/3 689/69/3 686/67/3
f 686/67/3 685/65/3 682/63/3
f 682/63/3 681/61/3 678/59/3
f 678/59/3 677/57/3 674/55/3
f 674/55/3 673/52/3 327/541/3
f 327/541/3 326/542/3 323/543/3
f 323/543/3 322/544/3 319/545/3
f 319/545/3 318/546/3 315/547/3
f 315/547/3 314/548/3 311/549/3
f 311/549/3 310/550/3 302/551/3
f 302/551/3 301/552/3 300/553/3
f 300/553/3 299/554/3 298/555/3
f 298/555/3 297/556/3 296/557/3
f 296/557/3 205/86/3 295/558/3
f 296/557/3 295/558/3 330/559/3
f 300/553/3 298/555/3 296/557/3
f 311/549/3 302/551/3 300/553/3
f 319/545/3 315/547/3 311/549/3
f 327/541/3 323/543/3 319/545/3
f 678/59/3 674/55/3 327/541/3
f 686/67/3 682/63/3 678/59/3
f 699/75/3 690/71/3 686/67/3
f 696/81/3 697/79/3 699/75/3
f 693/145/3 694/83/3 696/81/3
f 593/483/3 654/88/3 693/145/3
f 663/560/3 593/483/3 693/145/3
f 693/145/3 696/81/3 699/75/3
f 699/75/3 686/67/3 678/59/3
f 678/59/3 327/541/3 319/545/3
f 319/545/3 311/549/3 300/553/3
f 300/553/3 296/557/3 330/559/3
f 300/553/3 330/559/3 331/561/3
f 678/59/3 319/545/3 300/553/3
f 693/145/3 699/75/3 678/59/3
f 664/562/3 663/560/3 693/145/3
f 666/563/3 664/562/3 693/145/3
f 300/553/3 331/561/3 332/564/3
f 300/553/3 332/564/3 333/565/3
f 666/563/3 693/145/3 678/59/3
f 665/566/3 666/563/3 678/59/3
f 300/553/3 333/565/3 334/567/3
f 300/553/3 334/567/3 335/568/3
f 662/569/3 665/566/3 678/59/3
f 661/570/3 662/569/3 678/59/3
f 678/59/3 300/553/3 335/568/3
f 678/59/3 335/568/3 342/571/3
f 657/572/3 661/570/3 678/59/3
f 656/573/3 657/572/3 678/59/3
f 678/59/3 342/571/3 343/138/3
f 655/139/3 656/573/3 678/59/3
f 303/51/5 201/4/5 200/140/5
f 200/140/5 205/574/5 296/50/5
f 329/19/55 327/480/55 673/52/55
f 591/575/2 669/576/2 650/153/2
f 201/4/2 303/51/2 304/49/2
f 304/49/2 305/47/2 306/45/2
f 306/45/2 307/43/2 308/41/2
f 308/41/2 309/39/2 312/37/2
f 312/37/2 313/36/2 316/577/2
f 316/577/2 317/578/2 320/579/2
f 320/579/2 321/580/2 324/581/2
f 324/581/2 325/582/2 328/583/2
f 328/583/2 329/584/2 675/54/2
f 675/54/2 676/53/2 679/56/2
f 679/56/2 680/58/2 683/60/2
f 683/60/2 684/62/2 687/64/2
f 687/64/2 688/66/2 691/68/2
f 691/68/2 692/70/2 705/72/2
f 705/72/2 706/74/2 702/76/2
f 702/76/2 704/78/2 672/585/2
f 702/76/2 672/585/2 671/586/2
f 691/68/2 705/72/2 702/76/2
f 683/60/2 687/64/2 691/68/2
f 675/54/2 679/56/2 683/60/2
f 324/581/2 328/583/2 675/54/2
f 316/577/2 320/579/2 324/581/2
f 308/41/2 312/37/2 316/577/2
f 304/49/2 306/45/2 308/41/2
f 590/587/2 591/575/2 650/153/2
f 589/588/2 590/587/2 650/153/2
f 201/4/2 304/49/2 308/41/2
f 308/41/2 316/577/2 324/581/2
f 324/581/2 675/54/2 683/60/2
f 683/60/2 691/68/2 702/76/2
f 702/76/2 671/586/2 668/589/2
f 702/76/2 668/589/2 667/590/2
f 324/581/2 683/60/2 702/76/2
f 201/4/2 308/41/2 324/581/2
f 588/591/2 589/588/2 650/153/2
f 587/592/2 588/591/2 650/153/2
f 324/581/2 702/76/2 667/590/2
f 324/581/2 667/590/2 660/593/2
f 586/594/2 587/592/2 650/153/2
f 580/595/2 586/594/2 650/153/2
f 324/581/2 660/593/2 659/596/2
f 324/581/2 659/596/2 658/597/2
f 580/595/2 650/153/2 201/4/2
f 579/598/2 580/595/2 201/4/2
f 324/581/2 658/597/2 345/599/2
f 324/581/2 345/599/2 344/600/2
f 578/601/2 579/598/2 201/4/2
f 293/602/2 578/601/2 201/4/2
f 324/581/2 344/600/2 341/603/2
f 324/581/2 341/603/2 340/604/2
f 292/605/2 293/602/2 201/4/2
f 286/606/2 292/605/2 201/4/2
f 324/581/2 340/604/2 339/607/2
f 324/581/2 339/607/2 338/608/2
f 291/609/2 286/606/2 201/4/2
f 290/610/2 291/609/2 201/4/2
f 324/581/2 338/608/2 337/611/2
f 324/581/2 337/611/2 336/141/2
f 289/612/2 290/610/2 201/4/2
f 287/613/2 289/612/2 201/4/2
f 201/4/2 324/581/2 336/141/2
f 288/142/2 287/613/2 201/4/2
f 703/80/2 701/82/2 700/84/2
f 700/84/2 650/153/2 669/576/2
f 670/143/2 672/585/2 704/78/2
f 700/84/2 669/576/2 670/143/2
f 704/78/2 703/80/2 700/84/2
f 693/145/6 654/88/6 649/144/6
f 649/144/6 650/153/6 700/84/6
f 199/5/5 197/152/5 198/146/5
f 198/146/5 200/140/5 201/4/5
f 475/614/55 473/615/55 481/7/55
f 481/7/55 633/7/55 495/616/55
f 481/7/55 495/616/55 493/617/55
f 477/148/55 475/614/55 481/7/55
f 481/7/55 493/617/55 479/147/55
f 152/618/55 153/537/55 145/8/55
f 481/7/55 473/615/55 471/619/55
f 481/7/55 471/619/55 469/620/55
f 152/618/55 145/8/55 2/8/55
f 168/150/55 152/618/55 2/8/55
f 481/7/55 469/620/55 467/621/55
f 481/7/55 467/621/55 465/622/55
f 170/623/55 168/150/55 2/8/55
f 166/624/55 170/623/55 2/8/55
f 481/7/55 465/622/55 463/625/55
f 481/7/55 463/625/55 461/626/55
f 172/627/55 166/624/55 2/8/55
f 174/628/55 172/627/55 2/8/55
f 481/7/55 461/626/55 395/629/55
f 481/7/55 395/629/55 381/630/55
f 102/631/55 174/628/55 2/8/55
f 104/632/55 102/631/55 2/8/55
f 481/7/55 381/630/55 379/633/55
f 481/7/55 379/633/55 377/634/55
f 106/635/55 104/632/55 2/8/55
f 481/7/55 377/634/55 375/636/55
f 481/7/55 375/636/55 355/637/55
f 633/7/55 606/540/55 605/638/55
f 483/639/55 495/616/55 633/7/55
f 487/640/55 483/639/55 633/7/55
f 633/7/55 605/638/55 603/641/55
f 633/7/55 603/641/55 601/642/55
f 485/643/55 487/640/55 633/7/55
f 491/644/55 485/643/55 633/7/55
f 633/7/55 601/642/55 599/645/55
f 633/7/55 599/645/55 597/646/55
f 489/647/55 491/644/55 633/7/55
f 449/648/55 489/647/55 633/7/55
f 633/7/55 597/646/55 595/649/55
f 633/7/55 595/649/55 459/629/55
f 447/650/55 449/648/55 633/7/55
f 445/651/55 447/650/55 633/7/55
f 633/7/55 459/629/55 457/630/55
f 633/7/55 457/630/55 455/652/55
f 443/653/55 445/651/55 633/7/55
f 441/654/55 443/653/55 633/7/55
f 633/7/541 455/652/541 453/655/541
f 441/654/55 633/7/55 453/655/55
f 439/656/55 441/654/55 453/655/55
f 439/656/55 453/655/55 451/636/55
f 415/657/55 439/656/55 451/636/55
f 415/657/55 451/636/55 433/658/55
f 427/659/55 415/657/55 433/658/55
f 427/659/55 433/658/55 431/660/55
f 421/661/55 427/659/55 431/660/55
f 421/661/55 431/660/55 429/662/55
f 419/663/55 421/661/55 429/662/55
f 419/663/55 429/662/55 425/664/55
f 417/665/55 419/663/55 425/664/55
f 417/665/55 425/664/55 423/666/55
f 140/667/55 417/665/55 423/666/55
f 140/667/55 423/666/55 144/668/55
f 138/669/55 140/667/55 144/668/55
f 138/669/55 144/668/55 142/670/55
f 130/671/55 138/669/55 142/670/55
f 130/671/55 142/670/55 136/672/55
f 122/673/55 130/671/55 136/672/55
f 122/673/55 136/672/55 134/674/55
f 100/675/55 122/673/55 134/674/55
f 100/675/55 134/674/55 132/676/55
f 98/677/55 100/675/55 132/676/55
f 98/677/55 132/676/55 110/678/55
f 96/679/55 98/677/55 110/678/55
f 96/679/55 110/678/55 108/680/55
f 90/681/55 96/679/55 108/680/55
f 481/7/55 355/637/55 353/682/55
f 481/7/55 353/682/55 351/683/55
f 90/681/55 108/680/55 106/635/55
f 88/684/55 90/681/55 106/635/55
f 2/8/55 481/7/55 351/683/55
f 2/8/55 351/683/55 349/685/55
f 86/686/55 88/684/55 106/635/55
f 36/687/55 86/686/55 106/635/55
f 2/8/55 349/685/55 347/688/55
f 2/8/55 347/688/55 68/689/55
f 34/690/55 36/687/55 106/635/55
f 32/691/55 34/690/55 106/635/55
f 2/8/55 68/689/55 66/692/55
f 2/8/55 66/692/55 64/693/55
f 30/694/55 32/691/55 106/635/55
f 28/695/55 30/694/55 106/635/55
f 2/8/55 64/693/55 62/696/55
f 2/8/55 62/696/55 60/697/55
f 28/695/55 106/635/55 2/8/55
f 26/698/542 28/695/542 2/8/542
f 2/8/55 60/697/55 44/699/55
f 2/8/55 44/699/55 42/700/55
f 24/701/55 26/698/55 2/8/55
f 12/702/55 24/701/55 2/8/55
f 2/8/55 42/700/55 40/703/55
f 2/8/55 40/703/55 38/704/55
f 10/705/55 12/702/55 2/8/55
f 6/706/55 10/705/55 2/8/55
f 2/8/55 38/704/55 46/707/55
f 2/8/55 46/707/55 22/708/55
f 8/709/55 6/706/55 2/8/55
f 4/710/55 8/709/55 2/8/55
f 2/8/55 22/708/55 20/627/55
f 2/8/55 20/627/55 18/711/55
f 14/150/55 4/710/55 2/8/55
f 2/8/55 18/711/55 16/149/55
f 197/152/5 1/152/5 2/151/5
f 2/151/5 145/712/5 198/146/5
f 649/144/6 647/17/6 646/3/6
f 646/3/6 648/2/6 650/153/6
f 633/7/6 481/7/6 480/3/6
f 480/3/6 646/3/6 647/17/6
s 1
f 273/154/56 270/269/169 515/155/57
f 180/157/59 178/275/543 219/158/60
f 515/163/57 517/160/62 523/162/64
f 261/165/65 266/268/168 268/166/66
f 260/171/71 266/268/168 233/172/72
f 103/174/74 105/298/544 240/175/75
f 558/169/69 521/168/68 531/180/80
f 627/182/82 537/185/85 535/183/83
f 187/187/87 185/303/545 252/188/88
f 252/188/88 185/303/545 183/190/90
f 219/158/60 178/275/543 176/194/94
f 535/183/83 557/191/91 623/193/93
f 163/199/99 161/285/546 215/200/100
f 616/197/97 555/196/96 553/201/101
f 215/200/100 161/285/546 158/206/106
f 543/208/108 513/220/120 598/209/109
f 596/214/114 513/220/120 511/215/115
f 209/217/117 169/288/547 165/218/118
f 171/221/121 173/281/548 236/222/122
f 519/223/123 521/168/68 540/170/70
f 156/228/128 154/297/549 207/229/129
f 268/166/66 270/269/169 271/230/130
f 109/234/134 131/277/550 246/235/135
f 246/235/135 131/277/550 133/237/137
f 256/242/142 222/252/152 220/243/143
f 250/244/144 141/284/551 143/245/145
f 503/248/148 432/276/552 450/232/132
f 499/249/149 424/272/553 428/240/140
f 256/242/142 258/266/166 224/251/151
f 452/233/133 454/255/155 507/254/154
f 456/226/126 509/225/125 507/254/154
f 511/215/115 509/225/125 458/227/127
f 236/222/122 173/281/548 101/256/156
f 167/257/157 169/288/547 209/217/117
f 543/208/108 600/210/110 602/211/111
f 547/260/160 545/213/113 604/212/112
f 609/204/104 551/203/103 547/260/160
f 553/201/101 551/203/103 611/205/105
f 422/247/147 424/272/553 499/249/149
f 549/262/162 555/196/96 631/198/98
f 625/192/92 557/191/91 549/262/162
f 430/241/141 432/276/552 503/248/148
f 240/175/75 105/298/544 107/253/153
f 533/264/164 537/185/85 569/186/86
f 565/178/78 529/177/77 533/264/164
f 531/180/80 529/177/77 562/179/79
f 135/250/150 141/284/551 250/244/144
f 260/171/71 231/173/73 228/267/167
f 526/161/63 517/160/62 519/223/123
f 207/229/129 154/297/549 151/259/159
f 514/270/3 516/270/170 517/270/170
f 269/270/171 514/270/3 515/270/3
f 267/270/172 269/270/171 270/270/171
f 266/270/173 265/270/173 267/270/172
f 266/270/173 260/270/174 259/270/174
f 257/270/175 259/270/174 260/270/174
f 256/270/176 255/270/176 257/270/175
f 254/270/177 253/270/177 255/270/176
f 252/270/178 251/270/178 253/270/177
f 227/270/179 226/270/179 251/270/178
f 219/270/180 218/270/180 226/270/179
f 217/270/181 216/270/181 218/270/180
f 216/270/181 217/270/181 215/270/182
f 214/270/182 215/270/182 213/270/183
f 207/270/184 206/270/184 212/270/183
f 211/270/185 210/270/185 206/270/184
f 210/270/185 211/270/185 209/270/186
f 208/270/186 209/270/186 244/270/187
f 243/270/187 244/270/187 236/270/188
f 238/270/189 237/270/189 235/270/188
f 237/270/189 238/270/189 240/270/190
f 240/270/190 242/270/191 241/270/191
f 241/270/191 242/270/191 246/270/192
f 245/270/192 246/270/192 248/270/193
f 247/270/193 248/270/193 250/270/194
f 250/270/194 497/270/2 496/270/2
f 497/270/2 499/270/195 498/270/195
f 498/270/195 499/270/195 501/270/196
f 500/270/196 501/270/196 503/270/197
f 502/270/197 503/270/197 505/270/198
f 505/270/198 507/270/200 506/270/200
f 506/270/200 507/270/200 509/270/201
f 508/270/201 509/270/201 511/270/202
f 510/270/202 511/270/202 513/270/203
f 512/270/203 513/270/203 543/270/204
f 542/270/204 543/270/204 545/270/205
f 544/270/205 545/270/205 547/270/206
f 546/270/206 547/270/206 551/270/207
f 550/270/207 551/270/207 553/270/208
f 555/270/209 554/270/209 552/270/208
f 555/270/209 549/270/210 548/270/210
f 548/270/210 549/270/210 557/270/211
f 535/270/212 534/270/212 556/270/211
f 537/270/213 536/270/213 534/270/212
f 537/270/213 533/270/214 532/270/214
f 529/270/215 528/270/215 532/270/214
f 530/270/216 528/270/215 529/270/215
f 521/270/217 520/270/217 530/270/216
f 519/270/218 518/270/218 520/270/217
f 516/270/170 518/270/218 519/270/218
f 599/209/219 601/713/554 600/210/220
f 458/227/222 459/227/346 595/271/223
f 168/257/225 167/257/287 151/259/226
f 564/179/228 561/714/235 560/181/229
f 424/272/231 425/272/360 429/240/232
f 558/169/234 560/181/229 561/181/235
f 175/273/239 164/199/281 163/199/237
f 163/199/237 176/194/426 177/194/238
f 600/210/220 601/210/554 603/274/240
f 179/275/242 178/275/293 180/157/243
f 433/276/245 451/715/555 450/232/246
f 131/277/248 132/277/556 134/237/249
f 133/237/250 134/237/249 136/250/251
f 165/218/253 166/218/371 172/221/254
f 625/192/256 620/263/368 621/263/257
f 450/232/246 451/232/555 453/278/259
f 231/173/261 232/173/370 230/267/262
f 224/251/264 225/296/320 223/279/265
f 107/253/267 108/253/366 110/234/268
f 622/280/271 624/193/321 623/193/270
f 623/193/270 625/192/256 626/192/258
f 171/221/255 172/221/254 174/281/272
f 607/261/276 604/212/277 605/212/274
f 606/282/275 608/261/333 607/261/276
f 602/211/241 603/211/240 605/283/274
f 135/250/252 136/250/251 142/284/278
f 162/285/280 161/285/557 163/199/237
f 452/233/260 453/233/259 455/286/282
f 522/164/284 523/162/305 525/287/285
f 167/257/287 168/257/225 170/288/288
f 160/289/291 159/716/558 158/206/290
f 158/206/290 161/285/557 162/285/280
f 274/290/292 273/154/308 522/156/284
f 177/194/238 176/194/426 178/275/293
f 189/291/296 188/717/331 187/187/294
f 187/187/294 220/243/461 221/243/295
f 454/255/283 455/255/282 457/292/297
f 526/161/299 538/224/339 539/224/300
f 141/284/279 142/284/278 144/245/302
f 102/256/304 101/256/316 173/281/273
f 221/243/295 220/243/461 222/252/266
f 523/162/305 526/161/299 527/161/301
f 559/169/236 541/170/338 540/170/306
f 272/230/307 271/230/312 273/154/308
f 158/206/290 159/206/558 157/228/309
f 264/167/311 263/167/352 271/230/312
f 570/294/315 569/186/329 627/182/313
f 627/182/313 629/182/345 628/293/314
f 101/256/316 102/256/304 104/174/317
f 225/296/320 224/251/264 228/267/263
f 228/267/263 230/267/262 229/295/319
f 624/193/321 619/184/344 618/184/322
f 143/245/303 144/245/302 423/247/323
f 155/297/325 154/297/559 156/228/310
f 103/174/318 104/174/317 106/298/326
f 570/186/315 568/265/361 567/265/328
f 186/299/330 185/303/343 187/187/294
f 609/204/332 607/261/276 608/261/333
f 614/202/337 611/205/363 612/205/335
f 613/301/336 615/202/349 614/202/337
f 541/170/338 539/224/300 538/224/339
f 594/216/224 595/216/223 597/302/340
f 184/190/342 183/190/492 185/303/343
f 627/182/313 618/184/322 619/184/344
f 456/226/298 457/226/297 459/304/346
f 153/305/347 152/259/227 151/259/226
f 151/259/226 154/297/559 155/297/325
f 616/197/348 614/202/337 615/202/349
f 262/165/351 261/165/355 263/167/352
f 597/214/340 599/718/219 598/209/221
f 428/240/233 429/240/232 431/308/353
f 261/165/355 262/165/351 234/172/356
f 564/179/228 562/179/230 565/178/358
f 565/178/358 566/178/362 563/309/359
f 422/247/324 423/247/323 425/272/360
f 565/178/358 567/265/328 568/310/361
f 611/205/363 609/204/332 610/204/334
f 630/311/364 632/198/369 631/198/365
f 631/198/365 616/197/348 617/197/350
f 105/298/327 106/298/326 108/253/366
f 182/312/367 181/157/244 180/157/243
f 180/157/243 183/190/492 184/190/342
f 110/234/268 132/277/556 131/277/248
f 620/263/368 631/198/365 632/198/369
f 232/313/370 231/173/261 233/172/357
f 430/241/354 431/241/353 433/314/245
f 165/218/253 169/288/289 170/288/288
f 139/154/56 128/269/414 397/155/372
f 29/157/59 27/275/543 92/158/374
f 397/163/372 399/160/62 418/162/64
f 121/165/65 124/268/380 126/166/376
f 99/172/72 97/173/560 120/171/379
f 37/174/74 39/298/544 72/175/381
f 438/169/69 403/168/378 405/180/383
f 488/182/82 411/185/85 413/183/83
f 35/187/87 33/303/561 112/188/386
f 112/188/386 33/303/561 31/190/387
f 92/158/374 27/275/543 25/194/94
f 413/183/83 435/191/91 484/193/93
f 23/199/99 11/285/546 56/200/388
f 492/197/97 393/196/96 391/201/101
f 56/200/388 11/285/546 9/206/106
f 383/208/392 373/220/398 464/209/109
f 462/214/395 373/220/398 371/215/115
f 50/217/117 15/288/562 17/218/118
f 19/221/399 21/281/563 78/222/400
f 401/223/123 403/168/378 414/170/70
f 5/228/403 7/297/564 52/229/129
f 126/166/376 128/269/414 137/230/130
f 43/234/134 59/277/565 80/235/135
f 80/235/135 59/277/565 61/237/137
f 85/243/405 114/189/89 116/242/406
f 84/244/144 65/284/566 67/245/145
f 363/248/148 354/276/567 374/232/132
f 359/249/149 348/272/553 350/240/140
f 116/242/406 118/266/413 89/251/151
f 367/254/154 365/231/131 376/233/133
f 380/226/126 369/225/402 367/254/154
f 371/215/115 369/225/402 394/227/127
f 78/222/400 21/281/563 45/256/156
f 13/257/157 15/288/562 50/217/117
f 383/208/392 466/210/110 468/211/111
f 387/260/160 385/213/393 470/212/394
f 474/204/390 389/203/389 387/260/160
f 391/201/101 389/203/389 476/205/105
f 346/247/147 348/272/553 359/249/149
f 437/262/162 393/196/96 494/198/98
f 486/192/92 435/191/91 437/262/162
f 352/241/141 354/276/567 363/248/148
f 72/175/381 39/298/544 41/253/153
f 409/264/411 411/185/85 448/186/385
f 444/178/78 407/177/382 409/264/411
f 405/180/383 407/177/382 442/179/79
f 63/250/150 65/284/566 84/244/144
f 120/171/379 97/173/560 95/267/167
f 420/161/63 399/160/62 401/223/123
f 52/229/129 7/297/564 3/259/409
f 396/270/3 398/270/170 399/270/170
f 127/270/171 396/270/3 397/270/3
f 125/270/172 127/270/171 128/270/171
f 124/270/173 123/270/173 125/270/172
f 124/270/173 120/270/174 119/270/174
f 117/270/175 119/270/174 120/270/174
f 116/270/176 115/270/176 117/270/175
f 114/270/177 113/270/177 115/270/176
f 112/270/178 111/270/178 113/270/177
f 94/270/179 93/270/179 111/270/178
f 92/270/180 91/270/180 93/270/179
f 58/270/181 57/270/181 91/270/180
f 56/270/182 55/270/182 57/270/181
f 55/270/182 56/270/182 54/270/183
f 53/270/183 54/270/183 52/270/184
f 48/270/185 47/270/185 51/270/184
f 47/270/185 48/270/185 50/270/186
f 49/270/186 50/270/186 76/270/187
f 75/270/187 76/270/187 78/270/188
f 70/270/189 69/270/189 77/270/188
f 69/270/189 70/270/189 72/270/190
f 72/270/190 74/270/191 73/270/191
f 73/270/191 74/270/191 80/270/192
f 79/270/192 80/270/192 82/270/193
f 81/270/193 82/270/193 84/270/194
f 83/270/194 84/270/194 357/270/2
f 357/270/2 359/270/195 358/270/195
f 358/270/195 359/270/195 361/270/196
f 360/270/196 361/270/196 363/270/197
f 362/270/197 363/270/197 365/270/198
f 365/270/198 367/270/200 366/270/200
f 366/270/200 367/270/200 369/270/201
f 368/270/201 369/270/201 371/270/202
f 370/270/202 371/270/202 373/270/203
f 372/270/203 373/270/203 383/270/204
f 382/270/204 383/270/204 385/270/205
f 384/270/205 385/270/205 387/270/206
f 386/270/206 387/270/206 389/270/207
f 388/270/207 389/270/207 391/270/208
f 390/270/208 391/270/208 393/270/209
f 392/270/209 393/270/209 437/270/210
f 436/270/210 437/270/210 435/270/211
f 434/270/211 435/270/211 413/270/212
f 411/270/213 410/270/213 412/270/212
f 409/270/214 408/270/214 410/270/213
f 407/270/215 406/270/215 408/270/214
f 404/270/216 406/270/215 407/270/215
f 403/270/217 402/270/217 404/270/216
f 403/270/217 401/270/218 400/270/218
f 398/270/170 400/270/218 401/270/218
f 465/209/219 467/713/568 466/210/415
f 394/227/222 395/227/346 461/271/416
f 14/257/418 13/257/287 3/259/226
f 441/315/419 440/181/424 442/179/420
f 348/272/422 349/272/500 351/240/232
f 439/316/423 438/169/472 440/181/424
f 24/199/425 23/199/450 25/194/426
f 466/210/415 467/210/568 469/274/240
f 28/275/428 27/275/293 29/157/243
f 355/276/430 375/715/555 374/232/246
f 59/277/432 60/277/432 62/237/249
f 61/237/250 62/237/249 64/250/251
f 17/218/433 18/218/371 20/221/254
f 482/263/434 483/263/503 487/317/435
f 374/232/246 375/232/555 377/278/259
f 96/267/437 95/267/481 97/173/174
f 88/252/438 87/252/469 89/251/264
f 41/253/267 42/253/366 44/234/440
f 484/193/270 486/192/436 487/192/435
f 22/281/443 21/281/466 19/221/255
f 470/212/444 471/212/274 473/319/445
f 468/211/241 469/211/240 471/320/274
f 63/250/252 64/250/251 66/284/447
f 12/285/449 11/285/458 23/199/450
f 376/233/260 377/233/259 379/286/451
f 417/164/286 416/164/284 418/162/453
f 13/257/287 14/257/418 16/288/455
f 10/206/457 9/206/475 11/285/458
f 140/154/459 139/154/308 416/156/284
f 26/194/427 25/194/426 27/275/293
f 36/187/460 35/187/294 85/243/461
f 378/255/452 379/255/451 381/292/463
f 421/161/464 420/161/470 426/224/339
f 65/284/448 66/284/447 68/245/302
f 21/281/466 22/281/443 46/256/467
f 86/243/462 85/243/461 87/252/469
f 419/162/454 418/162/453 420/161/470
f 415/321/471 414/170/306 438/169/472
f 137/230/473 139/154/308 140/154/459
f 9/206/475 10/206/457 6/228/476
f 130/167/477 129/167/352 137/230/473
f 449/294/478 448/186/329 488/182/479
f 45/256/468 46/256/467 38/174/317
f 90/251/439 89/251/264 95/267/481
f 490/184/322 484/193/270 485/193/442
f 67/245/303 68/245/302 347/247/323
f 8/297/483 7/297/494 5/228/310
f 37/174/318 38/174/317 40/298/326
f 447/323/484 446/265/484 448/186/329
f 34/303/485 33/303/569 35/187/294
f 472/261/446 473/261/445 475/324/486
f 476/205/487 477/205/501 479/325/488
f 427/326/465 426/224/339 414/170/306
f 460/216/417 461/216/416 463/302/490
f 31/190/492 33/303/569 34/303/485
f 489/327/480 488/182/479 490/184/322
f 380/226/298 381/226/463 395/304/346
f 7/297/494 8/297/483 4/259/227
f 478/202/489 479/202/488 493/328/495
f 122/165/497 121/165/355 129/167/352
f 463/214/490 465/718/219 464/209/221
f 350/240/233 351/240/232 353/308/353
f 100/172/498 99/172/357 121/165/355
f 443/329/421 442/179/420 444/178/358
f 346/247/324 347/247/323 349/272/500
f 445/330/499 444/178/358 446/265/484
f 474/204/332 475/204/486 477/331/501
f 495/332/502 494/198/365 492/197/496
f 39/298/327 40/298/326 42/253/366
f 30/157/429 29/157/243 31/190/492
f 44/234/440 60/277/432 59/277/432
f 494/198/365 495/198/502 483/333/503
f 97/173/174 99/172/357 100/172/498
f 352/241/354 353/241/353 355/314/430
f 16/288/455 18/218/371 17/218/433
s 0
f 288/336/6 336/719/6 330/391/6
f 288/336/6 330/391/6 295/720/6
f 283/721/6 282/373/6 288/336/6
f 285/335/6 283/721/6 288/336/6
f 288/336/6 295/720/6 294/334/6
f 583/337/504 591/722/504 590/338/504
f 582/340/505 590/338/505 589/341/505
f 577/343/506 581/342/506 589/341/506
f 589/341/506 588/723/506 576/344/506
f 576/344/507 588/723/507 587/345/507
f 575/346/508 587/345/508 586/347/508
f 574/348/509 586/347/509 580/349/509
f 573/350/510 580/349/510 579/351/510
f 572/352/511 579/351/511 578/353/511
f 280/355/512 571/724/512 578/353/512
f 279/357/513 280/725/513 293/356/513
f 275/359/514 279/726/514 292/360/514
f 278/362/515 275/359/515 286/363/515
f 276/365/516 278/362/516 291/366/516
f 277/368/517 276/365/517 290/367/517
f 290/367/517 289/371/517 284/369/517
f 281/370/518 284/369/518 289/371/518
f 282/373/519 281/727/519 287/372/519
f 655/374/520 658/728/520 659/375/520
f 656/376/521 659/729/521 660/377/521
f 657/378/522 660/730/522 667/379/522
f 661/380/523 667/731/523 668/381/523
f 662/382/524 668/732/524 671/383/524
f 665/384/525 671/733/525 672/385/525
f 666/386/526 672/734/526 670/387/526
f 664/388/527 670/387/527 669/389/527
f 330/391/528 336/719/528 337/392/528
f 331/393/529 337/392/529 338/394/529
f 332/395/530 338/735/530 339/396/530
f 333/397/531 339/736/531 340/398/531
f 334/399/532 340/737/532 341/400/532
f 335/401/533 341/738/533 344/402/533
f 342/403/534 344/739/534 345/404/534
f 343/405/535 345/740/535 658/406/535
f 593/408/5 663/390/5 669/389/5
f 591/409/5 583/337/5 584/741/5
f 591/409/5 584/741/5 585/742/5
f 593/408/5 669/389/5 591/409/5
f 591/409/5 585/742/5 592/410/5
