M5
G0 X45.474 Y40.446
M3
G0 X133.507 Y40.446
M5
G0 X133.507 Y40.591
M3
G0 X97.944 Y40.591
M5
G0 X98.308 Y40.810
M3
G0 X98.308 Y20.988
M5
G0 X98.163 Y20.988
M3
G0 X98.163 Y124.762
M5
G0 X97.944 Y124.543
M3
G0 X37.312 Y124.543
M5
G0 X37.312 Y125.126
M3
G0 X96.195 Y125.126
M5
G0 X96.195 Y125.709
M3
G0 X35.563 Y125.709
M5
G0 X34.980 Y126.292
M3
G0 X36.729 Y126.292
M5
G0 X37.895 Y126.292
M3
G0 X39.061 Y126.292
M5
G0 X39.644 Y126.292
M3
G0 X95.029 Y126.292
M5
G0 X95.248 Y126.511
M3
G0 X95.248 Y98.527
M5
G0 X95.612 Y98.891
M3
G0 X128.843 Y98.891
M5
G0 X128.843 Y98.600
M3
G0 X111.936 Y98.600
M5
G0 X112.009 Y99.110
M3
G0 X112.009 Y113.102
M5
G0 X111.936 Y113.029
M3
G0 X112.519 Y113.029
M5
G0 X112.592 Y113.102
M3
G0 X112.592 Y98.527
M5
G0 X112.519 Y98.017
M3
G0 X129.426 Y98.017
M5
G0 X129.499 Y97.944
M3
G0 X129.499 Y36.729
M5
G0 X129.353 Y36.729
M3
G0 X129.353 Y37.312
M5
G0 X129.426 Y37.239
M3
G0 X127.094 Y37.239
M5
G0 X126.511 Y37.239
M3
G0 X117.766 Y37.239
M5
G0 X118.349 Y36.656
M3
G0 X114.268 Y36.656
M5
G0 X113.685 Y36.656
M3
G0 X108.438 Y36.656
M5
G0 X107.855 Y36.656
M3
G0 X95.029 Y36.656
M5
G0 X94.519 Y36.729
M3
G0 X94.519 Y20.988
M5
G0 X94.665 Y20.988
M3
G0 X94.665 Y75.207
M5
G0 X94.082 Y75.207
M3
G0 X94.082 Y20.988
M5
G0 X94.227 Y20.988
M3
G0 X94.227 Y37.312
M5
G0 X93.863 Y37.093
M3
G0 X130.009 Y37.093
M5
G0 X130.082 Y37.312
M3
G0 X130.082 Y96.778
M5
G0 X130.592 Y96.705
M3
G0 X129.426 Y96.705
M5
G0 X128.843 Y97.288
M3
G0 X130.009 Y97.288
M5
G0 X130.009 Y97.434
M3
G0 X112.519 Y97.434
M5
G0 X113.102 Y96.851
M3
G0 X130.592 Y96.851
M5
G0 X130.592 Y97.142
M3
G0 X96.778 Y97.142
M5
G0 X96.778 Y96.559
M3
G0 X131.175 Y96.559
M5
G0 X131.175 Y96.268
M3
G0 X113.685 Y96.268
M5
G0 X113.685 Y95.685
M3
G0 X131.758 Y95.685
M5
G0 X131.758 Y95.539
M3
G0 X130.592 Y95.539
M5
G0 X130.592 Y94.956
M3
G0 X116.600 Y94.956
M5
G0 X116.600 Y94.373
M3
G0 X130.592 Y94.373
M5
G0 X130.519 Y93.863
M3
G0 X130.519 Y85.701
M5
G0 X131.102 Y85.701
M3
G0 X131.102 Y92.114
M5
G0 X132.924 Y92.041
M3
G0 X119.515 Y92.041
M5
G0 X120.098 Y91.458
M3
G0 X132.924 Y91.458
M5
G0 X133.507 Y91.458
M3
G0 X134.673 Y91.458
M5
G0 X134.746 Y91.531
M3
G0 X134.746 Y43.142
M5
G0 X135.037 Y43.142
M3
G0 X135.037 Y91.531
M5
G0 X135.256 Y91.312
M3
G0 X95.029 Y91.312
M5
G0 X95.248 Y91.531
M3
G0 X95.248 Y76.956
M5
G0 X94.665 Y76.956
M3
G0 X94.665 Y91.531
M5
G0 X94.446 Y91.750
M3
G0 X135.256 Y91.750
M5
G0 X135.256 Y91.895
M3
G0 X95.612 Y91.895
M5
G0 X95.976 Y92.114
M3
G0 X95.976 Y90.365
M5
G0 X95.393 Y89.782
M3
G0 X95.393 Y90.948
M5
G0 X94.810 Y90.365
M3
G0 X94.810 Y89.782
M5
G0 X93.863 Y90.146
M3
G0 X136.422 Y90.146
M5
G0 X136.422 Y90.001
M3
G0 X92.697 Y90.001
M5
G0 X92.916 Y89.782
M3
G0 X92.916 Y72.292
M5
G0 X92.333 Y72.292
M3
G0 X92.333 Y74.624
M5
G0 X91.750 Y74.624
M3
G0 X91.750 Y72.292
M5
G0 X91.167 Y72.292
M3
G0 X91.167 Y88.616
M5
G0 X91.312 Y88.616
M3
G0 X91.312 Y88.033
M5
G0 X91.895 Y88.033
M3
G0 X91.895 Y88.616
M5
G0 X92.114 Y88.980
M3
G0 X137.005 Y88.980
M5
G0 X137.005 Y88.835
M3
G0 X89.782 Y88.835
M5
G0 X90.001 Y88.616
M3
G0 X90.001 Y20.405
M5
G0 X89.418 Y20.405
M3
G0 X89.418 Y88.616
M5
G0 X88.835 Y88.616
M3
G0 X88.835 Y20.405
M5
G0 X88.616 Y20.624
M3
G0 X99.110 Y20.624
M5
G0 X99.329 Y20.988
M3
G0 X99.329 Y124.179
M5
G0 X99.110 Y123.960
M3
G0 X97.944 Y123.960
M5
G0 X98.527 Y123.377
M3
G0 X100.276 Y123.377
M5
G0 X100.495 Y123.596
M3
G0 X100.495 Y21.571
M5
G0 X100.640 Y21.571
M3
G0 X100.640 Y42.559
M5
G0 X100.859 Y42.049
M3
G0 X134.673 Y42.049
M5
G0 X134.673 Y42.195
M3
G0 X44.308 Y42.195
M5
G0 X44.527 Y42.559
M3
G0 X44.527 Y139.920
M5
G0 X43.944 Y139.920
M3
G0 X43.944 Y43.142
M5
G0 X43.725 Y43.361
M3
G0 X135.839 Y43.361
M5
G0 X135.475 Y43.725
M3
G0 X135.475 Y90.948
M5
G0 X135.620 Y90.948
M3
G0 X135.620 Y44.308
M5
G0 X135.839 Y44.381
M3
G0 X104.357 Y44.381
M5
G0 X105.013 Y44.308
M3
G0 X105.013 Y21.571
M5
G0 X104.940 Y21.352
M3
G0 X103.774 Y21.352
M5
G0 X103.847 Y21.571
M3
G0 X103.847 Y43.142
M5
G0 X103.264 Y43.142
M3
G0 X103.264 Y22.154
M5
G0 X103.191 Y21.644
M3
G0 X106.689 Y21.644
M5
G0 X106.470 Y21.571
M3
G0 X106.470 Y47.806
M5
G0 X106.106 Y48.170
M3
G0 X137.588 Y48.170
M5
G0 X137.588 Y47.879
M3
G0 X107.855 Y47.879
M5
G0 X107.636 Y48.389
M3
G0 X107.636 Y22.154
M5
G0 X107.491 Y22.154
M3
G0 X107.491 Y50.721
M5
G0 X107.491 Y51.304
M3
G0 X107.491 Y121.847
M5
G0 X107.855 Y121.628
M3
G0 X102.025 Y121.628
M5
G0 X102.389 Y121.847
M3
G0 X102.389 Y122.430
M5
G0 X102.827 Y122.430
M3
G0 X102.827 Y74.624
M5
G0 X102.827 Y74.041
M3
G0 X102.827 Y21.571
M5
G0 X102.972 Y21.571
M3
G0 X102.972 Y44.308
M5
G0 X102.389 Y44.308
M3
G0 X102.389 Y22.154
M5
G0 X102.098 Y22.154
M3
G0 X102.098 Y42.559
M5
G0 X102.681 Y42.559
M3
G0 X102.681 Y43.142
M5
G0 X102.025 Y43.215
M3
G0 X135.256 Y43.215
M5
G0 X135.256 Y42.923
M3
G0 X99.693 Y42.923
M5
G0 X99.110 Y42.340
M3
G0 X134.673 Y42.340
M5
G0 X134.673 Y42.632
M3
G0 X101.442 Y42.632
M5
G0 X101.223 Y43.142
M3
G0 X101.223 Y21.571
M5
G0 X101.078 Y21.571
M3
G0 X101.078 Y123.013
M5
G0 X101.442 Y123.232
M3
G0 X12.826 Y123.232
M5
G0 X12.826 Y122.649
M3
G0 X103.774 Y122.649
M5
G0 X103.993 Y122.430
M3
G0 X103.993 Y20.988
M5
G0 X104.576 Y20.988
M3
G0 X104.576 Y49.555
M5
G0 X104.576 Y50.138
M3
G0 X104.576 Y122.430
M5
G0 X104.357 Y122.211
M3
G0 X99.693 Y122.211
M5
G0 X99.693 Y121.628
M3
G0 X100.859 Y121.628
M5
G0 X101.661 Y123.013
M3
G0 X101.661 Y21.571
M5
G0 X102.244 Y21.571
M3
G0 X102.244 Y123.013
M5
G0 X102.025 Y122.794
M3
G0 X98.527 Y122.794
M5
G0 X97.944 Y121.628
M3
G0 X43.142 Y121.628
M5
G0 X42.559 Y121.628
M3
G0 X40.227 Y121.628
M5
G0 X40.227 Y121.045
M3
G0 X109.021 Y121.045
M5
G0 X109.240 Y121.264
M3
G0 X109.240 Y75.207
M5
G0 X109.240 Y74.624
M3
G0 X109.240 Y22.154
M5
G0 X109.021 Y22.518
M3
G0 X79.871 Y22.518
M5
G0 X80.235 Y22.737
M3
G0 X80.235 Y33.231
M5
G0 X80.818 Y32.648
M3
G0 X80.818 Y22.154
M5
G0 X81.037 Y21.935
M3
G0 X107.272 Y21.935
M5
G0 X107.272 Y21.790
M3
G0 X80.454 Y21.790
M5
G0 X80.673 Y21.571
M3
G0 X80.673 Y130.009
M5
G0 X80.454 Y129.645
M3
G0 X90.365 Y129.645
M5
G0 X90.001 Y129.426
M3
G0 X90.001 Y90.948
M5
G0 X90.584 Y90.948
M3
G0 X90.584 Y128.843
M5
G0 X90.948 Y128.624
M3
G0 X89.199 Y128.624
M5
G0 X88.616 Y128.624
M3
G0 X80.454 Y128.624
M5
G0 X80.454 Y128.479
M3
G0 X92.114 Y128.479
M5
G0 X91.750 Y128.260
M3
G0 X91.750 Y93.280
M5
G0 X91.531 Y93.644
M3
G0 X87.450 Y93.644
M5
G0 X87.086 Y93.280
M3
G0 X87.086 Y131.175
M5
G0 X87.450 Y130.956
M3
G0 X82.786 Y130.956
M5
G0 X83.005 Y131.175
M3
G0 X83.005 Y85.701
M5
G0 X83.005 Y85.118
M3
G0 X83.005 Y62.964
M5
G0 X83.588 Y62.381
M3
G0 X83.588 Y61.215
M5
G0 X83.588 Y60.632
M3
G0 X83.588 Y21.571
M5
G0 X83.733 Y21.571
M3
G0 X83.733 Y31.482
M5
G0 X83.150 Y31.482
M3
G0 X83.150 Y21.571
M5
G0 X83.005 Y21.571
M3
G0 X83.005 Y61.798
M5
G0 X81.839 Y61.798
M3
G0 X81.839 Y63.547
M5
G0 X81.839 Y64.130
M3
G0 X81.839 Y130.592
M5
G0 X81.620 Y130.373
M3
G0 X88.616 Y130.373
M5
G0 X88.835 Y130.592
M3
G0 X88.835 Y91.531
M5
G0 X88.616 Y91.167
M3
G0 X87.450 Y91.167
M5
G0 X86.867 Y91.167
M3
G0 X0.000 Y91.167
M5
G0 X0.000 Y91.312
M3
G0 X1.749 Y91.312
M5
G0 X1.530 Y91.531
M3
G0 X1.530 Y80.454
M5
G0 X1.166 Y80.235
M3
G0 X0.000 Y80.235
M5
G0 X0.000 Y80.090
M3
G0 X2.332 Y80.090
M5
G0 X2.113 Y80.454
M3
G0 X2.113 Y81.620
M5
G0 X2.113 Y82.203
M3
G0 X2.113 Y89.782
M5
G0 X2.113 Y90.365
M3
G0 X2.113 Y90.948
M5
G0 X2.696 Y90.948
M3
G0 X2.696 Y81.037
M5
G0 X2.915 Y80.818
M3
G0 X0.000 Y80.818
M5
G0 X0.000 Y80.673
M3
G0 X3.498 Y80.673
M5
G0 X3.279 Y81.037
M3
G0 X3.279 Y90.948
M5
G0 X3.717 Y90.948
M3
G0 X3.717 Y81.037
M5
G0 X3.498 Y81.401
M3
G0 X0.000 Y81.401
M5
G0 X0.000 Y81.256
M3
G0 X4.664 Y81.256
M5
G0 X4.883 Y81.620
M3
G0 X4.883 Y90.948
M5
G0 X5.028 Y90.948
M3
G0 X5.028 Y89.199
M5
G0 X4.664 Y89.272
M3
G0 X19.239 Y89.272
M5
G0 X19.239 Y89.126
M3
G0 X16.324 Y89.126
M5
G0 X15.741 Y89.126
M3
G0 X15.158 Y89.126
M5
G0 X15.158 Y88.543
M3
G0 X15.741 Y88.543
M5
G0 X14.648 Y88.616
M3
G0 X14.648 Y91.531
M5
G0 X14.356 Y91.531
M3
G0 X14.356 Y83.952
M5
G0 X14.648 Y83.952
M3
G0 X14.648 Y84.535
M5
G0 X14.065 Y84.535
M3
G0 X14.065 Y85.701
M5
G0 X13.482 Y85.701
M3
G0 X13.482 Y86.867
M5
G0 X12.899 Y86.867
M3
G0 X12.899 Y87.450
M5
G0 X12.316 Y86.867
M3
G0 X12.316 Y88.033
M5
G0 X12.316 Y88.616
M3
G0 X12.316 Y90.948
M5
G0 X12.024 Y90.948
M3
G0 X12.024 Y83.369
M5
G0 X11.879 Y83.369
M3
G0 X11.879 Y93.280
M5
G0 X12.462 Y93.280
M3
G0 X12.462 Y83.369
M5
G0 X12.607 Y83.369
M3
G0 X12.607 Y90.948
M5
G0 X12.899 Y90.948
M3
G0 X12.899 Y88.616
M5
G0 X13.482 Y89.199
M3
G0 X13.482 Y90.948
M5
G0 X13.409 Y90.875
M3
G0 X16.907 Y90.875
M5
G0 X17.126 Y90.948
M3
G0 X17.126 Y83.952
M5
G0 X17.271 Y83.952
M3
G0 X17.271 Y90.948
M5
G0 X17.490 Y90.438
M3
G0 X11.660 Y90.438
M5
G0 X11.733 Y90.365
M3
G0 X11.733 Y88.616
M5
G0 X11.150 Y88.033
M3
G0 X11.150 Y90.365
M5
G0 X11.077 Y90.292
M3
G0 X18.073 Y90.292
M5
G0 X18.146 Y90.365
M3
G0 X18.146 Y88.033
M5
G0 X18.073 Y88.543
M3
G0 X16.907 Y88.543
M5
G0 X16.907 Y87.960
M3
G0 X17.490 Y87.960
M5
G0 X17.490 Y87.377
M3
G0 X16.907 Y87.377
M5
G0 X16.980 Y86.867
M3
G0 X16.980 Y90.365
M5
G0 X16.834 Y90.365
M3
G0 X16.834 Y89.782
M5
G0 X16.251 Y89.782
M3
G0 X16.251 Y90.365
M5
G0 X15.668 Y90.365
M3
G0 X15.668 Y90.948
M5
G0 X15.741 Y91.021
M3
G0 X13.992 Y91.021
M5
G0 X14.502 Y90.948
M3
G0 X14.502 Y89.782
M5
G0 X13.919 Y89.782
M3
G0 X13.919 Y90.365
M5
G0 X13.336 Y90.365
M3
G0 X13.336 Y89.782
M5
G0 X13.190 Y91.531
M3
G0 X13.190 Y83.369
M5
G0 X13.045 Y83.369
M3
G0 X13.045 Y93.280
M5
G0 X13.628 Y93.280
M3
G0 X13.628 Y83.369
M5
G0 X13.773 Y83.369
M3
G0 X13.773 Y91.531
M5
G0 X14.065 Y91.531
M3
G0 X14.065 Y86.867
M5
G0 X14.648 Y86.867
M3
G0 X14.648 Y87.450
M5
G0 X15.814 Y86.867
M3
G0 X15.814 Y90.948
M5
G0 X16.105 Y90.948
M3
G0 X16.105 Y83.952
M5
G0 X15.960 Y83.952
M3
G0 X15.960 Y91.531
M5
G0 X16.324 Y91.312
M3
G0 X12.243 Y91.312
M5
G0 X11.441 Y90.948
M3
G0 X11.441 Y83.369
M5
G0 X10.858 Y83.369
M3
G0 X10.858 Y90.365
M5
G0 X10.567 Y90.365
M3
G0 X10.567 Y88.616
M5
G0 X10.494 Y88.106
M3
G0 X9.328 Y88.106
M5
G0 X9.401 Y88.616
M3
G0 X9.401 Y89.782
M5
G0 X8.818 Y89.782
M3
G0 X8.818 Y89.199
M5
G0 X8.745 Y89.709
M3
G0 X18.656 Y89.709
M5
G0 X18.656 Y89.855
M3
G0 X3.498 Y89.855
M5
G0 X3.498 Y89.272
M3
G0 X4.081 Y89.272
M5
G0 X3.571 Y89.199
M3
G0 X3.571 Y88.033
M5
G0 X4.081 Y88.106
M3
G0 X2.915 Y88.106
M5
G0 X2.332 Y88.106
M3
G0 X1.749 Y88.106
M5
G0 X1.822 Y88.616
M3
G0 X1.822 Y87.450
M5
G0 X1.749 Y87.523
M3
G0 X2.915 Y87.523
M5
G0 X2.405 Y87.450
M3
G0 X2.405 Y86.867
M5
G0 X2.915 Y86.940
M3
G0 X1.749 Y86.940
M5
G0 X1.166 Y86.940
M3
G0 X0.000 Y86.940
M5
G0 X0.073 Y86.867
M3
G0 X0.073 Y87.450
M5
G0 X0.000 Y87.231
M3
G0 X60.049 Y87.231
M5
G0 X60.049 Y87.814
M3
G0 X0.000 Y87.814
M5
G0 X0.000 Y87.669
M3
G0 X137.588 Y87.669
M5
G0 X137.224 Y87.450
M3
G0 X137.224 Y67.045
M5
G0 X137.005 Y67.118
M3
G0 X124.762 Y67.118
M5
G0 X124.762 Y66.535
M3
G0 X137.005 Y66.535
M5
G0 X137.005 Y66.243
M3
G0 X119.515 Y66.243
M5
G0 X119.515 Y65.660
M3
G0 X137.588 Y65.660
M5
G0 X137.588 Y65.515
M3
G0 X68.794 Y65.515
M5
G0 X68.794 Y64.932
M3
G0 X138.171 Y64.932
M5
G0 X137.952 Y64.713
M3
G0 X137.952 Y48.389
M5
G0 X138.171 Y48.462
M3
G0 X108.438 Y48.462
M5
G0 X109.094 Y48.389
M3
G0 X109.094 Y22.737
M5
G0 X109.385 Y22.737
M3
G0 X109.385 Y50.138
M5
G0 X109.604 Y49.628
M3
G0 X138.171 Y49.628
M5
G0 X138.390 Y49.555
M3
G0 X138.390 Y62.964
M5
G0 X138.171 Y63.037
M3
G0 X123.596 Y63.037
M5
G0 X123.596 Y63.620
M3
G0 X138.171 Y63.620
M5
G0 X138.171 Y63.328
M3
G0 X118.932 Y63.328
M5
G0 X118.349 Y62.745
M3
G0 X138.171 Y62.745
M5
G0 X138.171 Y62.454
M3
G0 X123.013 Y62.454
M5
G0 X123.669 Y62.381
M3
G0 X123.669 Y32.065
M5
G0 X123.960 Y32.065
M3
G0 X123.960 Y67.045
M5
G0 X124.762 Y65.952
M3
G0 X137.005 Y65.952
M5
G0 X137.005 Y66.098
M3
G0 X27.401 Y66.098
M5
G0 X27.620 Y66.462
M3
G0 X27.620 Y63.547
M5
G0 X27.401 Y63.766
M3
G0 X68.211 Y63.766
M5
G0 X67.847 Y63.547
M3
G0 X67.847 Y64.713
M5
G0 X67.628 Y64.786
M3
G0 X64.713 Y64.786
M5
G0 X64.713 Y64.640
M3
G0 X65.296 Y64.640
M5
G0 X65.369 Y64.130
M3
G0 X65.369 Y65.296
M5
G0 X65.296 Y65.369
M3
G0 X66.462 Y65.369
M5
G0 X66.462 Y65.952
M3
G0 X63.547 Y65.952
M5
G0 X63.037 Y65.879
M3
G0 X63.037 Y65.296
M5
G0 X62.964 Y65.369
M3
G0 X64.130 Y65.369
M5
G0 X63.911 Y65.296
M3
G0 X63.911 Y67.045
M5
G0 X63.547 Y66.826
M3
G0 X65.879 Y66.826
M5
G0 X66.098 Y67.045
M3
G0 X66.098 Y63.547
M5
G0 X66.243 Y63.547
M3
G0 X66.243 Y66.462
M5
G0 X65.660 Y66.462
M3
G0 X65.660 Y63.547
M5
G0 X65.515 Y63.547
M3
G0 X65.515 Y67.045
M5
G0 X65.077 Y67.045
M3
G0 X65.077 Y60.632
M5
G0 X64.713 Y60.413
M3
G0 X63.547 Y60.413
M5
G0 X63.620 Y60.632
M3
G0 X63.620 Y61.215
M5
G0 X63.328 Y60.632
M3
G0 X63.328 Y66.462
M5
G0 X62.745 Y65.879
M3
G0 X62.745 Y60.632
M5
G0 X62.600 Y60.632
M3
G0 X62.600 Y90.948
M5
G0 X63.183 Y91.531
M3
G0 X63.183 Y60.049
M5
G0 X63.766 Y60.049
M3
G0 X63.766 Y88.616
M5
G0 X64.349 Y88.033
M3
G0 X64.349 Y60.049
M5
G0 X64.932 Y60.049
M3
G0 X64.932 Y67.045
M5
G0 X64.494 Y67.045
M3
G0 X64.494 Y60.632
M5
G0 X63.911 Y60.632
M3
G0 X63.911 Y64.130
M5
G0 X64.130 Y64.057
M3
G0 X64.713 Y64.057
M5
G0 X64.786 Y64.130
M3
G0 X64.786 Y65.296
M5
G0 X64.130 Y65.077
M3
G0 X67.628 Y65.077
M5
G0 X67.409 Y65.296
M3
G0 X67.409 Y62.381
M5
G0 X67.628 Y62.600
M3
G0 X27.984 Y62.600
M5
G0 X27.984 Y62.017
M3
G0 X67.628 Y62.017
M5
G0 X67.264 Y61.798
M3
G0 X67.264 Y65.879
M5
G0 X67.628 Y65.660
M3
G0 X61.798 Y65.660
M5
G0 X62.162 Y65.296
M3
G0 X62.162 Y61.215
M5
G0 X62.017 Y61.215
M3
G0 X62.017 Y134.090
M5
G0 X62.162 Y134.090
M3
G0 X62.162 Y130.592
M5
G0 X62.745 Y130.592
M3
G0 X62.745 Y130.009
M5
G0 X63.328 Y130.009
M3
G0 X63.328 Y134.090
M5
G0 X63.183 Y134.090
M3
G0 X63.183 Y92.114
M5
G0 X62.600 Y92.114
M3
G0 X62.600 Y134.090
M5
G0 X62.745 Y134.090
M3
G0 X62.745 Y131.758
M5
G0 X61.579 Y131.175
M3
G0 X61.579 Y132.924
M5
G0 X60.996 Y132.924
M3
G0 X60.996 Y130.592
M5
G0 X60.413 Y130.592
M3
G0 X60.413 Y133.507
M5
G0 X60.413 Y134.090
M3
G0 X60.413 Y147.499
M5
G0 X60.632 Y147.280
M3
G0 X47.806 Y147.280
M5
G0 X47.806 Y147.863
M3
G0 X50.721 Y147.863
M5
G0 X50.502 Y147.499
M3
G0 X50.502 Y145.750
M5
G0 X49.919 Y146.333
M3
G0 X49.919 Y148.665
M5
G0 X50.138 Y149.029
M3
G0 X47.223 Y149.029
M5
G0 X47.223 Y148.446
M3
G0 X50.721 Y148.446
M5
G0 X51.523 Y148.665
M3
G0 X51.523 Y36.729
M5
G0 X51.887 Y36.948
M3
G0 X48.972 Y36.948
M5
G0 X49.191 Y37.312
M3
G0 X49.191 Y155.078
M5
G0 X49.555 Y154.859
M3
G0 X58.883 Y154.859
M5
G0 X58.883 Y154.714
M3
G0 X46.640 Y154.714
M5
G0 X46.640 Y154.131
M3
G0 X58.883 Y154.131
M5
G0 X58.883 Y154.276
M3
G0 X49.555 Y154.276
M5
G0 X49.555 Y153.693
M3
G0 X58.883 Y153.693
M5
G0 X59.102 Y153.329
M3
G0 X59.102 Y33.231
M5
G0 X59.247 Y33.231
M3
G0 X59.247 Y44.891
M5
G0 X58.664 Y44.891
M3
G0 X58.664 Y33.814
M5
G0 X58.519 Y33.814
M3
G0 X58.519 Y155.078
M5
G0 X58.664 Y155.078
M3
G0 X58.664 Y131.175
M5
G0 X58.664 Y130.592
M3
G0 X58.664 Y126.511
M5
G0 X59.247 Y126.511
M3
G0 X59.247 Y152.746
M5
G0 X59.466 Y152.527
M3
G0 X51.304 Y152.527
M5
G0 X51.304 Y152.819
M3
G0 X58.883 Y152.819
M5
G0 X58.883 Y153.110
M3
G0 X50.138 Y153.110
M5
G0 X50.502 Y153.912
M3
G0 X50.502 Y155.078
M5
G0 X50.357 Y155.078
M3
G0 X50.357 Y36.729
M5
G0 X50.138 Y37.093
M3
G0 X51.304 Y37.093
M5
G0 X50.940 Y36.729
M3
G0 X50.940 Y149.831
M5
G0 X51.523 Y149.831
M3
G0 X51.523 Y155.078
M5
G0 X51.668 Y155.078
M3
G0 X51.668 Y152.163
M5
G0 X51.887 Y152.236
M3
G0 X58.883 Y152.236
M5
G0 X58.373 Y152.163
M3
G0 X58.373 Y152.746
M5
G0 X58.300 Y153.402
M3
G0 X54.802 Y153.402
M5
G0 X54.219 Y153.402
M3
G0 X51.304 Y153.402
M5
G0 X51.085 Y153.329
M3
G0 X51.085 Y155.078
M5
G0 X50.940 Y155.078
M3
G0 X50.940 Y150.997
M5
G0 X51.304 Y151.361
M3
G0 X59.466 Y151.361
M5
G0 X59.685 Y150.997
M3
G0 X59.685 Y32.648
M5
G0 X59.830 Y32.648
M3
G0 X59.830 Y44.308
M5
G0 X60.413 Y44.308
M3
G0 X60.413 Y32.648
M5
G0 X60.122 Y32.648
M3
G0 X60.122 Y42.559
M5
G0 X59.539 Y42.559
M3
G0 X59.539 Y33.231
M5
G0 X59.466 Y33.304
M3
G0 X77.539 Y33.304
M5
G0 X78.122 Y32.721
M3
G0 X60.049 Y32.721
M5
G0 X60.049 Y32.284
M3
G0 X125.345 Y32.284
M5
G0 X125.564 Y32.648
M3
G0 X125.564 Y101.442
M5
G0 X125.709 Y101.442
M3
G0 X125.709 Y79.288
M5
G0 X125.126 Y79.288
M3
G0 X125.126 Y102.025
M5
G0 X124.981 Y102.025
M3
G0 X124.981 Y32.065
M5
G0 X124.762 Y32.429
M3
G0 X60.632 Y32.429
M5
G0 X60.705 Y32.648
M3
G0 X60.705 Y41.976
M5
G0 X60.632 Y41.903
M3
G0 X59.466 Y41.903
M5
G0 X58.883 Y41.903
M3
G0 X54.802 Y41.903
M5
G0 X54.219 Y41.903
M3
G0 X53.053 Y41.903
M5
G0 X53.126 Y41.393
M3
G0 X53.126 Y47.223
M5
G0 X53.053 Y47.150
M3
G0 X51.304 Y47.150
M5
G0 X50.721 Y47.733
M3
G0 X51.887 Y47.733
M5
G0 X51.960 Y47.806
M3
G0 X51.960 Y42.559
M5
G0 X51.887 Y42.632
M3
G0 X61.215 Y42.632
M5
G0 X61.579 Y43.142
M3
G0 X61.579 Y32.065
M5
G0 X61.288 Y32.065
M3
G0 X61.288 Y41.393
M5
G0 X61.871 Y40.810
M3
G0 X61.871 Y32.065
M5
G0 X61.798 Y31.555
M3
G0 X79.871 Y31.555
M5
G0 X79.361 Y31.482
M3
G0 X79.361 Y23.903
M5
G0 X79.288 Y23.684
M3
G0 X111.353 Y23.684
M5
G0 X111.426 Y23.903
M3
G0 X111.426 Y50.721
M5
G0 X110.770 Y50.794
M3
G0 X138.754 Y50.794
M5
G0 X138.754 Y50.940
M3
G0 X39.061 Y50.940
M5
G0 X39.280 Y51.304
M3
G0 X39.280 Y52.470
M5
G0 X39.863 Y52.470
M3
G0 X39.863 Y50.138
M5
G0 X39.644 Y50.357
M3
G0 X138.754 Y50.357
M5
G0 X138.754 Y50.502
M3
G0 X108.438 Y50.502
M5
G0 X107.855 Y49.919
M3
G0 X138.754 Y49.919
M5
G0 X138.754 Y49.774
M3
G0 X39.644 Y49.774
M5
G0 X40.227 Y49.191
M3
G0 X138.754 Y49.191
M5
G0 X138.171 Y49.336
M3
G0 X107.272 Y49.336
M5
G0 X108.219 Y49.555
M3
G0 X108.219 Y22.154
M5
G0 X108.074 Y22.154
M3
G0 X108.074 Y51.887
M5
G0 X108.074 Y53.053
M3
G0 X108.074 Y121.847
M5
G0 X107.855 Y122.066
M3
G0 X12.826 Y122.066
M5
G0 X13.045 Y121.847
M3
G0 X13.045 Y101.442
M5
G0 X12.826 Y101.661
M3
G0 X125.928 Y101.661
M5
G0 X125.928 Y101.223
M3
G0 X85.701 Y101.223
M5
G0 X85.701 Y101.806
M3
G0 X125.345 Y101.806
M5
G0 X125.345 Y101.515
M3
G0 X110.770 Y101.515
M5
G0 X110.843 Y102.025
M3
G0 X110.843 Y113.685
M5
G0 X111.426 Y113.685
M3
G0 X111.426 Y101.442
M5
G0 X111.936 Y101.952
M3
G0 X123.013 Y101.952
M5
G0 X123.596 Y101.369
M3
G0 X112.519 Y101.369
M5
G0 X112.519 Y100.786
M3
G0 X124.179 Y100.786
M5
G0 X124.762 Y100.203
M3
G0 X113.102 Y100.203
M5
G0 X113.102 Y99.620
M3
G0 X125.345 Y99.620
M5
G0 X125.928 Y100.203
M3
G0 X126.511 Y100.203
M5
G0 X126.730 Y100.276
M3
G0 X126.730 Y33.231
M5
G0 X126.511 Y33.304
M3
G0 X90.948 Y33.304
M5
G0 X91.021 Y32.648
M3
G0 X91.021 Y20.988
M5
G0 X90.729 Y20.988
M3
G0 X90.729 Y34.397
M5
G0 X91.312 Y34.397
M3
G0 X91.312 Y20.988
M5
G0 X91.604 Y20.988
M3
G0 X91.604 Y33.814
M5
G0 X91.531 Y33.887
M3
G0 X127.094 Y33.887
M5
G0 X126.875 Y33.814
M3
G0 X126.875 Y100.276
M5
G0 X127.094 Y100.495
M3
G0 X12.826 Y100.495
M5
G0 X12.826 Y101.078
M3
G0 X126.511 Y101.078
M5
G0 X126.292 Y100.859
M3
G0 X126.292 Y33.231
M5
G0 X125.928 Y33.012
M3
G0 X59.466 Y33.012
M5
G0 X58.883 Y32.867
M3
G0 X126.511 Y32.867
M5
G0 X126.147 Y32.648
M3
G0 X126.147 Y100.859
M5
G0 X125.928 Y100.786
M3
G0 X125.345 Y100.786
M5
G0 X125.418 Y100.859
M3
G0 X125.418 Y82.786
M5
G0 X124.835 Y83.369
M3
G0 X124.835 Y101.442
M5
G0 X124.543 Y102.025
M3
G0 X124.543 Y81.037
M5
G0 X123.960 Y81.620
M3
G0 X123.960 Y103.191
M5
G0 X124.179 Y102.972
M3
G0 X86.284 Y102.972
M5
G0 X86.284 Y102.389
M3
G0 X124.762 Y102.389
M5
G0 X124.398 Y102.608
M3
G0 X124.398 Y32.065
M5
G0 X124.543 Y32.065
M3
G0 X124.543 Y69.377
M5
G0 X123.960 Y68.794
M3
G0 X123.960 Y69.960
M5
G0 X125.928 Y70.033
M3
G0 X138.171 Y70.033
M5
G0 X138.390 Y69.960
M3
G0 X138.390 Y79.288
M5
G0 X138.171 Y79.361
M3
G0 X127.094 Y79.361
M5
G0 X127.167 Y79.871
M3
G0 X127.167 Y99.693
M5
G0 X127.094 Y99.766
M3
G0 X111.353 Y99.766
M5
G0 X111.936 Y99.183
M3
G0 X127.677 Y99.183
M5
G0 X127.750 Y99.110
M3
G0 X127.750 Y79.288
M5
G0 X128.260 Y79.798
M3
G0 X130.592 Y79.798
M5
G0 X130.592 Y79.215
M3
G0 X128.843 Y79.215
M5
G0 X128.843 Y78.632
M3
G0 X131.175 Y78.632
M5
G0 X131.175 Y78.049
M3
G0 X129.426 Y78.049
M5
G0 X129.426 Y77.466
M3
G0 X131.175 Y77.466
M5
G0 X131.175 Y76.883
M3
G0 X129.426 Y76.883
M5
G0 X130.009 Y76.300
M3
G0 X130.592 Y76.300
M5
G0 X130.592 Y75.717
M3
G0 X130.009 Y75.717
M5
G0 X130.009 Y75.134
M3
G0 X130.592 Y75.134
M5
G0 X131.831 Y74.624
M3
G0 X131.831 Y95.029
M5
G0 X131.758 Y94.956
M3
G0 X131.175 Y94.956
M5
G0 X131.175 Y94.373
M3
G0 X131.758 Y94.373
M5
G0 X132.341 Y94.519
M3
G0 X114.851 Y94.519
M5
G0 X114.851 Y95.102
M3
G0 X132.341 Y95.102
M5
G0 X132.341 Y95.248
M3
G0 X95.029 Y95.248
M5
G0 X95.029 Y94.665
M3
G0 X15.158 Y94.665
M5
G0 X15.377 Y95.029
M3
G0 X15.377 Y131.175
M5
G0 X15.158 Y130.956
M3
G0 X73.458 Y130.956
M5
G0 X73.677 Y131.175
M3
G0 X73.677 Y26.235
M5
G0 X73.822 Y26.235
M3
G0 X73.822 Y36.729
M5
G0 X74.405 Y36.729
M3
G0 X74.405 Y25.652
M5
G0 X74.260 Y25.652
M3
G0 X74.260 Y130.592
M5
G0 X74.405 Y130.592
M3
G0 X74.405 Y120.681
M5
G0 X73.822 Y120.681
M3
G0 X73.822 Y130.592
M5
G0 X73.239 Y130.592
M3
G0 X73.239 Y120.098
M5
G0 X72.656 Y120.098
M3
G0 X72.656 Y131.175
M5
G0 X73.094 Y131.175
M3
G0 X73.094 Y26.235
M5
G0 X73.239 Y26.235
M3
G0 X73.239 Y37.312
M5
G0 X72.656 Y37.312
M3
G0 X72.656 Y26.818
M5
G0 X72.511 Y26.818
M3
G0 X72.511 Y131.758
M5
G0 X72.292 Y131.539
M3
G0 X16.324 Y131.539
M5
G0 X16.105 Y131.175
M3
G0 X16.105 Y129.426
M5
G0 X15.741 Y129.499
M3
G0 X15.158 Y129.499
M5
G0 X15.158 Y129.790
M3
G0 X75.790 Y129.790
M5
G0 X76.009 Y130.009
M3
G0 X76.009 Y24.486
M5
G0 X75.790 Y24.705
M3
G0 X114.268 Y24.705
M5
G0 X113.904 Y24.486
M3
G0 X113.904 Y117.766
M5
G0 X113.685 Y117.547
M3
G0 X40.810 Y117.547
M5
G0 X40.810 Y118.130
M3
G0 X113.102 Y118.130
M5
G0 X113.321 Y118.349
M3
G0 X113.321 Y24.486
M5
G0 X113.466 Y24.486
M3
G0 X113.466 Y54.219
M5
G0 X113.102 Y54.583
M3
G0 X139.337 Y54.583
M5
G0 X139.337 Y54.438
M3
G0 X35.563 Y54.438
M5
G0 X35.782 Y54.802
M3
G0 X35.782 Y138.754
M5
G0 X35.199 Y138.754
M3
G0 X35.199 Y55.385
M5
G0 X34.980 Y55.021
M3
G0 X139.337 Y55.021
M5
G0 X139.337 Y55.604
M3
G0 X34.397 Y55.604
M5
G0 X34.616 Y55.968
M3
G0 X34.616 Y138.754
M5
G0 X34.397 Y138.535
M3
G0 X53.053 Y138.535
M5
G0 X52.834 Y138.171
M3
G0 X52.834 Y128.843
M5
G0 X53.417 Y128.843
M3
G0 X53.417 Y137.588
M5
G0 X54.000 Y137.588
M3
G0 X54.000 Y132.341
M5
G0 X54.000 Y131.758
M3
G0 X54.000 Y128.843
M5
G0 X54.583 Y128.260
M3
G0 X54.583 Y137.588
M5
G0 X55.166 Y137.588
M3
G0 X55.166 Y132.341
M5
G0 X55.166 Y131.758
M3
G0 X55.166 Y131.175
M5
G0 X55.166 Y130.592
M3
G0 X55.166 Y128.260
M5
G0 X55.749 Y127.677
M3
G0 X55.749 Y130.009
M5
G0 X55.749 Y131.175
M3
G0 X55.749 Y137.005
M5
G0 X55.968 Y137.369
M3
G0 X30.316 Y137.369
M5
G0 X30.535 Y137.588
M3
G0 X30.535 Y71.709
M5
G0 X30.316 Y71.928
M3
G0 X138.754 Y71.928
M5
G0 X138.754 Y72.073
M3
G0 X115.434 Y72.073
M5
G0 X115.434 Y71.490
M3
G0 X138.171 Y71.490
M5
G0 X138.171 Y71.199
M3
G0 X127.094 Y71.199
M5
G0 X126.511 Y70.616
M3
G0 X138.171 Y70.616
M5
G0 X138.171 Y70.324
M3
G0 X116.600 Y70.324
M5
G0 X115.434 Y70.324
M3
G0 X114.851 Y70.324
M5
G0 X114.851 Y70.907
M3
G0 X138.171 Y70.907
M5
G0 X138.754 Y70.762
M3
G0 X30.899 Y70.762
M5
G0 X31.118 Y70.543
M3
G0 X31.118 Y138.171
M5
G0 X31.701 Y138.171
M3
G0 X31.701 Y69.960
M5
G0 X31.482 Y70.179
M3
G0 X138.754 Y70.179
M5
G0 X138.754 Y69.596
M3
G0 X31.482 Y69.596
M5
G0 X31.701 Y69.377
M3
G0 X31.701 Y60.632
M5
G0 X31.701 Y60.049
M3
G0 X31.701 Y58.300
M5
G0 X31.482 Y57.936
M3
G0 X138.754 Y57.936
M5
G0 X138.754 Y58.081
M3
G0 X116.017 Y58.081
M5
G0 X116.017 Y58.664
M3
G0 X138.754 Y58.664
M5
G0 X138.754 Y58.373
M3
G0 X118.932 Y58.373
M5
G0 X118.349 Y57.790
M3
G0 X138.754 Y57.790
M5
G0 X138.754 Y57.498
M3
G0 X115.434 Y57.498
M5
G0 X114.851 Y56.915
M3
G0 X138.754 Y56.915
M5
G0 X138.754 Y56.624
M3
G0 X117.183 Y56.624
M5
G0 X117.256 Y55.968
M3
G0 X117.256 Y27.984
M5
G0 X117.183 Y27.474
M3
G0 X71.126 Y27.474
M5
G0 X71.199 Y27.401
M3
G0 X71.199 Y35.563
M5
G0 X70.543 Y35.490
M3
G0 X60.632 Y35.490
M5
G0 X60.632 Y34.907
M3
G0 X70.543 Y34.907
M5
G0 X71.782 Y34.980
M3
G0 X71.782 Y27.401
M5
G0 X71.709 Y27.182
M3
G0 X116.600 Y27.182
M5
G0 X116.673 Y27.401
M3
G0 X116.673 Y55.385
M5
G0 X116.600 Y56.041
M3
G0 X138.754 Y56.041
M5
G0 X138.973 Y55.968
M3
G0 X138.973 Y52.470
M5
G0 X138.754 Y52.543
M3
G0 X113.102 Y52.543
M5
G0 X113.175 Y52.470
M3
G0 X113.175 Y25.069
M5
G0 X113.029 Y25.069
M3
G0 X113.029 Y25.652
M5
G0 X112.519 Y25.579
M3
G0 X113.685 Y25.579
M5
G0 X113.758 Y25.652
M3
G0 X113.758 Y52.470
M5
G0 X113.685 Y51.814
M3
G0 X138.171 Y51.814
M5
G0 X138.244 Y51.304
M3
G0 X138.244 Y59.466
M5
G0 X138.171 Y59.393
M3
G0 X122.430 Y59.393
M5
G0 X121.847 Y58.810
M3
G0 X138.171 Y58.810
M5
G0 X138.171 Y58.227
M3
G0 X121.264 Y58.227
M5
G0 X120.681 Y57.644
M3
G0 X138.171 Y57.644
M5
G0 X138.171 Y57.061
M3
G0 X120.098 Y57.061
M5
G0 X119.515 Y56.478
M3
G0 X138.171 Y56.478
M5
G0 X138.171 Y55.895
M3
G0 X118.932 Y55.895
M5
G0 X118.349 Y55.312
M3
G0 X138.171 Y55.312
M5
G0 X138.754 Y55.166
M3
G0 X113.102 Y55.166
M5
G0 X113.685 Y55.749
M3
G0 X138.754 Y55.749
M5
G0 X138.754 Y55.458
M3
G0 X115.434 Y55.458
M5
G0 X115.215 Y55.968
M3
G0 X115.215 Y25.652
M5
G0 X115.434 Y25.725
M3
G0 X74.624 Y25.725
M5
G0 X74.697 Y25.652
M3
G0 X74.697 Y33.814
M5
G0 X75.280 Y33.814
M3
G0 X75.280 Y25.652
M5
G0 X75.207 Y25.433
M3
G0 X114.851 Y25.433
M5
G0 X114.632 Y25.652
M3
G0 X114.632 Y55.385
M5
G0 X114.049 Y54.802
M3
G0 X114.049 Y25.069
M5
G0 X114.268 Y25.142
M3
G0 X75.207 Y25.142
M5
G0 X75.426 Y25.069
M3
G0 X75.426 Y130.009
M5
G0 X75.790 Y130.228
M3
G0 X11.660 Y130.228
M5
G0 X11.879 Y130.592
M3
G0 X11.879 Y131.175
M5
G0 X12.243 Y131.394
M3
G0 X5.830 Y131.394
M5
G0 X6.049 Y131.175
M3
G0 X6.049 Y146.916
M5
G0 X6.413 Y146.697
M3
G0 X0.000 Y146.697
M5
G0 X0.000 Y146.552
M3
G0 X12.826 Y146.552
M5
G0 X12.826 Y146.697
M3
G0 X12.243 Y146.697
M5
G0 X12.607 Y146.333
M3
G0 X12.607 Y145.750
M5
G0 X12.826 Y146.114
M3
G0 X12.243 Y146.114
M5
G0 X12.243 Y145.531
M3
G0 X13.409 Y145.531
M5
G0 X13.409 Y145.386
M3
G0 X0.000 Y145.386
M5
G0 X0.000 Y145.531
M3
G0 X3.498 Y145.531
M5
G0 X3.498 Y145.240
M3
G0 X0.000 Y145.240
M5
G0 X0.000 Y144.948
M3
G0 X11.660 Y144.948
M5
G0 X11.587 Y144.584
M3
G0 X11.587 Y143.418
M5
G0 X12.316 Y144.001
M3
G0 X12.316 Y134.673
M5
G0 X12.607 Y134.673
M3
G0 X12.607 Y144.584
M5
G0 X12.826 Y144.948
M3
G0 X13.409 Y144.948
M5
G0 X13.190 Y145.167
M3
G0 X13.190 Y134.673
M5
G0 X13.482 Y135.256
M3
G0 X13.482 Y144.001
M5
G0 X13.992 Y143.928
M3
G0 X6.413 Y143.928
M5
G0 X6.996 Y143.345
M3
G0 X13.992 Y143.345
M5
G0 X13.919 Y143.418
M3
G0 X13.919 Y142.835
M5
G0 X13.992 Y142.762
M3
G0 X7.579 Y142.762
M5
G0 X8.745 Y142.179
M3
G0 X9.328 Y142.179
M5
G0 X9.911 Y142.179
M3
G0 X14.575 Y142.179
M5
G0 X14.502 Y142.252
M3
G0 X14.502 Y141.086
M5
G0 X14.648 Y141.086
M3
G0 X14.648 Y139.920
M5
G0 X14.575 Y139.847
M3
G0 X12.826 Y139.847
M5
G0 X12.826 Y139.264
M3
G0 X11.660 Y139.264
M5
G0 X11.660 Y139.847
M3
G0 X12.243 Y139.847
M5
G0 X12.243 Y140.430
M3
G0 X11.660 Y140.430
M5
G0 X11.077 Y141.013
M3
G0 X15.158 Y141.013
M5
G0 X15.158 Y140.867
M3
G0 X0.000 Y140.867
M5
G0 X0.000 Y140.722
M3
G0 X15.741 Y140.722
M5
G0 X15.377 Y140.503
M3
G0 X15.377 Y133.507
M5
G0 X15.158 Y133.871
M3
G0 X4.664 Y133.871
M5
G0 X4.664 Y133.580
M3
G0 X12.243 Y133.580
M5
G0 X12.607 Y133.507
M3
G0 X12.607 Y132.924
M5
G0 X12.024 Y132.924
M3
G0 X12.024 Y144.584
M5
G0 X11.733 Y144.584
M3
G0 X11.733 Y134.673
M5
G0 X11.660 Y134.600
M3
G0 X10.494 Y134.600
M5
G0 X9.911 Y134.017
M3
G0 X11.660 Y134.017
M5
G0 X12.243 Y134.163
M3
G0 X4.664 Y134.163
M5
G0 X4.445 Y134.090
M3
G0 X4.445 Y145.167
M5
G0 X4.664 Y145.240
M3
G0 X8.745 Y145.240
M5
G0 X8.818 Y145.167
M3
G0 X8.818 Y139.920
M5
G0 X9.328 Y139.701
M3
G0 X0.000 Y139.701
M5
G0 X0.000 Y139.556
M3
G0 X15.741 Y139.556
M5
G0 X15.741 Y139.701
M3
G0 X9.911 Y139.701
M5
G0 X9.984 Y139.920
M3
G0 X9.984 Y144.584
M5
G0 X10.494 Y144.657
M3
G0 X4.081 Y144.657
M5
G0 X4.154 Y144.584
M3
G0 X4.154 Y139.920
M5
G0 X3.571 Y139.920
M3
G0 X3.571 Y142.835
M5
G0 X3.571 Y143.418
M3
G0 X3.571 Y144.584
M5
G0 X3.498 Y144.511
M3
G0 X4.664 Y144.511
M5
G0 X4.737 Y145.167
M3
G0 X4.737 Y140.503
M5
G0 X5.320 Y140.503
M3
G0 X5.320 Y141.086
M5
G0 X5.320 Y141.669
M3
G0 X5.320 Y146.916
M5
G0 X5.247 Y146.843
M3
G0 X2.915 Y146.843
M5
G0 X2.988 Y147.499
M3
G0 X2.988 Y144.001
M5
G0 X2.405 Y144.001
M3
G0 X2.405 Y148.082
M5
G0 X2.332 Y148.009
M3
G0 X0.000 Y148.009
M5
G0 X0.000 Y147.863
M3
G0 X4.664 Y147.863
M5
G0 X4.445 Y147.499
M3
G0 X4.445 Y145.750
M5
G0 X4.664 Y145.823
M3
G0 X6.996 Y145.823
M5
G0 X7.069 Y145.750
M3
G0 X7.069 Y139.920
M5
G0 X7.069 Y139.337
M3
G0 X7.069 Y138.754
M5
G0 X7.652 Y138.754
M3
G0 X7.652 Y145.750
M5
G0 X7.943 Y145.750
M3
G0 X7.943 Y131.175
M5
G0 X7.798 Y131.175
M3
G0 X7.798 Y146.333
M5
G0 X7.579 Y146.114
M3
G0 X0.000 Y146.114
M5
G0 X0.000 Y145.969
M3
G0 X13.409 Y145.969
M5
G0 X13.045 Y145.750
M3
G0 X13.045 Y132.341
M5
G0 X13.409 Y132.705
M3
G0 X3.498 Y132.705
M5
G0 X3.717 Y132.924
M3
G0 X3.717 Y131.758
M5
G0 X3.498 Y131.977
M3
G0 X72.292 Y131.977
M5
G0 X71.928 Y131.758
M3
G0 X71.928 Y26.818
M5
G0 X72.073 Y26.818
M3
G0 X72.073 Y37.895
M5
G0 X71.490 Y37.895
M3
G0 X71.490 Y27.401
M5
G0 X71.345 Y27.401
M3
G0 X71.345 Y131.758
M5
G0 X71.490 Y131.758
M3
G0 X71.490 Y125.928
M5
G0 X71.490 Y125.345
M3
G0 X71.490 Y122.430
M5
G0 X70.907 Y122.430
M3
G0 X70.907 Y125.345
M5
G0 X70.324 Y125.345
M3
G0 X70.324 Y122.430
M5
G0 X69.741 Y122.430
M3
G0 X69.741 Y125.345
M5
G0 X69.158 Y125.345
M3
G0 X69.158 Y123.013
M5
G0 X68.575 Y123.013
M3
G0 X68.575 Y125.345
M5
G0 X67.992 Y125.928
M3
G0 X67.992 Y123.013
M5
G0 X67.409 Y123.596
M3
G0 X67.409 Y125.928
M5
G0 X66.826 Y125.928
M3
G0 X66.826 Y123.596
M5
G0 X66.243 Y124.179
M3
G0 X66.243 Y126.511
M5
G0 X65.660 Y127.094
M3
G0 X65.660 Y124.179
M5
G0 X65.077 Y124.762
M3
G0 X65.077 Y127.677
M5
G0 X64.494 Y127.677
M3
G0 X64.494 Y125.345
M5
G0 X63.911 Y124.762
M3
G0 X63.911 Y127.677
M5
G0 X63.328 Y127.677
M3
G0 X63.328 Y124.762
M5
G0 X62.745 Y125.928
M3
G0 X62.745 Y127.677
M5
G0 X62.162 Y128.260
M3
G0 X62.162 Y125.928
M5
G0 X61.579 Y125.928
M3
G0 X61.579 Y128.843
M5
G0 X60.413 Y128.843
M3
G0 X60.413 Y130.009
M5
G0 X60.996 Y130.009
M3
G0 X60.996 Y126.511
M5
G0 X60.413 Y126.511
M3
G0 X60.413 Y128.260
M5
G0 X59.830 Y126.511
M3
G0 X59.830 Y149.831
M5
G0 X60.049 Y149.612
M3
G0 X51.887 Y149.612
M5
G0 X51.887 Y149.029
M3
G0 X60.049 Y149.029
M5
G0 X60.268 Y148.665
M3
G0 X60.268 Y61.215
M5
G0 X60.049 Y60.996
M3
G0 X51.887 Y60.996
M5
G0 X52.470 Y60.413
M3
G0 X60.049 Y60.413
M5
G0 X59.830 Y60.049
M3
G0 X59.830 Y55.385
M5
G0 X60.049 Y55.458
M3
G0 X60.632 Y55.458
M5
G0 X60.413 Y55.385
M3
G0 X60.413 Y59.466
M5
G0 X60.632 Y59.247
M3
G0 X53.053 Y59.247
M5
G0 X53.053 Y58.664
M3
G0 X61.215 Y58.664
M5
G0 X60.996 Y58.300
M3
G0 X60.996 Y55.385
M5
G0 X61.579 Y55.385
M3
G0 X61.579 Y58.300
M5
G0 X62.017 Y58.883
M3
G0 X62.017 Y31.482
M5
G0 X62.162 Y31.482
M3
G0 X62.162 Y43.142
M5
G0 X62.745 Y42.559
M3
G0 X62.745 Y31.482
M5
G0 X62.454 Y31.482
M3
G0 X62.454 Y40.810
M5
G0 X63.037 Y40.810
M3
G0 X63.037 Y30.899
M5
G0 X62.964 Y30.972
M3
G0 X81.037 Y30.972
M5
G0 X80.527 Y30.899
M3
G0 X80.527 Y22.737
M5
G0 X80.454 Y22.810
M3
G0 X110.770 Y22.810
M5
G0 X110.551 Y22.737
M3
G0 X110.551 Y51.304
M5
G0 X109.968 Y50.721
M3
G0 X109.968 Y22.737
M5
G0 X109.677 Y22.737
M3
G0 X109.677 Y48.972
M5
G0 X109.021 Y49.045
M3
G0 X138.171 Y49.045
M5
G0 X138.171 Y48.753
M3
G0 X106.106 Y48.753
M5
G0 X107.053 Y48.389
M3
G0 X107.053 Y22.154
M5
G0 X106.762 Y22.154
M3
G0 X106.762 Y46.057
M5
G0 X106.106 Y46.130
M3
G0 X137.005 Y46.130
M5
G0 X137.005 Y46.276
M3
G0 X41.976 Y46.276
M5
G0 X41.976 Y46.859
M3
G0 X137.588 Y46.859
M5
G0 X137.588 Y47.004
M3
G0 X104.940 Y47.004
M5
G0 X105.304 Y46.640
M3
G0 X105.304 Y21.571
M5
G0 X105.596 Y21.571
M3
G0 X105.596 Y44.891
M5
G0 X104.940 Y44.964
M3
G0 X136.422 Y44.964
M5
G0 X136.422 Y45.110
M3
G0 X42.559 Y45.110
M5
G0 X42.778 Y45.474
M3
G0 X42.778 Y139.920
M5
G0 X42.195 Y139.920
M3
G0 X42.195 Y47.223
M5
G0 X41.612 Y47.806
M3
G0 X41.612 Y51.304
M5
G0 X41.612 Y51.887
M3
G0 X41.612 Y139.920
M5
G0 X41.757 Y139.337
M3
G0 X41.757 Y130.009
M5
G0 X42.340 Y130.009
M3
G0 X42.340 Y139.337
M5
G0 X42.923 Y139.337
M3
G0 X42.923 Y130.009
M5
G0 X43.506 Y130.592
M3
G0 X43.506 Y139.337
M5
G0 X44.089 Y139.337
M3
G0 X44.089 Y130.592
M5
G0 X44.672 Y130.592
M3
G0 X44.672 Y139.337
M5
G0 X45.255 Y139.337
M3
G0 X45.255 Y130.592
M5
G0 X45.838 Y130.592
M3
G0 X45.838 Y139.337
M5
G0 X46.421 Y139.337
M3
G0 X46.421 Y130.592
M5
G0 X47.004 Y130.592
M3
G0 X47.004 Y139.337
M5
G0 X47.587 Y139.337
M3
G0 X47.587 Y130.592
M5
G0 X48.170 Y130.592
M3
G0 X48.170 Y139.337
M5
G0 X48.753 Y138.754
M3
G0 X48.753 Y130.592
M5
G0 X49.336 Y130.592
M3
G0 X49.336 Y138.754
M5
G0 X49.919 Y138.754
M3
G0 X49.919 Y130.009
M5
G0 X50.502 Y130.009
M3
G0 X50.502 Y138.754
M5
G0 X50.138 Y139.118
M3
G0 X38.478 Y139.118
M5
G0 X38.697 Y139.337
M3
G0 X38.697 Y53.636
M5
G0 X38.697 Y53.053
M3
G0 X38.697 Y52.470
M5
G0 X38.114 Y52.470
M3
G0 X38.114 Y139.337
M5
G0 X37.531 Y139.337
M3
G0 X37.531 Y53.053
M5
G0 X37.312 Y53.272
M3
G0 X139.337 Y53.272
M5
G0 X139.337 Y52.689
M3
G0 X37.312 Y52.689
M5
G0 X37.895 Y52.106
M3
G0 X139.337 Y52.106
M5
G0 X139.337 Y51.523
M3
G0 X38.478 Y51.523
M5
G0 X39.280 Y53.636
M3
G0 X39.280 Y139.337
M5
G0 X39.863 Y139.337
M3
G0 X39.863 Y53.636
M5
G0 X40.227 Y55.166
M3
G0 X51.304 Y55.166
M5
G0 X51.304 Y55.749
M3
G0 X39.061 Y55.749
M5
G0 X38.478 Y56.332
M3
G0 X50.721 Y56.332
M5
G0 X50.721 Y56.915
M3
G0 X37.895 Y56.915
M5
G0 X37.895 Y57.498
M3
G0 X50.138 Y57.498
M5
G0 X50.138 Y58.081
M3
G0 X39.644 Y58.081
M5
G0 X39.061 Y58.664
M3
G0 X49.555 Y58.664
M5
G0 X47.223 Y59.247
M3
G0 X39.061 Y59.247
M5
G0 X38.478 Y59.830
M3
G0 X46.640 Y59.830
M5
G0 X46.640 Y60.413
M3
G0 X38.478 Y60.413
M5
G0 X37.895 Y60.413
M3
G0 X36.146 Y60.413
M5
G0 X36.729 Y60.996
M3
G0 X48.972 Y60.996
M5
G0 X46.640 Y61.579
M3
G0 X36.146 Y61.579
M5
G0 X35.563 Y62.162
M3
G0 X45.474 Y62.162
M5
G0 X46.640 Y62.745
M3
G0 X34.397 Y62.745
M5
G0 X34.397 Y63.328
M3
G0 X46.640 Y63.328
M5
G0 X46.640 Y63.911
M3
G0 X45.474 Y63.911
M5
G0 X44.308 Y63.911
M3
G0 X34.397 Y63.911
M5
G0 X33.814 Y64.494
M3
G0 X43.725 Y64.494
M5
G0 X43.725 Y65.077
M3
G0 X33.231 Y65.077
M5
G0 X32.648 Y65.660
M3
G0 X42.559 Y65.660
M5
G0 X42.559 Y66.243
M3
G0 X32.648 Y66.243
M5
G0 X33.231 Y66.826
M3
G0 X41.976 Y66.826
M5
G0 X41.976 Y67.409
M3
G0 X32.648 Y67.409
M5
G0 X32.065 Y67.992
M3
G0 X41.393 Y67.992
M5
G0 X40.227 Y68.575
M3
G0 X30.316 Y68.575
M5
G0 X29.733 Y67.992
M3
G0 X29.150 Y67.992
M5
G0 X28.786 Y68.211
M3
G0 X28.786 Y60.632
M5
G0 X28.567 Y60.851
M3
G0 X61.215 Y60.851
M5
G0 X61.798 Y60.851
M3
G0 X66.462 Y60.851
M5
G0 X66.462 Y60.996
M3
G0 X62.381 Y60.996
M5
G0 X62.381 Y61.288
M3
G0 X66.462 Y61.288
M5
G0 X66.243 Y61.215
M3
G0 X66.243 Y62.381
M5
G0 X66.462 Y62.454
M3
G0 X67.045 Y62.454
M5
G0 X67.045 Y62.162
M3
G0 X61.798 Y62.162
M5
G0 X61.871 Y62.381
M3
G0 X61.871 Y62.964
M5
G0 X61.798 Y63.037
M3
G0 X64.713 Y63.037
M5
G0 X64.713 Y63.474
M3
G0 X64.130 Y63.474
M5
G0 X64.203 Y64.130
M3
G0 X64.203 Y61.798
M5
G0 X64.713 Y62.454
M3
G0 X61.798 Y62.454
M5
G0 X61.579 Y62.964
M3
G0 X61.579 Y64.713
M5
G0 X61.798 Y64.786
M3
G0 X63.547 Y64.786
M5
G0 X63.547 Y64.494
M3
G0 X61.215 Y64.494
M5
G0 X60.632 Y64.494
M3
G0 X58.883 Y64.494
M5
G0 X59.247 Y64.130
M3
G0 X59.247 Y63.547
M5
G0 X58.883 Y63.911
M3
G0 X67.628 Y63.911
M5
G0 X67.628 Y64.203
M3
G0 X64.130 Y64.203
M5
G0 X64.130 Y64.494
M3
G0 X67.628 Y64.494
M5
G0 X68.211 Y64.349
M3
G0 X27.401 Y64.349
M5
G0 X27.401 Y64.494
M3
G0 X28.567 Y64.494
M5
G0 X28.567 Y63.911
M3
G0 X27.984 Y63.911
M5
G0 X27.984 Y63.328
M3
G0 X28.567 Y63.328
M5
G0 X27.401 Y63.183
M3
G0 X68.211 Y63.183
M5
G0 X68.211 Y62.600
M3
G0 X68.794 Y62.600
M5
G0 X68.794 Y62.017
M3
G0 X68.211 Y62.017
M5
G0 X67.628 Y62.745
M3
G0 X66.462 Y62.745
M5
G0 X66.462 Y63.037
M3
G0 X67.628 Y63.037
M5
G0 X67.628 Y63.328
M3
G0 X66.462 Y63.328
M5
G0 X66.462 Y63.620
M3
G0 X67.628 Y63.620
M5
G0 X68.211 Y64.932
M3
G0 X27.401 Y64.932
M5
G0 X27.401 Y65.077
M3
G0 X27.984 Y65.077
M5
G0 X27.984 Y65.660
M3
G0 X27.401 Y65.660
M5
G0 X27.401 Y65.515
M3
G0 X68.211 Y65.515
M5
G0 X67.045 Y66.243
M3
G0 X60.632 Y66.243
M5
G0 X61.215 Y65.660
M3
G0 X59.466 Y65.660
M5
G0 X59.466 Y65.077
M3
G0 X63.547 Y65.077
M5
G0 X63.620 Y64.130
M3
G0 X63.620 Y62.964
M5
G0 X62.964 Y64.203
M3
G0 X61.798 Y64.203
M5
G0 X61.871 Y64.130
M3
G0 X61.871 Y64.713
M5
G0 X61.215 Y63.620
M3
G0 X65.296 Y63.620
M5
G0 X65.296 Y63.328
M3
G0 X61.215 Y63.328
M5
G0 X60.851 Y63.547
M3
G0 X60.851 Y146.333
M5
G0 X60.632 Y146.406
M3
G0 X53.053 Y146.406
M5
G0 X53.126 Y146.916
M3
G0 X53.126 Y150.414
M5
G0 X52.543 Y150.997
M3
G0 X52.543 Y149.248
M5
G0 X52.470 Y149.321
M3
G0 X59.466 Y149.321
M5
G0 X58.956 Y149.248
M3
G0 X58.956 Y148.665
M5
G0 X59.466 Y148.738
M3
G0 X52.470 Y148.738
M5
G0 X52.470 Y148.155
M3
G0 X60.049 Y148.155
M5
G0 X60.049 Y148.446
M3
G0 X51.887 Y148.446
M5
G0 X51.887 Y147.863
M3
G0 X60.632 Y147.863
M5
G0 X60.632 Y147.718
M3
G0 X23.320 Y147.718
M5
G0 X23.320 Y147.135
M3
G0 X60.632 Y147.135
M5
G0 X60.632 Y146.697
M3
G0 X48.389 Y146.697
M5
G0 X49.336 Y146.916
M3
G0 X49.336 Y149.248
M5
G0 X49.555 Y149.612
M3
G0 X46.057 Y149.612
M5
G0 X45.474 Y150.195
M3
G0 X48.972 Y150.195
M5
G0 X48.753 Y149.831
M3
G0 X48.753 Y148.082
M5
G0 X48.170 Y149.248
M3
G0 X48.170 Y150.414
M5
G0 X48.389 Y150.778
M3
G0 X45.474 Y150.778
M5
G0 X45.474 Y151.361
M3
G0 X47.223 Y151.361
M5
G0 X47.442 Y151.580
M3
G0 X47.442 Y38.478
M5
G0 X47.223 Y38.697
M3
G0 X53.053 Y38.697
M5
G0 X52.689 Y39.061
M3
G0 X52.689 Y155.078
M5
G0 X52.834 Y155.078
M3
G0 X52.834 Y142.835
M5
G0 X53.053 Y142.908
M3
G0 X61.215 Y142.908
M5
G0 X61.434 Y142.835
M3
G0 X61.434 Y61.798
M5
G0 X61.798 Y61.871
M3
G0 X65.879 Y61.871
M5
G0 X65.369 Y61.798
M3
G0 X65.369 Y61.215
M5
G0 X65.515 Y60.632
M3
G0 X65.515 Y62.381
M5
G0 X65.660 Y62.381
M3
G0 X65.660 Y60.632
M5
G0 X65.879 Y60.705
M3
G0 X62.964 Y60.705
M5
G0 X62.381 Y59.685
M3
G0 X29.733 Y59.685
M5
G0 X29.952 Y60.049
M3
G0 X29.952 Y67.045
M5
G0 X29.952 Y67.628
M3
G0 X29.952 Y69.377
M5
G0 X30.535 Y69.377
M3
G0 X30.535 Y59.466
M5
G0 X30.316 Y59.102
M3
G0 X63.547 Y59.102
M5
G0 X63.766 Y58.300
M3
G0 X63.766 Y30.316
M5
G0 X63.911 Y30.316
M3
G0 X63.911 Y42.559
M5
G0 X63.328 Y42.559
M3
G0 X63.328 Y30.899
M5
G0 X63.620 Y30.899
M3
G0 X63.620 Y40.810
M5
G0 X64.130 Y40.883
M3
G0 X53.053 Y40.883
M5
G0 X53.417 Y40.810
M3
G0 X53.417 Y48.972
M5
G0 X52.834 Y48.972
M3
G0 X52.834 Y39.644
M5
G0 X53.053 Y39.280
M3
G0 X46.640 Y39.280
M5
G0 X46.859 Y39.061
M3
G0 X46.859 Y152.163
M5
G0 X46.640 Y151.944
M3
G0 X44.891 Y151.944
M5
G0 X45.693 Y152.746
M3
G0 X45.693 Y69.377
M5
G0 X45.110 Y69.377
M3
G0 X45.110 Y153.329
M5
G0 X44.527 Y153.912
M3
G0 X44.527 Y144.584
M5
G0 X43.944 Y144.584
M3
G0 X43.944 Y153.912
M5
G0 X44.308 Y154.131
M3
G0 X30.316 Y154.131
M5
G0 X30.316 Y154.714
M3
G0 X44.308 Y154.714
M5
G0 X43.361 Y153.912
M3
G0 X43.361 Y146.333
M5
G0 X42.778 Y149.248
M3
G0 X42.778 Y155.078
M5
G0 X42.195 Y155.078
M3
G0 X42.195 Y150.414
M5
G0 X41.612 Y151.580
M3
G0 X41.612 Y152.746
M5
G0 X46.276 Y152.746
M3
G0 X46.276 Y69.377
M5
G0 X46.276 Y68.794
M3
G0 X46.276 Y67.045
M5
G0 X46.276 Y66.462
M3
G0 X46.276 Y40.227
M5
G0 X46.057 Y39.863
M3
G0 X133.507 Y39.863
M5
G0 X133.288 Y40.227
M3
G0 X133.288 Y93.863
M5
G0 X133.507 Y93.644
M3
G0 X96.195 Y93.644
M5
G0 X96.195 Y93.499
M3
G0 X134.090 Y93.499
M5
G0 X133.871 Y93.280
M3
G0 X133.871 Y41.393
M5
G0 X134.090 Y41.466
M3
G0 X100.276 Y41.466
M5
G0 X100.057 Y41.976
M3
G0 X100.057 Y21.571
M5
G0 X99.912 Y21.571
M3
G0 X99.912 Y123.596
M5
G0 X99.693 Y123.815
M3
G0 X12.826 Y123.815
M5
G0 X12.826 Y124.398
M3
G0 X99.110 Y124.398
M5
G0 X98.746 Y124.179
M3
G0 X98.746 Y20.988
M5
G0 X98.891 Y20.988
M3
G0 X98.891 Y40.810
M5
G0 X99.110 Y40.300
M3
G0 X132.924 Y40.300
M5
G0 X132.924 Y40.008
M3
G0 X95.612 Y40.008
M5
G0 X96.195 Y39.425
M3
G0 X132.341 Y39.425
M5
G0 X132.560 Y39.644
M3
G0 X132.560 Y95.029
M5
G0 X132.705 Y95.029
M3
G0 X132.705 Y39.644
M5
G0 X132.924 Y39.717
M3
G0 X98.527 Y39.717
M5
G0 X98.600 Y39.644
M3
G0 X98.600 Y21.571
M5
G0 X99.110 Y21.352
M3
G0 X86.867 Y21.352
M5
G0 X86.940 Y21.571
M3
G0 X86.940 Y29.150
M5
G0 X86.357 Y29.150
M3
G0 X86.357 Y21.571
M5
G0 X86.065 Y21.571
M3
G0 X86.065 Y30.316
M5
G0 X85.482 Y30.316
M3
G0 X85.482 Y21.571
M5
G0 X85.337 Y21.571
M3
G0 X85.337 Y51.887
M5
G0 X84.754 Y52.470
M3
G0 X84.754 Y20.988
M5
G0 X84.171 Y20.988
M3
G0 X84.171 Y51.304
M5
G0 X84.171 Y51.887
M3
G0 X84.171 Y61.215
M5
G0 X84.754 Y61.798
M3
G0 X84.754 Y53.053
M5
G0 X85.337 Y53.636
M3
G0 X85.337 Y61.798
M5
G0 X85.920 Y61.798
M3
G0 X85.920 Y20.988
M5
G0 X86.503 Y20.988
M3
G0 X86.503 Y62.964
M5
G0 X86.503 Y63.547
M3
G0 X86.503 Y89.199
M5
G0 X86.284 Y88.980
M3
G0 X85.701 Y88.980
M5
G0 X85.337 Y89.199
M3
G0 X85.337 Y131.758
M5
G0 X84.754 Y131.758
M3
G0 X84.754 Y89.199
M5
G0 X84.535 Y88.980
M3
G0 X83.369 Y88.980
M5
G0 X83.369 Y88.397
M3
G0 X82.203 Y88.397
M5
G0 X82.203 Y87.814
M3
G0 X137.005 Y87.814
M5
G0 X137.005 Y87.523
M3
G0 X121.264 Y87.523
M5
G0 X121.337 Y88.033
M3
G0 X121.337 Y104.940
M5
G0 X121.264 Y104.867
M3
G0 X120.681 Y104.867
M5
G0 X120.098 Y104.867
M3
G0 X110.770 Y104.867
M5
G0 X110.770 Y104.284
M3
G0 X120.098 Y104.284
M5
G0 X120.681 Y104.284
M3
G0 X121.264 Y104.284
M5
G0 X121.264 Y103.701
M3
G0 X121.847 Y103.701
M5
G0 X122.430 Y103.701
M3
G0 X123.013 Y103.701
M5
G0 X123.013 Y103.847
M3
G0 X109.021 Y103.847
M5
G0 X109.604 Y103.264
M3
G0 X123.596 Y103.264
M5
G0 X123.596 Y103.555
M3
G0 X86.284 Y103.555
M5
G0 X86.284 Y104.138
M3
G0 X123.013 Y104.138
M5
G0 X122.794 Y104.357
M3
G0 X122.794 Y81.037
M5
G0 X122.211 Y81.037
M3
G0 X122.211 Y104.940
M5
G0 X122.066 Y104.940
M3
G0 X122.066 Y30.316
M5
G0 X121.847 Y30.389
M3
G0 X88.033 Y30.389
M5
G0 X88.616 Y30.243
M3
G0 X120.681 Y30.243
M5
G0 X120.608 Y30.316
M3
G0 X120.608 Y29.733
M5
G0 X120.754 Y29.733
M3
G0 X120.754 Y59.466
M5
G0 X120.681 Y59.539
M3
G0 X138.754 Y59.539
M5
G0 X138.754 Y59.685
M3
G0 X66.462 Y59.685
M5
G0 X65.879 Y59.685
M3
G0 X65.296 Y59.685
M5
G0 X64.713 Y59.102
M3
G0 X139.337 Y59.102
M5
G0 X139.337 Y58.519
M3
G0 X30.899 Y58.519
M5
G0 X31.118 Y58.883
M3
G0 X31.118 Y69.377
M5
G0 X32.065 Y69.158
M3
G0 X40.227 Y69.158
M5
G0 X40.227 Y69.741
M3
G0 X32.648 Y69.741
M5
G0 X32.429 Y69.960
M3
G0 X32.429 Y70.543
M5
G0 X32.065 Y70.324
M3
G0 X40.227 Y70.324
M5
G0 X40.227 Y70.907
M3
G0 X31.482 Y70.907
M5
G0 X31.846 Y71.126
M3
G0 X31.846 Y71.709
M5
G0 X31.263 Y71.709
M3
G0 X31.263 Y72.875
M5
G0 X31.846 Y72.875
M3
G0 X31.846 Y74.041
M5
G0 X30.097 Y74.041
M3
G0 X30.097 Y72.875
M5
G0 X30.316 Y72.656
M3
G0 X39.644 Y72.656
M5
G0 X39.644 Y73.239
M3
G0 X29.733 Y73.239
M5
G0 X29.369 Y73.458
M3
G0 X29.369 Y137.588
M5
G0 X29.952 Y137.588
M3
G0 X29.952 Y72.292
M5
G0 X29.733 Y72.511
M3
G0 X138.754 Y72.511
M5
G0 X138.754 Y72.656
M3
G0 X114.268 Y72.656
M5
G0 X114.268 Y73.239
M3
G0 X138.754 Y73.239
M5
G0 X138.754 Y73.094
M3
G0 X29.150 Y73.094
M5
G0 X29.150 Y73.677
M3
G0 X138.754 Y73.677
M5
G0 X138.754 Y73.822
M3
G0 X110.770 Y73.822
M5
G0 X110.770 Y74.405
M3
G0 X138.754 Y74.405
M5
G0 X138.754 Y74.260
M3
G0 X28.567 Y74.260
M5
G0 X28.786 Y74.041
M3
G0 X28.786 Y137.588
M5
G0 X28.931 Y137.005
M3
G0 X28.931 Y125.345
M5
G0 X29.514 Y125.345
M3
G0 X29.514 Y137.005
M5
G0 X30.097 Y137.005
M3
G0 X30.097 Y125.345
M5
G0 X30.680 Y125.928
M3
G0 X30.680 Y137.005
M5
G0 X31.482 Y137.078
M3
G0 X37.312 Y137.078
M5
G0 X36.802 Y137.588
M3
G0 X36.802 Y138.171
M5
G0 X37.312 Y138.244
M3
G0 X50.138 Y138.244
M5
G0 X50.138 Y137.661
M3
G0 X51.887 Y137.661
M5
G0 X52.251 Y138.171
M3
G0 X52.251 Y129.426
M5
G0 X51.668 Y130.009
M3
G0 X51.668 Y138.754
M5
G0 X51.887 Y139.118
M3
G0 X51.304 Y139.118
M5
G0 X51.085 Y138.754
M3
G0 X51.085 Y130.009
M5
G0 X56.332 Y131.175
M3
G0 X56.332 Y127.677
M5
G0 X56.915 Y127.094
M3
G0 X56.915 Y130.592
M5
G0 X56.915 Y131.175
M3
G0 X56.915 Y135.839
M5
G0 X57.498 Y135.839
M3
G0 X57.498 Y155.078
M5
G0 X57.353 Y155.078
M3
G0 X57.353 Y34.980
M5
G0 X57.134 Y35.199
M3
G0 X128.843 Y35.199
M5
G0 X128.843 Y35.344
M3
G0 X91.531 Y35.344
M5
G0 X91.895 Y34.980
M3
G0 X91.895 Y20.988
M5
G0 X92.114 Y20.769
M3
G0 X91.531 Y20.769
M5
G0 X91.750 Y20.405
M3
G0 X91.750 Y69.960
M5
G0 X91.167 Y69.960
M3
G0 X91.167 Y20.405
M5
G0 X90.584 Y20.405
M3
G0 X90.584 Y69.960
M5
G0 X90.584 Y71.709
M3
G0 X90.584 Y74.624
M5
G0 X90.584 Y75.207
M3
G0 X90.584 Y88.616
M5
G0 X90.948 Y89.418
M3
G0 X89.199 Y89.418
M5
G0 X88.616 Y89.418
M3
G0 X0.000 Y89.418
M5
G0 X0.000 Y89.563
M3
G0 X60.632 Y89.563
M5
G0 X61.215 Y88.980
M3
G0 X0.000 Y88.980
M5
G0 X0.000 Y88.835
M3
G0 X88.616 Y88.835
M5
G0 X88.252 Y88.616
M3
G0 X88.252 Y20.988
M5
G0 X88.397 Y20.988
M3
G0 X88.397 Y32.648
M5
G0 X88.980 Y32.648
M3
G0 X88.980 Y20.988
M5
G0 X89.272 Y20.988
M3
G0 X89.272 Y31.482
M5
G0 X89.199 Y31.555
M3
G0 X123.596 Y31.555
M5
G0 X123.377 Y31.482
M3
G0 X123.377 Y65.296
M5
G0 X122.794 Y65.296
M3
G0 X122.794 Y30.899
M5
G0 X122.649 Y30.899
M3
G0 X122.649 Y104.940
M5
G0 X122.430 Y104.721
M3
G0 X88.033 Y104.721
M5
G0 X87.450 Y104.721
M3
G0 X86.284 Y104.721
M5
G0 X86.284 Y105.304
M3
G0 X121.847 Y105.304
M5
G0 X121.847 Y105.013
M3
G0 X108.438 Y105.013
M5
G0 X108.438 Y104.430
M3
G0 X122.430 Y104.430
M5
G0 X122.430 Y104.284
M3
G0 X121.847 Y104.284
M5
G0 X121.920 Y104.357
M3
G0 X121.920 Y86.867
M5
G0 X121.847 Y86.357
M3
G0 X137.005 Y86.357
M5
G0 X137.005 Y86.211
M3
G0 X124.762 Y86.211
M5
G0 X124.762 Y85.628
M3
G0 X137.005 Y85.628
M5
G0 X137.005 Y85.774
M3
G0 X121.847 Y85.774
M5
G0 X122.430 Y85.191
M3
G0 X137.005 Y85.191
M5
G0 X137.005 Y85.045
M3
G0 X124.762 Y85.045
M5
G0 X125.345 Y84.462
M3
G0 X137.005 Y84.462
M5
G0 X137.005 Y84.608
M3
G0 X123.596 Y84.608
M5
G0 X123.669 Y85.118
M3
G0 X123.669 Y102.608
M5
G0 X124.179 Y102.681
M3
G0 X109.604 Y102.681
M5
G0 X110.187 Y102.098
M3
G0 X124.179 Y102.098
M5
G0 X124.252 Y102.025
M3
G0 X124.252 Y83.952
M5
G0 X124.179 Y83.442
M3
G0 X137.588 Y83.442
M5
G0 X137.588 Y83.588
M3
G0 X22.737 Y83.588
M5
G0 X22.737 Y83.733
M3
G0 X55.385 Y83.733
M5
G0 X55.385 Y84.316
M3
G0 X22.154 Y84.316
M5
G0 X22.154 Y84.171
M3
G0 X137.588 Y84.171
M5
G0 X137.588 Y84.316
M3
G0 X114.268 Y84.316
M5
G0 X115.215 Y83.952
M3
G0 X115.215 Y85.118
M5
G0 X115.215 Y85.701
M3
G0 X115.215 Y114.851
M5
G0 X115.434 Y115.215
M3
G0 X79.871 Y115.215
M5
G0 X79.288 Y115.215
M3
G0 X37.312 Y115.215
M5
G0 X37.312 Y115.798
M3
G0 X78.705 Y115.798
M5
G0 X79.288 Y115.798
M3
G0 X115.434 Y115.798
M5
G0 X115.653 Y115.434
M3
G0 X115.653 Y25.652
M5
G0 X116.017 Y25.871
M3
G0 X73.458 Y25.871
M5
G0 X73.531 Y26.235
M3
G0 X73.531 Y34.397
M5
G0 X74.114 Y34.397
M3
G0 X74.114 Y26.235
M5
G0 X74.041 Y26.016
M3
G0 X116.017 Y26.016
M5
G0 X116.017 Y26.308
M3
G0 X73.458 Y26.308
M5
G0 X72.875 Y26.599
M3
G0 X116.600 Y26.599
M5
G0 X116.600 Y26.454
M3
G0 X72.292 Y26.454
M5
G0 X72.365 Y26.818
M3
G0 X72.365 Y34.980
M5
G0 X72.948 Y34.980
M3
G0 X72.948 Y26.818
M5
G0 X72.292 Y26.891
M3
G0 X116.600 Y26.891
M5
G0 X116.819 Y26.818
M3
G0 X116.819 Y111.353
M5
G0 X116.600 Y111.572
M3
G0 X11.660 Y111.572
M5
G0 X11.660 Y110.989
M3
G0 X117.766 Y110.989
M5
G0 X117.547 Y110.770
M3
G0 X117.547 Y83.952
M5
G0 X118.713 Y83.369
M3
G0 X118.713 Y109.021
M5
G0 X118.932 Y108.802
M3
G0 X90.948 Y108.802
M5
G0 X90.948 Y109.968
M3
G0 X91.531 Y109.968
M5
G0 X91.531 Y110.551
M3
G0 X90.365 Y110.551
M5
G0 X92.697 Y110.551
M3
G0 X117.766 Y110.551
M5
G0 X117.766 Y110.406
M3
G0 X11.660 Y110.406
M5
G0 X11.660 Y109.823
M3
G0 X118.349 Y109.823
M5
G0 X118.349 Y109.968
M3
G0 X92.697 Y109.968
M5
G0 X92.697 Y109.385
M3
G0 X118.349 Y109.385
M5
G0 X118.349 Y109.094
M3
G0 X104.357 Y109.094
M5
G0 X105.013 Y109.021
M3
G0 X105.013 Y114.268
M5
G0 X104.940 Y114.195
M3
G0 X102.608 Y114.195
M5
G0 X102.025 Y114.195
M3
G0 X100.859 Y114.195
M5
G0 X100.859 Y114.778
M3
G0 X102.025 Y114.778
M5
G0 X102.608 Y114.778
M3
G0 X103.191 Y114.778
M5
G0 X103.264 Y114.851
M3
G0 X103.264 Y110.770
M5
G0 X102.681 Y110.770
M3
G0 X102.681 Y115.434
M5
G0 X102.608 Y115.507
M3
G0 X97.361 Y115.507
M5
G0 X97.434 Y116.017
M3
G0 X97.434 Y116.600
M5
G0 X98.017 Y116.600
M3
G0 X98.017 Y115.434
M5
G0 X97.944 Y114.924
M3
G0 X103.774 Y114.924
M5
G0 X103.847 Y114.851
M3
G0 X103.847 Y110.187
M5
G0 X104.430 Y110.187
M3
G0 X104.430 Y114.268
M5
G0 X104.940 Y113.612
M3
G0 X102.025 Y113.612
M5
G0 X102.025 Y113.029
M3
G0 X107.272 Y113.029
M5
G0 X107.345 Y113.685
M3
G0 X107.345 Y106.689
M5
G0 X107.272 Y106.762
M3
G0 X120.098 Y106.762
M5
G0 X120.171 Y106.689
M3
G0 X120.171 Y89.199
M5
G0 X120.754 Y89.199
M3
G0 X120.754 Y106.106
M5
G0 X120.681 Y106.033
M3
G0 X120.098 Y106.033
M5
G0 X120.098 Y106.616
M3
G0 X119.515 Y106.616
M5
G0 X118.932 Y106.616
M3
G0 X109.021 Y106.616
M5
G0 X108.511 Y106.106
M3
G0 X108.511 Y113.102
M5
G0 X107.928 Y113.102
M3
G0 X107.928 Y106.106
M5
G0 X107.272 Y106.179
M3
G0 X120.681 Y106.179
M5
G0 X120.900 Y106.689
M3
G0 X120.900 Y29.150
M5
G0 X121.264 Y29.369
M3
G0 X65.296 Y29.369
M5
G0 X65.369 Y29.733
M3
G0 X65.369 Y39.644
M5
G0 X65.879 Y39.717
M3
G0 X54.219 Y39.717
M5
G0 X54.219 Y39.425
M3
G0 X88.033 Y39.425
M5
G0 X86.284 Y40.008
M3
G0 X81.037 Y40.008
M5
G0 X80.454 Y40.008
M3
G0 X79.871 Y40.008
M5
G0 X79.288 Y40.008
M3
G0 X53.636 Y40.008
M5
G0 X53.709 Y40.227
M3
G0 X53.709 Y46.640
M5
G0 X53.636 Y46.567
M3
G0 X54.219 Y46.567
M5
G0 X54.292 Y46.640
M3
G0 X54.292 Y39.061
M5
G0 X54.219 Y39.134
M3
G0 X67.045 Y39.134
M5
G0 X67.118 Y38.478
M3
G0 X67.118 Y29.733
M5
G0 X66.826 Y29.733
M3
G0 X66.826 Y40.227
M5
G0 X67.409 Y40.227
M3
G0 X67.409 Y29.150
M5
G0 X67.264 Y29.150
M3
G0 X67.264 Y59.466
M5
G0 X67.628 Y59.247
M3
G0 X72.292 Y59.247
M5
G0 X72.073 Y59.466
M3
G0 X72.073 Y68.211
M5
G0 X71.490 Y67.045
M3
G0 X71.490 Y69.960
M5
G0 X70.907 Y69.960
M3
G0 X70.907 Y71.709
M5
G0 X71.126 Y72.073
M3
G0 X68.211 Y72.073
M5
G0 X68.211 Y71.490
M3
G0 X71.709 Y71.490
M5
G0 X71.490 Y71.126
M3
G0 X71.490 Y70.543
M5
G0 X72.292 Y71.490
M3
G0 X74.041 Y71.490
M5
G0 X74.405 Y71.709
M3
G0 X74.405 Y72.292
M5
G0 X74.041 Y72.656
M3
G0 X77.539 Y72.656
M5
G0 X77.539 Y73.239
M3
G0 X74.041 Y73.239
M5
G0 X74.041 Y73.822
M3
G0 X77.539 Y73.822
M5
G0 X76.737 Y72.875
M3
G0 X76.737 Y71.126
M5
G0 X77.320 Y70.543
M3
G0 X77.320 Y48.389
M5
G0 X76.956 Y48.462
M3
G0 X61.215 Y48.462
M5
G0 X60.996 Y47.806
M3
G0 X60.996 Y50.721
M5
G0 X61.579 Y50.721
M3
G0 X61.579 Y47.806
M5
G0 X62.381 Y47.879
M3
G0 X76.956 Y47.879
M5
G0 X76.373 Y47.296
M3
G0 X62.964 Y47.296
M5
G0 X62.745 Y46.640
M3
G0 X62.745 Y50.721
M5
G0 X62.162 Y50.721
M3
G0 X62.162 Y47.223
M5
G0 X63.328 Y46.640
M3
G0 X63.328 Y50.138
M5
G0 X63.911 Y50.138
M3
G0 X63.911 Y46.057
M5
G0 X64.130 Y46.713
M3
G0 X76.373 Y46.713
M5
G0 X76.737 Y46.640
M3
G0 X76.737 Y66.462
M5
G0 X77.539 Y66.535
M3
G0 X78.705 Y66.535
M5
G0 X78.705 Y65.952
M3
G0 X77.539 Y65.952
M5
G0 X76.956 Y65.369
M3
G0 X79.288 Y65.369
M5
G0 X79.288 Y64.786
M3
G0 X77.539 Y64.786
M5
G0 X76.956 Y64.203
M3
G0 X79.288 Y64.203
M5
G0 X79.288 Y63.620
M3
G0 X76.373 Y63.620
M5
G0 X76.154 Y64.130
M3
G0 X76.154 Y45.474
M5
G0 X75.790 Y45.547
M3
G0 X65.879 Y45.547
M5
G0 X65.296 Y46.130
M3
G0 X75.790 Y46.130
M5
G0 X75.280 Y46.640
M3
G0 X75.280 Y58.300
M5
G0 X75.207 Y58.373
M3
G0 X79.871 Y58.373
M5
G0 X79.871 Y57.790
M3
G0 X74.624 Y57.790
M5
G0 X74.405 Y58.300
M3
G0 X74.405 Y43.725
M5
G0 X73.822 Y43.725
M3
G0 X73.822 Y57.134
M5
G0 X74.041 Y56.624
M3
G0 X79.871 Y56.624
M5
G0 X79.871 Y56.041
M3
G0 X74.041 Y56.041
M5
G0 X74.114 Y55.968
M3
G0 X74.114 Y45.474
M5
G0 X73.531 Y45.474
M3
G0 X73.531 Y54.219
M5
G0 X73.458 Y54.292
M3
G0 X78.705 Y54.292
M5
G0 X78.705 Y53.709
M3
G0 X72.875 Y53.709
M5
G0 X72.948 Y53.636
M3
G0 X72.948 Y45.474
M5
G0 X72.365 Y45.474
M3
G0 X72.365 Y52.470
M5
G0 X72.292 Y52.543
M3
G0 X78.122 Y52.543
M5
G0 X78.122 Y53.126
M3
G0 X72.292 Y53.126
M5
G0 X72.073 Y53.636
M3
G0 X72.073 Y42.559
M5
G0 X71.490 Y42.559
M3
G0 X71.490 Y53.053
M5
G0 X70.907 Y52.470
M3
G0 X70.907 Y42.559
M5
G0 X70.324 Y43.142
M3
G0 X70.324 Y51.887
M5
G0 X69.741 Y51.304
M3
G0 X69.741 Y43.142
M5
G0 X69.741 Y42.559
M3
G0 X69.741 Y41.976
M5
G0 X69.158 Y43.725
M3
G0 X69.158 Y50.721
M5
G0 X68.575 Y50.721
M3
G0 X68.575 Y43.725
M5
G0 X68.794 Y44.381
M3
G0 X75.207 Y44.381
M5
G0 X75.571 Y44.308
M3
G0 X75.571 Y62.964
M5
G0 X75.790 Y62.454
M3
G0 X79.288 Y62.454
M5
G0 X79.288 Y61.871
M3
G0 X75.790 Y61.871
M5
G0 X75.863 Y61.798
M3
G0 X75.863 Y48.389
M5
G0 X76.446 Y48.972
M3
G0 X76.446 Y62.381
M5
G0 X76.373 Y63.037
M3
G0 X79.288 Y63.037
M5
G0 X78.778 Y62.964
M3
G0 X78.778 Y57.134
M5
G0 X79.288 Y57.207
M3
G0 X74.624 Y57.207
M5
G0 X74.697 Y57.134
M3
G0 X74.697 Y47.223
M5
G0 X74.697 Y46.640
M3
G0 X74.697 Y45.474
M5
G0 X75.207 Y44.964
M3
G0 X67.045 Y44.964
M5
G0 X67.118 Y45.474
M3
G0 X67.118 Y47.806
M5
G0 X67.701 Y47.806
M3
G0 X67.701 Y45.474
M5
G0 X68.284 Y44.891
M3
G0 X68.284 Y48.389
M5
G0 X68.867 Y48.389
M3
G0 X68.867 Y44.891
M5
G0 X69.450 Y44.308
M3
G0 X69.450 Y48.389
M5
G0 X70.033 Y48.389
M3
G0 X70.033 Y44.891
M5
G0 X70.616 Y44.891
M3
G0 X70.616 Y48.972
M5
G0 X69.960 Y49.045
M3
G0 X77.539 Y49.045
M5
G0 X77.903 Y48.972
M3
G0 X77.903 Y69.960
M5
G0 X78.705 Y70.324
M3
G0 X69.960 Y70.324
M5
G0 X70.324 Y69.960
M3
G0 X70.324 Y68.794
M5
G0 X69.960 Y68.575
M3
G0 X79.288 Y68.575
M5
G0 X79.069 Y68.794
M3
G0 X79.069 Y53.636
M5
G0 X79.288 Y53.417
M3
G0 X69.960 Y53.417
M5
G0 X69.960 Y52.834
M3
G0 X79.288 Y52.834
M5
G0 X79.288 Y52.251
M3
G0 X68.794 Y52.251
M5
G0 X68.211 Y51.668
M3
G0 X79.288 Y51.668
M5
G0 X79.288 Y51.085
M3
G0 X65.879 Y51.085
M5
G0 X64.713 Y51.085
M3
G0 X44.891 Y51.085
M5
G0 X44.891 Y51.377
M3
G0 X47.806 Y51.377
M5
G0 X47.879 Y51.304
M3
G0 X47.879 Y47.806
M5
G0 X47.806 Y47.879
M3
G0 X53.053 Y47.879
M5
G0 X52.543 Y47.806
M3
G0 X52.543 Y41.393
M5
G0 X52.470 Y41.466
M3
G0 X62.964 Y41.466
M5
G0 X61.798 Y42.049
M3
G0 X51.887 Y42.049
M5
G0 X51.668 Y42.559
M3
G0 X51.668 Y49.555
M5
G0 X52.251 Y49.555
M3
G0 X52.251 Y41.393
M5
G0 X51.887 Y41.174
M3
G0 X75.207 Y41.174
M5
G0 X75.790 Y41.174
M3
G0 X81.620 Y41.174
M5
G0 X81.037 Y40.591
M3
G0 X50.721 Y40.591
M5
G0 X50.721 Y40.008
M3
G0 X53.053 Y40.008
M5
G0 X53.272 Y40.227
M3
G0 X53.272 Y155.078
M5
G0 X53.417 Y155.078
M3
G0 X53.417 Y142.252
M5
G0 X53.636 Y142.325
M3
G0 X61.215 Y142.325
M5
G0 X61.215 Y142.179
M3
G0 X60.049 Y142.179
M5
G0 X60.122 Y142.835
M3
G0 X60.122 Y134.673
M5
G0 X60.049 Y134.163
M3
G0 X58.883 Y134.163
M5
G0 X58.956 Y134.673
M3
G0 X58.956 Y148.082
M5
G0 X59.539 Y148.082
M3
G0 X59.539 Y146.916
M5
G0 X60.049 Y146.989
M3
G0 X52.470 Y146.989
M5
G0 X52.470 Y147.572
M3
G0 X60.049 Y147.572
M5
G0 X60.632 Y148.301
M3
G0 X23.320 Y148.301
M5
G0 X23.320 Y148.884
M3
G0 X60.632 Y148.884
M5
G0 X60.049 Y149.467
M3
G0 X22.737 Y149.467
M5
G0 X22.737 Y150.050
M3
G0 X60.049 Y150.050
M5
G0 X60.049 Y150.195
M3
G0 X51.887 Y150.195
M5
G0 X51.887 Y150.487
M3
G0 X57.134 Y150.487
M5
G0 X56.624 Y150.414
M3
G0 X56.624 Y149.248
M5
G0 X56.041 Y149.248
M3
G0 X56.041 Y138.171
M5
G0 X55.968 Y138.244
M3
G0 X61.215 Y138.244
M5
G0 X61.215 Y138.098
M3
G0 X60.049 Y138.098
M5
G0 X59.466 Y138.098
M3
G0 X58.883 Y138.098
M5
G0 X58.300 Y138.098
M3
G0 X56.551 Y138.098
M5
G0 X56.551 Y137.661
M3
G0 X61.215 Y137.661
M5
G0 X61.215 Y137.515
M3
G0 X57.134 Y137.515
M5
G0 X56.624 Y137.588
M3
G0 X56.624 Y148.082
M5
G0 X57.207 Y148.082
M3
G0 X57.207 Y136.422
M5
G0 X57.134 Y136.495
M3
G0 X61.215 Y136.495
M5
G0 X61.215 Y136.349
M3
G0 X58.300 Y136.349
M5
G0 X58.227 Y136.422
M3
G0 X58.227 Y137.005
M5
G0 X57.717 Y136.932
M3
G0 X59.466 Y136.932
M5
G0 X60.049 Y136.932
M3
G0 X61.215 Y136.932
M5
G0 X61.215 Y137.078
M3
G0 X56.551 Y137.078
M5
G0 X56.551 Y137.369
M3
G0 X61.798 Y137.369
M5
G0 X61.798 Y137.224
M3
G0 X24.486 Y137.224
M5
G0 X24.705 Y136.422
M3
G0 X24.705 Y79.871
M5
G0 X24.486 Y80.090
M3
G0 X138.754 Y80.090
M5
G0 X138.754 Y79.507
M3
G0 X25.069 Y79.507
M5
G0 X25.288 Y79.288
M3
G0 X25.288 Y136.422
M5
G0 X25.871 Y136.422
M3
G0 X25.871 Y78.122
M5
G0 X25.652 Y78.341
M3
G0 X138.754 Y78.341
M5
G0 X138.754 Y77.758
M3
G0 X26.235 Y77.758
M5
G0 X26.454 Y77.539
M3
G0 X26.454 Y137.005
M5
G0 X27.037 Y137.005
M3
G0 X27.037 Y76.956
M5
G0 X26.818 Y76.592
M3
G0 X138.754 Y76.592
M5
G0 X138.754 Y76.009
M3
G0 X27.401 Y76.009
M5
G0 X27.401 Y76.154
M3
G0 X39.644 Y76.154
M5
G0 X39.644 Y75.571
M3
G0 X27.984 Y75.571
M5
G0 X27.620 Y75.790
M3
G0 X27.620 Y137.005
M5
G0 X27.984 Y136.786
M3
G0 X61.798 Y136.786
M5
G0 X61.798 Y136.641
M3
G0 X21.571 Y136.641
M5
G0 X21.571 Y137.224
M3
G0 X23.320 Y137.224
M5
G0 X22.737 Y137.807
M3
G0 X61.798 Y137.807
M5
G0 X61.798 Y137.952
M3
G0 X55.968 Y137.952
M5
G0 X56.332 Y137.588
M3
G0 X56.332 Y155.078
M5
G0 X56.187 Y155.078
M3
G0 X56.187 Y36.729
M5
G0 X55.968 Y36.948
M3
G0 X130.592 Y36.948
M5
G0 X130.228 Y36.729
M3
G0 X130.228 Y97.361
M5
G0 X130.373 Y97.361
M3
G0 X130.373 Y37.312
M5
G0 X130.592 Y37.385
M3
G0 X95.612 Y37.385
M5
G0 X95.612 Y37.239
M3
G0 X107.855 Y37.239
M5
G0 X109.021 Y37.239
M3
G0 X113.685 Y37.239
M5
G0 X114.268 Y37.822
M3
G0 X96.195 Y37.822
M5
G0 X96.268 Y37.895
M3
G0 X96.268 Y20.988
M5
G0 X95.976 Y20.988
M3
G0 X95.976 Y38.478
M5
G0 X95.612 Y38.842
M3
G0 X131.758 Y38.842
M5
G0 X131.758 Y38.551
M3
G0 X97.361 Y38.551
M5
G0 X97.434 Y38.478
M3
G0 X97.434 Y20.988
M5
G0 X97.580 Y20.988
M3
G0 X97.580 Y55.968
M5
G0 X97.580 Y56.551
M3
G0 X97.580 Y125.345
M5
G0 X97.944 Y124.981
M3
G0 X13.409 Y124.981
M5
G0 X13.628 Y125.345
M3
G0 X13.628 Y99.110
M5
G0 X13.409 Y99.329
M3
G0 X128.843 Y99.329
M5
G0 X128.624 Y99.110
M3
G0 X128.624 Y34.980
M5
G0 X128.479 Y34.980
M3
G0 X128.479 Y99.110
M5
G0 X128.260 Y99.037
M3
G0 X127.094 Y99.037
M5
G0 X127.458 Y99.693
M3
G0 X127.458 Y34.397
M5
G0 X127.677 Y34.470
M3
G0 X92.114 Y34.470
M5
G0 X92.187 Y34.397
M3
G0 X92.187 Y21.571
M5
G0 X92.114 Y22.081
M3
G0 X95.612 Y22.081
M5
G0 X95.685 Y20.988
M3
G0 X95.685 Y37.895
M5
G0 X95.393 Y37.895
M3
G0 X95.393 Y20.988
M5
G0 X95.102 Y20.988
M3
G0 X95.102 Y37.312
M5
G0 X94.810 Y37.312
M3
G0 X94.810 Y20.988
M5
G0 X95.248 Y20.405
M3
G0 X95.248 Y75.207
M5
G0 X95.831 Y75.207
M3
G0 X95.831 Y76.373
M5
G0 X95.831 Y76.956
M3
G0 X95.831 Y92.697
M5
G0 X95.612 Y92.333
M3
G0 X134.673 Y92.333
M5
G0 X134.673 Y92.478
M3
G0 X96.195 Y92.478
M5
G0 X96.559 Y92.697
M3
G0 X96.559 Y91.531
M5
G0 X97.142 Y91.531
M3
G0 X97.142 Y93.863
M5
G0 X97.361 Y93.936
M3
G0 X98.527 Y93.936
M5
G0 X98.527 Y94.519
M3
G0 X97.361 Y94.519
M5
G0 X96.778 Y94.227
M3
G0 X132.924 Y94.227
M5
G0 X132.924 Y93.936
M3
G0 X115.434 Y93.936
M5
G0 X115.434 Y93.353
M3
G0 X133.507 Y93.353
M5
G0 X133.507 Y93.207
M3
G0 X117.766 Y93.207
M5
G0 X118.349 Y92.624
M3
G0 X134.090 Y92.624
M5
G0 X134.090 Y92.770
M3
G0 X116.017 Y92.770
M5
G0 X116.017 Y92.187
M3
G0 X134.090 Y92.187
M5
G0 X134.017 Y92.114
M3
G0 X134.017 Y91.531
M5
G0 X134.090 Y92.041
M3
G0 X133.507 Y92.041
M5
G0 X133.580 Y92.697
M3
G0 X133.580 Y41.393
M5
G0 X133.507 Y41.174
M3
G0 X97.944 Y41.174
M5
G0 X98.527 Y41.757
M3
G0 X134.090 Y41.757
M5
G0 X134.309 Y41.976
M3
G0 X134.309 Y93.280
M5
G0 X134.090 Y93.061
M3
G0 X96.195 Y93.061
M5
G0 X96.778 Y92.770
M3
G0 X97.361 Y92.770
M5
G0 X97.725 Y92.697
M3
G0 X97.725 Y102.608
M5
G0 X98.308 Y102.608
M3
G0 X98.308 Y92.697
M5
G0 X97.944 Y93.353
M3
G0 X97.361 Y93.353
M5
G0 X97.361 Y92.187
M3
G0 X96.778 Y92.187
M5
G0 X95.612 Y93.499
M3
G0 X95.029 Y93.499
M5
G0 X94.446 Y93.499
M3
G0 X6.413 Y93.499
M5
G0 X5.830 Y94.082
M3
G0 X94.446 Y94.082
M5
G0 X94.446 Y94.227
M3
G0 X87.450 Y94.227
M5
G0 X87.450 Y94.810
M3
G0 X89.199 Y94.810
M5
G0 X89.199 Y94.519
M3
G0 X88.033 Y94.519
M5
G0 X88.106 Y95.029
M3
G0 X88.106 Y93.863
M5
G0 X88.033 Y93.936
M3
G0 X93.863 Y93.936
M5
G0 X93.863 Y93.644
M3
G0 X92.114 Y93.644
M5
G0 X92.187 Y93.863
M3
G0 X92.187 Y95.029
M5
G0 X91.604 Y95.029
M3
G0 X91.604 Y94.446
M5
G0 X91.458 Y94.446
M3
G0 X91.458 Y95.029
M5
G0 X91.531 Y94.956
M3
G0 X90.365 Y94.956
M5
G0 X90.438 Y95.029
M3
G0 X90.438 Y93.863
M5
G0 X90.365 Y94.373
M3
G0 X90.948 Y94.373
M5
G0 X91.021 Y94.446
M3
G0 X91.021 Y95.612
M5
G0 X90.948 Y96.268
M3
G0 X93.280 Y96.268
M5
G0 X92.770 Y96.195
M3
G0 X92.770 Y96.778
M5
G0 X92.697 Y96.851
M3
G0 X89.199 Y96.851
M5
G0 X88.980 Y96.778
M3
G0 X88.980 Y92.114
M5
G0 X89.199 Y91.895
M3
G0 X92.697 Y91.895
M5
G0 X92.697 Y92.187
M3
G0 X92.114 Y92.187
M5
G0 X92.478 Y92.114
M3
G0 X92.478 Y92.697
M5
G0 X92.697 Y92.770
M3
G0 X93.280 Y92.770
M5
G0 X93.499 Y92.697
M3
G0 X93.499 Y127.094
M5
G0 X93.280 Y127.313
M3
G0 X13.409 Y127.313
M5
G0 X13.409 Y126.730
M3
G0 X95.029 Y126.730
M5
G0 X94.665 Y126.511
M3
G0 X94.665 Y97.361
M5
G0 X94.082 Y96.778
M3
G0 X94.082 Y93.280
M5
G0 X93.863 Y93.353
M3
G0 X92.697 Y93.353
M5
G0 X92.770 Y93.863
M3
G0 X92.770 Y92.697
M5
G0 X93.280 Y92.478
M3
G0 X88.616 Y92.478
M5
G0 X88.689 Y92.697
M3
G0 X88.689 Y93.280
M5
G0 X89.272 Y93.280
M3
G0 X89.272 Y93.863
M5
G0 X89.855 Y93.863
M3
G0 X89.855 Y94.446
M5
G0 X89.563 Y94.446
M3
G0 X89.563 Y91.531
M5
G0 X89.418 Y91.531
M3
G0 X89.418 Y130.009
M5
G0 X89.199 Y129.790
M3
G0 X81.037 Y129.790
M5
G0 X81.037 Y130.228
M3
G0 X89.782 Y130.228
M5
G0 X89.782 Y129.207
M3
G0 X89.199 Y129.207
M5
G0 X88.616 Y129.207
M3
G0 X80.454 Y129.207
M5
G0 X80.454 Y129.062
M3
G0 X90.948 Y129.062
M5
G0 X91.167 Y128.843
M3
G0 X91.167 Y93.280
M5
G0 X90.948 Y93.353
M3
G0 X88.033 Y93.353
M5
G0 X88.033 Y93.061
M3
G0 X90.948 Y93.061
M5
G0 X90.948 Y92.770
M3
G0 X88.033 Y92.770
M5
G0 X88.397 Y92.697
M3
G0 X88.397 Y96.195
M5
G0 X88.616 Y96.268
M3
G0 X89.782 Y96.268
M5
G0 X89.272 Y96.195
M3
G0 X89.272 Y95.612
M5
G0 X89.199 Y95.102
M3
G0 X88.033 Y95.102
M5
G0 X88.033 Y95.393
M3
G0 X94.446 Y95.393
M5
G0 X94.446 Y95.248
M3
G0 X15.158 Y95.248
M5
G0 X14.794 Y95.612
M3
G0 X14.794 Y130.009
M5
G0 X15.158 Y130.082
M3
G0 X15.741 Y130.082
M5
G0 X15.522 Y130.592
M3
G0 X15.522 Y127.094
M5
G0 X16.105 Y127.094
M3
G0 X16.105 Y125.928
M5
G0 X16.688 Y126.511
M3
G0 X16.688 Y127.677
M5
G0 X17.271 Y128.843
M3
G0 X17.271 Y123.596
M5
G0 X17.271 Y121.264
M3
G0 X17.271 Y100.859
M5
G0 X17.854 Y100.859
M3
G0 X17.854 Y120.681
M5
G0 X17.854 Y121.264
M3
G0 X17.854 Y130.009
M5
G0 X17.854 Y130.592
M3
G0 X17.854 Y131.175
M5
G0 X17.271 Y131.175
M3
G0 X17.271 Y132.341
M5
G0 X17.490 Y132.414
M3
G0 X18.656 Y132.414
M5
G0 X18.073 Y132.997
M3
G0 X20.988 Y132.997
M5
G0 X21.061 Y133.507
M3
G0 X21.061 Y134.090
M5
G0 X20.769 Y134.090
M3
G0 X20.769 Y93.863
M5
G0 X20.186 Y93.280
M3
G0 X20.186 Y134.090
M5
G0 X20.478 Y134.090
M3
G0 X20.478 Y133.507
M5
G0 X19.822 Y133.580
M3
G0 X25.652 Y133.580
M5
G0 X26.235 Y133.580
M3
G0 X26.818 Y133.580
M5
G0 X26.891 Y134.673
M3
G0 X26.891 Y135.839
M5
G0 X26.599 Y135.839
M3
G0 X26.599 Y123.596
M5
G0 X27.182 Y123.596
M3
G0 X27.182 Y136.422
M5
G0 X27.765 Y136.422
M3
G0 X27.765 Y123.596
M5
G0 X28.348 Y124.762
M3
G0 X28.348 Y136.422
M5
G0 X28.203 Y137.005
M3
G0 X28.203 Y74.624
M5
G0 X27.984 Y74.843
M3
G0 X138.754 Y74.843
M5
G0 X138.754 Y74.988
M3
G0 X110.770 Y74.988
M5
G0 X111.353 Y75.571
M3
G0 X138.754 Y75.571
M5
G0 X138.754 Y75.426
M3
G0 X27.401 Y75.426
M5
G0 X28.567 Y74.988
M3
G0 X39.644 Y74.988
M5
G0 X39.644 Y74.405
M3
G0 X29.150 Y74.405
M5
G0 X29.514 Y74.624
M3
G0 X29.514 Y74.041
M5
G0 X29.733 Y73.822
M3
G0 X39.644 Y73.822
M5
G0 X39.644 Y72.073
M3
G0 X30.899 Y72.073
M5
G0 X30.899 Y71.490
M3
G0 X39.644 Y71.490
M5
G0 X40.227 Y76.737
M3
G0 X27.401 Y76.737
M5
G0 X26.818 Y77.320
M3
G0 X40.810 Y77.320
M5
G0 X41.393 Y77.903
M3
G0 X26.818 Y77.903
M5
G0 X27.182 Y77.539
M3
G0 X27.182 Y78.705
M5
G0 X26.599 Y78.705
M3
G0 X26.599 Y79.288
M5
G0 X27.182 Y79.288
M3
G0 X27.182 Y80.454
M5
G0 X26.599 Y81.037
M3
G0 X26.599 Y82.203
M5
G0 X27.182 Y82.203
M3
G0 X27.182 Y83.369
M5
G0 X26.599 Y83.369
M3
G0 X26.599 Y88.033
M5
G0 X27.182 Y86.867
M3
G0 X27.182 Y86.284
M5
G0 X27.182 Y84.535
M3
G0 X27.182 Y83.952
M5
G0 X27.765 Y83.952
M3
G0 X27.765 Y83.369
M5
G0 X26.016 Y83.369
M3
G0 X26.016 Y91.531
M5
G0 X25.433 Y92.114
M3
G0 X25.433 Y82.203
M5
G0 X25.433 Y81.620
M3
G0 X25.433 Y81.037
M5
G0 X24.850 Y81.037
M3
G0 X24.850 Y81.620
M5
G0 X24.486 Y81.401
M3
G0 X60.049 Y81.401
M5
G0 X60.632 Y81.401
M3
G0 X61.215 Y81.401
M5
G0 X62.964 Y81.401
M3
G0 X64.130 Y81.401
M5
G0 X65.296 Y81.401
M3
G0 X69.960 Y81.401
M5
G0 X69.960 Y81.984
M3
G0 X23.903 Y81.984
M5
G0 X23.539 Y82.203
M3
G0 X23.539 Y135.256
M5
G0 X23.684 Y135.256
M3
G0 X23.684 Y119.515
M5
G0 X23.684 Y118.349
M3
G0 X23.684 Y117.183
M5
G0 X24.267 Y117.183
M3
G0 X24.267 Y118.349
M5
G0 X23.101 Y118.349
M3
G0 X23.101 Y134.673
M5
G0 X23.320 Y134.746
M3
G0 X34.980 Y134.746
M5
G0 X34.980 Y135.329
M3
G0 X33.814 Y135.329
M5
G0 X33.814 Y136.495
M3
G0 X29.150 Y136.495
M5
G0 X29.223 Y136.422
M3
G0 X29.223 Y135.839
M5
G0 X29.806 Y135.839
M3
G0 X29.806 Y136.422
M5
G0 X28.640 Y135.839
M3
G0 X28.640 Y135.256
M5
G0 X28.057 Y135.256
M3
G0 X28.057 Y135.839
M5
G0 X27.984 Y135.912
M3
G0 X32.648 Y135.912
M5
G0 X33.304 Y137.005
M3
G0 X33.304 Y137.588
M5
G0 X33.012 Y137.588
M3
G0 X33.012 Y126.511
M5
G0 X32.429 Y126.511
M3
G0 X32.429 Y137.588
M5
G0 X32.648 Y137.952
M3
G0 X55.385 Y137.952
M5
G0 X55.968 Y138.535
M3
G0 X61.798 Y138.535
M5
G0 X61.798 Y138.390
M3
G0 X23.903 Y138.390
M5
G0 X23.320 Y138.390
M3
G0 X22.737 Y138.390
M5
G0 X22.154 Y138.973
M3
G0 X32.065 Y138.973
M5
G0 X32.648 Y138.973
M3
G0 X61.798 Y138.973
M5
G0 X61.798 Y139.118
M3
G0 X55.385 Y139.118
M5
G0 X55.458 Y139.337
M3
G0 X55.458 Y146.916
M5
G0 X55.458 Y147.499
M3
G0 X55.458 Y149.831
M5
G0 X56.041 Y149.831
M3
G0 X56.041 Y150.414
M5
G0 X55.968 Y150.341
M3
G0 X56.551 Y150.341
M5
G0 X56.624 Y150.997
M3
G0 X56.624 Y152.163
M5
G0 X56.624 Y152.746
M3
G0 X56.624 Y153.329
M5
G0 X56.041 Y153.329
M3
G0 X56.041 Y152.746
M5
G0 X55.458 Y152.163
M3
G0 X55.458 Y151.580
M5
G0 X54.875 Y151.580
M3
G0 X54.875 Y152.746
M5
G0 X54.292 Y152.746
M3
G0 X54.292 Y152.163
M5
G0 X53.709 Y152.163
M3
G0 X53.709 Y153.329
M5
G0 X53.709 Y153.912
M3
G0 X53.709 Y155.078
M5
G0 X53.855 Y155.078
M3
G0 X53.855 Y39.061
M5
G0 X53.636 Y39.280
M3
G0 X132.924 Y39.280
M5
G0 X133.143 Y39.644
M3
G0 X133.143 Y94.446
M5
G0 X132.924 Y94.665
M3
G0 X95.612 Y94.665
M5
G0 X95.029 Y94.082
M3
G0 X133.507 Y94.082
M5
G0 X133.726 Y93.863
M3
G0 X133.726 Y40.810
M5
G0 X133.507 Y40.883
M3
G0 X99.693 Y40.883
M5
G0 X99.766 Y40.810
M3
G0 X99.766 Y22.154
M5
G0 X100.349 Y22.154
M3
G0 X100.349 Y40.810
M5
G0 X100.276 Y40.154
M3
G0 X110.187 Y40.154
M5
G0 X110.187 Y38.988
M3
G0 X114.851 Y38.988
M5
G0 X114.851 Y38.405
M3
G0 X109.604 Y38.405
M5
G0 X109.021 Y39.571
M3
G0 X99.693 Y39.571
M5
G0 X99.183 Y40.227
M3
G0 X99.183 Y21.571
M5
G0 X99.474 Y21.571
M3
G0 X99.474 Y41.976
M5
G0 X100.932 Y41.393
M3
G0 X100.932 Y22.154
M5
G0 X100.859 Y21.644
M3
G0 X81.620 Y21.644
M5
G0 X81.839 Y21.571
M3
G0 X81.839 Y60.632
M5
G0 X81.256 Y60.632
M3
G0 X81.256 Y130.592
M5
G0 X81.620 Y130.811
M3
G0 X88.616 Y130.811
M5
G0 X88.252 Y130.592
M3
G0 X88.252 Y92.114
M5
G0 X88.616 Y92.187
M3
G0 X90.365 Y92.187
M5
G0 X90.146 Y91.531
M3
G0 X90.146 Y94.446
M5
G0 X90.365 Y94.519
M3
G0 X92.697 Y94.519
M5
G0 X92.770 Y95.029
M3
G0 X92.770 Y95.612
M5
G0 X93.353 Y95.612
M3
G0 X93.353 Y95.029
M5
G0 X93.280 Y94.519
M3
G0 X93.863 Y94.519
M5
G0 X94.227 Y94.446
M3
G0 X94.227 Y95.029
M5
G0 X94.446 Y94.810
M3
G0 X89.782 Y94.810
M5
G0 X89.563 Y95.029
M3
G0 X89.563 Y97.361
M5
G0 X89.199 Y97.725
M3
G0 X92.697 Y97.725
M5
G0 X92.478 Y97.361
M3
G0 X92.478 Y93.863
M5
G0 X91.895 Y93.863
M3
G0 X91.895 Y97.944
M5
G0 X91.312 Y97.944
M3
G0 X91.312 Y93.863
M5
G0 X92.114 Y93.061
M3
G0 X93.863 Y93.061
M5
G0 X93.644 Y93.280
M3
G0 X93.644 Y96.778
M5
G0 X93.863 Y96.559
M3
G0 X88.033 Y96.559
M5
G0 X88.033 Y95.976
M3
G0 X94.446 Y95.976
M5
G0 X93.863 Y95.685
M3
G0 X88.616 Y95.685
M5
G0 X88.689 Y96.195
M3
G0 X88.689 Y96.778
M5
G0 X88.616 Y97.725
M3
G0 X86.867 Y97.725
M5
G0 X86.867 Y97.142
M3
G0 X93.863 Y97.142
M5
G0 X94.082 Y97.944
M3
G0 X94.082 Y127.094
M5
G0 X93.863 Y126.875
M3
G0 X14.575 Y126.875
M5
G0 X14.939 Y127.094
M3
G0 X14.939 Y128.260
M5
G0 X14.575 Y128.041
M3
G0 X79.288 Y128.041
M5
G0 X79.069 Y128.260
M3
G0 X79.069 Y124.762
M5
G0 X78.486 Y124.179
M3
G0 X78.486 Y128.260
M5
G0 X78.924 Y128.260
M3
G0 X78.924 Y23.903
M5
G0 X79.069 Y23.903
M3
G0 X79.069 Y33.814
M5
G0 X79.652 Y33.814
M3
G0 X79.652 Y23.320
M5
G0 X79.871 Y23.393
M3
G0 X111.353 Y23.393
M5
G0 X111.134 Y23.320
M3
G0 X111.134 Y51.887
M5
G0 X111.717 Y52.470
M3
G0 X111.717 Y23.903
M5
G0 X111.936 Y23.976
M3
G0 X78.705 Y23.976
M5
G0 X78.705 Y23.684
M3
G0 X77.539 Y23.684
M5
G0 X77.539 Y23.539
M3
G0 X111.936 Y23.539
M5
G0 X111.572 Y23.320
M3
G0 X111.572 Y119.515
M5
G0 X111.936 Y119.296
M3
G0 X41.393 Y119.296
M5
G0 X41.393 Y118.713
M3
G0 X112.519 Y118.713
M5
G0 X112.738 Y118.932
M3
G0 X112.738 Y23.903
M5
G0 X113.102 Y24.122
M3
G0 X76.373 Y24.122
M5
G0 X76.592 Y23.903
M3
G0 X76.592 Y129.426
M5
G0 X76.956 Y129.207
M3
G0 X15.158 Y129.207
M5
G0 X15.158 Y128.916
M3
G0 X15.741 Y128.916
M5
G0 X14.575 Y129.062
M3
G0 X78.122 Y129.062
M5
G0 X78.341 Y128.843
M3
G0 X78.341 Y23.320
M5
G0 X78.122 Y22.956
M3
G0 X111.353 Y22.956
M5
G0 X110.989 Y22.737
M3
G0 X110.989 Y120.098
M5
G0 X110.770 Y120.317
M3
G0 X12.243 Y120.317
M5
G0 X12.243 Y119.734
M3
G0 X111.936 Y119.734
M5
G0 X111.717 Y118.932
M3
G0 X111.717 Y116.600
M5
G0 X111.717 Y116.017
M3
G0 X111.717 Y82.786
M5
G0 X111.936 Y82.567
M3
G0 X109.604 Y82.567
M5
G0 X109.968 Y82.203
M3
G0 X109.968 Y81.037
M5
G0 X110.551 Y81.037
M3
G0 X110.551 Y82.203
M5
G0 X111.134 Y82.786
M3
G0 X111.134 Y83.369
M5
G0 X110.770 Y83.733
M3
G0 X137.588 Y83.733
M5
G0 X137.369 Y83.952
M3
G0 X137.369 Y67.628
M5
G0 X137.588 Y67.701
M3
G0 X125.928 Y67.701
M5
G0 X125.928 Y68.284
M3
G0 X137.588 Y68.284
M5
G0 X137.807 Y68.211
M3
G0 X137.807 Y82.786
M5
G0 X137.588 Y82.859
M3
G0 X124.179 Y82.859
M5
G0 X124.762 Y82.276
M3
G0 X137.588 Y82.276
M5
G0 X137.588 Y82.130
M3
G0 X133.507 Y82.130
M5
G0 X133.507 Y81.547
M3
G0 X137.588 Y81.547
M5
G0 X137.588 Y81.693
M3
G0 X125.345 Y81.693
M5
G0 X126.001 Y81.620
M3
G0 X126.001 Y100.276
M5
G0 X125.928 Y100.349
M3
G0 X110.770 Y100.349
M5
G0 X110.770 Y100.932
M3
G0 X125.345 Y100.932
M5
G0 X126.511 Y100.640
M3
G0 X88.616 Y100.640
M5
G0 X88.616 Y100.057
M3
G0 X88.033 Y100.057
M5
G0 X88.033 Y99.474
M3
G0 X93.280 Y99.474
M5
G0 X93.863 Y99.474
M3
G0 X128.260 Y99.474
M5
G0 X128.041 Y99.693
M3
G0 X128.041 Y34.980
M5
G0 X128.260 Y35.053
M3
G0 X92.697 Y35.053
M5
G0 X92.770 Y34.980
M3
G0 X92.770 Y21.571
M5
G0 X93.353 Y21.571
M3
G0 X93.353 Y35.563
M5
G0 X93.280 Y35.490
M3
G0 X116.600 Y35.490
M5
G0 X116.600 Y34.907
M3
G0 X93.280 Y34.907
M5
G0 X93.280 Y35.636
M3
G0 X128.843 Y35.636
M5
G0 X129.062 Y35.563
M3
G0 X129.062 Y99.110
M5
G0 X129.426 Y98.746
M3
G0 X13.409 Y98.746
M5
G0 X13.992 Y98.891
M3
G0 X48.972 Y98.891
M5
G0 X48.972 Y99.474
M3
G0 X13.992 Y99.474
M5
G0 X14.356 Y99.110
M3
G0 X14.356 Y101.442
M5
G0 X13.773 Y101.442
M3
G0 X13.773 Y103.774
M5
G0 X12.826 Y103.555
M3
G0 X75.207 Y103.555
M5
G0 X75.207 Y102.972
M3
G0 X51.304 Y102.972
M5
G0 X51.304 Y102.389
M3
G0 X52.470 Y102.389
M5
G0 X51.887 Y101.806
M3
G0 X51.304 Y101.806
M5
G0 X50.138 Y102.389
M3
G0 X13.409 Y102.389
M5
G0 X13.409 Y101.806
M3
G0 X49.555 Y101.806
M5
G0 X48.972 Y101.223
M3
G0 X13.409 Y101.223
M5
G0 X13.409 Y100.640
M3
G0 X50.138 Y100.640
M5
G0 X50.138 Y100.057
M3
G0 X13.409 Y100.057
M5
G0 X13.409 Y99.912
M3
G0 X128.260 Y99.912
M5
G0 X127.896 Y99.693
M3
G0 X127.896 Y34.397
M5
G0 X127.677 Y34.178
M3
G0 X58.300 Y34.178
M5
G0 X58.373 Y34.397
M3
G0 X58.373 Y43.725
M5
G0 X58.883 Y43.798
M3
G0 X50.721 Y43.798
M5
G0 X50.502 Y43.725
M3
G0 X50.502 Y50.721
M5
G0 X49.919 Y51.304
M3
G0 X49.919 Y44.891
M5
G0 X50.138 Y44.964
M3
G0 X57.134 Y44.964
M5
G0 X56.624 Y44.891
M3
G0 X56.624 Y36.729
M5
G0 X56.551 Y36.802
M3
G0 X71.709 Y36.802
M5
G0 X70.616 Y36.146
M3
G0 X70.616 Y27.984
M5
G0 X70.543 Y27.765
M3
G0 X117.766 Y27.765
M5
G0 X117.839 Y27.984
M3
G0 X117.839 Y55.968
M5
G0 X118.422 Y56.551
M3
G0 X118.422 Y27.984
M5
G0 X118.568 Y27.984
M3
G0 X118.568 Y109.604
M5
G0 X118.130 Y109.604
M3
G0 X118.130 Y86.284
M5
G0 X118.932 Y88.106
M3
G0 X120.098 Y88.106
M5
G0 X120.681 Y88.106
M3
G0 X137.005 Y88.106
M5
G0 X137.005 Y88.252
M3
G0 X0.000 Y88.252
M5
G0 X0.000 Y88.397
M3
G0 X60.632 Y88.397
M5
G0 X60.632 Y86.648
M3
G0 X0.000 Y86.648
M5
G0 X0.000 Y86.503
M3
G0 X137.588 Y86.503
M5
G0 X137.588 Y86.648
M3
G0 X83.369 Y86.648
M5
G0 X83.733 Y86.867
M3
G0 X83.733 Y88.033
M5
G0 X83.952 Y88.397
M3
G0 X84.535 Y88.397
M5
G0 X84.754 Y88.616
M3
G0 X84.754 Y74.624
M5
G0 X85.337 Y74.624
M3
G0 X85.337 Y88.616
M5
G0 X85.118 Y88.397
M3
G0 X93.280 Y88.397
M5
G0 X93.061 Y88.616
M3
G0 X93.061 Y89.199
M5
G0 X93.280 Y89.563
M3
G0 X136.422 Y89.563
M5
G0 X136.422 Y89.272
M3
G0 X118.349 Y89.272
M5
G0 X117.766 Y89.855
M3
G0 X135.839 Y89.855
M5
G0 X135.839 Y89.709
M3
G0 X121.264 Y89.709
M5
G0 X120.681 Y90.292
M3
G0 X135.839 Y90.292
M5
G0 X136.058 Y90.365
M3
G0 X136.058 Y44.308
M5
G0 X135.839 Y44.089
M3
G0 X100.859 Y44.089
M5
G0 X100.276 Y43.506
M3
G0 X135.256 Y43.506
M5
G0 X135.256 Y43.798
M3
G0 X103.774 Y43.798
M5
G0 X104.430 Y43.725
M3
G0 X104.430 Y21.571
M5
G0 X104.138 Y21.571
M3
G0 X104.138 Y45.474
M5
G0 X103.774 Y45.838
M3
G0 X136.422 Y45.838
M5
G0 X136.495 Y46.057
M3
G0 X136.495 Y65.296
M5
G0 X137.005 Y65.369
M3
G0 X124.762 Y65.369
M5
G0 X124.835 Y64.713
M3
G0 X124.835 Y33.231
M5
G0 X125.418 Y33.231
M3
G0 X125.418 Y65.296
M5
G0 X126.511 Y64.640
M3
G0 X134.673 Y64.640
M5
G0 X134.673 Y64.057
M3
G0 X125.928 Y64.057
M5
G0 X125.345 Y63.474
M3
G0 X134.673 Y63.474
M5
G0 X135.256 Y63.474
M3
G0 X135.839 Y63.474
M5
G0 X135.839 Y64.057
M3
G0 X135.256 Y64.057
M5
G0 X135.256 Y64.640
M3
G0 X135.839 Y64.640
M5
G0 X135.839 Y65.223
M3
G0 X135.256 Y65.223
M5
G0 X134.673 Y65.223
M3
G0 X127.094 Y65.223
M5
G0 X127.094 Y65.806
M3
G0 X134.090 Y65.806
M5
G0 X135.256 Y65.806
M3
G0 X136.422 Y65.806
M5
G0 X136.422 Y66.389
M3
G0 X130.009 Y66.389
M5
G0 X129.426 Y66.389
M3
G0 X127.677 Y66.389
M5
G0 X126.584 Y67.045
M3
G0 X126.584 Y33.814
M5
G0 X126.511 Y34.324
M3
G0 X121.264 Y34.324
M5
G0 X120.681 Y34.324
M3
G0 X120.098 Y34.324
M5
G0 X120.681 Y33.741
M3
G0 X119.515 Y33.741
M5
G0 X118.932 Y33.158
M3
G0 X122.430 Y33.158
M5
G0 X122.430 Y32.575
M3
G0 X121.847 Y32.575
M5
G0 X121.264 Y32.575
M3
G0 X120.681 Y32.575
M5
G0 X120.681 Y31.992
M3
G0 X119.515 Y31.992
M5
G0 X118.932 Y31.992
M3
G0 X90.948 Y31.992
M5
G0 X90.438 Y32.065
M3
G0 X90.438 Y20.988
M5
G0 X90.146 Y20.988
M3
G0 X90.146 Y33.814
M5
G0 X89.563 Y33.231
M3
G0 X89.563 Y20.988
M5
G0 X89.855 Y20.988
M3
G0 X89.855 Y32.065
M5
G0 X89.782 Y32.138
M3
G0 X124.179 Y32.138
M5
G0 X124.179 Y31.846
M3
G0 X61.215 Y31.846
M5
G0 X61.215 Y31.701
M3
G0 X124.179 Y31.701
M5
G0 X123.815 Y31.482
M3
G0 X123.815 Y103.774
M5
G0 X123.596 Y103.993
M3
G0 X12.243 Y103.993
M5
G0 X12.243 Y103.410
M3
G0 X124.179 Y103.410
M5
G0 X124.762 Y102.827
M3
G0 X12.243 Y102.827
M5
G0 X12.826 Y102.972
M3
G0 X48.972 Y102.972
M5
G0 X48.753 Y103.191
M3
G0 X48.753 Y115.434
M5
G0 X49.336 Y115.434
M3
G0 X49.336 Y103.191
M5
G0 X49.555 Y102.972
M3
G0 X50.138 Y102.972
M5
G0 X49.919 Y104.357
M3
G0 X49.919 Y116.017
M5
G0 X49.919 Y116.600
M3
G0 X49.919 Y118.349
M5
G0 X50.502 Y118.349
M3
G0 X50.502 Y106.106
M5
G0 X50.721 Y106.179
M3
G0 X44.308 Y106.179
M5
G0 X44.381 Y106.106
M3
G0 X44.381 Y98.527
M5
G0 X44.308 Y98.454
M3
G0 X40.810 Y98.454
M5
G0 X40.300 Y98.527
M3
G0 X40.300 Y90.365
M5
G0 X40.810 Y89.855
M3
G0 X38.478 Y89.855
M5
G0 X38.478 Y89.272
M3
G0 X40.810 Y89.272
M5
G0 X40.227 Y88.689
M3
G0 X37.312 Y88.689
M5
G0 X38.478 Y88.106
M3
G0 X40.227 Y88.106
M5
G0 X40.227 Y87.523
M3
G0 X38.478 Y87.523
M5
G0 X38.478 Y86.940
M3
G0 X40.810 Y86.940
M5
G0 X40.227 Y86.357
M3
G0 X38.478 Y86.357
M5
G0 X37.676 Y86.284
M3
G0 X37.676 Y93.863
M5
G0 X37.093 Y93.863
M3
G0 X37.093 Y86.867
M5
G0 X36.510 Y87.450
M3
G0 X36.510 Y94.446
M5
G0 X35.927 Y93.863
M3
G0 X35.927 Y93.280
M5
G0 X35.927 Y92.114
M3
G0 X35.927 Y88.033
M5
G0 X35.344 Y88.616
M3
G0 X35.344 Y92.114
M5
G0 X34.761 Y92.114
M3
G0 X34.761 Y90.365
M5
G0 X34.178 Y90.948
M3
G0 X34.178 Y92.114
M5
G0 X33.595 Y92.697
M3
G0 X33.595 Y93.280
M5
G0 X33.012 Y93.280
M3
G0 X33.012 Y92.114
M5
G0 X32.429 Y92.697
M3
G0 X32.429 Y95.612
M5
G0 X28.348 Y92.697
M3
G0 X28.348 Y90.365
M5
G0 X27.765 Y90.948
M3
G0 X27.765 Y93.280
M5
G0 X27.182 Y93.280
M3
G0 X27.182 Y95.612
M5
G0 X26.599 Y96.195
M3
G0 X26.599 Y93.280
M5
G0 X27.182 Y92.114
M3
G0 X27.182 Y91.531
M5
G0 X28.931 Y90.948
M3
G0 X28.931 Y89.782
M5
G0 X29.514 Y89.782
M3
G0 X29.514 Y88.616
M5
G0 X30.097 Y88.616
M3
G0 X30.097 Y88.033
M5
G0 X31.263 Y86.284
M3
G0 X31.263 Y85.701
M5
G0 X31.846 Y85.701
M3
G0 X31.846 Y85.118
M5
G0 X32.429 Y85.118
M3
G0 X32.429 Y83.952
M5
G0 X33.012 Y83.952
M3
G0 X33.012 Y81.620
M5
G0 X33.595 Y81.620
M3
G0 X33.595 Y83.952
M5
G0 X36.510 Y83.952
M3
G0 X36.510 Y83.369
M5
G0 X37.093 Y84.535
M3
G0 X37.093 Y82.203
M5
G0 X37.676 Y81.620
M3
G0 X37.676 Y85.118
M5
G0 X38.259 Y81.620
M3
G0 X38.259 Y101.442
M5
G0 X38.842 Y102.025
M3
G0 X38.842 Y81.620
M5
G0 X39.425 Y81.037
M3
G0 X39.425 Y103.774
M5
G0 X40.008 Y104.357
M3
G0 X40.008 Y81.037
M5
G0 X40.591 Y80.454
M3
G0 X40.591 Y104.940
M5
G0 X41.174 Y104.940
M3
G0 X41.174 Y80.454
M5
G0 X41.757 Y80.454
M3
G0 X41.757 Y89.782
M5
G0 X41.757 Y90.365
M3
G0 X41.757 Y104.940
M5
G0 X42.340 Y104.940
M3
G0 X42.340 Y80.454
M5
G0 X42.923 Y80.454
M3
G0 X42.923 Y93.280
M5
G0 X42.559 Y93.353
M3
G0 X38.478 Y93.353
M5
G0 X38.478 Y93.936
M3
G0 X42.559 Y93.936
M5
G0 X42.923 Y93.863
M3
G0 X42.923 Y105.523
M5
G0 X43.142 Y105.013
M3
G0 X49.555 Y105.013
M5
G0 X49.045 Y104.940
M3
G0 X49.045 Y110.770
M5
G0 X49.628 Y110.770
M3
G0 X49.628 Y105.523
M5
G0 X49.482 Y105.523
M3
G0 X49.482 Y107.855
M5
G0 X48.899 Y107.855
M3
G0 X48.899 Y104.940
M5
G0 X48.972 Y104.430
M3
G0 X43.142 Y104.430
M5
G0 X43.215 Y104.357
M3
G0 X43.215 Y96.778
M5
G0 X43.142 Y96.705
M3
G0 X40.227 Y96.705
M5
G0 X40.227 Y96.122
M3
G0 X42.559 Y96.122
M5
G0 X42.486 Y96.195
M3
G0 X42.486 Y99.693
M5
G0 X43.069 Y99.693
M3
G0 X43.069 Y96.778
M5
G0 X43.652 Y96.778
M3
G0 X43.652 Y102.608
M5
G0 X43.142 Y102.535
M3
G0 X46.640 Y102.535
M5
G0 X46.713 Y102.608
M3
G0 X46.713 Y108.438
M5
G0 X46.640 Y108.511
M3
G0 X54.219 Y108.511
M5
G0 X54.000 Y108.438
M3
G0 X54.000 Y118.932
M5
G0 X53.417 Y118.932
M3
G0 X53.417 Y107.272
M5
G0 X52.834 Y107.272
M3
G0 X52.834 Y118.932
M5
G0 X52.251 Y118.932
M3
G0 X52.251 Y106.689
M5
G0 X52.470 Y107.345
M3
G0 X44.891 Y107.345
M5
G0 X44.672 Y107.855
M3
G0 X44.672 Y96.778
M5
G0 X44.308 Y96.851
M3
G0 X38.478 Y96.851
M5
G0 X38.478 Y96.268
M3
G0 X43.725 Y96.268
M5
G0 X43.725 Y97.288
M3
G0 X40.810 Y97.288
M5
G0 X40.810 Y97.871
M3
G0 X43.725 Y97.871
M5
G0 X43.798 Y97.944
M3
G0 X43.798 Y105.523
M5
G0 X43.725 Y105.596
M3
G0 X50.138 Y105.596
M5
G0 X50.065 Y106.106
M3
G0 X50.065 Y108.438
M5
G0 X50.648 Y109.021
M3
G0 X50.648 Y106.689
M5
G0 X50.794 Y106.689
M3
G0 X50.794 Y111.936
M5
G0 X50.211 Y111.353
M3
G0 X50.211 Y106.689
M5
G0 X50.138 Y106.616
M3
G0 X45.474 Y106.616
M5
G0 X44.964 Y106.689
M3
G0 X44.964 Y99.693
M5
G0 X44.891 Y99.620
M3
G0 X41.393 Y99.620
M5
G0 X40.883 Y99.693
M3
G0 X40.883 Y91.531
M5
G0 X41.393 Y91.021
M3
G0 X38.478 Y91.021
M5
G0 X38.478 Y90.438
M3
G0 X41.393 Y90.438
M5
G0 X41.976 Y91.604
M3
G0 X38.478 Y91.604
M5
G0 X38.478 Y92.187
M3
G0 X41.976 Y92.187
M5
G0 X41.466 Y92.114
M3
G0 X41.466 Y100.859
M5
G0 X41.976 Y100.786
M3
G0 X45.474 Y100.786
M5
G0 X45.547 Y100.859
M3
G0 X45.547 Y107.272
M5
G0 X46.057 Y107.199
M3
G0 X50.721 Y107.199
M5
G0 X51.231 Y107.272
M3
G0 X51.231 Y109.021
M5
G0 X51.814 Y110.187
M3
G0 X51.814 Y107.272
M5
G0 X51.377 Y107.272
M3
G0 X51.377 Y112.519
M5
G0 X51.960 Y112.519
M3
G0 X51.960 Y107.855
M5
G0 X51.887 Y107.782
M3
G0 X46.640 Y107.782
M5
G0 X47.223 Y108.365
M3
G0 X53.053 Y108.365
M5
G0 X52.980 Y108.438
M3
G0 X52.980 Y111.353
M5
G0 X52.470 Y111.863
M3
G0 X56.551 Y111.863
M5
G0 X56.478 Y111.353
M3
G0 X56.478 Y113.102
M5
G0 X55.895 Y113.102
M3
G0 X55.895 Y110.770
M5
G0 X56.041 Y110.770
M3
G0 X56.041 Y115.434
M5
G0 X56.624 Y115.434
M3
G0 X56.624 Y111.353
M5
G0 X57.134 Y111.426
M3
G0 X48.972 Y111.426
M5
G0 X48.389 Y110.843
M3
G0 X57.134 Y110.843
M5
G0 X57.061 Y111.936
M3
G0 X57.061 Y113.102
M5
G0 X57.644 Y113.685
M3
G0 X57.644 Y111.936
M5
G0 X57.790 Y111.936
M3
G0 X57.790 Y115.434
M5
G0 X58.373 Y115.434
M3
G0 X58.373 Y112.519
M5
G0 X58.227 Y112.519
M3
G0 X58.227 Y113.685
M5
G0 X58.810 Y113.685
M3
G0 X58.810 Y112.519
M5
G0 X58.956 Y112.519
M3
G0 X58.956 Y115.434
M5
G0 X59.539 Y115.434
M3
G0 X59.539 Y112.519
M5
G0 X59.466 Y113.029
M3
G0 X53.636 Y113.029
M5
G0 X54.146 Y112.519
M3
G0 X54.146 Y109.604
M5
G0 X54.219 Y109.531
M3
G0 X48.389 Y109.531
M5
G0 X47.879 Y109.604
M3
G0 X47.879 Y103.774
M5
G0 X47.806 Y103.701
M3
G0 X43.725 Y103.701
M5
G0 X43.725 Y104.284
M3
G0 X48.389 Y104.284
M5
G0 X48.316 Y104.357
M3
G0 X48.316 Y106.689
M5
G0 X47.733 Y106.689
M3
G0 X47.733 Y103.774
M5
G0 X48.389 Y103.847
M3
G0 X42.559 Y103.847
M5
G0 X42.632 Y103.191
M3
G0 X42.632 Y96.195
M5
G0 X42.559 Y95.685
M3
G0 X38.478 Y95.685
M5
G0 X38.478 Y95.102
M3
G0 X42.559 Y95.102
M5
G0 X42.486 Y95.029
M3
G0 X42.486 Y95.612
M5
G0 X42.559 Y95.539
M3
G0 X40.227 Y95.539
M5
G0 X39.717 Y95.612
M3
G0 X39.717 Y89.199
M5
G0 X39.134 Y89.199
M3
G0 X39.134 Y93.280
M5
G0 X39.644 Y93.790
M3
G0 X41.976 Y93.790
M5
G0 X41.903 Y93.280
M3
G0 X41.903 Y98.527
M5
G0 X41.393 Y99.037
M3
G0 X44.308 Y99.037
M5
G0 X44.235 Y98.527
M3
G0 X44.235 Y103.191
M5
G0 X44.818 Y102.608
M3
G0 X44.818 Y104.357
M5
G0 X44.308 Y104.867
M3
G0 X48.389 Y104.867
M5
G0 X48.462 Y104.357
M3
G0 X48.462 Y110.187
M5
G0 X47.806 Y110.260
M3
G0 X55.968 Y110.260
M5
G0 X55.749 Y110.187
M3
G0 X55.749 Y118.932
M5
G0 X55.166 Y118.932
M3
G0 X55.166 Y109.021
M5
G0 X54.802 Y109.094
M3
G0 X46.640 Y109.094
M5
G0 X47.296 Y109.021
M3
G0 X47.296 Y103.191
M5
G0 X47.223 Y103.118
M3
G0 X43.142 Y103.118
M5
G0 X41.976 Y103.264
M3
G0 X48.389 Y103.264
M5
G0 X47.806 Y102.681
M3
G0 X41.976 Y102.681
M5
G0 X42.049 Y102.608
M3
G0 X42.049 Y94.446
M5
G0 X41.976 Y94.373
M3
G0 X40.227 Y94.373
M5
G0 X40.227 Y94.956
M3
G0 X42.559 Y94.956
M5
G0 X43.142 Y94.519
M3
G0 X38.478 Y94.519
M5
G0 X38.478 Y92.770
M3
G0 X41.976 Y92.770
M5
G0 X41.976 Y93.207
M3
G0 X40.227 Y93.207
M5
G0 X40.227 Y92.624
M3
G0 X41.393 Y92.624
M5
G0 X41.320 Y94.446
M3
G0 X41.320 Y97.944
M5
G0 X39.644 Y98.600
M3
G0 X44.891 Y98.600
M5
G0 X44.818 Y99.110
M3
G0 X44.818 Y101.442
M5
G0 X45.984 Y101.442
M3
G0 X45.984 Y105.523
M5
G0 X45.401 Y104.940
M3
G0 X45.401 Y100.276
M5
G0 X45.474 Y100.203
M3
G0 X41.976 Y100.203
M5
G0 X40.810 Y100.349
M3
G0 X45.474 Y100.349
M5
G0 X45.838 Y100.276
M3
G0 X45.838 Y108.438
M5
G0 X46.130 Y108.438
M3
G0 X46.130 Y101.442
M5
G0 X46.057 Y101.369
M3
G0 X42.559 Y101.369
M5
G0 X43.069 Y101.442
M3
G0 X43.069 Y100.859
M5
G0 X42.559 Y101.952
M3
G0 X46.057 Y101.952
M5
G0 X46.567 Y102.025
M3
G0 X46.567 Y106.106
M5
G0 X47.150 Y106.689
M3
G0 X47.150 Y102.608
M5
G0 X46.640 Y102.098
M3
G0 X41.393 Y102.098
M5
G0 X40.810 Y101.515
M3
G0 X46.640 Y101.515
M5
G0 X47.004 Y101.442
M3
G0 X47.004 Y114.851
M5
G0 X47.587 Y114.851
M3
G0 X47.587 Y102.025
M5
G0 X48.170 Y102.025
M3
G0 X48.170 Y114.851
M5
G0 X46.421 Y114.268
M3
G0 X46.421 Y100.859
M5
G0 X46.057 Y100.932
M3
G0 X40.810 Y100.932
M5
G0 X39.644 Y99.766
M3
G0 X45.474 Y99.766
M5
G0 X45.838 Y99.693
M3
G0 X45.838 Y98.527
M5
G0 X46.421 Y98.527
M3
G0 X46.421 Y99.693
M5
G0 X45.474 Y99.183
M3
G0 X39.644 Y99.183
M5
G0 X38.478 Y98.017
M3
G0 X44.308 Y98.017
M5
G0 X44.308 Y97.434
M3
G0 X37.895 Y97.434
M5
G0 X37.676 Y96.195
M3
G0 X37.676 Y99.693
M5
G0 X43.506 Y94.446
M3
G0 X43.506 Y106.106
M5
G0 X44.308 Y105.450
M3
G0 X48.972 Y105.450
M5
G0 X49.555 Y106.033
M3
G0 X44.891 Y106.033
M5
G0 X44.308 Y106.762
M3
G0 X51.304 Y106.762
M5
G0 X51.085 Y106.106
M3
G0 X51.085 Y118.349
M5
G0 X51.668 Y118.932
M3
G0 X51.668 Y106.106
M5
G0 X50.502 Y104.940
M3
G0 X50.502 Y104.357
M5
G0 X53.636 Y102.389
M3
G0 X75.207 Y102.389
M5
G0 X75.207 Y101.806
M3
G0 X53.636 Y101.806
M5
G0 X53.636 Y101.223
M3
G0 X75.207 Y101.223
M5
G0 X75.207 Y100.640
M3
G0 X53.636 Y100.640
M5
G0 X53.053 Y100.057
M3
G0 X75.207 Y100.057
M5
G0 X75.790 Y99.474
M3
G0 X53.053 Y99.474
M5
G0 X53.053 Y98.891
M3
G0 X75.790 Y98.891
M5
G0 X75.790 Y98.308
M3
G0 X53.053 Y98.308
M5
G0 X52.470 Y97.725
M3
G0 X75.207 Y97.725
M5
G0 X74.988 Y97.944
M3
G0 X74.988 Y99.110
M5
G0 X74.405 Y98.527
M3
G0 X74.405 Y95.029
M5
G0 X74.405 Y94.446
M3
G0 X74.405 Y90.365
M5
G0 X74.988 Y90.365
M3
G0 X74.988 Y90.948
M5
G0 X75.571 Y90.365
M3
G0 X75.571 Y89.782
M5
G0 X75.571 Y89.199
M3
G0 X75.571 Y88.033
M5
G0 X74.988 Y88.033
M3
G0 X74.988 Y89.199
M5
G0 X73.822 Y89.199
M3
G0 X73.822 Y88.616
M5
G0 X73.239 Y88.616
M3
G0 X73.239 Y89.199
M5
G0 X72.875 Y89.563
M3
G0 X80.454 Y89.563
M5
G0 X80.454 Y90.146
M3
G0 X71.709 Y90.146
M5
G0 X71.709 Y89.563
M3
G0 X72.292 Y89.563
M5
G0 X72.292 Y88.980
M3
G0 X81.037 Y88.980
M5
G0 X80.454 Y88.397
M3
G0 X72.875 Y88.397
M5
G0 X72.875 Y87.814
M3
G0 X81.037 Y87.814
M5
G0 X81.620 Y87.231
M3
G0 X72.875 Y87.231
M5
G0 X73.458 Y86.648
M3
G0 X82.203 Y86.648
M5
G0 X81.620 Y86.065
M3
G0 X74.624 Y86.065
M5
G0 X75.207 Y85.482
M3
G0 X81.620 Y85.482
M5
G0 X81.401 Y85.118
M3
G0 X81.401 Y81.620
M5
G0 X81.984 Y81.620
M3
G0 X81.984 Y83.952
M5
G0 X82.567 Y83.952
M3
G0 X82.567 Y81.620
M5
G0 X82.786 Y81.693
M3
G0 X83.952 Y81.693
M5
G0 X83.733 Y81.037
M3
G0 X83.733 Y82.786
M5
G0 X84.316 Y82.786
M3
G0 X84.316 Y81.037
M5
G0 X84.899 Y81.037
M3
G0 X84.899 Y82.203
M5
G0 X85.482 Y82.203
M3
G0 X85.482 Y81.037
M5
G0 X86.065 Y81.037
M3
G0 X86.065 Y82.203
M5
G0 X86.648 Y82.203
M3
G0 X86.648 Y81.037
M5
G0 X87.231 Y82.203
M3
G0 X87.231 Y79.288
M5
G0 X88.033 Y79.361
M3
G0 X88.616 Y79.361
M5
G0 X88.616 Y78.778
M3
G0 X89.199 Y78.778
M5
G0 X88.980 Y78.122
M3
G0 X88.980 Y82.786
M5
G0 X88.397 Y82.786
M3
G0 X88.397 Y78.705
M5
G0 X87.814 Y78.705
M3
G0 X87.814 Y82.786
M5
G0 X88.033 Y84.316
M3
G0 X113.102 Y84.316
M5
G0 X112.300 Y85.118
M3
G0 X112.300 Y91.531
M5
G0 X112.883 Y92.114
M3
G0 X112.883 Y117.766
M5
G0 X112.300 Y118.349
M3
G0 X112.300 Y93.280
M5
G0 X111.353 Y92.770
M3
G0 X105.523 Y92.770
M5
G0 X105.523 Y92.187
M3
G0 X110.770 Y92.187
M5
G0 X110.770 Y91.604
M3
G0 X104.357 Y91.604
M5
G0 X104.357 Y91.021
M3
G0 X110.187 Y91.021
M5
G0 X110.187 Y90.438
M3
G0 X103.774 Y90.438
M5
G0 X103.774 Y89.855
M3
G0 X110.187 Y89.855
M5
G0 X110.187 Y89.272
M3
G0 X103.191 Y89.272
M5
G0 X103.264 Y89.199
M3
G0 X103.264 Y83.369
M5
G0 X103.191 Y83.879
M3
G0 X102.025 Y83.879
M5
G0 X102.025 Y84.462
M3
G0 X102.608 Y84.462
M5
G0 X102.608 Y83.296
M3
G0 X101.442 Y83.296
M5
G0 X101.442 Y82.713
M3
G0 X102.608 Y82.713
M5
G0 X102.681 Y82.786
M3
G0 X102.681 Y88.616
M5
G0 X102.608 Y88.689
M3
G0 X110.187 Y88.689
M5
G0 X109.677 Y88.616
M3
G0 X109.677 Y93.863
M5
G0 X109.094 Y94.446
M3
G0 X109.094 Y87.450
M5
G0 X109.604 Y86.940
M3
G0 X100.859 Y86.940
M5
G0 X100.859 Y86.357
M3
G0 X109.604 Y86.357
M5
G0 X109.604 Y85.774
M3
G0 X99.693 Y85.774
M5
G0 X99.766 Y85.701
M3
G0 X99.766 Y81.037
M5
G0 X100.349 Y81.037
M3
G0 X100.349 Y85.701
M5
G0 X100.932 Y86.284
M3
G0 X100.932 Y81.620
M5
G0 X101.515 Y81.620
M3
G0 X101.515 Y86.867
M5
G0 X101.442 Y87.523
M3
G0 X110.187 Y87.523
M5
G0 X110.551 Y87.450
M3
G0 X110.551 Y119.515
M5
G0 X110.770 Y119.879
M3
G0 X37.895 Y119.879
M5
G0 X37.895 Y119.296
M3
G0 X37.312 Y119.296
M5
G0 X37.312 Y118.713
M3
G0 X37.895 Y118.713
M5
G0 X37.312 Y118.130
M3
G0 X38.478 Y118.130
M5
G0 X39.061 Y117.547
M3
G0 X37.312 Y117.547
M5
G0 X36.729 Y116.964
M3
G0 X40.227 Y116.964
M5
G0 X40.227 Y116.381
M3
G0 X114.851 Y116.381
M5
G0 X115.070 Y116.600
M3
G0 X115.070 Y25.069
M5
G0 X115.434 Y25.288
M3
G0 X74.624 Y25.288
M5
G0 X74.843 Y25.652
M3
G0 X74.843 Y130.592
M5
G0 X74.624 Y130.811
M3
G0 X8.745 Y130.811
M5
G0 X8.818 Y131.175
M3
G0 X8.818 Y132.341
M5
G0 X8.745 Y132.268
M3
G0 X7.579 Y132.268
M5
G0 X6.996 Y132.268
M3
G0 X5.830 Y132.268
M5
G0 X5.903 Y131.758
M3
G0 X5.903 Y138.754
M5
G0 X5.903 Y139.337
M3
G0 X5.903 Y139.920
M5
G0 X5.320 Y139.920
M3
G0 X5.320 Y139.337
M5
G0 X5.320 Y138.754
M3
G0 X5.320 Y131.758
M5
G0 X5.466 Y131.758
M3
G0 X5.466 Y147.499
M5
G0 X5.247 Y147.280
M3
G0 X0.000 Y147.280
M5
G0 X0.000 Y147.135
M3
G0 X8.745 Y147.135
M5
G0 X8.964 Y146.916
M3
G0 X8.964 Y146.333
M5
G0 X8.964 Y145.750
M3
G0 X8.964 Y131.175
M5
G0 X9.109 Y131.175
M3
G0 X9.109 Y145.750
M5
G0 X9.328 Y145.531
M3
G0 X4.664 Y145.531
M5
G0 X5.247 Y145.677
M3
G0 X8.162 Y145.677
M5
G0 X8.235 Y145.750
M3
G0 X8.235 Y139.337
M5
G0 X8.745 Y138.827
M3
G0 X0.000 Y138.827
M5
G0 X0.073 Y138.754
M3
G0 X0.073 Y144.001
M5
G0 X0.000 Y144.074
M3
G0 X12.826 Y144.074
M5
G0 X12.899 Y144.001
M3
G0 X12.899 Y135.256
M5
G0 X12.243 Y135.183
M3
G0 X11.077 Y135.183
M5
G0 X11.660 Y135.766
M3
G0 X13.409 Y135.766
M5
G0 X14.065 Y135.839
M3
G0 X14.065 Y142.835
M5
G0 X13.992 Y142.908
M3
G0 X0.000 Y142.908
M5
G0 X0.000 Y143.054
M3
G0 X14.575 Y143.054
M5
G0 X14.575 Y143.199
M3
G0 X0.000 Y143.199
M5
G0 X0.000 Y143.345
M3
G0 X0.583 Y143.345
M5
G0 X0.000 Y143.491
M3
G0 X13.992 Y143.491
M5
G0 X13.992 Y143.782
M3
G0 X0.000 Y143.782
M5
G0 X0.000 Y143.637
M3
G0 X14.575 Y143.637
M5
G0 X14.356 Y143.418
M3
G0 X14.356 Y133.507
M5
G0 X13.992 Y133.580
M3
G0 X13.409 Y133.580
M5
G0 X13.190 Y133.507
M3
G0 X13.190 Y132.924
M5
G0 X13.773 Y132.924
M3
G0 X13.773 Y144.584
M5
G0 X13.628 Y144.584
M3
G0 X13.628 Y132.341
M5
G0 X14.211 Y131.758
M3
G0 X14.211 Y130.592
M5
G0 X13.992 Y130.956
M3
G0 X13.409 Y130.956
M5
G0 X13.628 Y131.175
M3
G0 X13.628 Y130.009
M5
G0 X13.992 Y129.645
M3
G0 X76.956 Y129.645
M5
G0 X77.175 Y129.426
M3
G0 X77.175 Y23.903
M5
G0 X77.320 Y23.903
M3
G0 X77.320 Y35.563
M5
G0 X76.737 Y35.563
M3
G0 X76.737 Y24.486
M5
G0 X76.446 Y24.486
M3
G0 X76.446 Y33.231
M5
G0 X75.863 Y33.231
M3
G0 X75.863 Y25.069
M5
G0 X75.790 Y24.850
M3
G0 X113.685 Y24.850
M5
G0 X113.102 Y24.559
M3
G0 X76.373 Y24.559
M5
G0 X76.373 Y24.996
M3
G0 X76.956 Y24.996
M5
G0 X77.029 Y24.486
M3
G0 X77.029 Y32.648
M5
G0 X76.956 Y31.992
M3
G0 X75.790 Y31.992
M5
G0 X74.624 Y31.992
M3
G0 X62.964 Y31.992
M5
G0 X62.381 Y32.575
M3
G0 X74.624 Y32.575
M5
G0 X74.624 Y33.158
M3
G0 X75.207 Y33.158
M5
G0 X75.790 Y34.470
M3
G0 X58.300 Y34.470
M5
G0 X57.936 Y34.397
M3
G0 X57.936 Y155.078
M5
G0 X58.081 Y155.078
M3
G0 X58.081 Y127.094
M5
G0 X57.498 Y127.094
M3
G0 X57.498 Y130.592
M5
G0 X57.498 Y131.175
M3
G0 X57.498 Y132.341
M5
G0 X57.498 Y132.924
M3
G0 X57.498 Y135.256
M5
G0 X57.790 Y135.839
M3
G0 X57.790 Y145.167
M5
G0 X57.790 Y145.750
M3
G0 X57.790 Y146.916
M5
G0 X57.790 Y147.499
M3
G0 X57.790 Y149.831
M5
G0 X57.207 Y149.831
M3
G0 X57.207 Y149.248
M5
G0 X57.717 Y150.487
M3
G0 X59.466 Y150.487
M5
G0 X59.466 Y150.778
M3
G0 X51.887 Y150.778
M5
G0 X52.470 Y151.070
M3
G0 X58.883 Y151.070
M5
G0 X58.883 Y151.653
M3
G0 X51.887 Y151.653
M5
G0 X51.960 Y152.163
M3
G0 X51.960 Y153.329
M5
G0 X51.887 Y153.985
M3
G0 X50.721 Y153.985
M5
G0 X50.721 Y154.568
M3
G0 X55.968 Y154.568
M5
G0 X55.749 Y155.078
M3
G0 X55.749 Y138.754
M5
G0 X55.968 Y138.827
M3
G0 X61.798 Y138.827
M5
G0 X61.798 Y139.410
M3
G0 X55.385 Y139.410
M5
G0 X55.385 Y139.847
M3
G0 X59.466 Y139.847
M5
G0 X60.049 Y139.847
M3
G0 X61.215 Y139.847
M5
G0 X61.215 Y139.264
M3
G0 X58.300 Y139.264
M5
G0 X57.717 Y139.264
M3
G0 X55.968 Y139.264
M5
G0 X56.478 Y139.337
M3
G0 X56.478 Y138.754
M5
G0 X56.551 Y138.681
M3
G0 X61.215 Y138.681
M5
G0 X61.798 Y139.556
M3
G0 X22.737 Y139.556
M5
G0 X22.737 Y140.139
M3
G0 X61.798 Y140.139
M5
G0 X61.798 Y140.284
M3
G0 X54.219 Y140.284
M5
G0 X54.583 Y140.503
M3
G0 X54.583 Y155.078
M5
G0 X54.438 Y155.078
M3
G0 X54.438 Y38.478
M5
G0 X54.219 Y38.697
M3
G0 X132.341 Y38.697
M5
G0 X132.122 Y39.061
M3
G0 X132.122 Y95.612
M5
G0 X131.977 Y95.612
M3
G0 X131.977 Y39.061
M5
G0 X131.758 Y39.134
M3
G0 X97.944 Y39.134
M5
G0 X98.017 Y39.061
M3
G0 X98.017 Y20.988
M5
G0 X97.725 Y20.988
M3
G0 X97.725 Y39.644
M5
G0 X97.142 Y39.644
M3
G0 X97.142 Y20.988
M5
G0 X96.997 Y20.988
M3
G0 X96.997 Y76.373
M5
G0 X96.414 Y76.373
M3
G0 X96.414 Y75.207
M5
G0 X96.414 Y74.624
M3
G0 X96.414 Y20.405
M5
G0 X95.831 Y20.405
M3
G0 X95.831 Y74.624
M5
G0 X94.082 Y75.790
M3
G0 X94.082 Y90.948
M5
G0 X93.863 Y91.167
M3
G0 X93.280 Y91.167
M5
G0 X93.280 Y90.584
M3
G0 X92.697 Y90.584
M5
G0 X92.114 Y91.167
M3
G0 X89.199 Y91.167
M5
G0 X89.199 Y90.584
M3
G0 X0.000 Y90.584
M5
G0 X0.000 Y90.729
M3
G0 X9.328 Y90.729
M5
G0 X9.547 Y90.948
M3
G0 X9.547 Y82.786
M5
G0 X9.328 Y82.422
M3
G0 X0.000 Y82.422
M5
G0 X0.000 Y82.567
M3
G0 X7.579 Y82.567
M5
G0 X7.360 Y82.786
M3
G0 X7.360 Y90.948
M5
G0 X6.777 Y90.948
M3
G0 X6.777 Y82.786
M5
G0 X6.996 Y82.859
M3
G0 X8.162 Y82.859
M5
G0 X7.943 Y82.786
M3
G0 X7.943 Y90.365
M5
G0 X8.526 Y90.365
M3
G0 X8.526 Y82.786
M5
G0 X8.381 Y82.786
M3
G0 X8.381 Y91.531
M5
G0 X7.798 Y91.531
M3
G0 X7.798 Y82.203
M5
G0 X7.215 Y82.203
M3
G0 X7.215 Y91.531
M5
G0 X6.996 Y91.750
M3
G0 X93.280 Y91.750
M5
G0 X93.061 Y92.114
M3
G0 X93.061 Y97.361
M5
G0 X91.531 Y97.434
M3
G0 X90.948 Y97.434
M5
G0 X90.729 Y97.944
M3
G0 X90.729 Y91.531
M5
G0 X90.948 Y91.604
M3
G0 X89.782 Y91.604
M5
G0 X91.167 Y91.531
M3
G0 X91.167 Y92.697
M5
G0 X91.750 Y92.697
M3
G0 X91.750 Y91.531
M5
G0 X91.895 Y91.531
M3
G0 X91.895 Y92.697
M5
G0 X91.312 Y92.114
M3
G0 X91.312 Y91.531
M5
G0 X92.333 Y91.531
M3
G0 X92.333 Y127.677
M5
G0 X92.697 Y127.896
M3
G0 X13.992 Y127.896
M5
G0 X14.211 Y127.677
M3
G0 X14.211 Y97.361
M5
G0 X14.575 Y97.142
M3
G0 X48.972 Y97.142
M5
G0 X48.972 Y97.725
M3
G0 X14.575 Y97.725
M5
G0 X13.992 Y98.163
M3
G0 X130.009 Y98.163
M5
G0 X129.790 Y97.944
M3
G0 X129.790 Y36.729
M5
G0 X130.009 Y36.802
M3
G0 X94.446 Y36.802
M5
G0 X94.446 Y36.073
M3
G0 X117.766 Y36.073
M5
G0 X117.766 Y35.490
M3
G0 X121.847 Y35.490
M5
G0 X121.847 Y34.907
M3
G0 X127.094 Y34.907
M5
G0 X127.021 Y34.980
M3
G0 X127.021 Y34.397
M5
G0 X127.167 Y34.397
M3
G0 X127.167 Y68.211
M5
G0 X127.750 Y69.377
M3
G0 X127.750 Y34.980
M5
G0 X128.260 Y34.761
M3
G0 X57.717 Y34.761
M5
G0 X57.717 Y34.616
M3
G0 X128.260 Y34.616
M5
G0 X127.677 Y34.033
M3
G0 X57.717 Y34.033
M5
G0 X58.300 Y33.450
M3
G0 X127.094 Y33.450
M5
G0 X127.094 Y33.595
M3
G0 X58.883 Y33.595
M5
G0 X58.956 Y33.814
M3
G0 X58.956 Y43.142
M5
G0 X60.049 Y43.215
M3
G0 X51.304 Y43.215
M5
G0 X51.377 Y43.725
M3
G0 X51.377 Y48.972
M5
G0 X50.794 Y48.972
M3
G0 X50.794 Y44.308
M5
G0 X51.085 Y43.725
M3
G0 X51.085 Y50.138
M5
G0 X50.138 Y49.628
M3
G0 X46.057 Y49.628
M5
G0 X45.838 Y49.555
M3
G0 X45.838 Y53.636
M5
G0 X46.057 Y53.126
M3
G0 X44.308 Y53.126
M5
G0 X44.308 Y52.543
M3
G0 X46.640 Y52.543
M5
G0 X46.130 Y52.470
M3
G0 X46.130 Y50.138
M5
G0 X45.474 Y50.211
M3
G0 X49.555 Y50.211
M5
G0 X49.628 Y49.555
M3
G0 X49.628 Y46.057
M5
G0 X49.555 Y45.547
M3
G0 X55.968 Y45.547
M5
G0 X56.041 Y45.474
M3
G0 X56.041 Y37.312
M5
G0 X55.968 Y37.385
M3
G0 X69.960 Y37.385
M5
G0 X70.033 Y36.729
M3
G0 X70.033 Y27.984
M5
G0 X69.960 Y28.057
M3
G0 X118.932 Y28.057
M5
G0 X118.713 Y27.984
M3
G0 X118.713 Y59.466
M5
G0 X118.130 Y58.883
M3
G0 X118.130 Y27.984
M5
G0 X118.349 Y27.620
M3
G0 X69.960 Y27.620
M5
G0 X70.179 Y27.984
M3
G0 X70.179 Y132.341
M5
G0 X69.960 Y132.560
M3
G0 X0.000 Y132.560
M5
G0 X0.000 Y133.143
M3
G0 X68.794 Y133.143
M5
G0 X69.013 Y132.924
M3
G0 X69.013 Y90.948
M5
G0 X69.596 Y90.365
M3
G0 X69.596 Y132.924
M5
G0 X69.377 Y132.705
M3
G0 X17.490 Y132.705
M5
G0 X17.126 Y132.924
M3
G0 X17.126 Y92.114
M5
G0 X17.490 Y92.478
M3
G0 X60.632 Y92.478
M5
G0 X60.049 Y91.895
M3
G0 X18.073 Y91.895
M5
G0 X18.437 Y91.531
M3
G0 X18.437 Y92.697
M5
G0 X17.854 Y92.697
M3
G0 X17.854 Y93.280
M5
G0 X17.271 Y93.280
M3
G0 X17.271 Y94.446
M5
G0 X16.688 Y94.446
M3
G0 X16.688 Y95.029
M5
G0 X16.105 Y95.029
M3
G0 X16.105 Y95.612
M5
G0 X15.741 Y95.393
M3
G0 X78.122 Y95.393
M5
G0 X78.122 Y95.976
M3
G0 X15.158 Y95.976
M5
G0 X15.522 Y96.195
M3
G0 X15.522 Y97.944
M5
G0 X13.992 Y98.308
M3
G0 X50.721 Y98.308
M5
G0 X51.887 Y97.142
M3
G0 X77.539 Y97.142
M5
G0 X77.539 Y96.559
M3
G0 X14.575 Y96.559
M5
G0 X14.575 Y95.831
M3
G0 X131.758 Y95.831
M5
G0 X131.758 Y95.976
M3
G0 X96.778 Y95.976
M5
G0 X96.414 Y96.195
M3
G0 X96.414 Y125.928
M5
G0 X96.195 Y126.147
M3
G0 X12.826 Y126.147
M5
G0 X13.409 Y125.564
M3
G0 X96.778 Y125.564
M5
G0 X96.997 Y125.345
M3
G0 X96.997 Y76.956
M5
G0 X96.414 Y76.956
M3
G0 X96.414 Y94.446
M5
G0 X96.778 Y94.810
M3
G0 X132.924 Y94.810
M5
G0 X132.414 Y94.446
M3
G0 X132.414 Y40.227
M5
G0 X132.341 Y40.154
M3
G0 X131.175 Y40.154
M5
G0 X130.592 Y40.154
M3
G0 X128.843 Y40.154
M5
G0 X128.843 Y40.737
M3
G0 X132.924 Y40.737
M5
G0 X132.997 Y40.810
M3
G0 X132.997 Y93.280
M5
G0 X132.924 Y93.790
M3
G0 X117.183 Y93.790
M5
G0 X116.090 Y93.863
M3
G0 X116.090 Y111.353
M5
G0 X116.017 Y111.280
M3
G0 X115.434 Y111.280
M5
G0 X115.434 Y110.697
M3
G0 X116.600 Y110.697
M5
G0 X116.673 Y110.770
M3
G0 X116.673 Y92.697
M5
G0 X117.256 Y92.114
M3
G0 X117.256 Y110.187
M5
G0 X117.183 Y110.260
M3
G0 X102.608 Y110.260
M5
G0 X103.191 Y109.677
M3
G0 X117.766 Y109.677
M5
G0 X117.839 Y109.604
M3
G0 X117.839 Y91.531
M5
G0 X118.422 Y90.948
M3
G0 X118.422 Y108.438
M5
G0 X118.349 Y108.365
M3
G0 X107.855 Y108.365
M5
G0 X107.855 Y107.782
M3
G0 X116.600 Y107.782
M5
G0 X117.183 Y107.782
M3
G0 X119.515 Y107.782
M5
G0 X119.879 Y107.855
M3
G0 X119.879 Y83.952
M5
G0 X120.462 Y83.952
M3
G0 X120.462 Y107.272
M5
G0 X120.317 Y107.272
M3
G0 X120.317 Y29.150
M5
G0 X120.462 Y29.150
M3
G0 X120.462 Y61.215
M5
G0 X121.045 Y61.798
M3
G0 X121.045 Y29.733
M5
G0 X121.264 Y29.806
M3
G0 X86.867 Y29.806
M5
G0 X87.523 Y29.733
M3
G0 X87.523 Y21.571
M5
G0 X87.231 Y21.571
M3
G0 X87.231 Y30.899
M5
G0 X86.648 Y30.899
M3
G0 X86.648 Y21.571
M5
G0 X87.086 Y20.988
M3
G0 X87.086 Y89.199
M5
G0 X87.231 Y88.616
M3
G0 X87.231 Y87.450
M5
G0 X86.867 Y87.523
M3
G0 X86.284 Y87.523
M5
G0 X86.065 Y87.450
M3
G0 X86.065 Y88.616
M5
G0 X86.648 Y88.616
M3
G0 X86.648 Y87.450
M5
G0 X86.648 Y86.867
M3
G0 X86.648 Y86.284
M5
G0 X86.867 Y86.357
M3
G0 X89.199 Y86.357
M5
G0 X88.980 Y86.284
M3
G0 X88.980 Y86.867
M5
G0 X89.563 Y86.867
M3
G0 X89.563 Y86.284
M5
G0 X90.146 Y86.284
M3
G0 X90.146 Y86.867
M5
G0 X90.729 Y86.284
M3
G0 X90.729 Y87.450
M5
G0 X91.312 Y87.450
M3
G0 X91.312 Y86.284
M5
G0 X91.531 Y86.357
M3
G0 X92.114 Y86.357
M5
G0 X91.895 Y86.284
M3
G0 X91.895 Y87.450
M5
G0 X92.478 Y87.450
M3
G0 X92.478 Y86.284
M5
G0 X93.061 Y86.284
M3
G0 X93.061 Y87.450
M5
G0 X93.280 Y86.940
M3
G0 X92.697 Y86.940
M5
G0 X93.644 Y87.450
M3
G0 X93.644 Y86.284
M5
G0 X94.227 Y86.284
M3
G0 X94.227 Y88.033
M5
G0 X93.863 Y88.397
M3
G0 X137.005 Y88.397
M5
G0 X136.786 Y88.616
M3
G0 X136.786 Y46.057
M5
G0 X137.005 Y45.693
M3
G0 X42.559 Y45.693
M5
G0 X43.142 Y46.421
M3
G0 X44.308 Y46.421
M5
G0 X44.891 Y46.421
M3
G0 X45.474 Y46.421
M5
G0 X45.474 Y45.838
M3
G0 X46.057 Y45.838
M5
G0 X46.057 Y46.421
M3
G0 X46.640 Y46.421
M5
G0 X47.223 Y46.421
M3
G0 X77.539 Y46.421
M5
G0 X77.539 Y45.838
M3
G0 X47.223 Y45.838
M5
G0 X47.223 Y47.004
M3
G0 X78.122 Y47.004
M5
G0 X78.122 Y47.587
M3
G0 X47.223 Y47.587
M5
G0 X47.587 Y47.806
M3
G0 X47.587 Y53.053
M5
G0 X47.004 Y53.636
M3
G0 X47.004 Y48.389
M5
G0 X47.223 Y48.462
M3
G0 X52.470 Y48.462
M5
G0 X54.000 Y48.389
M3
G0 X54.000 Y40.227
M5
G0 X53.636 Y40.300
M3
G0 X65.296 Y40.300
M5
G0 X65.660 Y40.810
M3
G0 X65.660 Y29.733
M5
G0 X65.515 Y29.733
M3
G0 X65.515 Y58.300
M5
G0 X65.879 Y58.081
M3
G0 X80.454 Y58.081
M5
G0 X80.454 Y58.664
M3
G0 X66.462 Y58.664
M5
G0 X66.681 Y58.883
M3
G0 X66.681 Y29.150
M5
G0 X66.462 Y29.514
M3
G0 X120.681 Y29.514
M5
G0 X120.171 Y29.733
M3
G0 X120.171 Y58.883
M5
G0 X119.515 Y58.956
M3
G0 X138.754 Y58.956
M5
G0 X138.754 Y59.247
M3
G0 X116.017 Y59.247
M5
G0 X117.183 Y59.830
M3
G0 X138.754 Y59.830
M5
G0 X138.754 Y60.122
M3
G0 X120.681 Y60.122
M5
G0 X121.337 Y60.049
M3
G0 X121.337 Y30.316
M5
G0 X121.191 Y30.316
M3
G0 X121.191 Y30.899
M5
G0 X121.847 Y30.826
M3
G0 X89.782 Y30.826
M5
G0 X89.782 Y31.409
M3
G0 X119.515 Y31.409
M5
G0 X119.442 Y30.899
M3
G0 X119.442 Y30.316
M5
G0 X120.025 Y30.316
M3
G0 X120.025 Y29.733
M5
G0 X120.098 Y29.660
M3
G0 X88.616 Y29.660
M5
G0 X88.106 Y29.733
M3
G0 X88.106 Y21.571
M5
G0 X88.033 Y21.061
M3
G0 X99.110 Y21.061
M5
G0 X99.693 Y21.207
M3
G0 X82.203 Y21.207
M5
G0 X81.984 Y21.571
M3
G0 X81.984 Y31.482
M5
G0 X82.567 Y31.482
M3
G0 X82.567 Y21.571
M5
G0 X82.422 Y21.571
M3
G0 X82.422 Y60.632
M5
G0 X81.256 Y59.466
M3
G0 X81.256 Y57.717
M5
G0 X80.454 Y57.498
M3
G0 X53.636 Y57.498
M5
G0 X53.636 Y56.915
M3
G0 X80.454 Y56.915
M5
G0 X80.454 Y56.332
M3
G0 X54.802 Y56.332
M5
G0 X54.219 Y55.749
M3
G0 X71.126 Y55.749
M5
G0 X71.126 Y55.166
M3
G0 X54.219 Y55.166
M5
G0 X54.219 Y54.583
M3
G0 X60.049 Y54.583
M5
G0 X60.632 Y54.583
M3
G0 X68.794 Y54.583
M5
G0 X67.628 Y54.000
M3
G0 X41.976 Y54.000
M5
G0 X42.340 Y54.219
M3
G0 X42.340 Y53.636
M5
G0 X41.976 Y53.417
M3
G0 X62.381 Y53.417
M5
G0 X62.964 Y52.834
M3
G0 X42.559 Y52.834
M5
G0 X43.142 Y52.251
M3
G0 X62.964 Y52.251
M5
G0 X62.964 Y51.668
M3
G0 X44.308 Y51.668
M5
G0 X44.672 Y51.304
M3
G0 X44.672 Y53.636
M5
G0 X45.255 Y53.636
M3
G0 X45.255 Y50.138
M5
G0 X44.891 Y49.919
M3
G0 X54.802 Y49.919
M5
G0 X55.968 Y49.919
M3
G0 X78.705 Y49.919
M5
G0 X78.705 Y50.502
M3
G0 X44.891 Y50.502
M5
G0 X45.474 Y50.794
M3
G0 X48.972 Y50.794
M5
G0 X48.462 Y50.721
M3
G0 X48.462 Y47.806
M5
G0 X48.389 Y47.296
M3
G0 X54.219 Y47.296
M5
G0 X54.583 Y47.806
M3
G0 X54.583 Y39.061
M5
G0 X54.219 Y38.842
M3
G0 X84.535 Y38.842
M5
G0 X84.535 Y38.259
M3
G0 X90.365 Y38.259
M5
G0 X90.365 Y37.676
M3
G0 X55.385 Y37.676
M5
G0 X55.385 Y37.531
M3
G0 X131.175 Y37.531
M5
G0 X130.811 Y37.312
M3
G0 X130.811 Y97.361
M5
G0 X130.592 Y97.580
M3
G0 X10.494 Y97.580
M5
G0 X10.494 Y98.163
M3
G0 X11.077 Y98.163
M5
G0 X12.243 Y98.163
M3
G0 X12.826 Y98.163
M5
G0 X12.243 Y100.495
M3
G0 X11.660 Y100.495
M5
G0 X11.660 Y101.078
M3
G0 X12.243 Y101.078
M5
G0 X12.826 Y102.244
M3
G0 X125.928 Y102.244
M5
G0 X125.928 Y102.827
M3
G0 X125.345 Y102.827
M5
G0 X123.377 Y103.774
M3
G0 X123.377 Y81.620
M5
G0 X121.628 Y81.620
M3
G0 X121.628 Y105.523
M5
G0 X121.847 Y105.742
M3
G0 X11.660 Y105.742
M5
G0 X12.243 Y105.887
M3
G0 X74.624 Y105.887
M5
G0 X74.624 Y105.304
M3
G0 X12.826 Y105.304
M5
G0 X12.462 Y104.940
M3
G0 X12.462 Y118.932
M5
G0 X12.243 Y119.151
M3
G0 X113.102 Y119.151
M5
G0 X113.102 Y118.568
M3
G0 X12.243 Y118.568
M5
G0 X12.243 Y117.985
M3
G0 X113.685 Y117.985
M5
G0 X114.268 Y117.402
M3
G0 X12.243 Y117.402
M5
G0 X12.243 Y116.964
M3
G0 X29.150 Y116.964
M5
G0 X29.150 Y116.381
M3
G0 X12.243 Y116.381
M5
G0 X12.243 Y116.236
M3
G0 X115.434 Y116.236
M5
G0 X116.017 Y115.653
M3
G0 X12.243 Y115.653
M5
G0 X12.243 Y115.798
M3
G0 X28.567 Y115.798
M5
G0 X27.984 Y115.215
M3
G0 X12.243 Y115.215
M5
G0 X12.243 Y115.070
M3
G0 X116.017 Y115.070
M5
G0 X116.017 Y114.632
M3
G0 X79.871 Y114.632
M5
G0 X80.454 Y114.049
M3
G0 X116.017 Y114.049
M5
G0 X116.017 Y113.904
M3
G0 X12.243 Y113.904
M5
G0 X12.243 Y114.049
M3
G0 X26.235 Y114.049
M5
G0 X26.818 Y114.632
M3
G0 X12.243 Y114.632
M5
G0 X12.243 Y114.487
M3
G0 X116.017 Y114.487
M5
G0 X115.434 Y113.758
M3
G0 X114.851 Y113.758
M5
G0 X115.434 Y113.175
M3
G0 X113.685 Y113.175
M5
G0 X113.758 Y113.102
M3
G0 X113.758 Y97.361
M5
G0 X114.268 Y97.871
M3
G0 X127.094 Y97.871
M5
G0 X127.677 Y97.871
M3
G0 X128.260 Y97.871
M5
G0 X128.843 Y97.871
M3
G0 X129.426 Y97.871
M5
G0 X129.426 Y98.308
M3
G0 X96.195 Y98.308
M5
G0 X96.559 Y98.527
M3
G0 X96.559 Y103.774
M5
G0 X97.142 Y103.191
M3
G0 X97.142 Y97.944
M5
G0 X97.361 Y98.017
M3
G0 X99.110 Y98.017
M5
G0 X99.110 Y97.434
M3
G0 X97.361 Y97.434
M5
G0 X97.361 Y96.851
M3
G0 X98.527 Y96.851
M5
G0 X98.017 Y96.778
M3
G0 X98.017 Y97.944
M5
G0 X97.434 Y98.527
M3
G0 X97.434 Y99.693
M5
G0 X97.944 Y100.349
M3
G0 X95.029 Y100.349
M5
G0 X95.029 Y100.932
M3
G0 X97.361 Y100.932
M5
G0 X96.195 Y101.515
M3
G0 X95.029 Y101.515
M5
G0 X95.029 Y102.098
M3
G0 X95.612 Y102.098
M5
G0 X95.685 Y100.859
M3
G0 X95.685 Y100.276
M5
G0 X95.612 Y99.766
M3
G0 X98.527 Y99.766
M5
G0 X98.527 Y99.183
M3
G0 X96.195 Y99.183
M5
G0 X95.976 Y99.110
M3
G0 X95.976 Y104.357
M5
G0 X95.393 Y104.940
M3
G0 X95.393 Y99.693
M5
G0 X94.810 Y99.693
M3
G0 X94.810 Y104.940
M5
G0 X94.227 Y104.357
M3
G0 X94.227 Y101.442
M5
G0 X93.644 Y101.442
M3
G0 X93.644 Y104.357
M5
G0 X93.061 Y103.774
M3
G0 X93.061 Y102.025
M5
G0 X92.478 Y102.608
M3
G0 X92.478 Y100.276
M5
G0 X91.895 Y100.276
M3
G0 X91.895 Y102.025
M5
G0 X91.312 Y102.025
M3
G0 X91.312 Y100.276
M5
G0 X90.146 Y100.859
M3
G0 X90.146 Y99.110
M5
G0 X90.365 Y98.891
M3
G0 X88.033 Y98.891
M5
G0 X87.450 Y98.308
M3
G0 X89.782 Y98.308
M5
G0 X90.146 Y97.361
M3
G0 X90.146 Y95.029
M5
G0 X90.365 Y95.102
M3
G0 X93.863 Y95.102
M5
G0 X95.248 Y96.778
M3
G0 X95.248 Y97.944
M5
G0 X95.831 Y97.944
M3
G0 X95.831 Y125.928
M5
G0 X94.227 Y125.345
M3
G0 X94.227 Y126.511
M5
G0 X93.644 Y126.511
M3
G0 X93.644 Y125.345
M5
G0 X93.061 Y125.345
M3
G0 X93.061 Y126.511
M5
G0 X92.478 Y126.511
M3
G0 X92.478 Y125.345
M5
G0 X91.895 Y125.928
M3
G0 X91.895 Y126.511
M5
G0 X91.312 Y126.511
M3
G0 X91.312 Y125.928
M5
G0 X91.312 Y127.094
M3
G0 X91.312 Y127.677
M5
G0 X91.531 Y128.041
M3
G0 X90.365 Y128.041
M5
G0 X90.365 Y127.458
M3
G0 X93.280 Y127.458
M5
G0 X92.916 Y127.677
M3
G0 X92.916 Y92.114
M5
G0 X93.863 Y92.333
M3
G0 X7.579 Y92.333
M5
G0 X6.996 Y92.333
M3
G0 X4.081 Y92.333
M5
G0 X4.081 Y91.750
M3
G0 X0.000 Y91.750
M5
G0 X0.000 Y91.895
M3
G0 X1.749 Y91.895
M5
G0 X1.968 Y92.114
M3
G0 X1.968 Y80.454
M5
G0 X2.551 Y80.454
M3
G0 X2.551 Y91.531
M5
G0 X3.134 Y91.531
M3
G0 X3.134 Y80.454
M5
G0 X4.300 Y81.037
M3
G0 X4.300 Y90.948
M5
G0 X4.445 Y90.948
M3
G0 X4.445 Y82.203
M5
G0 X5.028 Y82.203
M3
G0 X5.028 Y88.616
M5
G0 X4.664 Y88.689
M3
G0 X3.498 Y88.689
M5
G0 X3.498 Y87.523
M3
G0 X4.664 Y87.523
M5
G0 X4.154 Y87.450
M3
G0 X4.154 Y86.284
M5
G0 X4.081 Y86.357
M3
G0 X4.664 Y86.357
M5
G0 X4.664 Y85.774
M3
G0 X7.579 Y85.774
M5
G0 X8.162 Y85.774
M3
G0 X8.745 Y85.774
M5
G0 X8.818 Y85.118
M3
G0 X8.818 Y84.535
M5
G0 X8.745 Y84.025
M3
G0 X10.494 Y84.025
M5
G0 X9.984 Y83.952
M3
G0 X9.984 Y84.535
M5
G0 X9.911 Y84.608
M3
G0 X6.996 Y84.608
M5
G0 X7.069 Y85.118
M3
G0 X7.069 Y86.284
M5
G0 X6.996 Y86.940
M3
G0 X5.247 Y86.940
M5
G0 X5.320 Y87.450
M3
G0 X5.320 Y88.033
M5
G0 X5.830 Y88.106
M3
G0 X4.664 Y88.106
M5
G0 X5.247 Y87.523
M3
G0 X6.996 Y87.523
M5
G0 X6.486 Y87.450
M3
G0 X6.486 Y88.616
M5
G0 X6.413 Y88.543
M3
G0 X6.996 Y88.543
M5
G0 X6.996 Y88.106
M3
G0 X6.413 Y88.106
M5
G0 X5.830 Y88.689
M3
G0 X19.239 Y88.689
M5
G0 X19.312 Y88.616
M3
G0 X19.312 Y85.118
M5
G0 X19.239 Y84.608
M3
G0 X12.243 Y84.608
M5
G0 X12.316 Y84.535
M3
G0 X12.316 Y85.701
M5
G0 X12.243 Y86.357
M3
G0 X20.405 Y86.357
M5
G0 X20.478 Y86.284
M3
G0 X20.478 Y85.118
M5
G0 X20.186 Y85.118
M3
G0 X20.186 Y88.033
M5
G0 X19.822 Y88.106
M3
G0 X11.077 Y88.106
M5
G0 X9.984 Y88.616
M3
G0 X9.984 Y90.365
M5
G0 X9.692 Y90.365
M3
G0 X9.692 Y83.369
M5
G0 X10.275 Y83.369
M3
G0 X10.275 Y90.365
M5
G0 X9.911 Y90.729
M3
G0 X60.049 Y90.729
M5
G0 X60.049 Y91.312
M3
G0 X18.073 Y91.312
M5
G0 X17.854 Y90.948
M3
G0 X17.854 Y84.535
M5
G0 X17.563 Y84.535
M3
G0 X17.563 Y90.365
M5
G0 X17.417 Y90.365
M3
G0 X17.417 Y89.782
M5
G0 X16.688 Y90.948
M3
G0 X16.688 Y83.952
M5
G0 X16.543 Y83.952
M3
G0 X16.543 Y91.531
M5
G0 X16.397 Y90.948
M3
G0 X16.397 Y84.535
M5
G0 X15.814 Y84.535
M3
G0 X15.814 Y85.701
M5
G0 X15.231 Y85.118
M3
G0 X15.231 Y90.948
M5
G0 X15.085 Y90.948
M3
G0 X15.085 Y90.365
M5
G0 X14.939 Y91.531
M3
G0 X14.939 Y83.952
M5
G0 X15.158 Y83.733
M3
G0 X0.000 Y83.733
M5
G0 X0.000 Y83.588
M3
G0 X16.324 Y83.588
M5
G0 X16.907 Y84.025
M3
G0 X11.077 Y84.025
M5
G0 X11.150 Y83.952
M3
G0 X11.150 Y84.535
M5
G0 X11.077 Y84.608
M3
G0 X11.660 Y84.608
M5
G0 X11.733 Y84.535
M3
G0 X11.733 Y83.952
M5
G0 X11.733 Y85.118
M3
G0 X11.733 Y86.284
M5
G0 X11.660 Y86.357
M3
G0 X5.830 Y86.357
M5
G0 X5.903 Y86.284
M3
G0 X5.903 Y87.450
M5
G0 X6.486 Y86.867
M3
G0 X6.486 Y85.701
M5
G0 X6.413 Y85.191
M3
G0 X9.911 Y85.191
M5
G0 X9.401 Y85.118
M3
G0 X9.401 Y84.535
M5
G0 X10.494 Y85.191
M3
G0 X20.988 Y85.191
M5
G0 X21.207 Y85.118
M3
G0 X21.207 Y134.673
M5
G0 X21.352 Y134.673
M3
G0 X21.352 Y113.685
M5
G0 X21.935 Y114.851
M3
G0 X21.935 Y134.673
M5
G0 X21.790 Y134.673
M3
G0 X21.790 Y85.118
M5
G0 X21.935 Y85.118
M3
G0 X21.935 Y104.940
M5
G0 X22.518 Y103.774
M3
G0 X22.518 Y100.859
M5
G0 X23.101 Y99.693
M3
G0 X23.101 Y102.025
M5
G0 X23.684 Y101.442
M3
G0 X23.684 Y99.110
M5
G0 X24.267 Y99.693
M3
G0 X24.267 Y97.944
M5
G0 X24.850 Y98.527
M3
G0 X24.850 Y96.195
M5
G0 X25.433 Y95.612
M3
G0 X25.433 Y97.944
M5
G0 X26.016 Y96.778
M3
G0 X26.016 Y95.029
M5
G0 X24.850 Y93.280
M3
G0 X24.850 Y83.369
M5
G0 X24.267 Y83.369
M3
G0 X24.267 Y93.863
M5
G0 X23.684 Y95.612
M3
G0 X23.684 Y83.952
M5
G0 X23.684 Y83.369
M3
G0 X23.684 Y82.786
M5
G0 X23.320 Y82.567
M3
G0 X54.802 Y82.567
M5
G0 X54.802 Y83.150
M3
G0 X23.320 Y83.150
M5
G0 X22.956 Y82.786
M3
G0 X22.956 Y135.256
M5
G0 X22.737 Y135.037
M3
G0 X61.798 Y135.037
M5
G0 X61.798 Y134.892
M3
G0 X18.073 Y134.892
M5
G0 X18.073 Y135.475
M3
G0 X17.490 Y135.475
M5
G0 X17.490 Y134.892
M3
G0 X2.915 Y134.892
M5
G0 X3.134 Y135.256
M3
G0 X3.134 Y148.082
M5
G0 X3.279 Y148.082
M3
G0 X3.279 Y136.422
M5
G0 X3.498 Y136.349
M3
G0 X5.830 Y136.349
M5
G0 X5.830 Y135.766
M3
G0 X4.081 Y135.766
M5
G0 X4.081 Y135.329
M3
G0 X15.158 Y135.329
M5
G0 X15.158 Y134.746
M3
G0 X14.575 Y134.746
M5
G0 X14.939 Y134.673
M3
G0 X14.939 Y141.669
M5
G0 X15.158 Y141.450
M3
G0 X0.000 Y141.450
M5
G0 X0.000 Y141.305
M3
G0 X15.158 Y141.305
M5
G0 X15.158 Y141.159
M3
G0 X0.000 Y141.159
M5
G0 X0.000 Y141.013
M3
G0 X2.915 Y141.013
M5
G0 X2.915 Y141.596
M3
G0 X0.000 Y141.596
M5
G0 X0.000 Y141.742
M3
G0 X14.575 Y141.742
M5
G0 X14.575 Y141.596
M3
G0 X9.911 Y141.596
M5
G0 X9.692 Y139.920
M3
G0 X9.692 Y145.167
M5
G0 X9.328 Y145.094
M3
G0 X5.247 Y145.094
M5
G0 X5.830 Y144.511
M3
G0 X11.660 Y144.511
M5
G0 X11.441 Y144.584
M3
G0 X11.441 Y132.924
M5
G0 X11.660 Y132.997
M3
G0 X4.664 Y132.997
M5
G0 X4.664 Y132.851
M3
G0 X8.162 Y132.851
M5
G0 X8.818 Y132.924
M3
G0 X8.818 Y138.171
M5
G0 X8.235 Y138.171
M3
G0 X8.235 Y134.090
M5
G0 X8.745 Y134.017
M3
G0 X9.328 Y134.017
M5
G0 X9.401 Y132.924
M3
G0 X9.401 Y138.171
M5
G0 X9.692 Y138.754
M3
G0 X9.692 Y131.175
M5
G0 X9.911 Y131.248
M3
G0 X7.579 Y131.248
M5
G0 X7.652 Y131.175
M3
G0 X7.652 Y133.507
M5
G0 X7.579 Y133.434
M3
G0 X5.247 Y133.434
M5
G0 X5.247 Y134.017
M3
G0 X7.579 Y134.017
M5
G0 X7.652 Y134.090
M3
G0 X7.652 Y137.588
M5
G0 X7.069 Y137.588
M3
G0 X7.069 Y131.758
M5
G0 X6.777 Y131.758
M3
G0 X6.777 Y146.333
M5
G0 X6.413 Y146.260
M3
G0 X5.247 Y146.260
M5
G0 X4.737 Y146.333
M3
G0 X4.737 Y146.916
M5
G0 X5.247 Y146.989
M3
G0 X0.000 Y146.989
M5
G0 X0.000 Y146.406
M3
G0 X5.830 Y146.406
M5
G0 X5.757 Y146.333
M3
G0 X5.757 Y145.750
M5
G0 X6.340 Y145.750
M3
G0 X6.340 Y145.167
M5
G0 X6.486 Y145.750
M3
G0 X6.486 Y141.086
M5
G0 X5.903 Y141.669
M3
G0 X5.903 Y146.333
M5
G0 X6.194 Y146.333
M3
G0 X6.194 Y131.758
M5
G0 X6.486 Y131.758
M3
G0 X6.486 Y139.337
M5
G0 X4.737 Y139.337
M3
G0 X4.737 Y131.758
M5
G0 X4.664 Y131.831
M3
G0 X9.328 Y131.831
M5
G0 X9.328 Y131.685
M3
G0 X8.162 Y131.685
M5
G0 X8.235 Y131.175
M3
G0 X8.235 Y133.507
M5
G0 X7.579 Y134.600
M3
G0 X4.664 Y134.600
M5
G0 X4.154 Y134.673
M3
G0 X4.154 Y138.754
M5
G0 X4.081 Y138.681
M3
G0 X1.749 Y138.681
M5
G0 X1.530 Y138.171
M3
G0 X1.530 Y149.248
M5
G0 X1.749 Y149.029
M3
G0 X0.000 Y149.029
M5
G0 X0.000 Y148.884
M3
G0 X12.243 Y148.884
M5
G0 X11.879 Y148.665
M3
G0 X11.879 Y131.758
M5
G0 X11.660 Y132.122
M3
G0 X4.081 Y132.122
M5
G0 X4.081 Y132.414
M3
G0 X9.328 Y132.414
M5
G0 X9.984 Y132.924
M3
G0 X9.984 Y138.754
M5
G0 X9.911 Y138.827
M3
G0 X15.741 Y138.827
M5
G0 X15.668 Y138.754
M3
G0 X15.668 Y137.005
M5
G0 X15.814 Y137.005
M3
G0 X15.814 Y137.588
M5
G0 X15.741 Y137.515
M3
G0 X12.826 Y137.515
M5
G0 X12.826 Y136.932
M3
G0 X15.158 Y136.932
M5
G0 X15.231 Y136.422
M3
G0 X15.231 Y139.337
M5
G0 X15.741 Y139.264
M3
G0 X13.409 Y139.264
M5
G0 X13.409 Y138.681
M3
G0 X15.741 Y138.681
M5
G0 X15.741 Y138.535
M3
G0 X1.166 Y138.535
M5
G0 X1.166 Y138.244
M3
G0 X15.741 Y138.244
M5
G0 X15.741 Y138.098
M3
G0 X15.158 Y138.098
M5
G0 X14.575 Y138.098
M3
G0 X12.826 Y138.098
M5
G0 X12.826 Y138.681
M3
G0 X12.243 Y138.681
M5
G0 X12.243 Y136.932
M3
G0 X11.660 Y136.932
M5
G0 X11.660 Y136.349
M3
G0 X12.243 Y136.349
M5
G0 X12.826 Y136.349
M3
G0 X13.992 Y136.349
M5
G0 X14.502 Y136.422
M3
G0 X14.502 Y137.005
M5
G0 X14.648 Y136.422
M3
G0 X14.648 Y139.337
M5
G0 X14.502 Y138.754
M3
G0 X14.502 Y138.171
M5
G0 X15.741 Y137.661
M3
G0 X1.749 Y137.661
M5
G0 X1.822 Y137.588
M3
G0 X1.822 Y144.001
M5
G0 X1.822 Y144.584
M3
G0 X1.822 Y148.082
M5
G0 X1.749 Y148.155
M3
G0 X0.000 Y148.155
M5
G0 X0.000 Y148.301
M3
G0 X6.413 Y148.301
M5
G0 X6.049 Y148.082
M3
G0 X6.049 Y147.499
M5
G0 X6.632 Y147.499
M3
G0 X6.632 Y131.175
M5
G0 X6.413 Y131.539
M3
G0 X10.494 Y131.539
M5
G0 X10.275 Y131.175
M3
G0 X10.275 Y139.337
M5
G0 X10.494 Y139.410
M3
G0 X15.741 Y139.410
M5
G0 X15.741 Y139.118
M3
G0 X0.000 Y139.118
M5
G0 X0.000 Y138.973
M3
G0 X16.324 Y138.973
M5
G0 X15.960 Y138.754
M3
G0 X15.960 Y134.090
M5
G0 X15.522 Y134.090
M3
G0 X15.522 Y135.839
M5
G0 X15.158 Y135.912
M3
G0 X3.498 Y135.912
M5
G0 X3.571 Y135.839
M3
G0 X3.571 Y139.337
M5
G0 X3.498 Y139.264
M3
G0 X0.583 Y139.264
M5
G0 X0.656 Y138.754
M3
G0 X0.656 Y144.001
M5
G0 X0.656 Y144.584
M3
G0 X0.656 Y148.665
M5
G0 X1.166 Y148.738
M3
G0 X0.000 Y148.738
M5
G0 X0.073 Y148.665
M3
G0 X0.073 Y144.584
M5
G0 X0.000 Y144.657
M3
G0 X3.498 Y144.657
M5
G0 X3.862 Y145.167
M3
G0 X3.862 Y135.256
M5
G0 X4.081 Y135.183
M3
G0 X5.830 Y135.183
M5
G0 X5.757 Y134.673
M3
G0 X5.757 Y134.090
M5
G0 X5.174 Y134.090
M3
G0 X5.174 Y134.673
M5
G0 X4.081 Y134.746
M3
G0 X13.992 Y134.746
M5
G0 X13.992 Y134.163
M3
G0 X14.575 Y134.163
M5
G0 X14.939 Y134.090
M3
G0 X14.939 Y133.507
M5
G0 X14.794 Y133.507
M3
G0 X14.794 Y142.252
M5
G0 X14.575 Y142.325
M3
G0 X0.000 Y142.325
M5
G0 X0.000 Y142.471
M3
G0 X14.575 Y142.471
M5
G0 X14.575 Y142.616
M3
G0 X0.000 Y142.616
M5
G0 X0.000 Y142.762
M3
G0 X1.166 Y142.762
M5
G0 X2.405 Y142.835
M3
G0 X2.405 Y137.005
M5
G0 X2.332 Y137.078
M3
G0 X16.324 Y137.078
M5
G0 X16.324 Y137.224
M3
G0 X1.749 Y137.224
M5
G0 X1.749 Y137.369
M3
G0 X16.324 Y137.369
M5
G0 X16.324 Y137.807
M3
G0 X1.166 Y137.807
M5
G0 X1.166 Y137.952
M3
G0 X16.324 Y137.952
M5
G0 X16.105 Y138.171
M3
G0 X16.105 Y134.673
M5
G0 X16.324 Y134.454
M3
G0 X4.081 Y134.454
M5
G0 X3.717 Y134.673
M3
G0 X3.717 Y148.665
M5
G0 X4.300 Y148.665
M3
G0 X4.300 Y131.758
M5
G0 X4.445 Y131.758
M3
G0 X4.445 Y132.924
M5
G0 X4.664 Y133.288
M3
G0 X13.992 Y133.288
M5
G0 X14.211 Y132.924
M3
G0 X14.211 Y144.001
M5
G0 X13.992 Y144.220
M3
G0 X0.000 Y144.220
M5
G0 X0.000 Y144.365
M3
G0 X13.992 Y144.365
M5
G0 X13.992 Y144.803
M3
G0 X0.000 Y144.803
M5
G0 X0.583 Y145.094
M3
G0 X1.166 Y145.094
M5
G0 X1.239 Y144.584
M3
G0 X1.239 Y148.665
M5
G0 X1.166 Y149.321
M3
G0 X0.000 Y149.321
M5
G0 X0.000 Y149.467
M3
G0 X2.332 Y149.467
M5
G0 X2.113 Y148.665
M3
G0 X2.113 Y137.588
M5
G0 X2.332 Y137.515
M3
G0 X5.247 Y137.515
M5
G0 X5.247 Y138.098
M3
G0 X1.749 Y138.098
M5
G0 X1.239 Y138.171
M3
G0 X1.239 Y144.001
M5
G0 X2.332 Y145.094
M3
G0 X2.915 Y145.094
M5
G0 X2.915 Y145.677
M3
G0 X2.332 Y145.677
M5
G0 X2.332 Y146.260
M3
G0 X3.498 Y146.260
M5
G0 X3.571 Y146.333
M3
G0 X3.571 Y147.499
M5
G0 X4.081 Y147.426
M3
G0 X1.749 Y147.426
M5
G0 X1.749 Y146.843
M3
G0 X1.166 Y146.843
M5
G0 X1.166 Y146.260
M3
G0 X1.749 Y146.260
M5
G0 X2.915 Y147.572
M3
G0 X0.000 Y147.572
M5
G0 X0.000 Y147.718
M3
G0 X6.996 Y147.718
M5
G0 X7.215 Y147.499
M3
G0 X7.215 Y131.175
M5
G0 X7.360 Y131.175
M3
G0 X7.360 Y146.333
M5
G0 X7.798 Y146.916
M3
G0 X7.798 Y147.499
M5
G0 X8.162 Y147.718
M3
G0 X12.826 Y147.718
M5
G0 X12.462 Y147.499
M3
G0 X12.462 Y131.758
M5
G0 X13.045 Y131.175
M3
G0 X13.045 Y130.592
M5
G0 X13.409 Y131.394
M3
G0 X73.458 Y131.394
M5
G0 X72.073 Y130.592
M3
G0 X72.073 Y125.928
M5
G0 X72.073 Y125.345
M3
G0 X72.073 Y121.847
M5
G0 X72.073 Y121.264
M3
G0 X72.073 Y120.098
M5
G0 X70.907 Y118.932
M3
G0 X70.907 Y114.268
M5
G0 X70.324 Y113.685
M3
G0 X70.324 Y114.851
M5
G0 X69.741 Y113.685
M3
G0 X69.741 Y116.600
M5
G0 X69.158 Y116.600
M3
G0 X69.158 Y110.770
M5
G0 X70.907 Y111.936
M3
G0 X70.907 Y112.519
M5
G0 X71.490 Y111.936
M3
G0 X71.490 Y111.353
M5
G0 X72.073 Y110.770
M3
G0 X72.073 Y111.936
M5
G0 X72.073 Y113.102
M3
G0 X72.073 Y114.851
M5
G0 X71.490 Y113.685
M3
G0 X71.490 Y116.600
M5
G0 X70.324 Y116.600
M3
G0 X70.324 Y118.932
M5
G0 X69.741 Y119.515
M3
G0 X69.741 Y117.766
M5
G0 X69.158 Y118.349
M3
G0 X69.158 Y119.515
M5
G0 X68.575 Y119.515
M3
G0 X68.575 Y120.098
M5
G0 X67.992 Y120.681
M3
G0 X67.992 Y119.515
M5
G0 X67.992 Y117.766
M3
G0 X67.992 Y98.527
M5
G0 X67.628 Y98.600
M3
G0 X59.466 Y98.600
M5
G0 X59.466 Y98.017
M3
G0 X67.045 Y98.017
M5
G0 X66.826 Y97.944
M3
G0 X66.826 Y117.766
M5
G0 X66.243 Y117.766
M3
G0 X66.243 Y97.361
M5
G0 X65.879 Y97.434
M3
G0 X61.798 Y97.434
M5
G0 X61.579 Y96.778
M3
G0 X61.579 Y119.515
M5
G0 X62.162 Y119.515
M3
G0 X62.162 Y96.778
M5
G0 X62.745 Y96.778
M3
G0 X62.745 Y118.932
M5
G0 X63.328 Y118.932
M3
G0 X63.328 Y96.778
M5
G0 X63.911 Y96.778
M3
G0 X63.911 Y109.604
M5
G0 X64.494 Y109.604
M3
G0 X64.494 Y96.778
M5
G0 X65.077 Y97.361
M3
G0 X65.077 Y117.766
M5
G0 X65.660 Y117.766
M3
G0 X65.660 Y96.778
M5
G0 X65.369 Y97.944
M3
G0 X65.369 Y99.110
M5
G0 X65.296 Y99.183
M3
G0 X68.211 Y99.183
M5
G0 X68.211 Y99.766
M3
G0 X66.462 Y99.766
M5
G0 X66.535 Y99.693
M3
G0 X66.535 Y97.944
M5
G0 X66.462 Y98.454
M3
G0 X65.879 Y98.454
M5
G0 X65.952 Y97.944
M3
G0 X65.952 Y99.110
M5
G0 X65.879 Y99.766
M3
G0 X59.466 Y99.766
M5
G0 X59.466 Y99.183
M3
G0 X64.130 Y99.183
M5
G0 X64.786 Y98.527
M3
G0 X64.786 Y97.944
M5
G0 X67.409 Y97.944
M3
G0 X67.409 Y117.766
M5
G0 X68.575 Y117.766
M3
G0 X68.575 Y97.944
M5
G0 X69.158 Y97.944
M3
G0 X69.158 Y98.527
M5
G0 X69.741 Y96.778
M3
G0 X69.741 Y96.195
M5
G0 X70.324 Y95.612
M3
G0 X70.324 Y96.778
M5
G0 X70.907 Y96.778
M3
G0 X70.907 Y95.029
M5
G0 X71.490 Y94.446
M3
G0 X71.490 Y96.195
M5
G0 X72.073 Y96.778
M3
G0 X72.073 Y93.863
M5
G0 X72.656 Y93.280
M3
G0 X72.656 Y95.029
M5
G0 X73.239 Y95.612
M3
G0 X73.239 Y92.697
M5
G0 X74.988 Y92.697
M3
G0 X74.988 Y92.114
M5
G0 X73.822 Y90.948
M3
G0 X73.822 Y96.195
M5
G0 X76.373 Y97.725
M3
G0 X77.539 Y97.725
M5
G0 X78.122 Y98.308
M3
G0 X76.956 Y98.308
M5
G0 X76.956 Y98.891
M3
G0 X78.122 Y98.891
M5
G0 X78.122 Y99.474
M3
G0 X77.539 Y99.474
M5
G0 X77.539 Y100.057
M3
G0 X78.122 Y100.057
M5
G0 X78.122 Y100.640
M3
G0 X77.539 Y100.640
M5
G0 X77.539 Y101.223
M3
G0 X78.122 Y101.223
M5
G0 X77.539 Y101.806
M3
G0 X78.705 Y101.806
M5
G0 X78.705 Y102.389
M3
G0 X77.539 Y102.389
M5
G0 X77.539 Y102.972
M3
G0 X78.705 Y102.972
M5
G0 X75.207 Y104.138
M3
G0 X12.826 Y104.138
M5
G0 X12.826 Y104.721
M3
G0 X29.733 Y104.721
M5
G0 X30.316 Y104.721
M3
G0 X74.624 Y104.721
M5
G0 X73.239 Y103.774
M3
G0 X73.239 Y109.021
M5
G0 X72.656 Y109.604
M3
G0 X72.656 Y107.855
M5
G0 X74.041 Y107.636
M3
G0 X32.648 Y107.636
M5
G0 X32.065 Y107.636
M3
G0 X31.482 Y107.636
M5
G0 X31.482 Y107.053
M3
G0 X74.624 Y107.053
M5
G0 X74.624 Y106.470
M3
G0 X12.243 Y106.470
M5
G0 X12.243 Y106.325
M3
G0 X121.264 Y106.325
M5
G0 X121.264 Y106.470
M3
G0 X86.284 Y106.470
M5
G0 X86.284 Y105.887
M3
G0 X121.264 Y105.887
M5
G0 X121.264 Y105.596
M3
G0 X107.272 Y105.596
M5
G0 X105.887 Y105.523
M3
G0 X105.887 Y116.017
M5
G0 X105.304 Y116.017
M3
G0 X105.304 Y81.620
M5
G0 X105.523 Y81.401
M3
G0 X79.288 Y81.401
M5
G0 X79.288 Y80.818
M3
G0 X104.940 Y80.818
M5
G0 X104.721 Y81.620
M3
G0 X104.721 Y116.017
M5
G0 X104.138 Y116.017
M3
G0 X104.138 Y95.612
M5
G0 X104.940 Y96.268
M3
G0 X109.604 Y96.268
M5
G0 X109.604 Y95.685
M3
G0 X105.523 Y95.685
M5
G0 X105.523 Y95.102
M3
G0 X109.604 Y95.102
M5
G0 X110.187 Y94.519
M3
G0 X105.523 Y94.519
M5
G0 X105.523 Y93.936
M3
G0 X110.770 Y93.936
M5
G0 X110.770 Y93.353
M3
G0 X105.523 Y93.353
M5
G0 X106.179 Y93.280
M3
G0 X106.179 Y83.952
M5
G0 X105.596 Y83.952
M3
G0 X105.596 Y92.114
M5
G0 X105.013 Y90.948
M3
G0 X105.013 Y83.952
M5
G0 X104.430 Y82.786
M3
G0 X104.430 Y89.782
M5
G0 X103.847 Y89.199
M3
G0 X103.847 Y83.369
M5
G0 X104.940 Y82.276
M3
G0 X93.280 Y82.276
M5
G0 X93.863 Y82.859
M3
G0 X106.106 Y82.859
M5
G0 X106.470 Y82.786
M3
G0 X106.470 Y115.434
M5
G0 X107.053 Y114.851
M3
G0 X107.053 Y102.025
M5
G0 X107.053 Y100.859
M3
G0 X107.053 Y82.786
M5
G0 X107.636 Y82.786
M3
G0 X107.636 Y114.851
M5
G0 X108.219 Y114.851
M3
G0 X108.219 Y83.369
M5
G0 X107.855 Y84.025
M3
G0 X96.195 Y84.025
M5
G0 X96.268 Y83.952
M3
G0 X96.268 Y80.454
M5
G0 X95.685 Y80.454
M3
G0 X95.685 Y83.369
M5
G0 X95.102 Y83.369
M3
G0 X95.102 Y80.454
M5
G0 X94.519 Y80.454
M3
G0 X94.519 Y82.786
M5
G0 X93.936 Y82.786
M3
G0 X93.936 Y81.620
M5
G0 X92.770 Y81.620
M3
G0 X92.770 Y80.454
M5
G0 X93.353 Y80.454
M3
G0 X93.353 Y79.871
M5
G0 X93.644 Y78.705
M3
G0 X93.644 Y83.369
M5
G0 X94.227 Y83.369
M3
G0 X94.227 Y78.705
M5
G0 X94.810 Y78.705
M3
G0 X94.810 Y83.952
M5
G0 X95.029 Y83.442
M3
G0 X107.272 Y83.442
M5
G0 X106.762 Y83.952
M3
G0 X106.762 Y97.361
M5
G0 X106.179 Y97.944
M3
G0 X106.179 Y96.195
M5
G0 X105.596 Y96.778
M3
G0 X105.596 Y98.527
M5
G0 X105.013 Y97.944
M3
G0 X105.013 Y100.276
M5
G0 X104.430 Y100.276
M3
G0 X104.430 Y99.110
M5
G0 X104.357 Y98.600
M3
G0 X107.272 Y98.600
M5
G0 X107.272 Y98.017
M3
G0 X104.357 Y98.017
M5
G0 X104.940 Y97.434
M3
G0 X107.855 Y97.434
M5
G0 X107.928 Y96.778
M3
G0 X107.928 Y85.701
M5
G0 X107.345 Y85.701
M3
G0 X107.345 Y96.778
M5
G0 X108.438 Y96.851
M3
G0 X104.940 Y96.851
M5
G0 X103.555 Y97.361
M3
G0 X103.555 Y117.183
M5
G0 X102.972 Y117.183
M3
G0 X102.972 Y98.527
M5
G0 X103.774 Y99.183
M3
G0 X106.689 Y99.183
M5
G0 X106.689 Y99.766
M3
G0 X103.774 Y99.766
M5
G0 X102.608 Y100.349
M3
G0 X106.106 Y100.349
M5
G0 X105.523 Y100.932
M3
G0 X102.608 Y100.932
M5
G0 X102.608 Y101.515
M3
G0 X104.940 Y101.515
M5
G0 X104.940 Y102.098
M3
G0 X102.025 Y102.098
M5
G0 X102.025 Y102.681
M3
G0 X101.442 Y102.681
M5
G0 X101.442 Y103.264
M3
G0 X102.025 Y103.264
M5
G0 X102.608 Y103.264
M3
G0 X103.774 Y103.264
M5
G0 X103.774 Y102.681
M3
G0 X102.608 Y102.681
M5
G0 X103.191 Y103.847
M3
G0 X101.442 Y103.847
M5
G0 X101.442 Y104.430
M3
G0 X102.608 Y104.430
M5
G0 X102.025 Y105.013
M3
G0 X101.442 Y105.013
M5
G0 X100.057 Y105.523
M3
G0 X100.057 Y109.604
M5
G0 X99.474 Y109.604
M3
G0 X99.474 Y108.438
M5
G0 X100.640 Y109.604
M3
G0 X100.640 Y102.608
M5
G0 X100.057 Y102.025
M3
G0 X100.057 Y103.191
M5
G0 X99.474 Y103.191
M3
G0 X99.474 Y102.608
M5
G0 X98.891 Y102.025
M3
G0 X98.891 Y100.859
M5
G0 X98.891 Y100.276
M3
G0 X98.891 Y95.029
M5
G0 X98.527 Y95.102
M3
G0 X97.944 Y95.102
M5
G0 X97.944 Y95.685
M3
G0 X98.527 Y95.685
M5
G0 X98.527 Y96.268
M3
G0 X97.944 Y96.268
M5
G0 X96.778 Y95.393
M3
G0 X132.341 Y95.393
M5
G0 X131.539 Y96.195
M3
G0 X131.539 Y38.478
M5
G0 X131.175 Y38.259
M3
G0 X94.446 Y38.259
M5
G0 X93.280 Y37.676
M3
G0 X130.592 Y37.676
M5
G0 X130.956 Y37.895
M3
G0 X130.956 Y96.778
M5
G0 X131.175 Y96.997
M3
G0 X2.332 Y96.997
M5
G0 X1.749 Y97.580
M3
G0 X9.328 Y97.580
M5
G0 X9.328 Y98.163
M3
G0 X1.749 Y98.163
M5
G0 X1.749 Y98.746
M3
G0 X5.830 Y98.746
M5
G0 X5.247 Y99.329
M3
G0 X1.749 Y99.329
M5
G0 X1.749 Y99.912
M3
G0 X2.915 Y99.912
M5
G0 X2.915 Y96.414
M3
G0 X131.758 Y96.414
M5
G0 X131.394 Y96.778
M3
G0 X131.394 Y37.895
M5
G0 X131.175 Y37.968
M3
G0 X96.195 Y37.968
M5
G0 X96.559 Y38.478
M3
G0 X96.559 Y20.988
M5
G0 X96.851 Y20.988
M3
G0 X96.851 Y38.478
M5
G0 X97.361 Y38.405
M3
G0 X107.855 Y38.405
M5
G0 X107.855 Y38.988
M3
G0 X98.527 Y38.988
M5
G0 X98.454 Y37.312
M3
G0 X98.454 Y27.401
M5
G0 X99.037 Y27.401
M3
G0 X99.037 Y37.312
M5
G0 X99.620 Y37.312
M3
G0 X99.620 Y30.316
M5
G0 X100.203 Y30.316
M3
G0 X100.203 Y37.312
M5
G0 X100.786 Y37.312
M3
G0 X100.786 Y29.150
M5
G0 X100.786 Y27.401
M3
G0 X100.786 Y26.818
M5
G0 X100.203 Y26.818
M3
G0 X100.203 Y27.401
M5
G0 X99.620 Y27.401
M3
G0 X99.620 Y26.818
M5
G0 X99.620 Y25.652
M3
G0 X99.620 Y25.069
M5
G0 X100.203 Y25.069
M3
G0 X100.203 Y25.652
M5
G0 X100.786 Y25.069
M3
G0 X100.786 Y26.235
M5
G0 X101.952 Y25.652
M3
G0 X101.952 Y34.980
M5
G0 X102.535 Y34.980
M3
G0 X102.535 Y25.652
M5
G0 X102.535 Y25.069
M3
G0 X102.535 Y23.903
M5
G0 X103.118 Y24.486
M3
G0 X103.118 Y34.980
M5
G0 X103.701 Y34.980
M3
G0 X103.701 Y30.316
M5
G0 X104.284 Y30.899
M3
G0 X104.284 Y35.563
M5
G0 X104.867 Y36.729
M3
G0 X104.867 Y31.482
M5
G0 X105.450 Y31.482
M3
G0 X105.450 Y36.729
M5
G0 X106.033 Y36.729
M3
G0 X106.033 Y32.065
M5
G0 X106.616 Y32.065
M3
G0 X106.616 Y34.397
M5
G0 X107.199 Y33.814
M3
G0 X107.199 Y32.648
M5
G0 X107.782 Y32.065
M3
G0 X107.782 Y33.814
M5
G0 X108.365 Y33.814
M3
G0 X108.365 Y26.818
M5
G0 X108.948 Y26.818
M3
G0 X108.948 Y31.482
M5
G0 X109.531 Y32.065
M3
G0 X109.531 Y26.818
M5
G0 X110.114 Y26.818
M3
G0 X110.114 Y27.984
M5
G0 X110.114 Y28.567
M3
G0 X110.114 Y32.648
M5
G0 X110.697 Y32.648
M3
G0 X110.697 Y32.065
M5
G0 X111.863 Y30.899
M3
G0 X111.863 Y29.150
M5
G0 X112.446 Y29.150
M3
G0 X112.446 Y30.316
M5
G0 X113.029 Y30.316
M3
G0 X113.029 Y29.733
M5
G0 X113.612 Y29.150
M3
G0 X113.612 Y27.984
M5
G0 X113.029 Y27.984
M3
G0 X113.029 Y27.401
M5
G0 X113.102 Y26.745
M3
G0 X74.624 Y26.745
M5
G0 X74.624 Y27.328
M3
G0 X74.041 Y27.328
M5
G0 X74.041 Y27.911
M3
G0 X73.458 Y27.911
M5
G0 X73.458 Y29.077
M3
G0 X69.377 Y29.077
M5
G0 X69.304 Y29.150
M3
G0 X69.304 Y30.316
M5
G0 X68.721 Y30.316
M3
G0 X68.721 Y29.733
M5
G0 X68.138 Y29.733
M3
G0 X68.138 Y30.316
M5
G0 X67.555 Y30.316
M3
G0 X67.555 Y31.482
M5
G0 X68.138 Y31.482
M3
G0 X68.138 Y30.899
M5
G0 X66.972 Y30.316
M3
G0 X66.972 Y31.482
M5
G0 X66.389 Y30.899
M3
G0 X66.389 Y30.316
M5
G0 X66.535 Y29.733
M3
G0 X66.535 Y38.478
M5
G0 X66.462 Y37.822
M3
G0 X56.551 Y37.822
M5
G0 X56.332 Y37.312
M3
G0 X56.332 Y46.640
M5
G0 X55.749 Y47.223
M3
G0 X55.749 Y37.895
M5
G0 X55.458 Y37.895
M3
G0 X55.458 Y46.057
M5
G0 X55.385 Y46.130
M3
G0 X48.972 Y46.130
M5
G0 X49.045 Y46.640
M3
G0 X49.045 Y49.555
M5
G0 X48.972 Y48.316
M3
G0 X49.555 Y48.316
M5
G0 X50.211 Y48.972
M3
G0 X50.211 Y45.474
M5
G0 X49.336 Y45.474
M3
G0 X49.336 Y51.304
M5
G0 X48.753 Y51.887
M3
G0 X48.753 Y46.640
M5
G0 X48.972 Y46.713
M3
G0 X54.802 Y46.713
M5
G0 X55.166 Y47.223
M3
G0 X55.166 Y37.895
M5
G0 X55.021 Y37.895
M3
G0 X55.021 Y155.078
M5
G0 X55.166 Y155.078
M3
G0 X55.166 Y139.920
M5
G0 X54.875 Y139.920
M3
G0 X54.875 Y150.997
M5
G0 X54.292 Y151.580
M3
G0 X54.292 Y141.086
M5
G0 X54.219 Y141.159
M3
G0 X61.215 Y141.159
M5
G0 X61.579 Y141.086
M3
G0 X61.579 Y135.839
M5
G0 X61.798 Y135.620
M3
G0 X24.486 Y135.620
M5
G0 X24.559 Y135.256
M3
G0 X24.559 Y134.673
M5
G0 X25.142 Y134.673
M3
G0 X25.142 Y135.256
M5
G0 X24.850 Y135.256
M3
G0 X24.850 Y122.430
M5
G0 X24.267 Y121.847
M3
G0 X24.267 Y135.256
M5
G0 X23.976 Y135.256
M3
G0 X23.976 Y134.090
M5
G0 X23.393 Y134.090
M3
G0 X23.393 Y134.673
M5
G0 X22.810 Y134.673
M3
G0 X22.810 Y134.090
M5
G0 X22.227 Y134.090
M3
G0 X22.227 Y134.673
M5
G0 X22.518 Y134.673
M3
G0 X22.518 Y116.600
M5
G0 X25.652 Y113.466
M3
G0 X12.243 Y113.466
M5
G0 X12.243 Y112.883
M3
G0 X25.652 Y112.883
M5
G0 X26.235 Y112.300
M3
G0 X12.243 Y112.300
M5
G0 X12.243 Y111.717
M3
G0 X26.235 Y111.717
M5
G0 X26.235 Y111.134
M3
G0 X12.243 Y111.134
M5
G0 X12.243 Y110.551
M3
G0 X28.567 Y110.551
M5
G0 X29.150 Y110.551
M3
G0 X74.041 Y110.551
M5
G0 X74.041 Y109.968
M3
G0 X39.061 Y109.968
M5
G0 X38.478 Y109.968
M3
G0 X29.150 Y109.968
M5
G0 X29.150 Y111.134
M3
G0 X29.733 Y111.134
M5
G0 X30.899 Y111.134
M3
G0 X41.976 Y111.134
M5
G0 X41.757 Y111.353
M3
G0 X41.757 Y111.936
M5
G0 X42.559 Y111.134
M3
G0 X74.041 Y111.134
M5
G0 X74.624 Y111.717
M3
G0 X33.231 Y111.717
M5
G0 X32.648 Y111.717
M3
G0 X30.899 Y111.717
M5
G0 X31.482 Y112.300
M3
G0 X33.814 Y112.300
M5
G0 X34.397 Y112.300
M3
G0 X35.563 Y112.300
M5
G0 X34.980 Y112.883
M3
G0 X36.146 Y112.883
M5
G0 X36.729 Y112.883
M3
G0 X74.624 Y112.883
M5
G0 X74.624 Y112.300
M3
G0 X36.729 Y112.300
M5
G0 X36.729 Y113.466
M3
G0 X35.563 Y113.466
M5
G0 X35.563 Y114.049
M3
G0 X36.729 Y114.049
M5
G0 X36.729 Y114.632
M3
G0 X35.563 Y114.632
M5
G0 X35.563 Y115.215
M3
G0 X33.814 Y115.215
M5
G0 X33.814 Y115.798
M3
G0 X34.980 Y115.798
M5
G0 X34.980 Y116.381
M3
G0 X33.231 Y116.381
M5
G0 X31.482 Y118.713
M3
G0 X12.826 Y118.713
M5
G0 X12.826 Y118.130
M3
G0 X29.733 Y118.130
M5
G0 X29.150 Y117.547
M3
G0 X12.826 Y117.547
M5
G0 X13.190 Y117.766
M3
G0 X13.190 Y116.600
M5
G0 X12.243 Y116.819
M3
G0 X114.851 Y116.819
M5
G0 X114.487 Y117.183
M3
G0 X114.487 Y25.069
M5
G0 X114.341 Y25.652
M3
G0 X114.341 Y53.053
M5
G0 X113.685 Y53.126
M3
G0 X138.754 Y53.126
M5
G0 X138.754 Y52.834
M3
G0 X110.770 Y52.834
M5
G0 X110.187 Y52.251
M3
G0 X138.754 Y52.251
M5
G0 X138.754 Y51.960
M3
G0 X112.519 Y51.960
M5
G0 X112.592 Y51.887
M3
G0 X112.592 Y24.486
M5
G0 X112.883 Y24.486
M3
G0 X112.883 Y53.636
M5
G0 X112.519 Y54.000
M3
G0 X139.337 Y54.000
M5
G0 X139.337 Y53.855
M3
G0 X36.729 Y53.855
M5
G0 X36.948 Y54.219
M3
G0 X36.948 Y139.337
M5
G0 X36.365 Y139.337
M3
G0 X36.365 Y54.219
M5
G0 X36.146 Y55.166
M3
G0 X36.729 Y55.166
M5
G0 X36.146 Y55.749
M3
G0 X35.563 Y55.749
M5
G0 X34.980 Y56.332
M3
G0 X36.146 Y56.332
M5
G0 X36.729 Y56.915
M3
G0 X34.980 Y56.915
M5
G0 X34.980 Y57.498
M3
G0 X36.729 Y57.498
M5
G0 X37.312 Y58.081
M3
G0 X38.478 Y58.081
M5
G0 X37.895 Y58.664
M3
G0 X37.312 Y58.664
M5
G0 X37.312 Y59.247
M3
G0 X37.895 Y59.247
M5
G0 X37.895 Y59.830
M3
G0 X36.729 Y59.830
M5
G0 X39.425 Y60.049
M3
G0 X39.425 Y60.632
M5
G0 X41.393 Y54.583
M3
G0 X53.636 Y54.583
M5
G0 X54.583 Y51.887
M3
G0 X54.583 Y51.304
M5
G0 X55.166 Y51.304
M3
G0 X55.166 Y51.887
M5
G0 X55.749 Y51.887
M3
G0 X55.749 Y51.304
M5
G0 X56.332 Y50.721
M3
G0 X56.332 Y51.887
M5
G0 X56.915 Y51.887
M3
G0 X56.915 Y50.721
M5
G0 X57.498 Y50.138
M3
G0 X57.498 Y52.470
M5
G0 X57.498 Y53.053
M3
G0 X57.498 Y53.636
M5
G0 X56.915 Y53.636
M3
G0 X56.915 Y53.053
M5
G0 X56.332 Y53.053
M3
G0 X56.332 Y53.636
M5
G0 X58.081 Y52.470
M3
G0 X58.081 Y49.555
M5
G0 X58.664 Y49.555
M3
G0 X58.664 Y52.470
M5
G0 X59.247 Y52.470
M3
G0 X59.247 Y48.972
M5
G0 X59.830 Y48.972
M3
G0 X59.830 Y51.887
M5
G0 X60.413 Y51.887
M3
G0 X60.413 Y48.972
M5
G0 X60.632 Y49.045
M3
G0 X62.381 Y49.045
M5
G0 X61.798 Y49.628
M3
G0 X60.632 Y49.628
M5
G0 X59.466 Y50.211
M3
G0 X58.300 Y50.211
M5
G0 X56.915 Y46.057
M3
G0 X56.915 Y36.729
M5
G0 X56.551 Y36.510
M3
G0 X130.009 Y36.510
M5
G0 X129.645 Y36.146
M3
G0 X129.645 Y98.527
M5
G0 X129.207 Y98.527
M3
G0 X129.207 Y36.146
M5
G0 X129.426 Y36.219
M3
G0 X93.863 Y36.219
M5
G0 X93.936 Y36.146
M3
G0 X93.936 Y21.571
M5
G0 X93.644 Y20.988
M3
G0 X93.644 Y36.729
M5
G0 X93.280 Y37.093
M3
G0 X92.114 Y37.093
M5
G0 X91.531 Y37.093
M3
G0 X55.968 Y37.093
M5
G0 X55.604 Y37.312
M3
G0 X55.604 Y155.078
M5
G0 X55.458 Y155.078
M3
G0 X55.458 Y153.329
M5
G0 X55.968 Y153.985
M3
G0 X52.470 Y153.985
M5
G0 X52.543 Y153.912
M3
G0 X52.543 Y151.580
M5
G0 X53.126 Y151.580
M3
G0 X53.126 Y155.078
M5
G0 X54.000 Y155.078
M3
G0 X54.000 Y141.086
M5
G0 X54.219 Y140.867
M3
G0 X61.798 Y140.867
M5
G0 X61.798 Y140.722
M3
G0 X23.320 Y140.722
M5
G0 X23.320 Y141.305
M3
G0 X61.798 Y141.305
M5
G0 X61.798 Y141.450
M3
G0 X53.053 Y141.450
M5
G0 X53.053 Y142.033
M3
G0 X61.798 Y142.033
M5
G0 X61.798 Y141.888
M3
G0 X23.320 Y141.888
M5
G0 X23.320 Y142.471
M3
G0 X61.798 Y142.471
M5
G0 X61.798 Y143.054
M3
G0 X23.320 Y143.054
M5
G0 X23.320 Y143.637
M3
G0 X61.215 Y143.637
M5
G0 X61.215 Y143.782
M3
G0 X50.721 Y143.782
M5
G0 X50.138 Y144.365
M3
G0 X61.215 Y144.365
M5
G0 X61.215 Y144.220
M3
G0 X22.737 Y144.220
M5
G0 X23.320 Y144.803
M3
G0 X61.215 Y144.803
M5
G0 X61.215 Y144.948
M3
G0 X50.138 Y144.948
M5
G0 X49.555 Y145.531
M3
G0 X60.632 Y145.531
M5
G0 X60.632 Y145.240
M3
G0 X53.053 Y145.240
M5
G0 X52.470 Y145.240
M3
G0 X51.887 Y145.240
M5
G0 X51.668 Y144.584
M3
G0 X51.668 Y146.333
M5
G0 X51.085 Y146.916
M3
G0 X51.085 Y145.167
M5
G0 X51.304 Y144.657
M3
G0 X60.632 Y144.657
M5
G0 X60.996 Y144.584
M3
G0 X60.996 Y133.507
M5
G0 X61.579 Y133.507
M3
G0 X61.579 Y134.090
M5
G0 X61.215 Y134.163
M3
G0 X60.632 Y134.163
M5
G0 X60.705 Y134.673
M3
G0 X60.705 Y142.835
M5
G0 X61.215 Y142.616
M3
G0 X52.470 Y142.616
M5
G0 X51.887 Y143.199
M3
G0 X61.215 Y143.199
M5
G0 X60.632 Y143.491
M3
G0 X53.053 Y143.491
M5
G0 X53.126 Y143.418
M3
G0 X53.126 Y144.001
M5
G0 X53.636 Y143.928
M3
G0 X55.968 Y143.928
M5
G0 X55.968 Y143.345
M3
G0 X53.636 Y143.345
M5
G0 X53.636 Y142.762
M3
G0 X57.717 Y142.762
M5
G0 X58.300 Y142.179
M3
G0 X54.219 Y142.179
M5
G0 X54.729 Y142.252
M3
G0 X54.729 Y145.167
M5
G0 X54.802 Y145.677
M3
G0 X53.636 Y145.677
M5
G0 X53.636 Y145.094
M3
G0 X55.385 Y145.094
M5
G0 X55.385 Y144.511
M3
G0 X53.636 Y144.511
M5
G0 X52.470 Y144.074
M3
G0 X60.632 Y144.074
M5
G0 X60.122 Y143.418
M3
G0 X60.122 Y145.167
M5
G0 X60.632 Y145.823
M3
G0 X53.053 Y145.823
M5
G0 X53.636 Y146.260
M3
G0 X55.385 Y146.260
M5
G0 X54.729 Y146.333
M3
G0 X54.729 Y145.750
M5
G0 X54.802 Y146.843
M3
G0 X53.636 Y146.843
M5
G0 X53.636 Y147.426
M3
G0 X54.802 Y147.426
M5
G0 X57.134 Y146.843
M3
G0 X58.883 Y146.843
M5
G0 X58.883 Y146.260
M3
G0 X58.300 Y146.260
M5
G0 X59.539 Y146.333
M3
G0 X59.539 Y134.673
M5
G0 X59.466 Y135.183
M3
G0 X60.632 Y135.183
M5
G0 X61.215 Y135.329
M3
G0 X58.300 Y135.329
M5
G0 X58.373 Y135.256
M3
G0 X58.373 Y151.580
M5
G0 X57.790 Y150.997
M3
G0 X57.790 Y155.078
M5
G0 X58.300 Y154.568
M3
G0 X56.551 Y154.568
M5
G0 X56.770 Y155.078
M3
G0 X56.770 Y36.146
M5
G0 X56.551 Y36.365
M3
G0 X130.592 Y36.365
M5
G0 X130.009 Y35.782
M3
G0 X56.551 Y35.782
M5
G0 X57.134 Y35.927
M3
G0 X128.843 Y35.927
M5
G0 X128.916 Y36.146
M3
G0 X128.916 Y69.960
M5
G0 X128.333 Y69.960
M3
G0 X128.333 Y36.146
M5
G0 X128.260 Y36.073
M3
G0 X118.932 Y36.073
M5
G0 X119.442 Y36.146
M3
G0 X119.442 Y35.563
M5
G0 X119.515 Y34.907
M3
G0 X117.766 Y34.907
M5
G0 X116.600 Y34.324
M3
G0 X92.697 Y34.324
M5
G0 X92.114 Y33.741
M3
G0 X116.017 Y33.741
M5
G0 X115.434 Y33.158
M3
G0 X92.114 Y33.158
M5
G0 X91.531 Y32.575
M3
G0 X119.515 Y32.575
M5
G0 X118.859 Y32.065
M3
G0 X118.859 Y31.482
M5
G0 X118.276 Y32.065
M3
G0 X118.276 Y32.648
M5
G0 X118.349 Y33.158
M3
G0 X116.600 Y33.158
M5
G0 X117.110 Y32.065
M3
G0 X117.110 Y31.482
M5
G0 X116.527 Y31.482
M3
G0 X116.527 Y29.733
M5
G0 X115.944 Y29.150
M3
G0 X115.944 Y30.899
M5
G0 X115.361 Y30.899
M3
G0 X115.361 Y29.150
M5
G0 X116.017 Y28.494
M3
G0 X87.450 Y28.494
M5
G0 X86.867 Y27.911
M3
G0 X114.851 Y27.911
M5
G0 X114.195 Y27.984
M3
G0 X114.195 Y29.150
M5
G0 X114.195 Y30.899
M3
G0 X114.195 Y32.648
M5
G0 X114.778 Y32.648
M3
G0 X114.778 Y33.231
M5
G0 X114.195 Y34.397
M3
G0 X114.195 Y35.563
M5
G0 X113.612 Y34.980
M3
G0 X113.612 Y34.397
M5
G0 X113.029 Y34.397
M3
G0 X113.029 Y33.814
M5
G0 X111.863 Y34.397
M3
G0 X111.863 Y35.563
M5
G0 X111.280 Y35.563
M3
G0 X111.280 Y33.814
M5
G0 X110.697 Y34.397
M3
G0 X110.697 Y34.980
M5
G0 X110.114 Y34.980
M3
G0 X110.114 Y34.397
M5
G0 X108.948 Y33.231
M3
G0 X108.948 Y32.648
M5
G0 X107.782 Y30.899
M3
G0 X107.782 Y27.984
M5
G0 X106.616 Y27.984
M3
G0 X106.616 Y26.235
M5
G0 X106.033 Y26.235
M3
G0 X106.033 Y29.150
M5
G0 X105.450 Y27.984
M3
G0 X105.450 Y25.652
M5
G0 X104.867 Y25.652
M3
G0 X104.867 Y27.984
M5
G0 X103.701 Y27.984
M3
G0 X103.701 Y24.486
M5
G0 X103.701 Y23.320
M3
G0 X103.701 Y22.737
M5
G0 X104.357 Y22.081
M3
G0 X104.940 Y22.081
M5
G0 X105.742 Y21.571
M3
G0 X105.742 Y122.430
M5
G0 X105.159 Y122.430
M3
G0 X105.159 Y20.988
M5
G0 X104.721 Y20.988
M3
G0 X104.721 Y45.474
M5
G0 X105.523 Y45.547
M3
G0 X136.422 Y45.547
M5
G0 X136.641 Y45.474
M3
G0 X136.641 Y89.199
M5
G0 X136.422 Y89.126
M3
G0 X122.430 Y89.126
M5
G0 X122.430 Y88.543
M3
G0 X136.422 Y88.543
M5
G0 X136.495 Y88.616
M3
G0 X136.495 Y67.045
M5
G0 X136.422 Y66.972
M3
G0 X130.592 Y66.972
M5
G0 X130.592 Y67.555
M3
G0 X136.422 Y67.555
M5
G0 X137.078 Y67.628
M3
G0 X137.078 Y83.369
M5
G0 X137.005 Y83.296
M3
G0 X126.511 Y83.296
M5
G0 X126.511 Y83.879
M3
G0 X137.005 Y83.879
M5
G0 X137.005 Y84.025
M3
G0 X123.596 Y84.025
M5
G0 X122.503 Y86.284
M3
G0 X122.503 Y103.774
M5
G0 X122.430 Y103.118
M3
G0 X121.264 Y103.118
M5
G0 X121.191 Y102.608
M3
G0 X121.191 Y102.025
M5
G0 X120.681 Y103.118
M3
G0 X111.353 Y103.118
M5
G0 X111.353 Y103.701
M3
G0 X120.681 Y103.701
M5
G0 X122.430 Y102.535
M3
G0 X111.936 Y102.535
M5
G0 X110.260 Y103.191
M3
G0 X110.260 Y113.102
M5
G0 X109.677 Y113.102
M3
G0 X109.677 Y104.357
M5
G0 X110.187 Y105.450
M3
G0 X119.515 Y105.450
M5
G0 X118.932 Y106.033
M3
G0 X109.604 Y106.033
M5
G0 X109.094 Y105.523
M3
G0 X109.094 Y113.102
M5
G0 X109.604 Y112.446
M3
G0 X112.519 Y112.446
M5
G0 X113.175 Y113.102
M3
G0 X113.175 Y97.944
M5
G0 X113.685 Y98.454
M3
G0 X126.511 Y98.454
M5
G0 X126.438 Y97.944
M3
G0 X126.438 Y97.361
M5
G0 X125.855 Y97.944
M3
G0 X125.855 Y96.195
M5
G0 X127.021 Y95.612
M3
G0 X127.021 Y95.029
M5
G0 X127.604 Y95.029
M3
G0 X127.604 Y95.612
M5
G0 X128.260 Y96.122
M3
G0 X116.017 Y96.122
M5
G0 X116.017 Y95.539
M3
G0 X128.843 Y95.539
M5
G0 X129.426 Y95.539
M3
G0 X130.009 Y95.539
M5
G0 X130.592 Y96.122
M3
G0 X131.175 Y96.122
M5
G0 X131.248 Y96.195
M3
G0 X131.248 Y39.061
M5
G0 X131.175 Y38.988
M3
G0 X127.677 Y38.988
M5
G0 X127.094 Y39.571
M3
G0 X118.932 Y39.571
M5
G0 X118.349 Y39.571
M3
G0 X111.936 Y39.571
M5
G0 X112.519 Y40.154
M3
G0 X116.017 Y40.154
M5
G0 X116.600 Y40.737
M3
G0 X118.349 Y40.737
M5
G0 X118.349 Y40.154
M3
G0 X117.183 Y40.154
M5
G0 X117.183 Y38.988
M3
G0 X116.600 Y38.988
M5
G0 X116.600 Y38.405
M3
G0 X130.009 Y38.405
M5
G0 X130.009 Y37.822
M3
G0 X118.932 Y37.822
M5
G0 X118.349 Y37.822
M3
G0 X116.017 Y37.822
M5
G0 X116.600 Y37.239
M3
G0 X114.851 Y37.239
M5
G0 X114.778 Y36.146
M3
G0 X114.778 Y34.980
M5
G0 X112.446 Y36.729
M3
G0 X112.446 Y37.312
M5
G0 X112.519 Y40.737
M3
G0 X114.851 Y40.737
M5
G0 X115.434 Y41.320
M3
G0 X113.102 Y41.320
M5
G0 X113.102 Y41.903
M3
G0 X115.434 Y41.903
M5
G0 X114.851 Y42.486
M3
G0 X116.017 Y42.486
M5
G0 X116.600 Y41.903
M3
G0 X119.515 Y41.903
M5
G0 X119.515 Y41.320
M3
G0 X121.264 Y41.320
M5
G0 X121.264 Y40.737
M3
G0 X119.515 Y40.737
M5
G0 X118.932 Y41.320
M3
G0 X116.600 Y41.320
M5
G0 X117.766 Y42.486
M3
G0 X128.843 Y42.486
M5
G0 X128.843 Y41.903
M3
G0 X122.430 Y41.903
M5
G0 X122.430 Y41.320
M3
G0 X128.260 Y41.320
M5
G0 X128.260 Y40.737
M3
G0 X121.847 Y40.737
M5
G0 X121.774 Y39.644
M3
G0 X121.774 Y38.478
M5
G0 X122.357 Y37.895
M3
G0 X122.357 Y37.312
M5
G0 X121.774 Y37.312
M3
G0 X121.774 Y36.729
M5
G0 X121.191 Y36.729
M3
G0 X121.191 Y37.312
M5
G0 X120.608 Y37.312
M3
G0 X120.608 Y36.729
M5
G0 X118.932 Y36.656
M3
G0 X128.843 Y36.656
M5
G0 X128.260 Y35.490
M3
G0 X123.013 Y35.490
M5
G0 X123.013 Y33.741
M3
G0 X121.264 Y33.741
M5
G0 X121.847 Y31.992
M3
G0 X123.013 Y31.992
M5
G0 X123.086 Y32.065
M3
G0 X123.086 Y61.798
M5
G0 X122.430 Y61.871
M3
G0 X138.171 Y61.871
M5
G0 X138.171 Y62.162
M3
G0 X118.349 Y62.162
M5
G0 X117.766 Y61.579
M3
G0 X138.754 Y61.579
M5
G0 X138.754 Y61.434
M3
G0 X27.984 Y61.434
M5
G0 X28.203 Y61.798
M3
G0 X28.203 Y67.628
M5
G0 X27.984 Y67.409
M3
G0 X28.567 Y67.409
M5
G0 X28.567 Y66.826
M3
G0 X27.984 Y66.826
M5
G0 X27.984 Y67.264
M3
G0 X137.588 Y67.264
M5
G0 X137.588 Y67.409
M3
G0 X118.349 Y67.409
M5
G0 X117.766 Y67.992
M3
G0 X137.588 Y67.992
M5
G0 X137.588 Y67.847
M3
G0 X27.984 Y67.847
M5
G0 X28.567 Y68.430
M3
G0 X138.171 Y68.430
M5
G0 X137.952 Y68.794
M3
G0 X137.952 Y81.037
M5
G0 X138.171 Y80.818
M3
G0 X111.936 Y80.818
M5
G0 X112.300 Y80.454
M3
G0 X112.300 Y79.288
M5
G0 X111.717 Y79.288
M3
G0 X111.717 Y78.705
M5
G0 X112.519 Y78.486
M3
G0 X109.604 Y78.486
M5
G0 X109.968 Y78.122
M3
G0 X109.968 Y76.956
M5
G0 X110.187 Y76.737
M3
G0 X107.855 Y76.737
M5
G0 X107.636 Y76.373
M3
G0 X107.636 Y75.207
M5
G0 X107.272 Y74.988
M3
G0 X104.940 Y74.988
M5
G0 X104.940 Y73.822
M3
G0 X103.191 Y73.822
M5
G0 X103.191 Y73.239
M3
G0 X102.608 Y73.239
M5
G0 X103.774 Y74.405
M3
G0 X106.106 Y74.405
M5
G0 X106.106 Y75.571
M3
G0 X108.438 Y75.571
M5
G0 X108.802 Y76.373
M3
G0 X108.802 Y76.956
M5
G0 X108.438 Y77.320
M3
G0 X110.770 Y77.320
M5
G0 X110.551 Y77.539
M3
G0 X110.551 Y78.705
M5
G0 X110.770 Y79.069
M3
G0 X113.102 Y79.069
M5
G0 X113.102 Y79.652
M3
G0 X111.353 Y79.652
M5
G0 X111.353 Y80.235
M3
G0 X138.171 Y80.235
M5
G0 X138.171 Y79.944
M3
G0 X126.511 Y79.944
M5
G0 X126.511 Y80.527
M3
G0 X137.588 Y80.527
M5
G0 X137.588 Y80.381
M3
G0 X133.507 Y80.381
M5
G0 X133.507 Y79.798
M3
G0 X135.256 Y79.798
M5
G0 X135.256 Y79.215
M3
G0 X134.673 Y79.215
M5
G0 X134.090 Y78.632
M3
G0 X137.588 Y78.632
M5
G0 X137.588 Y78.049
M3
G0 X136.422 Y78.049
M5
G0 X136.422 Y77.466
M3
G0 X137.005 Y77.466
M5
G0 X137.005 Y76.883
M3
G0 X136.422 Y76.883
M5
G0 X137.588 Y76.883
M3
G0 X138.171 Y76.883
M5
G0 X138.171 Y77.029
M3
G0 X127.677 Y77.029
M5
G0 X127.677 Y76.446
M3
G0 X138.171 Y76.446
M5
G0 X138.171 Y76.300
M3
G0 X137.588 Y76.300
M5
G0 X138.171 Y76.154
M3
G0 X111.936 Y76.154
M5
G0 X111.936 Y76.737
M3
G0 X138.171 Y76.737
M5
G0 X138.171 Y77.320
M3
G0 X112.519 Y77.320
M5
G0 X111.936 Y77.320
M3
G0 X111.353 Y77.320
M5
G0 X111.353 Y77.903
M3
G0 X109.604 Y77.903
M5
G0 X109.604 Y76.154
M3
G0 X106.689 Y76.154
M5
G0 X105.523 Y77.903
M3
G0 X103.774 Y77.903
M5
G0 X103.774 Y78.486
M3
G0 X106.106 Y78.486
M5
G0 X106.106 Y79.652
M3
G0 X110.187 Y79.652
M5
G0 X109.604 Y80.235
M3
G0 X107.272 Y80.235
M5
G0 X107.855 Y80.818
M3
G0 X110.770 Y80.818
M5
G0 X111.353 Y81.401
M3
G0 X108.438 Y81.401
M5
G0 X108.802 Y81.037
M3
G0 X108.802 Y79.871
M5
G0 X109.385 Y80.454
M3
G0 X109.385 Y81.037
M5
G0 X109.021 Y81.984
M3
G0 X111.353 Y81.984
M5
G0 X112.519 Y81.401
M3
G0 X138.171 Y81.401
M5
G0 X138.171 Y81.256
M3
G0 X23.903 Y81.256
M5
G0 X24.122 Y81.037
M3
G0 X24.122 Y136.422
M5
G0 X25.433 Y135.839
M3
G0 X25.433 Y123.596
M5
G0 X26.016 Y123.596
M3
G0 X26.016 Y135.839
M5
G0 X26.235 Y136.203
M3
G0 X61.798 Y136.203
M5
G0 X61.798 Y136.058
M3
G0 X19.822 Y136.058
M5
G0 X19.239 Y135.475
M3
G0 X61.798 Y135.475
M5
G0 X61.215 Y135.912
M3
G0 X57.717 Y135.912
M5
G0 X58.300 Y135.766
M3
G0 X60.049 Y135.766
M5
G0 X59.976 Y135.839
M3
G0 X59.976 Y135.256
M5
G0 X59.393 Y135.256
M3
G0 X59.393 Y135.839
M5
G0 X58.810 Y136.422
M3
G0 X58.810 Y137.005
M5
G0 X58.227 Y137.588
M3
G0 X58.227 Y138.171
M5
G0 X57.644 Y138.171
M3
G0 X57.644 Y139.920
M5
G0 X57.717 Y140.430
M3
G0 X55.385 Y140.430
M5
G0 X54.802 Y140.576
M3
G0 X61.215 Y140.576
M5
G0 X61.215 Y140.430
M3
G0 X60.632 Y140.430
M5
G0 X60.632 Y141.013
M3
G0 X60.049 Y141.013
M5
G0 X58.883 Y140.430
M3
G0 X58.300 Y140.430
M5
G0 X57.717 Y141.013
M3
G0 X54.802 Y141.013
M5
G0 X55.312 Y141.086
M3
G0 X55.312 Y142.835
M5
G0 X55.895 Y141.669
M3
G0 X55.895 Y139.920
M5
G0 X54.802 Y139.993
M3
G0 X61.798 Y139.993
M5
G0 X61.798 Y139.701
M3
G0 X54.802 Y139.701
M5
G0 X54.802 Y141.596
M3
G0 X58.883 Y141.596
M5
G0 X59.466 Y143.345
M3
G0 X57.134 Y143.345
M5
G0 X56.551 Y145.094
M3
G0 X55.968 Y145.094
M5
G0 X52.251 Y144.001
M3
G0 X52.251 Y155.078
M5
G0 X52.106 Y155.078
M3
G0 X52.106 Y37.312
M5
G0 X52.470 Y37.531
M3
G0 X48.389 Y37.531
M5
G0 X48.608 Y37.312
M3
G0 X48.608 Y155.078
M5
G0 X48.025 Y155.078
M3
G0 X48.025 Y152.163
M5
G0 X48.025 Y151.580
M3
G0 X48.025 Y37.895
M5
G0 X47.806 Y38.114
M3
G0 X52.470 Y38.114
M5
G0 X52.470 Y38.259
M3
G0 X51.304 Y38.259
M5
G0 X51.887 Y37.676
M3
G0 X49.555 Y37.676
M5
G0 X49.336 Y37.895
M3
G0 X49.336 Y41.976
M5
G0 X49.555 Y41.757
M3
G0 X45.474 Y41.757
M5
G0 X45.110 Y41.976
M3
G0 X45.110 Y68.211
M5
G0 X45.693 Y68.794
M3
G0 X45.693 Y40.810
M5
G0 X45.474 Y41.029
M3
G0 X134.090 Y41.029
M5
G0 X134.673 Y41.612
M3
G0 X44.891 Y41.612
M5
G0 X44.891 Y42.340
M3
G0 X50.138 Y42.340
M5
G0 X51.304 Y42.340
M3
G0 X76.956 Y42.340
M5
G0 X76.737 Y42.559
M3
G0 X76.737 Y43.725
M5
G0 X76.373 Y44.089
M3
G0 X79.288 Y44.089
M5
G0 X79.069 Y44.308
M3
G0 X79.069 Y44.891
M5
G0 X78.705 Y45.255
M3
G0 X80.454 Y45.255
M5
G0 X80.235 Y45.474
M3
G0 X80.235 Y46.640
M5
G0 X79.871 Y47.004
M3
G0 X81.620 Y47.004
M5
G0 X81.401 Y47.223
M3
G0 X81.401 Y48.972
M5
G0 X81.620 Y48.753
M3
G0 X81.037 Y48.753
M5
G0 X81.037 Y49.336
M3
G0 X82.203 Y49.336
M5
G0 X81.620 Y49.919
M3
G0 X82.786 Y49.919
M5
G0 X82.786 Y50.502
M3
G0 X81.620 Y50.502
M5
G0 X82.203 Y51.085
M3
G0 X82.786 Y51.085
M5
G0 X82.786 Y51.668
M3
G0 X83.369 Y51.668
M5
G0 X83.369 Y52.251
M3
G0 X82.786 Y52.251
M5
G0 X82.786 Y52.834
M3
G0 X83.369 Y52.834
M5
G0 X83.369 Y53.417
M3
G0 X82.786 Y53.417
M5
G0 X79.871 Y54.583
M3
G0 X70.543 Y54.583
M5
G0 X70.543 Y54.000
M3
G0 X79.288 Y54.000
M5
G0 X79.288 Y54.875
M3
G0 X73.458 Y54.875
M5
G0 X73.458 Y55.458
M3
G0 X79.288 Y55.458
M5
G0 X79.652 Y55.385
M3
G0 X79.652 Y67.045
M5
G0 X79.871 Y66.826
M3
G0 X69.960 Y66.826
M5
G0 X69.596 Y67.045
M3
G0 X69.596 Y89.782
M5
G0 X69.013 Y89.782
M3
G0 X69.013 Y68.794
M5
G0 X69.377 Y69.158
M3
G0 X79.288 Y69.158
M5
G0 X79.288 Y69.741
M3
G0 X61.798 Y69.741
M5
G0 X61.798 Y70.324
M3
G0 X67.045 Y70.324
M5
G0 X66.462 Y70.907
M3
G0 X62.381 Y70.907
M5
G0 X62.964 Y71.490
M3
G0 X66.462 Y71.490
M5
G0 X66.462 Y72.073
M3
G0 X62.964 Y72.073
M5
G0 X64.713 Y72.656
M3
G0 X65.879 Y72.656
M5
G0 X65.879 Y69.158
M3
G0 X67.045 Y69.158
M5
G0 X67.264 Y68.794
M3
G0 X67.264 Y88.616
M5
G0 X67.847 Y88.616
M3
G0 X67.847 Y68.211
M5
G0 X68.430 Y68.211
M3
G0 X68.430 Y67.628
M5
G0 X69.013 Y67.628
M3
G0 X69.013 Y68.211
M5
G0 X68.430 Y68.794
M3
G0 X68.430 Y89.199
M5
G0 X66.681 Y88.616
M3
G0 X66.681 Y68.211
M5
G0 X66.098 Y68.211
M3
G0 X66.098 Y88.616
M5
G0 X65.515 Y88.616
M3
G0 X65.515 Y67.628
M5
G0 X64.932 Y67.628
M3
G0 X64.932 Y88.033
M5
G0 X63.766 Y90.365
M3
G0 X63.766 Y134.090
M5
G0 X63.547 Y134.309
M3
G0 X19.239 Y134.309
M5
G0 X19.020 Y134.090
M3
G0 X19.020 Y102.608
M5
G0 X18.437 Y102.608
M3
G0 X18.437 Y120.681
M5
G0 X18.437 Y121.264
M3
G0 X18.437 Y126.511
M5
G0 X18.437 Y127.094
M3
G0 X18.437 Y130.009
M5
G0 X18.437 Y130.592
M3
G0 X18.437 Y133.507
M5
G0 X18.656 Y133.871
M3
G0 X64.713 Y133.871
M5
G0 X64.932 Y134.090
M3
G0 X64.932 Y93.280
M5
G0 X64.349 Y92.697
M3
G0 X64.349 Y134.090
M5
G0 X64.494 Y133.507
M3
G0 X64.494 Y129.426
M5
G0 X63.911 Y129.426
M3
G0 X63.911 Y133.507
M5
G0 X65.077 Y133.507
M3
G0 X65.077 Y129.426
M5
G0 X65.660 Y128.843
M3
G0 X65.660 Y133.507
M5
G0 X66.098 Y133.507
M3
G0 X66.098 Y92.697
M5
G0 X65.515 Y92.697
M3
G0 X65.515 Y134.090
M5
G0 X66.243 Y133.507
M3
G0 X66.243 Y128.843
M5
G0 X66.826 Y128.843
M3
G0 X66.826 Y132.924
M5
G0 X67.045 Y133.288
M3
G0 X17.490 Y133.288
M5
G0 X17.709 Y133.507
M3
G0 X17.709 Y83.952
M5
G0 X17.490 Y84.316
M3
G0 X0.000 Y84.316
M5
G0 X0.000 Y84.171
M3
G0 X18.656 Y84.171
M5
G0 X18.437 Y84.535
M3
G0 X18.437 Y90.948
M5
G0 X19.603 Y90.948
M3
G0 X19.603 Y90.365
M5
G0 X20.186 Y90.365
M3
G0 X20.186 Y90.948
M5
G0 X20.769 Y90.948
M3
G0 X20.769 Y88.616
M5
G0 X21.352 Y88.033
M3
G0 X21.352 Y85.118
M5
G0 X21.571 Y84.754
M3
G0 X137.588 Y84.754
M5
G0 X137.588 Y84.899
M3
G0 X90.948 Y84.899
M5
G0 X90.365 Y83.733
M3
G0 X109.604 Y83.733
M5
G0 X110.187 Y83.150
M3
G0 X112.519 Y83.150
M5
G0 X113.102 Y83.150
M3
G0 X137.588 Y83.150
M5
G0 X137.588 Y82.567
M3
G0 X113.102 Y82.567
M5
G0 X113.102 Y81.984
M3
G0 X137.588 Y81.984
M5
G0 X138.171 Y81.839
M3
G0 X23.320 Y81.839
M5
G0 X23.320 Y82.422
M3
G0 X138.171 Y82.422
M5
G0 X138.171 Y83.005
M3
G0 X22.737 Y83.005
M5
G0 X22.373 Y83.952
M3
G0 X22.373 Y135.256
M5
G0 X21.571 Y134.163
M3
G0 X34.397 Y134.163
M5
G0 X34.397 Y137.661
M3
G0 X40.810 Y137.661
M5
G0 X40.300 Y138.171
M3
G0 X40.300 Y138.754
M5
G0 X40.008 Y138.754
M3
G0 X40.008 Y129.426
M5
G0 X39.425 Y129.426
M3
G0 X39.425 Y128.260
M5
G0 X38.842 Y128.260
M3
G0 X38.842 Y138.754
M5
G0 X39.134 Y138.754
M3
G0 X39.134 Y138.171
M5
G0 X39.717 Y138.171
M3
G0 X39.717 Y138.754
M5
G0 X39.425 Y138.754
M3
G0 X39.425 Y130.009
M5
G0 X40.591 Y129.426
M3
G0 X40.591 Y139.337
M5
G0 X40.446 Y139.337
M3
G0 X40.446 Y49.555
M5
G0 X40.810 Y49.336
M3
G0 X41.393 Y49.336
M5
G0 X40.810 Y48.608
M3
G0 X138.171 Y48.608
M5
G0 X138.171 Y48.025
M3
G0 X41.393 Y48.025
M5
G0 X41.029 Y48.389
M3
G0 X41.029 Y51.304
M5
G0 X41.029 Y51.887
M3
G0 X41.029 Y139.337
M5
G0 X41.174 Y139.337
M3
G0 X41.174 Y130.009
M5
G0 X40.810 Y131.831
M3
G0 X40.227 Y131.831
M5
G0 X38.259 Y128.260
M3
G0 X38.259 Y138.754
M5
G0 X37.676 Y138.754
M3
G0 X37.676 Y128.260
M5
G0 X37.093 Y128.260
M3
G0 X37.093 Y138.754
M5
G0 X36.510 Y138.754
M3
G0 X36.510 Y128.260
M5
G0 X35.927 Y128.260
M3
G0 X35.927 Y138.171
M5
G0 X35.344 Y138.171
M3
G0 X35.344 Y128.260
M5
G0 X34.761 Y128.260
M3
G0 X34.761 Y138.171
M5
G0 X34.178 Y138.171
M3
G0 X34.178 Y127.677
M5
G0 X33.595 Y127.094
M3
G0 X33.595 Y138.171
M5
G0 X33.450 Y138.754
M3
G0 X33.450 Y57.134
M5
G0 X33.231 Y56.770
M3
G0 X139.337 Y56.770
M5
G0 X139.337 Y56.187
M3
G0 X33.814 Y56.187
M5
G0 X34.033 Y56.551
M3
G0 X34.033 Y138.754
M5
G0 X32.867 Y138.171
M3
G0 X32.867 Y57.134
M5
G0 X32.648 Y57.353
M3
G0 X139.337 Y57.353
M5
G0 X138.754 Y57.207
M3
G0 X117.766 Y57.207
M5
G0 X116.964 Y57.717
M3
G0 X116.964 Y27.401
M5
G0 X117.402 Y27.401
M3
G0 X117.402 Y110.770
M5
G0 X117.183 Y111.134
M3
G0 X85.701 Y111.134
M5
G0 X85.118 Y111.717
M3
G0 X116.600 Y111.717
M5
G0 X116.236 Y111.936
M3
G0 X116.236 Y26.235
M5
G0 X116.381 Y26.235
M3
G0 X116.381 Y57.134
M5
G0 X115.798 Y56.551
M3
G0 X115.798 Y26.235
M5
G0 X115.507 Y26.818
M3
G0 X115.507 Y54.219
M5
G0 X115.434 Y54.875
M3
G0 X138.754 Y54.875
M5
G0 X138.754 Y54.729
M3
G0 X117.766 Y54.729
M5
G0 X116.600 Y54.146
M3
G0 X138.754 Y54.146
M5
G0 X138.754 Y54.292
M3
G0 X114.268 Y54.292
M5
G0 X114.268 Y53.709
M3
G0 X138.754 Y53.709
M5
G0 X138.754 Y53.563
M3
G0 X116.017 Y53.563
M5
G0 X115.434 Y52.980
M3
G0 X138.171 Y52.980
M5
G0 X138.171 Y52.397
M3
G0 X114.851 Y52.397
M5
G0 X114.924 Y53.636
M3
G0 X114.924 Y26.235
M5
G0 X114.851 Y26.162
M3
G0 X75.207 Y26.162
M5
G0 X74.988 Y25.652
M3
G0 X74.988 Y36.729
M5
G0 X75.571 Y36.729
M3
G0 X75.571 Y25.069
M5
G0 X75.790 Y25.579
M3
G0 X111.936 Y25.579
M5
G0 X112.519 Y24.996
M3
G0 X110.187 Y24.996
M5
G0 X110.187 Y24.413
M3
G0 X111.936 Y24.413
M5
G0 X112.009 Y24.486
M3
G0 X112.009 Y51.304
M5
G0 X111.936 Y51.377
M3
G0 X138.754 Y51.377
M5
G0 X138.754 Y51.085
M3
G0 X109.021 Y51.085
M5
G0 X109.604 Y51.668
M3
G0 X138.754 Y51.668
M5
G0 X138.171 Y51.231
M3
G0 X113.685 Y51.231
M5
G0 X113.102 Y50.648
M3
G0 X138.171 Y50.648
M5
G0 X138.171 Y50.211
M3
G0 X110.187 Y50.211
M5
G0 X110.843 Y50.138
M3
G0 X110.843 Y23.903
M5
G0 X110.770 Y23.830
M3
G0 X80.454 Y23.830
M5
G0 X80.964 Y23.903
M3
G0 X80.964 Y24.486
M5
G0 X81.547 Y25.069
M3
G0 X81.547 Y25.652
M5
G0 X82.130 Y25.652
M3
G0 X82.130 Y25.069
M5
G0 X81.620 Y23.247
M3
G0 X92.697 Y23.247
M5
G0 X92.697 Y22.664
M3
G0 X82.786 Y22.664
M5
G0 X82.276 Y22.154
M3
G0 X82.276 Y30.316
M5
G0 X82.203 Y30.389
M3
G0 X63.547 Y30.389
M5
G0 X63.547 Y30.680
M3
G0 X121.847 Y30.680
M5
G0 X121.920 Y30.899
M3
G0 X121.920 Y60.632
M5
G0 X121.264 Y60.705
M3
G0 X138.171 Y60.705
M5
G0 X138.171 Y60.559
M3
G0 X123.013 Y60.559
M5
G0 X123.013 Y59.976
M3
G0 X138.171 Y59.976
M5
G0 X138.754 Y60.268
M3
G0 X68.211 Y60.268
M5
G0 X67.847 Y60.049
M3
G0 X67.847 Y28.567
M5
G0 X67.628 Y28.786
M3
G0 X120.681 Y28.786
M5
G0 X120.098 Y28.931
M3
G0 X68.211 Y28.931
M5
G0 X68.284 Y29.150
M3
G0 X68.284 Y37.312
M5
G0 X68.211 Y37.239
M3
G0 X59.466 Y37.239
M5
G0 X59.466 Y36.656
M3
G0 X58.883 Y36.656
M5
G0 X58.883 Y37.239
M3
G0 X58.300 Y37.239
M5
G0 X57.717 Y37.239
M3
G0 X56.551 Y37.239
M5
G0 X57.134 Y36.219
M3
G0 X72.875 Y36.219
M5
G0 X74.041 Y35.636
M3
G0 X57.134 Y35.636
M5
G0 X57.498 Y35.563
M3
G0 X57.498 Y45.474
M5
G0 X58.081 Y45.474
M3
G0 X58.081 Y34.980
M5
G0 X57.790 Y34.980
M3
G0 X57.790 Y44.308
M5
G0 X58.300 Y44.381
M3
G0 X50.138 Y44.381
M5
G0 X50.721 Y43.506
M3
G0 X75.207 Y43.506
M5
G0 X74.988 Y43.725
M3
G0 X74.988 Y60.632
M5
G0 X75.207 Y60.705
M3
G0 X79.871 Y60.705
M5
G0 X79.871 Y60.122
M3
G0 X75.207 Y60.122
M5
G0 X75.207 Y59.539
M3
G0 X79.871 Y59.539
M5
G0 X79.871 Y58.956
M3
G0 X75.207 Y58.956
M5
G0 X76.373 Y58.810
M3
G0 X76.956 Y58.810
M5
G0 X76.956 Y59.393
M3
G0 X76.373 Y59.393
M5
G0 X77.029 Y60.632
M3
G0 X77.029 Y51.304
M5
G0 X77.539 Y51.377
M3
G0 X71.126 Y51.377
M5
G0 X71.782 Y51.304
M3
G0 X71.782 Y45.474
M5
G0 X71.199 Y44.891
M3
G0 X71.199 Y50.721
M5
G0 X70.543 Y50.794
M3
G0 X78.122 Y50.794
M5
G0 X78.486 Y50.721
M3
G0 X78.486 Y51.304
M5
G0 X78.486 Y51.887
M3
G0 X78.486 Y68.794
M5
G0 X79.871 Y67.992
M3
G0 X69.960 Y67.992
M5
G0 X69.960 Y67.409
M3
G0 X79.871 Y67.409
M5
G0 X79.871 Y66.243
M3
G0 X72.875 Y66.243
M5
G0 X72.875 Y65.660
M3
G0 X79.871 Y65.660
M5
G0 X80.454 Y65.077
M3
G0 X73.458 Y65.077
M5
G0 X73.458 Y64.494
M3
G0 X80.454 Y64.494
M5
G0 X80.454 Y63.911
M3
G0 X73.458 Y63.911
M5
G0 X73.458 Y63.328
M3
G0 X80.454 Y63.328
M5
G0 X80.454 Y62.745
M3
G0 X69.960 Y62.745
M5
G0 X69.596 Y62.381
M3
G0 X69.596 Y27.984
M5
G0 X69.377 Y28.348
M3
G0 X118.932 Y28.348
M5
G0 X119.005 Y28.567
M3
G0 X119.005 Y57.134
M5
G0 X119.588 Y57.717
M3
G0 X119.588 Y29.150
M5
G0 X119.515 Y28.640
M3
G0 X68.794 Y28.640
M5
G0 X69.013 Y28.567
M3
G0 X69.013 Y61.215
M5
G0 X69.377 Y60.996
M3
G0 X70.543 Y60.996
M5
G0 X70.324 Y61.215
M3
G0 X70.324 Y62.381
M5
G0 X69.960 Y62.162
M3
G0 X80.454 Y62.162
M5
G0 X80.454 Y61.579
M3
G0 X69.377 Y61.579
M5
G0 X69.377 Y62.017
M3
G0 X138.754 Y62.017
M5
G0 X138.754 Y62.600
M3
G0 X69.377 Y62.600
M5
G0 X69.377 Y63.183
M3
G0 X138.754 Y63.183
M5
G0 X138.754 Y63.766
M3
G0 X69.960 Y63.766
M5
G0 X69.960 Y64.349
M3
G0 X138.754 Y64.349
M5
G0 X138.171 Y64.494
M3
G0 X120.098 Y64.494
M5
G0 X120.098 Y63.911
M3
G0 X138.171 Y63.911
M5
G0 X137.588 Y64.203
M3
G0 X123.596 Y64.203
M5
G0 X124.179 Y64.786
M3
G0 X137.588 Y64.786
M5
G0 X137.588 Y65.077
M3
G0 X119.515 Y65.077
M5
G0 X118.932 Y66.826
M3
G0 X137.005 Y66.826
M5
G0 X137.588 Y66.681
M3
G0 X27.401 Y66.681
M5
G0 X29.369 Y68.794
M3
G0 X29.369 Y60.632
M5
G0 X29.150 Y60.268
M3
G0 X67.628 Y60.268
M5
G0 X68.211 Y59.830
M3
G0 X80.454 Y59.830
M5
G0 X80.454 Y59.247
M3
G0 X72.875 Y59.247
M5
G0 X72.292 Y60.705
M3
G0 X71.709 Y60.705
M5
G0 X71.126 Y60.996
M3
G0 X80.454 Y60.996
M5
G0 X80.454 Y60.413
M3
G0 X68.794 Y60.413
M5
G0 X68.430 Y60.632
M3
G0 X68.430 Y28.567
M5
G0 X68.794 Y28.203
M3
G0 X119.515 Y28.203
M5
G0 X119.151 Y27.984
M3
G0 X119.151 Y108.438
M5
G0 X119.296 Y108.438
M3
G0 X119.296 Y81.037
M5
G0 X121.045 Y81.620
M3
G0 X121.045 Y106.689
M5
G0 X120.681 Y106.908
M3
G0 X12.243 Y106.908
M5
G0 X12.243 Y107.053
M3
G0 X26.818 Y107.053
M5
G0 X26.818 Y107.636
M3
G0 X30.316 Y107.636
M5
G0 X29.733 Y107.053
M3
G0 X27.984 Y107.053
M5
G0 X26.818 Y108.219
M3
G0 X74.041 Y108.219
M5
G0 X74.624 Y108.802
M3
G0 X44.891 Y108.802
M5
G0 X45.255 Y108.438
M3
G0 X45.255 Y97.361
M5
G0 X44.089 Y95.029
M3
G0 X44.089 Y107.272
M5
G0 X45.474 Y107.928
M3
G0 X53.636 Y107.928
M5
G0 X54.000 Y107.855
M3
G0 X54.000 Y107.272
M5
G0 X54.583 Y107.855
M3
G0 X54.583 Y118.932
M5
G0 X56.332 Y118.932
M3
G0 X56.332 Y109.021
M5
G0 X55.749 Y108.438
M3
G0 X55.749 Y109.604
M5
G0 X55.385 Y109.677
M3
G0 X47.223 Y109.677
M5
G0 X47.806 Y108.948
M3
G0 X53.636 Y108.948
M5
G0 X53.563 Y109.021
M3
G0 X53.563 Y110.187
M5
G0 X53.563 Y110.770
M3
G0 X53.563 Y111.936
M5
G0 X53.053 Y112.446
M3
G0 X57.717 Y112.446
M5
G0 X57.207 Y111.936
M3
G0 X57.207 Y115.434
M5
G0 X56.551 Y114.195
M3
G0 X61.215 Y114.195
M5
G0 X61.288 Y113.685
M3
G0 X61.288 Y116.017
M5
G0 X61.871 Y116.017
M3
G0 X61.871 Y114.268
M5
G0 X61.798 Y114.778
M3
G0 X58.883 Y114.778
M5
G0 X59.393 Y113.685
M3
G0 X59.393 Y113.102
M5
G0 X59.976 Y113.102
M3
G0 X59.976 Y113.685
M5
G0 X60.122 Y113.102
M3
G0 X60.122 Y116.017
M5
G0 X60.049 Y116.090
M3
G0 X65.296 Y116.090
M5
G0 X64.713 Y115.507
M3
G0 X52.470 Y115.507
M5
G0 X51.304 Y114.924
M3
G0 X65.296 Y114.924
M5
G0 X65.296 Y114.341
M3
G0 X50.138 Y114.341
M5
G0 X50.138 Y113.758
M3
G0 X62.381 Y113.758
M5
G0 X62.964 Y113.758
M3
G0 X64.713 Y113.758
M5
G0 X63.547 Y113.175
M3
G0 X62.964 Y113.175
M5
G0 X61.215 Y113.175
M3
G0 X50.138 Y113.175
M5
G0 X49.555 Y112.592
M3
G0 X61.215 Y112.592
M5
G0 X60.632 Y113.612
M3
G0 X54.802 Y113.612
M5
G0 X54.875 Y114.268
M3
G0 X54.875 Y110.187
M5
G0 X54.802 Y110.114
M3
G0 X50.138 Y110.114
M5
G0 X50.721 Y110.697
M3
G0 X55.385 Y110.697
M5
G0 X55.312 Y110.187
M3
G0 X55.312 Y112.519
M5
G0 X54.729 Y112.519
M3
G0 X54.729 Y111.936
M5
G0 X54.729 Y111.353
M3
G0 X54.729 Y109.604
M5
G0 X54.292 Y109.604
M3
G0 X54.292 Y114.851
M5
G0 X53.709 Y114.268
M3
G0 X53.709 Y109.021
M5
G0 X53.126 Y108.438
M3
G0 X53.126 Y113.685
M5
G0 X52.543 Y113.102
M3
G0 X52.543 Y107.855
M5
G0 X52.397 Y107.855
M3
G0 X52.397 Y110.770
M5
G0 X51.887 Y111.280
M3
G0 X55.968 Y111.280
M5
G0 X55.458 Y110.187
M3
G0 X55.458 Y114.268
M5
G0 X58.883 Y112.009
M3
G0 X49.555 Y112.009
M5
G0 X45.838 Y113.685
M3
G0 X45.838 Y109.604
M5
G0 X45.255 Y109.604
M3
G0 X45.255 Y113.102
M5
G0 X44.672 Y111.936
M3
G0 X44.672 Y110.770
M5
G0 X44.672 Y110.187
M3
G0 X44.672 Y109.604
M5
G0 X44.089 Y110.187
M3
G0 X44.089 Y111.353
M5
G0 X42.340 Y110.187
M3
G0 X42.340 Y109.604
M5
G0 X44.308 Y108.802
M3
G0 X32.648 Y108.802
M5
G0 X31.482 Y109.385
M3
G0 X74.624 Y109.385
M5
G0 X74.624 Y113.466
M3
G0 X37.312 Y113.466
M5
G0 X37.895 Y114.049
M3
G0 X74.624 Y114.049
M5
G0 X75.790 Y114.632
M3
G0 X37.895 Y114.632
M5
G0 X37.312 Y116.381
M3
G0 X39.644 Y116.381
M5
G0 X41.393 Y116.964
M3
G0 X114.268 Y116.964
M5
G0 X114.049 Y116.600
M3
G0 X114.049 Y116.017
M5
G0 X114.049 Y114.851
M3
G0 X114.049 Y89.199
M5
G0 X112.883 Y88.616
M3
G0 X112.883 Y88.033
M5
G0 X111.134 Y88.033
M3
G0 X111.134 Y88.616
M5
G0 X110.187 Y88.106
M3
G0 X102.025 Y88.106
M5
G0 X102.098 Y87.450
M3
G0 X102.098 Y82.203
M5
G0 X102.025 Y81.110
M3
G0 X90.365 Y81.110
M5
G0 X89.782 Y80.527
M3
G0 X100.859 Y80.527
M5
G0 X101.223 Y80.454
M3
G0 X101.223 Y89.199
M5
G0 X100.640 Y88.616
M3
G0 X100.640 Y79.871
M5
G0 X100.057 Y79.871
M3
G0 X100.057 Y87.450
M5
G0 X99.474 Y86.284
M3
G0 X99.474 Y79.871
M5
G0 X99.693 Y79.652
M3
G0 X101.442 Y79.652
M5
G0 X102.608 Y79.652
M3
G0 X103.774 Y79.652
M5
G0 X103.774 Y80.235
M3
G0 X82.786 Y80.235
M5
G0 X82.786 Y79.652
M3
G0 X83.952 Y79.652
M5
G0 X83.150 Y81.037
M3
G0 X83.150 Y83.952
M5
G0 X83.369 Y84.316
M3
G0 X86.867 Y84.316
M5
G0 X86.284 Y84.899
M3
G0 X88.033 Y84.899
M5
G0 X88.616 Y84.899
M3
G0 X89.199 Y84.899
M5
G0 X89.199 Y85.482
M3
G0 X137.588 Y85.482
M5
G0 X137.588 Y85.337
M3
G0 X0.000 Y85.337
M5
G0 X0.000 Y85.482
M3
G0 X57.717 Y85.482
M5
G0 X58.300 Y84.899
M3
G0 X58.883 Y84.899
M5
G0 X58.883 Y84.316
M3
G0 X58.300 Y84.316
M5
G0 X58.883 Y83.733
M3
G0 X69.960 Y83.733
M5
G0 X69.960 Y83.150
M3
G0 X58.883 Y83.150
M5
G0 X58.300 Y82.567
M3
G0 X69.960 Y82.567
M5
G0 X69.960 Y84.316
M3
G0 X68.211 Y84.316
M5
G0 X67.628 Y84.316
M3
G0 X65.879 Y84.316
M5
G0 X65.296 Y84.316
M3
G0 X59.466 Y84.316
M5
G0 X59.466 Y84.899
M3
G0 X63.547 Y84.899
M5
G0 X65.879 Y84.899
M3
G0 X67.045 Y84.899
M5
G0 X69.377 Y84.899
M3
G0 X69.960 Y84.899
M5
G0 X70.543 Y80.818
M3
G0 X67.628 Y80.818
M5
G0 X68.211 Y80.235
M3
G0 X70.543 Y80.235
M5
G0 X70.543 Y79.652
M3
G0 X68.794 Y79.652
M5
G0 X69.960 Y78.486
M3
G0 X74.041 Y78.486
M5
G0 X74.041 Y77.903
M3
G0 X69.960 Y77.903
M5
G0 X69.960 Y77.320
M3
G0 X75.207 Y77.320
M5
G0 X75.207 Y76.737
M3
G0 X70.543 Y76.737
M5
G0 X71.126 Y76.154
M3
G0 X75.790 Y76.154
M5
G0 X76.373 Y75.571
M3
G0 X71.126 Y75.571
M5
G0 X69.960 Y74.988
M3
G0 X76.956 Y74.988
M5
G0 X76.373 Y74.405
M3
G0 X72.875 Y74.405
M5
G0 X73.458 Y72.073
M3
G0 X78.122 Y72.073
M5
G0 X78.122 Y71.490
M3
G0 X74.624 Y71.490
M5
G0 X74.624 Y70.907
M3
G0 X78.122 Y70.907
M5
G0 X76.154 Y72.875
M3
G0 X76.154 Y73.458
M5
G0 X75.571 Y74.041
M3
G0 X75.571 Y74.624
M5
G0 X74.041 Y70.907
M3
G0 X69.960 Y70.907
M5
G0 X69.960 Y72.656
M3
G0 X70.543 Y72.656
M5
G0 X70.543 Y73.239
M3
G0 X69.960 Y73.239
M5
G0 X73.239 Y71.126
M3
G0 X73.239 Y70.543
M5
G0 X72.292 Y66.243
M3
G0 X70.543 Y66.243
M5
G0 X70.543 Y65.660
M3
G0 X72.292 Y65.660
M5
G0 X72.292 Y65.077
M3
G0 X70.543 Y65.077
M5
G0 X70.907 Y65.296
M3
G0 X70.907 Y64.713
M5
G0 X70.543 Y64.494
M3
G0 X72.875 Y64.494
M5
G0 X72.875 Y63.911
M3
G0 X70.543 Y63.911
M5
G0 X70.543 Y63.328
M3
G0 X72.875 Y63.328
M5
G0 X71.490 Y64.713
M3
G0 X71.490 Y65.879
M5
G0 X71.490 Y61.798
M3
G0 X71.490 Y57.717
M5
G0 X70.907 Y57.134
M3
G0 X70.907 Y59.466
M5
G0 X70.324 Y58.300
M3
G0 X70.324 Y56.551
M5
G0 X69.741 Y55.968
M3
G0 X69.741 Y57.134
M5
G0 X69.158 Y56.551
M3
G0 X69.158 Y55.968
M5
G0 X67.409 Y55.968
M3
G0 X67.409 Y55.385
M5
G0 X66.826 Y55.385
M3
G0 X66.826 Y55.968
M5
G0 X66.826 Y56.551
M3
G0 X66.826 Y58.300
M5
G0 X66.462 Y57.790
M3
G0 X67.628 Y57.790
M5
G0 X67.992 Y57.717
M3
G0 X67.992 Y59.466
M5
G0 X68.211 Y58.956
M3
G0 X68.794 Y58.956
M5
G0 X69.158 Y58.883
M3
G0 X69.158 Y60.049
M5
G0 X69.377 Y59.539
M3
G0 X68.794 Y59.539
M5
G0 X68.575 Y60.049
M3
G0 X68.575 Y58.300
M5
G0 X68.211 Y58.373
M3
G0 X67.628 Y58.373
M5
G0 X67.409 Y58.883
M3
G0 X67.409 Y57.134
M5
G0 X67.045 Y57.207
M3
G0 X65.296 Y57.207
M5
G0 X65.077 Y57.717
M3
G0 X65.077 Y55.968
M5
G0 X65.296 Y56.041
M3
G0 X60.632 Y56.041
M5
G0 X59.466 Y56.624
M3
G0 X62.964 Y56.624
M5
G0 X63.547 Y56.624
M3
G0 X66.462 Y56.624
M5
G0 X65.660 Y55.968
M3
G0 X65.660 Y57.717
M5
G0 X66.243 Y57.717
M3
G0 X66.243 Y55.385
M5
G0 X64.494 Y55.385
M3
G0 X64.494 Y57.717
M5
G0 X63.911 Y57.717
M3
G0 X63.911 Y54.802
M5
G0 X63.328 Y54.219
M3
G0 X63.328 Y57.717
M5
G0 X62.964 Y58.081
M3
G0 X53.636 Y58.081
M5
G0 X53.053 Y58.081
M3
G0 X52.470 Y58.081
M5
G0 X52.470 Y59.830
M3
G0 X60.049 Y59.830
M5
G0 X60.268 Y60.049
M3
G0 X60.268 Y32.065
M5
G0 X60.632 Y32.138
M3
G0 X79.288 Y32.138
M5
G0 X78.778 Y31.482
M3
G0 X78.778 Y24.486
M5
G0 X78.486 Y24.486
M3
G0 X78.486 Y34.980
M5
G0 X77.903 Y34.980
M3
G0 X77.903 Y23.903
M5
G0 X78.122 Y23.976
M3
G0 X76.956 Y23.976
M5
G0 X76.956 Y24.267
M3
G0 X113.102 Y24.267
M5
G0 X112.300 Y23.903
M3
G0 X112.300 Y53.053
M5
G0 X111.936 Y53.417
M3
G0 X138.754 Y53.417
M5
G0 X136.932 Y53.636
M3
G0 X136.932 Y53.053
M5
G0 X136.349 Y51.887
M3
G0 X136.349 Y55.968
M5
G0 X135.766 Y55.968
M3
G0 X135.766 Y55.385
M5
G0 X135.183 Y55.968
M3
G0 X135.183 Y48.389
M5
G0 X134.600 Y48.972
M3
G0 X134.600 Y55.968
M5
G0 X135.183 Y56.551
M3
G0 X135.183 Y60.632
M5
G0 X135.766 Y61.215
M3
G0 X135.766 Y59.466
M5
G0 X135.766 Y57.717
M3
G0 X135.766 Y57.134
M5
G0 X134.017 Y57.134
M3
G0 X134.017 Y48.972
M5
G0 X135.766 Y48.972
M3
G0 X135.766 Y49.555
M5
G0 X136.349 Y49.555
M3
G0 X136.349 Y50.721
M5
G0 X135.766 Y50.721
M3
G0 X135.766 Y54.219
M5
G0 X137.515 Y57.134
M3
G0 X137.515 Y57.717
M5
G0 X138.754 Y56.332
M3
G0 X114.268 Y56.332
M5
G0 X116.090 Y54.802
M3
G0 X116.090 Y27.401
M5
G0 X116.017 Y27.911
M3
G0 X116.600 Y27.911
M5
G0 X116.600 Y28.494
M3
G0 X117.766 Y28.494
M5
G0 X117.547 Y27.401
M3
G0 X117.547 Y58.300
M5
G0 X117.766 Y60.413
M3
G0 X138.754 Y60.413
M5
G0 X138.535 Y60.632
M3
G0 X138.535 Y50.138
M5
G0 X137.588 Y50.065
M3
G0 X112.519 Y50.065
M5
G0 X112.519 Y49.482
M3
G0 X137.588 Y49.482
M5
G0 X137.661 Y48.972
M3
G0 X137.661 Y62.964
M5
G0 X136.422 Y62.891
M3
G0 X125.345 Y62.891
M5
G0 X124.762 Y62.308
M3
G0 X136.422 Y62.308
M5
G0 X137.005 Y61.725
M3
G0 X124.762 Y61.725
M5
G0 X124.179 Y61.142
M3
G0 X137.005 Y61.142
M5
G0 X138.171 Y61.288
M3
G0 X121.847 Y61.288
M5
G0 X122.503 Y61.215
M3
G0 X122.503 Y31.482
M5
G0 X122.430 Y30.972
M3
G0 X89.199 Y30.972
M5
G0 X88.689 Y30.316
M3
G0 X88.689 Y21.571
M5
G0 X87.814 Y20.988
M3
G0 X87.814 Y32.065
M5
G0 X90.365 Y32.721
M3
G0 X125.928 Y32.721
M5
G0 X125.709 Y32.648
M3
G0 X125.709 Y75.207
M5
G0 X127.677 Y75.280
M3
G0 X138.171 Y75.280
M5
G0 X138.171 Y74.697
M3
G0 X127.677 Y74.697
M5
G0 X128.260 Y74.114
M3
G0 X138.171 Y74.114
M5
G0 X138.171 Y73.531
M3
G0 X128.260 Y73.531
M5
G0 X128.260 Y72.948
M3
G0 X138.171 Y72.948
M5
G0 X138.171 Y72.365
M3
G0 X128.260 Y72.365
M5
G0 X127.677 Y71.782
M3
G0 X138.171 Y71.782
M5
G0 X138.754 Y71.345
M3
G0 X30.316 Y71.345
M5
G0 X29.150 Y69.013
M3
G0 X138.171 Y69.013
M5
G0 X138.171 Y69.158
M3
G0 X116.017 Y69.158
M5
G0 X116.600 Y68.575
M3
G0 X137.588 Y68.575
M5
G0 X137.588 Y68.721
M3
G0 X131.175 Y68.721
M5
G0 X131.175 Y68.138
M3
G0 X137.005 Y68.138
M5
G0 X137.588 Y68.867
M3
G0 X125.928 Y68.867
M5
G0 X126.511 Y69.450
M3
G0 X138.171 Y69.450
M5
G0 X138.171 Y69.741
M3
G0 X115.434 Y69.741
M5
G0 X111.936 Y73.239
M3
G0 X110.187 Y73.239
M5
G0 X109.604 Y72.073
M3
G0 X109.021 Y72.073
M5
G0 X108.438 Y71.490
M3
G0 X109.604 Y71.490
M5
G0 X113.102 Y77.903
M3
G0 X138.171 Y77.903
M5
G0 X138.171 Y77.612
M3
G0 X127.677 Y77.612
M5
G0 X128.333 Y77.539
M3
G0 X128.333 Y98.527
M5
G0 X128.260 Y98.454
M3
G0 X128.843 Y98.454
M5
G0 X128.916 Y98.527
M3
G0 X128.916 Y75.207
M5
G0 X127.677 Y75.863
M3
G0 X138.171 Y75.863
M5
G0 X138.754 Y77.175
M3
G0 X26.235 Y77.175
M5
G0 X26.235 Y78.486
M3
G0 X41.976 Y78.486
M5
G0 X43.506 Y80.454
M3
G0 X43.506 Y81.620
M5
G0 X44.089 Y81.620
M3
G0 X44.089 Y80.454
M5
G0 X44.672 Y80.454
M3
G0 X44.672 Y81.620
M5
G0 X45.255 Y81.037
M3
G0 X45.255 Y79.871
M5
G0 X45.838 Y79.871
M3
G0 X45.838 Y81.037
M5
G0 X46.421 Y81.037
M3
G0 X46.421 Y79.288
M5
G0 X47.004 Y79.288
M3
G0 X47.004 Y80.454
M5
G0 X47.587 Y80.454
M3
G0 X47.587 Y79.288
M5
G0 X48.170 Y79.288
M3
G0 X48.170 Y80.454
M5
G0 X48.753 Y80.454
M3
G0 X48.753 Y79.288
M5
G0 X49.336 Y79.288
M3
G0 X49.336 Y80.454
M5
G0 X49.919 Y79.871
M3
G0 X49.919 Y79.288
M5
G0 X50.502 Y79.288
M3
G0 X50.502 Y79.871
M5
G0 X51.085 Y79.871
M3
G0 X51.085 Y79.288
M5
G0 X53.417 Y82.786
M3
G0 X53.417 Y88.616
M5
G0 X52.834 Y88.033
M3
G0 X52.834 Y83.952
M5
G0 X54.000 Y83.952
M3
G0 X54.000 Y93.280
M5
G0 X54.583 Y95.029
M3
G0 X54.583 Y85.118
M5
G0 X55.166 Y85.118
M3
G0 X55.166 Y96.195
M5
G0 X55.749 Y97.361
M3
G0 X55.749 Y85.118
M5
G0 X55.385 Y85.774
M3
G0 X53.053 Y85.774
M5
G0 X53.053 Y85.191
M3
G0 X53.636 Y85.191
M5
G0 X53.636 Y86.357
M3
G0 X56.551 Y86.357
M5
G0 X56.332 Y85.701
M3
G0 X56.332 Y97.944
M5
G0 X58.300 Y97.434
M3
G0 X60.632 Y97.434
M5
G0 X60.413 Y96.778
M3
G0 X60.413 Y104.940
M5
G0 X60.413 Y105.523
M3
G0 X60.413 Y120.098
M5
G0 X60.996 Y120.098
M3
G0 X60.996 Y96.778
M5
G0 X60.413 Y95.612
M3
G0 X60.413 Y94.446
M5
G0 X59.830 Y94.446
M3
G0 X59.830 Y104.940
M5
G0 X59.247 Y104.940
M3
G0 X59.247 Y94.446
M5
G0 X58.664 Y93.863
M3
G0 X58.664 Y104.940
M5
G0 X58.081 Y104.940
M3
G0 X58.081 Y86.867
M5
G0 X57.717 Y86.940
M3
G0 X54.219 Y86.940
M5
G0 X54.802 Y87.523
M3
G0 X55.968 Y87.523
M5
G0 X56.551 Y87.523
M3
G0 X58.300 Y87.523
M5
G0 X58.300 Y88.106
M3
G0 X55.385 Y88.106
M5
G0 X55.385 Y88.689
M3
G0 X55.968 Y88.689
M5
G0 X55.968 Y89.272
M3
G0 X55.385 Y89.272
M5
G0 X57.134 Y88.689
M3
G0 X58.883 Y88.689
M5
G0 X58.883 Y89.272
M3
G0 X57.717 Y89.272
M5
G0 X57.790 Y88.616
M3
G0 X57.790 Y88.033
M5
G0 X58.664 Y88.033
M3
G0 X58.664 Y93.280
M5
G0 X57.717 Y95.102
M3
G0 X57.134 Y95.102
M5
G0 X57.134 Y95.685
M3
G0 X58.300 Y95.685
M5
G0 X58.300 Y96.268
M3
G0 X58.883 Y96.268
M5
G0 X58.300 Y96.851
M3
G0 X59.466 Y96.851
M5
G0 X61.798 Y94.227
M3
G0 X16.324 Y94.227
M5
G0 X15.960 Y93.863
M3
G0 X15.960 Y131.758
M5
G0 X16.324 Y132.122
M3
G0 X70.543 Y132.122
M5
G0 X70.762 Y132.341
M3
G0 X70.762 Y27.401
M5
G0 X70.907 Y27.401
M3
G0 X70.907 Y37.895
M5
G0 X70.324 Y38.478
M3
G0 X70.324 Y27.984
M5
G0 X70.543 Y28.494
M3
G0 X83.369 Y28.494
M5
G0 X84.025 Y29.150
M3
G0 X84.025 Y21.571
M5
G0 X84.316 Y21.571
M3
G0 X84.316 Y30.316
M5
G0 X84.899 Y30.316
M3
G0 X84.899 Y21.571
M5
G0 X84.608 Y21.571
M3
G0 X84.608 Y29.150
M5
G0 X85.191 Y29.150
M3
G0 X85.191 Y21.571
M5
G0 X85.774 Y21.571
M3
G0 X85.774 Y29.150
M5
G0 X85.118 Y27.911
M3
G0 X75.207 Y27.911
M5
G0 X75.207 Y27.328
M3
G0 X114.268 Y27.328
M5
G0 X113.685 Y26.745
M3
G0 X114.851 Y26.745
M5
G0 X114.195 Y26.235
M3
G0 X114.195 Y25.652
M5
G0 X112.446 Y26.235
M3
G0 X112.446 Y26.818
M5
G0 X111.863 Y26.818
M3
G0 X111.863 Y27.984
M5
G0 X111.280 Y27.984
M3
G0 X111.280 Y30.316
M5
G0 X110.697 Y29.733
M3
G0 X110.697 Y27.401
M5
G0 X109.604 Y24.996
M3
G0 X77.539 Y24.996
M5
G0 X77.466 Y25.069
M3
G0 X77.466 Y25.652
M5
G0 X78.049 Y25.652
M3
G0 X78.049 Y25.069
M5
G0 X78.195 Y24.486
M3
G0 X78.195 Y32.065
M5
G0 X77.612 Y32.065
M3
G0 X77.612 Y24.486
M5
G0 X77.758 Y23.320
M3
G0 X77.758 Y128.843
M5
G0 X78.122 Y128.624
M3
G0 X14.575 Y128.624
M5
G0 X14.575 Y128.479
M3
G0 X79.288 Y128.479
M5
G0 X79.507 Y128.260
M3
G0 X79.507 Y22.154
M5
G0 X79.288 Y22.373
M3
G0 X110.770 Y22.373
M5
G0 X110.406 Y22.737
M3
G0 X110.406 Y120.098
M5
G0 X109.968 Y120.098
M3
G0 X109.968 Y118.349
M5
G0 X109.968 Y117.766
M3
G0 X109.968 Y115.434
M5
G0 X109.968 Y114.851
M3
G0 X109.968 Y85.118
M5
G0 X109.385 Y84.535
M3
G0 X109.385 Y114.851
M5
G0 X108.802 Y115.434
M3
G0 X108.802 Y83.952
M5
G0 X108.438 Y84.608
M3
G0 X97.361 Y84.608
M5
G0 X97.434 Y84.535
M3
G0 X97.434 Y80.454
M5
G0 X96.851 Y80.454
M3
G0 X96.851 Y83.952
M5
G0 X95.976 Y84.535
M3
G0 X95.976 Y78.705
M5
G0 X96.195 Y78.778
M3
G0 X91.531 Y78.778
M5
G0 X91.895 Y78.705
M3
G0 X91.895 Y83.369
M5
G0 X91.312 Y83.369
M3
G0 X91.312 Y77.539
M5
G0 X90.729 Y77.539
M3
G0 X90.729 Y82.786
M5
G0 X90.146 Y82.786
M3
G0 X90.146 Y77.539
M5
G0 X89.563 Y77.539
M3
G0 X89.563 Y82.786
M5
G0 X89.782 Y83.733
M3
G0 X77.539 Y83.733
M5
G0 X78.122 Y83.150
M3
G0 X109.021 Y83.150
M5
G0 X108.438 Y82.567
M3
G0 X78.122 Y82.567
M5
G0 X78.122 Y81.984
M3
G0 X107.855 Y81.984
M5
G0 X107.053 Y82.203
M3
G0 X107.053 Y81.620
M5
G0 X105.887 Y82.203
M3
G0 X105.887 Y104.940
M5
G0 X106.106 Y107.345
M3
G0 X120.098 Y107.345
M5
G0 X120.098 Y107.636
M3
G0 X87.450 Y107.636
M5
G0 X88.033 Y107.053
M3
G0 X120.681 Y107.053
M5
G0 X120.681 Y107.491
M3
G0 X11.660 Y107.491
M5
G0 X11.660 Y108.074
M3
G0 X120.098 Y108.074
M5
G0 X119.734 Y108.438
M3
G0 X119.734 Y28.567
M5
G0 X119.879 Y28.567
M3
G0 X119.879 Y60.632
M5
G0 X119.296 Y60.632
M3
G0 X119.296 Y28.567
M5
G0 X118.932 Y29.077
M3
G0 X88.033 Y29.077
M5
G0 X86.794 Y26.235
M3
G0 X86.794 Y25.652
M5
G0 X86.211 Y25.069
M3
G0 X86.211 Y26.235
M5
G0 X85.628 Y26.235
M3
G0 X85.628 Y25.069
M5
G0 X85.701 Y22.081
M3
G0 X90.365 Y22.081
M5
G0 X92.478 Y20.988
M3
G0 X92.478 Y35.563
M5
G0 X93.061 Y36.146
M3
G0 X93.061 Y20.988
M5
G0 X92.916 Y20.988
M3
G0 X92.916 Y69.960
M5
G0 X92.333 Y69.960
M3
G0 X92.333 Y20.405
M5
G0 X93.499 Y20.988
M3
G0 X93.499 Y75.207
M5
G0 X93.499 Y75.790
M3
G0 X93.499 Y90.365
M5
G0 X93.863 Y90.584
M3
G0 X135.839 Y90.584
M5
G0 X135.839 Y90.729
M3
G0 X94.446 Y90.729
M5
G0 X94.446 Y91.167
M3
G0 X135.839 Y91.167
M5
G0 X135.256 Y91.021
M3
G0 X117.183 Y91.021
M5
G0 X117.766 Y90.438
M3
G0 X135.256 Y90.438
M5
G0 X135.329 Y90.365
M3
G0 X135.329 Y75.790
M5
G0 X134.673 Y75.717
M3
G0 X134.090 Y75.717
M5
G0 X134.090 Y75.134
M3
G0 X134.673 Y75.134
M5
G0 X134.673 Y74.551
M3
G0 X135.256 Y74.551
M5
G0 X135.329 Y74.624
M3
G0 X135.329 Y44.308
M5
G0 X135.256 Y44.235
M3
G0 X116.017 Y44.235
M5
G0 X116.017 Y44.818
M3
G0 X119.515 Y44.818
M5
G0 X120.098 Y44.818
M3
G0 X121.847 Y44.818
M5
G0 X121.774 Y44.891
M3
G0 X121.774 Y46.057
M5
G0 X120.608 Y46.057
M3
G0 X120.608 Y46.640
M5
G0 X120.025 Y46.640
M3
G0 X120.025 Y46.057
M5
G0 X118.859 Y48.389
M3
G0 X118.859 Y48.972
M5
G0 X117.183 Y48.899
M3
G0 X137.588 Y48.899
M5
G0 X137.005 Y48.316
M3
G0 X117.183 Y48.316
M5
G0 X116.600 Y48.316
M3
G0 X110.770 Y48.316
M5
G0 X110.187 Y47.733
M3
G0 X114.268 Y47.733
M5
G0 X114.851 Y47.733
M3
G0 X137.005 Y47.733
M5
G0 X137.078 Y47.806
M3
G0 X137.078 Y64.130
M5
G0 X137.369 Y65.296
M3
G0 X137.369 Y47.223
M5
G0 X137.588 Y47.296
M3
G0 X107.272 Y47.296
M5
G0 X107.928 Y47.223
M3
G0 X107.928 Y22.737
M5
G0 X108.511 Y22.737
M3
G0 X108.511 Y47.806
M5
G0 X107.345 Y46.640
M3
G0 X107.345 Y22.154
M5
G0 X107.199 Y22.737
M3
G0 X107.199 Y25.069
M5
G0 X107.199 Y25.652
M3
G0 X107.199 Y30.316
M5
G0 X104.284 Y29.150
M3
G0 X104.284 Y25.652
M5
G0 X106.616 Y24.486
M3
G0 X106.616 Y23.320
M5
G0 X106.033 Y23.320
M3
G0 X106.033 Y22.154
M5
G0 X106.179 Y22.154
M3
G0 X106.179 Y45.474
M5
G0 X106.689 Y46.713
M3
G0 X137.005 Y46.713
M5
G0 X137.224 Y46.640
M3
G0 X137.224 Y65.879
M5
G0 X137.807 Y65.296
M3
G0 X137.807 Y47.806
M5
G0 X137.588 Y47.587
M3
G0 X105.523 Y47.587
M5
G0 X105.887 Y47.223
M3
G0 X105.887 Y21.571
M5
G0 X106.106 Y21.207
M3
G0 X103.191 Y21.207
M5
G0 X103.410 Y21.571
M3
G0 X103.410 Y122.430
M5
G0 X104.138 Y121.264
M3
G0 X104.138 Y120.681
M5
G0 X104.721 Y120.098
M3
G0 X104.721 Y121.264
M5
G0 X105.304 Y121.264
M3
G0 X105.304 Y120.098
M5
G0 X105.887 Y120.098
M3
G0 X105.887 Y121.264
M5
G0 X106.470 Y121.264
M3
G0 X106.470 Y119.515
M5
G0 X107.053 Y118.932
M3
G0 X107.053 Y121.264
M5
G0 X106.908 Y122.430
M3
G0 X106.908 Y21.571
M5
G0 X106.325 Y21.571
M3
G0 X106.325 Y122.430
M5
G0 X108.219 Y120.681
M3
G0 X108.219 Y120.098
M5
G0 X107.636 Y120.098
M3
G0 X107.636 Y119.515
M5
G0 X108.219 Y118.932
M3
G0 X108.219 Y117.183
M5
G0 X108.219 Y116.600
M3
G0 X108.219 Y116.017
M5
G0 X108.802 Y116.017
M3
G0 X108.802 Y118.349
M5
G0 X109.385 Y118.349
M3
G0 X109.385 Y116.017
M5
G0 X110.187 Y116.090
M3
G0 X111.353 Y116.090
M5
G0 X111.353 Y115.507
M3
G0 X110.770 Y115.507
M5
G0 X111.353 Y114.924
M3
G0 X111.936 Y114.924
M5
G0 X112.519 Y114.924
M3
G0 X113.102 Y114.924
M5
G0 X112.519 Y114.341
M3
G0 X111.936 Y114.341
M5
G0 X111.936 Y113.758
M3
G0 X110.187 Y113.758
M5
G0 X108.438 Y112.446
M3
G0 X106.106 Y112.446
M5
G0 X104.940 Y112.446
M3
G0 X103.191 Y112.446
M5
G0 X103.774 Y111.863
M3
G0 X114.268 Y111.863
M5
G0 X114.268 Y112.446
M3
G0 X114.851 Y112.446
M5
G0 X114.924 Y112.519
M3
G0 X114.924 Y95.612
M5
G0 X115.507 Y95.029
M3
G0 X115.507 Y111.936
M5
G0 X115.434 Y112.009
M3
G0 X100.859 Y112.009
M5
G0 X100.932 Y112.519
M3
G0 X100.932 Y116.600
M5
G0 X100.349 Y116.600
M3
G0 X100.349 Y113.685
M5
G0 X99.766 Y114.268
M3
G0 X99.766 Y116.600
M5
G0 X99.183 Y116.600
M3
G0 X99.183 Y114.268
M5
G0 X99.110 Y113.758
M3
G0 X107.272 Y113.758
M5
G0 X106.762 Y113.685
M3
G0 X106.762 Y107.855
M5
G0 X106.179 Y108.438
M3
G0 X106.179 Y113.685
M5
G0 X106.106 Y114.341
M3
G0 X98.527 Y114.341
M5
G0 X98.600 Y114.851
M3
G0 X98.600 Y116.600
M5
G0 X98.600 Y117.183
M3
G0 X98.600 Y117.766
M5
G0 X98.527 Y118.422
M3
G0 X96.195 Y118.422
M5
G0 X96.195 Y117.839
M3
G0 X99.693 Y117.839
M5
G0 X100.057 Y118.349
M3
G0 X100.057 Y110.770
M5
G0 X100.640 Y110.770
M3
G0 X100.640 Y117.766
M5
G0 X101.223 Y117.766
M3
G0 X101.223 Y110.187
M5
G0 X101.223 Y109.604
M3
G0 X101.223 Y101.442
M5
G0 X101.806 Y100.276
M3
G0 X101.806 Y117.766
M5
G0 X102.389 Y117.183
M3
G0 X102.389 Y107.272
M5
G0 X102.389 Y106.689
M3
G0 X102.389 Y99.693
M5
G0 X100.640 Y97.944
M3
G0 X100.640 Y95.029
M5
G0 X100.057 Y93.863
M3
G0 X100.057 Y98.527
M5
G0 X99.474 Y99.110
M3
G0 X99.474 Y92.697
M5
G0 X98.308 Y90.365
M3
G0 X98.308 Y89.782
M5
G0 X97.725 Y89.782
M3
G0 X97.725 Y88.616
M5
G0 X97.142 Y88.033
M3
G0 X97.142 Y89.199
M5
G0 X96.559 Y89.199
M3
G0 X96.559 Y87.450
M5
G0 X95.976 Y87.450
M3
G0 X95.976 Y88.616
M5
G0 X95.393 Y88.616
M3
G0 X95.393 Y86.867
M5
G0 X94.810 Y86.867
M3
G0 X94.810 Y88.616
M5
G0 X94.446 Y87.523
M3
G0 X95.612 Y87.523
M5
G0 X96.559 Y85.118
M3
G0 X96.559 Y78.705
M5
G0 X96.778 Y78.486
M3
G0 X85.118 Y78.486
M5
G0 X85.118 Y77.903
M3
G0 X93.280 Y77.903
M5
G0 X92.697 Y77.320
M3
G0 X85.118 Y77.320
M5
G0 X85.701 Y76.737
M3
G0 X92.697 Y76.737
M5
G0 X91.750 Y75.790
M3
G0 X91.750 Y89.199
M5
G0 X92.114 Y89.418
M3
G0 X137.005 Y89.418
M5
G0 X136.203 Y89.782
M3
G0 X136.203 Y44.891
M5
G0 X135.839 Y44.672
M3
G0 X102.025 Y44.672
M5
G0 X102.608 Y45.255
M3
G0 X136.422 Y45.255
M5
G0 X135.912 Y45.474
M3
G0 X135.912 Y73.458
M5
G0 X135.839 Y73.385
M3
G0 X134.673 Y73.385
M5
G0 X134.090 Y73.385
M3
G0 X132.341 Y73.385
M5
G0 X132.341 Y72.802
M3
G0 X135.839 Y72.802
M5
G0 X135.839 Y72.219
M3
G0 X132.341 Y72.219
M5
G0 X131.758 Y72.219
M3
G0 X131.175 Y72.219
M5
G0 X131.175 Y71.636
M3
G0 X135.839 Y71.636
M5
G0 X135.839 Y71.053
M3
G0 X131.175 Y71.053
M5
G0 X131.175 Y70.470
M3
G0 X131.758 Y70.470
M5
G0 X132.341 Y70.470
M3
G0 X135.839 Y70.470
M5
G0 X135.766 Y70.543
M3
G0 X135.766 Y69.960
M5
G0 X136.422 Y70.470
M3
G0 X137.588 Y70.470
M5
G0 X137.588 Y69.887
M3
G0 X131.175 Y69.887
M5
G0 X131.175 Y69.304
M3
G0 X137.588 Y69.304
M5
G0 X137.661 Y69.377
M3
G0 X137.661 Y79.871
M5
G0 X137.588 Y79.798
M3
G0 X136.422 Y79.798
M5
G0 X135.839 Y79.215
M3
G0 X137.588 Y79.215
M5
G0 X138.171 Y79.069
M3
G0 X114.268 Y79.069
M5
G0 X113.685 Y78.486
M3
G0 X138.171 Y78.486
M5
G0 X138.171 Y78.195
M3
G0 X127.094 Y78.195
M5
G0 X127.094 Y78.778
M3
G0 X138.171 Y78.778
M5
G0 X138.754 Y78.924
M3
G0 X25.069 Y78.924
M5
G0 X25.652 Y79.069
M3
G0 X55.968 Y79.069
M5
G0 X55.968 Y79.652
M3
G0 X60.049 Y79.652
M5
G0 X60.049 Y79.069
M3
G0 X57.717 Y79.069
M5
G0 X58.883 Y80.235
M3
G0 X25.069 Y80.235
M5
G0 X25.652 Y79.652
M3
G0 X55.385 Y79.652
M5
G0 X58.883 Y80.818
M3
G0 X24.486 Y80.818
M5
G0 X23.903 Y80.673
M3
G0 X138.754 Y80.673
M5
G0 X138.171 Y79.652
M3
G0 X113.685 Y79.652
M5
G0 X112.883 Y79.871
M3
G0 X112.883 Y81.037
M5
G0 X113.466 Y80.454
M3
G0 X113.466 Y81.620
M5
G0 X114.049 Y82.203
M3
G0 X114.049 Y82.786
M5
G0 X116.381 Y81.037
M3
G0 X116.381 Y80.454
M5
G0 X116.964 Y81.037
M3
G0 X116.964 Y110.770
M5
G0 X116.600 Y110.843
M3
G0 X102.025 Y110.843
M5
G0 X101.442 Y111.426
M3
G0 X116.017 Y111.426
M5
G0 X116.381 Y111.353
M3
G0 X116.381 Y88.033
M5
G0 X115.798 Y89.199
M3
G0 X115.798 Y111.936
M5
G0 X116.017 Y112.155
M3
G0 X11.660 Y112.155
M5
G0 X11.660 Y112.738
M3
G0 X116.017 Y112.738
M5
G0 X116.017 Y112.883
M3
G0 X84.535 Y112.883
M5
G0 X84.535 Y113.466
M3
G0 X116.017 Y113.466
M5
G0 X116.017 Y113.321
M3
G0 X11.660 Y113.321
M5
G0 X14.356 Y111.936
M3
G0 X14.356 Y115.434
M5
G0 X14.939 Y115.434
M3
G0 X14.939 Y107.855
M5
G0 X15.522 Y108.438
M3
G0 X15.522 Y109.604
M5
G0 X15.522 Y110.770
M3
G0 X15.522 Y115.434
M5
G0 X16.105 Y116.017
M3
G0 X16.105 Y107.272
M5
G0 X16.105 Y106.106
M3
G0 X16.105 Y100.859
M5
G0 X16.688 Y100.859
M3
G0 X16.688 Y101.442
M5
G0 X16.688 Y102.608
M3
G0 X16.688 Y120.681
M5
G0 X16.105 Y120.681
M3
G0 X16.105 Y119.515
M5
G0 X16.105 Y118.932
M3
G0 X16.105 Y116.600
M5
G0 X15.522 Y116.600
M3
G0 X15.522 Y117.766
M5
G0 X12.826 Y119.296
M3
G0 X31.482 Y119.296
M5
G0 X31.482 Y119.879
M3
G0 X12.826 Y119.879
M5
G0 X13.409 Y120.462
M3
G0 X31.482 Y120.462
M5
G0 X31.482 Y121.045
M3
G0 X13.409 Y121.045
M5
G0 X13.409 Y121.628
M3
G0 X32.648 Y121.628
M5
G0 X32.065 Y122.211
M3
G0 X13.409 Y122.211
M5
G0 X13.409 Y122.794
M3
G0 X31.482 Y122.794
M5
G0 X32.065 Y123.960
M3
G0 X13.409 Y123.960
M5
G0 X13.409 Y123.377
M3
G0 X30.316 Y123.377
M5
G0 X32.065 Y124.543
M3
G0 X13.409 Y124.543
M5
G0 X13.992 Y125.126
M3
G0 X32.648 Y125.126
M5
G0 X32.648 Y125.709
M3
G0 X13.992 Y125.709
M5
G0 X14.575 Y126.292
M3
G0 X34.397 Y126.292
M5
G0 X31.846 Y126.511
M3
G0 X31.846 Y137.588
M5
G0 X31.263 Y137.588
M3
G0 X31.263 Y125.928
M5
G0 X28.567 Y126.001
M3
G0 X26.235 Y126.001
M5
G0 X24.267 Y121.264
M3
G0 X24.267 Y120.681
M5
G0 X21.352 Y111.936
M3
G0 X21.352 Y111.353
M5
G0 X24.486 Y109.385
M3
G0 X12.243 Y109.385
M5
G0 X12.243 Y108.802
M3
G0 X24.486 Y108.802
M5
G0 X24.486 Y108.219
M3
G0 X12.243 Y108.219
M5
G0 X12.243 Y107.636
M3
G0 X24.486 Y107.636
M5
G0 X25.069 Y109.968
M3
G0 X12.243 Y109.968
M5
G0 X11.660 Y109.240
M3
G0 X118.932 Y109.240
M5
G0 X118.349 Y108.948
M3
G0 X107.855 Y108.948
M5
G0 X107.272 Y109.531
M3
G0 X117.766 Y109.531
M5
G0 X117.766 Y110.114
M3
G0 X115.434 Y110.114
M5
G0 X114.851 Y110.114
M3
G0 X107.272 Y110.114
M5
G0 X106.689 Y110.697
M3
G0 X114.851 Y110.697
M5
G0 X114.851 Y111.280
M3
G0 X103.774 Y111.280
M5
G0 X104.940 Y110.697
M3
G0 X105.523 Y110.697
M5
G0 X105.596 Y108.438
M3
G0 X105.596 Y114.268
M5
G0 X102.608 Y116.090
M3
G0 X96.778 Y116.090
M5
G0 X96.559 Y116.600
M3
G0 X96.559 Y121.264
M5
G0 X95.976 Y121.847
M3
G0 X95.976 Y116.600
M5
G0 X96.195 Y116.673
M3
G0 X102.025 Y116.673
M5
G0 X101.515 Y116.600
M3
G0 X101.515 Y111.936
M5
G0 X102.098 Y111.936
M3
G0 X102.098 Y115.434
M5
G0 X101.442 Y115.361
M3
G0 X99.693 Y115.361
M5
G0 X100.276 Y117.256
M3
G0 X96.195 Y117.256
M5
G0 X95.393 Y117.183
M3
G0 X95.393 Y123.013
M5
G0 X94.810 Y123.596
M3
G0 X94.810 Y117.766
M5
G0 X95.029 Y118.422
M3
G0 X95.612 Y118.422
M5
G0 X95.029 Y119.005
M3
G0 X94.446 Y119.005
M5
G0 X93.863 Y119.005
M3
G0 X93.280 Y119.005
M5
G0 X93.644 Y118.932
M3
G0 X93.644 Y120.681
M5
G0 X93.644 Y121.264
M3
G0 X93.644 Y124.179
M5
G0 X94.227 Y124.179
M3
G0 X94.227 Y117.183
M5
G0 X93.644 Y117.766
M3
G0 X93.644 Y114.851
M5
G0 X93.061 Y114.851
M3
G0 X93.061 Y123.013
M5
G0 X93.280 Y122.503
M3
G0 X94.446 Y122.503
M5
G0 X93.863 Y121.337
M3
G0 X95.612 Y121.337
M5
G0 X95.612 Y121.920
M3
G0 X92.114 Y121.920
M5
G0 X92.114 Y122.503
M3
G0 X90.948 Y122.503
M5
G0 X90.729 Y123.596
M3
G0 X90.729 Y116.600
M5
G0 X90.146 Y116.600
M3
G0 X90.146 Y115.434
M5
G0 X89.563 Y115.434
M3
G0 X89.563 Y124.179
M5
G0 X90.146 Y124.179
M3
G0 X90.146 Y117.183
M5
G0 X88.980 Y116.600
M3
G0 X88.980 Y117.766
M5
G0 X88.397 Y117.766
M3
G0 X88.397 Y125.345
M5
G0 X87.814 Y125.345
M3
G0 X87.814 Y118.349
M5
G0 X87.231 Y118.349
M3
G0 X87.231 Y125.345
M5
G0 X86.648 Y125.928
M3
G0 X86.648 Y119.515
M5
G0 X86.065 Y121.264
M3
G0 X86.065 Y126.511
M5
G0 X85.482 Y127.677
M3
G0 X85.482 Y121.264
M5
G0 X84.899 Y121.847
M3
G0 X84.899 Y127.677
M5
G0 X84.316 Y128.260
M3
G0 X84.316 Y121.847
M5
G0 X83.733 Y122.430
M3
G0 X83.733 Y127.677
M5
G0 X83.150 Y127.677
M3
G0 X83.150 Y122.430
M5
G0 X82.567 Y121.847
M3
G0 X82.567 Y127.094
M5
G0 X81.984 Y127.094
M3
G0 X81.984 Y121.264
M5
G0 X81.401 Y121.264
M3
G0 X81.401 Y127.094
M5
G0 X80.818 Y126.511
M3
G0 X80.818 Y128.843
M5
G0 X80.454 Y128.041
M3
G0 X89.782 Y128.041
M5
G0 X89.782 Y127.458
M3
G0 X14.575 Y127.458
M5
G0 X13.992 Y128.479
M3
G0 X13.409 Y128.479
M5
G0 X13.409 Y129.062
M3
G0 X13.992 Y129.062
M5
G0 X15.158 Y130.373
M3
G0 X75.207 Y130.373
M5
G0 X74.988 Y130.009
M3
G0 X74.988 Y129.426
M5
G0 X74.988 Y128.843
M3
G0 X74.988 Y128.260
M5
G0 X74.988 Y127.677
M3
G0 X74.988 Y121.264
M5
G0 X75.571 Y121.264
M3
G0 X75.571 Y129.426
M5
G0 X76.154 Y129.426
M3
G0 X76.154 Y121.264
M5
G0 X76.737 Y121.264
M3
G0 X76.737 Y128.843
M5
G0 X77.320 Y128.843
M3
G0 X77.320 Y121.264
M5
G0 X77.903 Y120.681
M3
G0 X77.903 Y123.596
M5
G0 X77.903 Y124.179
M3
G0 X77.903 Y127.677
M5
G0 X79.652 Y127.677
M3
G0 X79.652 Y127.094
M5
G0 X79.652 Y126.511
M3
G0 X79.652 Y120.681
M5
G0 X79.069 Y120.681
M3
G0 X79.069 Y123.596
M5
G0 X78.486 Y123.596
M3
G0 X78.486 Y120.681
M5
G0 X80.235 Y120.681
M3
G0 X80.235 Y126.511
M5
G0 X80.818 Y125.928
M3
G0 X80.818 Y121.264
M5
G0 X81.984 Y115.434
M3
G0 X81.984 Y114.268
M5
G0 X81.401 Y114.268
M3
G0 X81.401 Y114.851
M5
G0 X82.567 Y114.851
M3
G0 X82.567 Y114.268
M5
G0 X81.620 Y113.466
M3
G0 X83.952 Y113.466
M5
G0 X82.786 Y112.883
M3
G0 X82.203 Y112.883
M5
G0 X85.118 Y112.300
M3
G0 X116.017 Y112.300
M5
G0 X115.434 Y112.592
M3
G0 X100.276 Y112.592
M5
G0 X99.693 Y113.175
M3
G0 X113.102 Y113.175
M5
G0 X114.341 Y113.102
M3
G0 X114.341 Y96.195
M5
G0 X114.851 Y97.288
M3
G0 X127.677 Y97.288
M5
G0 X128.260 Y96.705
M3
G0 X115.434 Y96.705
M5
G0 X113.102 Y99.037
M3
G0 X125.928 Y99.037
M5
G0 X126.584 Y99.693
M3
G0 X126.584 Y81.037
M5
G0 X125.928 Y81.110
M3
G0 X137.588 Y81.110
M5
G0 X137.588 Y80.964
M3
G0 X133.507 Y80.964
M5
G0 X132.924 Y82.130
M3
G0 X127.094 Y82.130
M5
G0 X127.677 Y81.547
M3
G0 X131.758 Y81.547
M5
G0 X131.758 Y80.964
M3
G0 X127.677 Y80.964
M5
G0 X128.260 Y80.381
M3
G0 X130.592 Y80.381
M5
G0 X131.175 Y80.381
M3
G0 X131.758 Y80.381
M5
G0 X131.758 Y79.798
M3
G0 X131.175 Y79.798
M5
G0 X130.519 Y82.786
M3
G0 X130.519 Y83.952
M5
G0 X131.685 Y85.701
M3
G0 X131.685 Y89.199
M5
G0 X133.434 Y89.199
M3
G0 X133.434 Y88.616
M5
G0 X134.600 Y89.782
M3
G0 X134.600 Y90.365
M5
G0 X135.256 Y90.875
M3
G0 X120.098 Y90.875
M5
G0 X119.588 Y89.782
M3
G0 X119.588 Y107.272
M5
G0 X118.932 Y107.199
M3
G0 X108.438 Y107.199
M5
G0 X105.523 Y107.928
M3
G0 X118.932 Y107.928
M5
G0 X119.005 Y107.855
M3
G0 X119.005 Y90.365
M5
G0 X119.515 Y88.689
M3
G0 X136.422 Y88.689
M5
G0 X135.912 Y89.199
M3
G0 X135.912 Y74.624
M5
G0 X135.256 Y73.968
M3
G0 X134.673 Y73.968
M5
G0 X133.507 Y73.968
M3
G0 X132.341 Y73.968
M5
G0 X131.831 Y74.041
M3
G0 X131.831 Y39.644
M5
G0 X131.758 Y39.571
M3
G0 X128.260 Y39.571
M5
G0 X127.677 Y40.154
M3
G0 X120.098 Y40.154
M5
G0 X120.681 Y41.903
M3
G0 X121.264 Y41.903
M5
G0 X122.940 Y40.810
M3
G0 X122.940 Y39.644
M5
G0 X123.523 Y40.227
M3
G0 X123.523 Y40.810
M5
G0 X125.855 Y39.644
M3
G0 X125.855 Y39.061
M5
G0 X126.438 Y39.061
M3
G0 X126.438 Y39.644
M5
G0 X126.511 Y38.988
M3
G0 X118.349 Y38.988
M5
G0 X117.766 Y43.069
M3
G0 X129.426 Y43.069
M5
G0 X130.009 Y43.069
M3
G0 X134.090 Y43.069
M5
G0 X134.163 Y42.559
M3
G0 X134.163 Y92.114
M5
G0 X134.454 Y92.697
M3
G0 X134.454 Y41.976
M5
G0 X134.090 Y42.486
M3
G0 X130.009 Y42.486
M5
G0 X130.519 Y41.976
M3
G0 X130.519 Y40.810
M5
G0 X129.426 Y41.320
M3
G0 X132.924 Y41.320
M5
G0 X132.924 Y41.903
M3
G0 X133.507 Y41.903
M5
G0 X132.341 Y41.903
M3
G0 X129.426 Y41.903
M5
G0 X131.102 Y42.559
M3
G0 X131.102 Y43.725
M5
G0 X132.851 Y43.725
M3
G0 X132.851 Y44.308
M5
G0 X133.434 Y44.891
M3
G0 X133.434 Y45.474
M5
G0 X135.256 Y44.818
M3
G0 X122.430 Y44.818
M5
G0 X123.523 Y44.308
M3
G0 X123.523 Y45.474
M5
G0 X122.940 Y46.640
M3
G0 X122.940 Y51.887
M5
G0 X122.357 Y51.887
M3
G0 X122.357 Y47.223
M5
G0 X123.523 Y48.389
M3
G0 X123.523 Y52.470
M5
G0 X124.106 Y53.053
M3
G0 X124.106 Y48.972
M5
G0 X124.689 Y48.972
M3
G0 X124.689 Y54.802
M5
G0 X124.106 Y54.802
M3
G0 X124.106 Y53.636
M5
G0 X123.523 Y53.636
M3
G0 X123.523 Y54.802
M5
G0 X122.940 Y54.802
M3
G0 X122.940 Y53.636
M5
G0 X121.191 Y53.053
M3
G0 X121.191 Y51.887
M5
G0 X121.774 Y51.887
M3
G0 X121.774 Y50.138
M5
G0 X121.191 Y49.555
M3
G0 X121.191 Y50.721
M5
G0 X120.608 Y50.138
M3
G0 X120.608 Y53.053
M5
G0 X120.025 Y53.053
M3
G0 X120.025 Y51.304
M5
G0 X118.859 Y51.887
M3
G0 X118.859 Y52.470
M5
G0 X118.276 Y52.470
M3
G0 X118.276 Y51.887
M5
G0 X117.693 Y51.887
M3
G0 X117.693 Y51.304
M5
G0 X117.110 Y51.304
M3
G0 X117.110 Y51.887
M5
G0 X116.527 Y51.304
M3
G0 X116.527 Y50.721
M5
G0 X115.944 Y50.721
M3
G0 X115.944 Y50.138
M5
G0 X115.361 Y49.555
M3
G0 X115.361 Y50.721
M5
G0 X114.778 Y49.555
M3
G0 X114.778 Y48.389
M5
G0 X116.600 Y48.899
M3
G0 X111.353 Y48.899
M5
G0 X110.260 Y49.555
M3
G0 X110.260 Y23.320
M5
G0 X110.187 Y23.247
M3
G0 X108.438 Y23.247
M5
G0 X107.782 Y23.903
M3
G0 X107.782 Y25.069
M5
G0 X107.782 Y25.652
M3
G0 X107.782 Y26.235
M5
G0 X109.021 Y24.413
M3
G0 X79.288 Y24.413
M5
G0 X79.215 Y24.486
M3
G0 X79.215 Y25.069
M5
G0 X79.798 Y25.069
M3
G0 X79.798 Y24.486
M5
G0 X79.944 Y23.320
M3
G0 X79.944 Y30.899
M5
G0 X79.871 Y30.826
M3
G0 X79.288 Y30.826
M5
G0 X78.705 Y30.826
M3
G0 X74.041 Y30.826
M5
G0 X73.458 Y30.826
M3
G0 X72.292 Y30.826
M5
G0 X72.875 Y30.243
M3
G0 X73.458 Y30.243
M5
G0 X73.458 Y29.660
M3
G0 X72.875 Y29.660
M5
G0 X72.292 Y29.660
M3
G0 X67.628 Y29.660
M5
G0 X67.628 Y29.223
M3
G0 X120.098 Y29.223
M5
G0 X118.859 Y29.150
M3
G0 X118.859 Y29.733
M5
G0 X121.264 Y30.097
M3
G0 X64.130 Y30.097
M5
G0 X64.203 Y30.316
M3
G0 X64.203 Y40.227
M5
G0 X64.786 Y39.644
M3
G0 X64.786 Y29.733
M5
G0 X64.713 Y29.806
M3
G0 X83.952 Y29.806
M5
G0 X83.442 Y29.733
M3
G0 X83.442 Y21.571
M5
G0 X83.369 Y22.081
M3
G0 X83.952 Y22.081
M5
G0 X82.859 Y21.571
M3
G0 X82.859 Y29.733
M5
G0 X82.203 Y29.660
M3
G0 X74.041 Y29.660
M5
G0 X74.041 Y30.243
M3
G0 X80.454 Y30.243
M5
G0 X81.110 Y30.316
M3
G0 X81.110 Y22.737
M5
G0 X81.401 Y22.154
M3
G0 X81.401 Y32.648
M5
G0 X81.693 Y30.316
M3
G0 X81.693 Y22.154
M5
G0 X81.256 Y21.571
M3
G0 X81.256 Y56.551
M5
G0 X80.454 Y55.749
M3
G0 X71.709 Y55.749
M5
G0 X71.709 Y55.166
M3
G0 X79.871 Y55.166
M5
G0 X78.195 Y55.968
M3
G0 X78.195 Y62.964
M5
G0 X77.612 Y63.547
M3
G0 X77.612 Y53.636
M5
G0 X76.956 Y54.146
M3
G0 X75.790 Y54.146
M5
G0 X75.790 Y53.563
M3
G0 X76.373 Y53.563
M5
G0 X75.790 Y54.729
M3
G0 X76.956 Y54.729
M5
G0 X76.956 Y55.312
M3
G0 X75.790 Y55.312
M5
G0 X75.790 Y55.895
M3
G0 X76.373 Y55.895
M5
G0 X75.790 Y56.478
M3
G0 X76.956 Y56.478
M5
G0 X76.373 Y57.061
M3
G0 X75.790 Y57.061
M5
G0 X75.790 Y57.644
M3
G0 X76.373 Y57.644
M5
G0 X73.239 Y55.968
M3
G0 X73.239 Y43.725
M5
G0 X72.875 Y43.798
M3
G0 X69.377 Y43.798
M5
G0 X67.992 Y44.308
M3
G0 X67.992 Y50.138
M5
G0 X67.409 Y50.138
M3
G0 X67.409 Y44.308
M5
G0 X66.826 Y44.308
M3
G0 X66.826 Y50.138
M5
G0 X66.243 Y49.555
M3
G0 X66.243 Y44.308
M5
G0 X65.660 Y44.308
M3
G0 X65.660 Y49.555
M5
G0 X65.077 Y49.555
M3
G0 X65.077 Y44.891
M5
G0 X64.494 Y45.474
M3
G0 X64.494 Y49.555
M5
G0 X65.369 Y47.806
M3
G0 X65.369 Y46.640
M5
G0 X65.952 Y46.640
M3
G0 X65.952 Y47.806
M5
G0 X66.535 Y47.806
M3
G0 X66.535 Y46.057
M5
G0 X69.377 Y46.567
M3
G0 X72.292 Y46.567
M5
G0 X71.709 Y47.150
M3
G0 X73.458 Y47.150
M5
G0 X74.041 Y47.733
M3
G0 X71.709 Y47.733
M5
G0 X71.126 Y47.733
M3
G0 X70.543 Y47.733
M5
G0 X70.543 Y47.150
M3
G0 X71.126 Y47.150
M5
G0 X69.960 Y47.150
M3
G0 X69.377 Y47.150
M5
G0 X69.960 Y49.628
M3
G0 X77.539 Y49.628
M5
G0 X77.539 Y50.211
M3
G0 X70.543 Y50.211
M5
G0 X72.292 Y49.482
M3
G0 X74.624 Y49.482
M5
G0 X74.624 Y48.899
M3
G0 X72.292 Y48.899
M5
G0 X71.709 Y48.316
M3
G0 X74.624 Y48.316
M5
G0 X74.624 Y50.065
M3
G0 X72.875 Y50.065
M5
G0 X73.458 Y50.648
M3
G0 X74.624 Y50.648
M5
G0 X71.709 Y51.960
M3
G0 X77.539 Y51.960
M5
G0 X78.705 Y49.336
M3
G0 X45.474 Y49.336
M5
G0 X45.474 Y48.753
M3
G0 X78.122 Y48.753
M5
G0 X78.122 Y48.170
M3
G0 X46.057 Y48.170
M5
G0 X46.421 Y48.972
M3
G0 X46.421 Y53.636
M5
G0 X45.547 Y52.470
M3
G0 X45.547 Y51.304
M5
G0 X44.891 Y51.960
M3
G0 X47.223 Y51.960
M5
G0 X47.296 Y51.304
M3
G0 X47.296 Y48.972
M5
G0 X46.640 Y49.045
M3
G0 X50.721 Y49.045
M5
G0 X51.887 Y46.567
M3
G0 X52.470 Y46.567
M5
G0 X51.304 Y45.984
M3
G0 X54.219 Y45.984
M5
G0 X54.875 Y46.057
M3
G0 X54.875 Y38.478
M5
G0 X54.802 Y38.551
M3
G0 X67.628 Y38.551
M5
G0 X67.701 Y37.895
M3
G0 X67.701 Y29.150
M5
G0 X67.992 Y29.150
M3
G0 X67.992 Y40.227
M5
G0 X68.575 Y39.644
M3
G0 X68.575 Y29.150
M5
G0 X68.867 Y29.150
M3
G0 X68.867 Y37.312
M5
G0 X68.794 Y37.968
M3
G0 X55.385 Y37.968
M5
G0 X54.802 Y38.114
M3
G0 X131.758 Y38.114
M5
G0 X130.665 Y38.478
M3
G0 X130.665 Y96.195
M5
G0 X130.009 Y97.725
M3
G0 X96.778 Y97.725
M5
G0 X96.778 Y98.600
M3
G0 X99.110 Y98.600
M5
G0 X104.138 Y94.446
M3
G0 X104.138 Y81.620
M5
G0 X104.357 Y81.693
M3
G0 X104.940 Y81.693
M5
G0 X103.555 Y81.037
M3
G0 X103.555 Y92.697
M5
G0 X102.972 Y91.531
M3
G0 X102.972 Y81.037
M5
G0 X102.389 Y81.037
M3
G0 X102.389 Y90.365
M5
G0 X101.806 Y89.782
M3
G0 X101.806 Y81.037
M5
G0 X103.191 Y81.693
M3
G0 X91.531 Y81.693
M5
G0 X92.187 Y81.620
M3
G0 X92.187 Y81.037
M5
G0 X92.478 Y82.786
M3
G0 X92.478 Y78.705
M5
G0 X93.061 Y78.705
M3
G0 X93.061 Y83.369
M5
G0 X95.393 Y83.952
M3
G0 X95.393 Y78.122
M5
G0 X97.142 Y78.705
M3
G0 X97.142 Y85.118
M5
G0 X97.725 Y85.701
M3
G0 X97.725 Y79.288
M5
G0 X97.944 Y79.361
M3
G0 X90.948 Y79.361
M5
G0 X89.782 Y79.944
M3
G0 X98.527 Y79.944
M5
G0 X98.891 Y79.871
M3
G0 X98.891 Y86.284
M5
G0 X99.183 Y85.701
M3
G0 X99.183 Y80.454
M5
G0 X98.600 Y80.454
M3
G0 X98.600 Y85.118
M5
G0 X98.527 Y85.191
M3
G0 X109.021 Y85.191
M5
G0 X108.511 Y86.867
M3
G0 X108.511 Y95.612
M5
G0 X109.021 Y92.041
M3
G0 X107.855 Y92.041
M5
G0 X107.272 Y91.458
M3
G0 X109.021 Y91.458
M5
G0 X108.438 Y90.875
M3
G0 X107.272 Y90.875
M5
G0 X107.272 Y90.292
M3
G0 X107.855 Y90.292
M5
G0 X108.438 Y89.709
M3
G0 X105.523 Y89.709
M5
G0 X104.940 Y89.126
M3
G0 X108.438 Y89.126
M5
G0 X107.855 Y88.543
M3
G0 X107.272 Y88.543
M5
G0 X106.689 Y88.543
M3
G0 X104.940 Y88.543
M5
G0 X104.940 Y87.960
M3
G0 X107.855 Y87.960
M5
G0 X107.272 Y87.377
M3
G0 X106.106 Y87.377
M5
G0 X106.689 Y86.794
M3
G0 X107.272 Y86.794
M5
G0 X111.134 Y85.118
M3
G0 X111.134 Y83.952
M5
G0 X114.632 Y87.450
M3
G0 X114.632 Y114.851
M5
G0 X113.466 Y117.183
M3
G0 X113.466 Y90.948
M5
G0 X111.134 Y90.365
M3
G0 X111.134 Y118.932
M5
G0 X112.155 Y118.932
M3
G0 X112.155 Y23.903
M5
G0 X110.770 Y23.101
M3
G0 X79.288 Y23.101
M5
G0 X78.924 Y23.320
M3
G0 X78.924 Y22.737
M5
G0 X80.090 Y22.154
M3
G0 X80.090 Y127.677
M5
G0 X82.422 Y131.175
M3
G0 X82.422 Y63.547
M5
G0 X83.588 Y64.713
M3
G0 X83.588 Y131.175
M5
G0 X84.171 Y131.758
M3
G0 X84.171 Y66.462
M5
G0 X84.754 Y64.713
M3
G0 X84.754 Y73.458
M5
G0 X85.337 Y73.458
M3
G0 X85.337 Y64.713
M5
G0 X85.920 Y64.130
M3
G0 X85.920 Y89.782
M5
G0 X85.118 Y90.729
M3
G0 X84.535 Y90.729
M5
G0 X84.535 Y91.312
M3
G0 X85.701 Y91.312
M5
G0 X85.920 Y91.531
M3
G0 X85.920 Y131.758
M5
G0 X86.503 Y131.175
M3
G0 X86.503 Y92.697
M5
G0 X86.867 Y92.916
M3
G0 X4.081 Y92.916
M5
G0 X2.915 Y92.916
M3
G0 X2.332 Y92.916
M5
G0 X2.915 Y92.333
M3
G0 X0.000 Y92.333
M5
G0 X0.219 Y92.114
M3
G0 X0.219 Y79.871
M5
G0 X0.364 Y79.871
M3
G0 X0.364 Y88.033
M5
G0 X0.947 Y88.033
M3
G0 X0.947 Y80.454
M5
G0 X0.802 Y79.871
M3
G0 X0.802 Y92.114
M5
G0 X1.385 Y92.114
M3
G0 X1.385 Y79.871
M5
G0 X0.000 Y81.839
M3
G0 X6.413 Y81.839
M5
G0 X6.632 Y82.203
M3
G0 X6.632 Y91.531
M5
G0 X6.049 Y91.531
M3
G0 X6.049 Y82.203
M5
G0 X5.611 Y82.203
M3
G0 X5.611 Y90.948
M5
G0 X5.830 Y90.438
M3
G0 X5.247 Y90.438
M5
G0 X5.320 Y90.365
M3
G0 X5.320 Y89.782
M5
G0 X4.737 Y89.782
M3
G0 X4.737 Y90.365
M5
G0 X4.664 Y90.438
M3
G0 X4.081 Y90.438
M5
G0 X4.154 Y90.365
M3
G0 X4.154 Y89.782
M5
G0 X3.862 Y90.948
M3
G0 X3.862 Y81.620
M5
G0 X4.081 Y82.859
M3
G0 X4.664 Y82.859
M5
G0 X5.247 Y81.984
M3
G0 X0.000 Y81.984
M5
G0 X0.000 Y83.005
M3
G0 X12.826 Y83.005
M5
G0 X12.826 Y83.442
M3
G0 X2.332 Y83.442
M5
G0 X2.915 Y84.608
M3
G0 X1.166 Y84.608
M5
G0 X1.166 Y84.025
M3
G0 X8.162 Y84.025
M5
G0 X7.652 Y83.952
M3
G0 X7.652 Y85.118
M5
G0 X8.235 Y85.118
M3
G0 X8.235 Y86.284
M5
G0 X7.652 Y86.867
M3
G0 X7.652 Y87.450
M5
G0 X8.162 Y87.523
M3
G0 X8.745 Y87.523
M5
G0 X8.818 Y87.450
M3
G0 X8.818 Y86.867
M5
G0 X9.328 Y87.523
M3
G0 X20.405 Y87.523
M5
G0 X19.895 Y87.450
M3
G0 X19.895 Y85.118
M5
G0 X19.822 Y84.899
M3
G0 X0.000 Y84.899
M5
G0 X0.000 Y84.754
M3
G0 X20.988 Y84.754
M5
G0 X20.769 Y85.118
M3
G0 X20.769 Y86.867
M5
G0 X20.405 Y86.940
M3
G0 X12.243 Y86.940
M5
G0 X11.660 Y86.940
M3
G0 X7.579 Y86.940
M5
G0 X8.162 Y88.106
M3
G0 X8.745 Y88.106
M5
G0 X8.235 Y89.199
M3
G0 X8.235 Y89.782
M5
G0 X7.652 Y89.782
M3
G0 X7.652 Y89.199
M5
G0 X5.903 Y89.782
M3
G0 X5.903 Y90.365
M5
G0 X6.194 Y90.948
M3
G0 X6.194 Y82.786
M5
G0 X5.903 Y83.952
M3
G0 X5.903 Y84.535
M5
G0 X6.413 Y84.608
M3
G0 X4.664 Y84.608
M5
G0 X4.737 Y85.118
M3
G0 X4.737 Y85.701
M5
G0 X4.664 Y85.191
M3
G0 X5.830 Y85.191
M5
G0 X5.320 Y84.535
M3
G0 X5.320 Y83.952
M5
G0 X4.081 Y84.608
M3
G0 X3.498 Y84.608
M5
G0 X3.571 Y84.535
M3
G0 X3.571 Y83.952
M5
G0 X3.498 Y85.191
M3
G0 X4.081 Y85.191
M5
G0 X4.081 Y85.774
M3
G0 X0.000 Y85.774
M5
G0 X0.000 Y85.920
M3
G0 X137.588 Y85.920
M5
G0 X137.588 Y86.065
M3
G0 X83.952 Y86.065
M5
G0 X83.952 Y86.940
M3
G0 X84.535 Y86.940
M5
G0 X84.316 Y86.867
M3
G0 X84.316 Y87.450
M5
G0 X84.899 Y87.450
M3
G0 X84.899 Y86.284
M5
G0 X85.482 Y86.284
M3
G0 X85.482 Y88.033
M5
G0 X86.065 Y86.867
M3
G0 X86.065 Y86.284
M5
G0 X87.231 Y86.284
M3
G0 X87.231 Y86.867
M5
G0 X87.814 Y86.867
M3
G0 X87.814 Y86.284
M5
G0 X88.397 Y86.284
M3
G0 X88.397 Y87.450
M5
G0 X87.814 Y87.450
M3
G0 X87.814 Y88.033
M5
G0 X87.669 Y88.616
M3
G0 X87.669 Y20.988
M5
G0 X93.863 Y22.664
M3
G0 X96.778 Y22.664
M5
G0 X97.361 Y22.664
M3
G0 X106.689 Y22.664
M5
G0 X107.272 Y23.247
M3
G0 X100.276 Y23.247
M5
G0 X99.693 Y23.247
M3
G0 X97.361 Y23.247
M5
G0 X96.778 Y23.247
M3
G0 X95.029 Y23.247
M5
G0 X96.778 Y22.081
M3
G0 X99.110 Y22.081
M5
G0 X97.944 Y21.498
M3
G0 X97.361 Y21.498
M5
G0 X98.454 Y25.069
M3
G0 X98.454 Y26.235
M5
G0 X97.871 Y26.235
M3
G0 X97.871 Y32.065
M5
G0 X97.288 Y32.065
M3
G0 X97.288 Y27.401
M5
G0 X96.705 Y27.401
M3
G0 X96.705 Y34.397
M5
G0 X96.705 Y34.980
M3
G0 X96.705 Y36.146
M5
G0 X96.122 Y36.146
M3
G0 X96.122 Y33.231
M5
G0 X96.122 Y32.648
M3
G0 X96.122 Y32.065
M5
G0 X96.122 Y31.482
M3
G0 X96.122 Y30.316
M5
G0 X96.122 Y29.733
M3
G0 X96.122 Y27.401
M5
G0 X95.539 Y26.235
M3
G0 X95.539 Y29.733
M5
G0 X94.956 Y29.150
M3
G0 X94.956 Y25.652
M5
G0 X94.373 Y26.235
M3
G0 X94.373 Y26.818
M5
G0 X94.373 Y27.984
M3
G0 X94.373 Y28.567
M5
G0 X95.539 Y30.899
M3
G0 X95.539 Y35.563
M5
G0 X94.956 Y33.814
M3
G0 X94.956 Y31.482
M5
G0 X94.373 Y32.648
M3
G0 X94.373 Y33.231
M5
G0 X97.288 Y33.231
M3
G0 X97.288 Y32.648
M5
G0 X97.871 Y32.648
M3
G0 X97.871 Y36.729
M5
G0 X97.288 Y36.146
M3
G0 X97.288 Y34.980
M5
G0 X101.369 Y36.146
M3
G0 X101.369 Y25.069
M5
G0 X99.037 Y25.069
M3
G0 X99.037 Y25.652
M5
G0 X101.515 Y22.154
M3
G0 X101.515 Y41.393
M5
G0 X102.025 Y41.320
M3
G0 X111.936 Y41.320
M5
G0 X111.353 Y40.737
M3
G0 X101.442 Y40.737
M5
G0 X102.681 Y41.976
M3
G0 X102.681 Y22.154
M5
G0 X101.806 Y22.154
M3
G0 X101.806 Y43.725
M5
G0 X103.555 Y44.891
M3
G0 X103.555 Y21.571
M5
G0 X108.438 Y22.227
M3
G0 X80.454 Y22.227
M5
G0 X76.154 Y25.069
M3
G0 X76.154 Y35.563
M5
G0 X74.624 Y35.053
M3
G0 X57.717 Y35.053
M5
G0 X57.717 Y35.344
M3
G0 X90.948 Y35.344
M5
G0 X90.365 Y38.842
M3
G0 X85.701 Y38.842
M5
G0 X86.284 Y40.591
M3
G0 X83.369 Y40.591
M5
G0 X83.369 Y41.174
M3
G0 X86.284 Y41.174
M5
G0 X86.867 Y41.757
M3
G0 X85.118 Y41.757
M5
G0 X84.535 Y41.757
M3
G0 X83.952 Y41.757
M5
G0 X83.952 Y42.923
M3
G0 X83.369 Y42.923
M5
G0 X82.786 Y42.923
M3
G0 X81.037 Y42.923
M5
G0 X81.401 Y42.559
M3
G0 X81.401 Y41.976
M5
G0 X80.818 Y41.976
M3
G0 X80.818 Y41.393
M5
G0 X79.652 Y41.393
M3
G0 X79.652 Y40.810
M5
G0 X78.705 Y41.757
M3
G0 X82.203 Y41.757
M5
G0 X81.984 Y41.976
M3
G0 X81.984 Y43.142
M5
G0 X82.567 Y43.142
M3
G0 X82.567 Y43.725
M5
G0 X82.203 Y44.089
M3
G0 X83.952 Y44.089
M5
G0 X83.733 Y44.308
M3
G0 X83.733 Y45.474
M5
G0 X83.369 Y45.838
M3
G0 X84.535 Y45.838
M5
G0 X84.535 Y45.255
M3
G0 X82.786 Y45.255
M5
G0 X82.203 Y44.672
M3
G0 X83.952 Y44.672
M5
G0 X83.369 Y43.506
M3
G0 X81.037 Y43.506
M5
G0 X79.871 Y42.340
M3
G0 X82.786 Y42.340
M5
G0 X85.701 Y42.340
M3
G0 X86.867 Y42.340
M5
G0 X85.118 Y46.421
M3
G0 X83.369 Y46.421
M5
G0 X83.952 Y47.004
M3
G0 X85.701 Y47.004
M5
G0 X85.701 Y47.587
M3
G0 X84.535 Y47.587
M5
G0 X84.535 Y48.170
M3
G0 X85.701 Y48.170
M5
G0 X85.118 Y48.753
M3
G0 X86.284 Y48.753
M5
G0 X86.867 Y51.668
M3
G0 X87.450 Y51.668
M5
G0 X87.450 Y52.251
M3
G0 X86.867 Y52.251
M5
G0 X86.867 Y52.834
M3
G0 X88.033 Y52.834
M5
G0 X88.033 Y53.417
M3
G0 X87.450 Y53.417
M5
G0 X81.620 Y48.170
M3
G0 X80.454 Y48.170
M5
G0 X80.818 Y47.806
M3
G0 X80.818 Y46.057
M5
G0 X81.037 Y45.838
M3
G0 X79.288 Y45.838
M5
G0 X79.652 Y46.057
M3
G0 X79.652 Y44.891
M5
G0 X79.871 Y44.672
M3
G0 X78.122 Y44.672
M5
G0 X77.903 Y43.725
M3
G0 X77.903 Y43.142
M5
G0 X78.122 Y42.923
M3
G0 X44.891 Y42.923
M5
G0 X44.891 Y43.506
M3
G0 X48.972 Y43.506
M5
G0 X48.753 Y43.142
M3
G0 X48.753 Y38.478
M5
G0 X48.389 Y38.259
M3
G0 X50.138 Y38.259
M5
G0 X50.138 Y38.842
M3
G0 X47.806 Y38.842
M5
G0 X48.170 Y39.061
M3
G0 X48.170 Y40.810
M5
G0 X48.170 Y41.976
M3
G0 X48.170 Y43.142
M5
G0 X47.004 Y41.976
M3
G0 X47.004 Y41.393
M5
G0 X46.057 Y41.174
M3
G0 X49.555 Y41.174
M5
G0 X50.138 Y40.591
M3
G0 X46.057 Y40.591
M5
G0 X46.640 Y40.008
M3
G0 X50.138 Y40.008
M5
G0 X50.138 Y39.425
M3
G0 X47.223 Y39.425
M5
G0 X50.721 Y39.425
M3
G0 X52.470 Y39.425
M5
G0 X52.251 Y39.061
M3
G0 X52.251 Y38.478
M5
G0 X52.470 Y38.842
M3
G0 X51.887 Y38.842
M5
G0 X54.802 Y38.259
M3
G0 X83.369 Y38.259
M5
G0 X79.288 Y42.340
M3
G0 X78.705 Y42.340
M5
G0 X78.122 Y42.340
M3
G0 X77.539 Y42.340
M5
G0 X77.320 Y42.559
M3
G0 X77.320 Y43.725
M5
G0 X77.539 Y43.215
M3
G0 X76.956 Y43.215
M5
G0 X76.154 Y43.142
M3
G0 X76.154 Y42.559
M5
G0 X75.571 Y42.559
M3
G0 X75.571 Y43.142
M5
G0 X75.790 Y43.506
M3
G0 X79.288 Y43.506
M5
G0 X79.288 Y46.421
M3
G0 X81.037 Y46.421
M5
G0 X80.454 Y47.587
M3
G0 X81.620 Y47.587
M5
G0 X76.956 Y45.255
M3
G0 X43.725 Y45.255
M5
G0 X43.725 Y45.838
M3
G0 X44.891 Y45.838
M5
G0 X44.672 Y45.474
M3
G0 X44.672 Y44.891
M5
G0 X44.308 Y44.672
M3
G0 X76.373 Y44.672
M5
G0 X75.790 Y44.089
M3
G0 X44.891 Y44.089
M5
G0 X45.255 Y44.308
M3
G0 X45.255 Y43.725
M5
G0 X46.421 Y43.725
M3
G0 X46.421 Y44.308
M5
G0 X44.308 Y42.778
M3
G0 X135.256 Y42.778
M5
G0 X134.892 Y42.559
M3
G0 X134.892 Y92.114
M5
G0 X134.673 Y91.604
M3
G0 X116.600 Y91.604
M5
G0 X121.191 Y92.114
M3
G0 X121.191 Y92.697
M5
G0 X122.357 Y92.697
M3
G0 X122.357 Y93.280
M5
G0 X121.191 Y93.863
M3
G0 X121.191 Y95.029
M5
G0 X121.191 Y96.195
M3
G0 X121.191 Y97.361
M5
G0 X120.608 Y97.361
M3
G0 X120.608 Y96.778
M5
G0 X120.025 Y97.361
M3
G0 X120.025 Y100.276
M5
G0 X120.608 Y100.276
M3
G0 X120.608 Y97.944
M5
G0 X121.191 Y98.527
M3
G0 X121.191 Y99.693
M5
G0 X121.774 Y99.110
M3
G0 X121.774 Y98.527
M5
G0 X122.357 Y98.527
M3
G0 X122.357 Y99.110
M5
G0 X122.357 Y99.693
M3
G0 X122.357 Y100.276
M5
G0 X123.523 Y98.527
M3
G0 X123.523 Y95.612
M5
G0 X122.940 Y96.195
M3
G0 X122.940 Y96.778
M5
G0 X122.357 Y97.361
M3
G0 X122.357 Y95.612
M5
G0 X121.774 Y96.195
M3
G0 X121.774 Y97.361
M5
G0 X119.442 Y97.361
M3
G0 X119.442 Y97.944
M5
G0 X118.859 Y98.527
M3
G0 X118.859 Y102.608
M5
G0 X118.276 Y102.608
M3
G0 X118.276 Y100.859
M5
G0 X119.442 Y100.859
M3
G0 X119.442 Y99.110
M5
G0 X117.693 Y102.025
M3
G0 X117.693 Y103.191
M5
G0 X117.110 Y103.191
M3
G0 X117.110 Y102.608
M5
G0 X121.483 Y106.106
M3
G0 X121.483 Y29.733
M5
G0 X121.847 Y29.952
M3
G0 X63.547 Y29.952
M5
G0 X63.183 Y30.316
M3
G0 X63.183 Y58.300
M5
G0 X62.600 Y58.300
M3
G0 X62.600 Y30.899
M5
G0 X62.381 Y31.118
M3
G0 X123.596 Y31.118
M5
G0 X123.232 Y31.482
M3
G0 X123.232 Y104.357
M5
G0 X123.013 Y104.576
M3
G0 X12.243 Y104.576
M5
G0 X12.243 Y105.159
M3
G0 X122.430 Y105.159
M5
G0 X123.086 Y103.191
M3
G0 X123.086 Y86.867
M5
G0 X124.179 Y86.794
M3
G0 X137.005 Y86.794
M5
G0 X137.005 Y86.940
M3
G0 X121.264 Y86.940
M5
G0 X123.596 Y87.960
M3
G0 X136.422 Y87.960
M5
G0 X137.005 Y87.377
M3
G0 X124.179 Y87.377
M5
G0 X126.511 Y82.713
M3
G0 X132.924 Y82.713
M5
G0 X133.507 Y82.713
M3
G0 X137.005 Y82.713
M5
G0 X136.349 Y82.786
M3
G0 X136.349 Y83.952
M5
G0 X135.766 Y83.952
M3
G0 X135.766 Y82.786
M5
G0 X135.183 Y82.786
M3
G0 X135.183 Y86.284
M5
G0 X136.349 Y86.284
M3
G0 X136.349 Y84.535
M5
G0 X137.588 Y87.086
M3
G0 X0.000 Y87.086
M5
G0 X0.000 Y86.357
M3
G0 X1.166 Y86.357
M5
G0 X1.239 Y86.284
M3
G0 X1.239 Y85.701
M5
G0 X1.166 Y85.191
M3
G0 X2.332 Y85.191
M5
G0 X2.332 Y86.357
M3
G0 X3.498 Y86.357
M5
G0 X4.081 Y86.940
M3
G0 X4.664 Y86.940
M5
G0 X1.749 Y89.272
M3
G0 X0.000 Y89.272
M5
G0 X0.364 Y89.199
M3
G0 X0.364 Y91.531
M5
G0 X0.947 Y91.531
M3
G0 X0.947 Y88.616
M5
G0 X0.583 Y89.855
M3
G0 X0.000 Y89.855
M5
G0 X0.000 Y90.001
M3
G0 X89.199 Y90.001
M5
G0 X87.669 Y92.697
M3
G0 X87.669 Y131.175
M5
G0 X87.450 Y131.394
M3
G0 X82.786 Y131.394
M5
G0 X88.980 Y127.094
M3
G0 X88.980 Y126.511
M5
G0 X89.563 Y126.511
M3
G0 X89.563 Y127.094
M5
G0 X90.146 Y127.094
M3
G0 X90.146 Y126.511
M5
G0 X91.895 Y127.094
M3
G0 X91.895 Y127.677
M5
G0 X91.895 Y124.179
M3
G0 X91.895 Y116.017
M5
G0 X91.312 Y116.600
M3
G0 X91.312 Y119.515
M5
G0 X91.312 Y120.098
M3
G0 X91.312 Y123.596
M5
G0 X92.478 Y123.596
M3
G0 X92.478 Y124.179
M5
G0 X93.061 Y124.179
M3
G0 X93.061 Y123.596
M5
G0 X92.478 Y123.013
M3
G0 X92.478 Y118.349
M5
G0 X92.478 Y117.766
M3
G0 X92.478 Y115.434
M5
G0 X94.810 Y115.434
M3
G0 X94.810 Y116.017
M5
G0 X95.393 Y116.600
M3
G0 X95.393 Y114.851
M5
G0 X97.142 Y114.851
M3
G0 X97.142 Y120.681
M5
G0 X97.725 Y120.681
M3
G0 X97.725 Y114.851
M5
G0 X98.308 Y112.519
M3
G0 X98.308 Y120.098
M5
G0 X98.891 Y119.515
M3
G0 X98.891 Y111.936
M5
G0 X99.474 Y111.353
M3
G0 X99.474 Y118.932
M5
G0 X97.361 Y119.588
M3
G0 X96.778 Y119.588
M5
G0 X97.361 Y122.211
M3
G0 X63.547 Y122.211
M5
G0 X62.964 Y122.211
M3
G0 X40.227 Y122.211
M5
G0 X39.644 Y122.794
M3
G0 X62.964 Y122.794
M5
G0 X63.547 Y122.794
M3
G0 X96.778 Y122.794
M5
G0 X96.778 Y123.377
M3
G0 X39.061 Y123.377
M5
G0 X37.312 Y122.794
M3
G0 X36.146 Y122.794
M5
G0 X36.146 Y123.960
M3
G0 X95.612 Y123.960
M5
G0 X93.863 Y119.588
M3
G0 X92.697 Y119.588
M5
G0 X88.980 Y118.349
M3
G0 X88.980 Y124.762
M5
G0 X88.033 Y108.219
M3
G0 X119.515 Y108.219
M5
G0 X119.515 Y108.657
M3
G0 X11.660 Y108.657
M5
G0 X14.939 Y103.191
M3
G0 X14.939 Y102.608
M5
G0 X15.522 Y102.608
M3
G0 X15.522 Y103.191
M5
G0 X19.020 Y102.025
M3
G0 X19.020 Y95.029
M5
G0 X19.603 Y94.446
M3
G0 X19.603 Y134.090
M5
G0 X19.458 Y134.090
M3
G0 X19.458 Y84.535
M5
G0 X19.603 Y84.535
M3
G0 X19.603 Y89.199
M5
G0 X19.239 Y88.543
M3
G0 X18.656 Y88.543
M5
G0 X18.729 Y89.199
M3
G0 X18.729 Y85.118
M5
G0 X18.656 Y85.628
M3
G0 X17.490 Y85.628
M5
G0 X16.980 Y85.701
M3
G0 X16.980 Y84.535
M5
G0 X18.146 Y84.535
M3
G0 X18.146 Y87.450
M5
G0 X18.656 Y86.794
M3
G0 X19.239 Y86.794
M5
G0 X19.822 Y86.211
M3
G0 X20.405 Y86.211
M5
G0 X20.988 Y85.774
M3
G0 X9.911 Y85.774
M5
G0 X9.984 Y85.701
M3
G0 X9.984 Y86.284
M5
G0 X10.567 Y86.284
M3
G0 X10.567 Y85.701
M5
G0 X12.899 Y85.118
M3
G0 X12.899 Y83.952
M5
G0 X13.482 Y83.952
M3
G0 X13.482 Y84.535
M5
G0 X14.211 Y83.369
M3
G0 X14.211 Y92.114
M5
G0 X13.992 Y91.895
M3
G0 X13.409 Y91.895
M5
G0 X14.794 Y92.114
M3
G0 X14.794 Y83.369
M5
G0 X15.377 Y83.369
M3
G0 X15.377 Y91.531
M5
G0 X15.522 Y91.531
M3
G0 X15.522 Y83.952
M5
G0 X18.292 Y83.952
M3
G0 X18.292 Y134.090
M5
G0 X18.656 Y134.309
M3
G0 X0.000 Y134.309
M5
G0 X0.000 Y133.726
M3
G0 X3.498 Y133.726
M5
G0 X4.081 Y133.726
M3
G0 X66.462 Y133.726
M5
G0 X66.681 Y133.507
M3
G0 X66.681 Y92.697
M5
G0 X67.264 Y92.697
M3
G0 X67.264 Y133.507
M5
G0 X67.409 Y132.924
M3
G0 X67.409 Y128.260
M5
G0 X67.992 Y128.260
M3
G0 X67.992 Y132.924
M5
G0 X67.847 Y132.924
M3
G0 X67.847 Y92.697
M5
G0 X68.430 Y92.114
M3
G0 X68.430 Y132.924
M5
G0 X68.575 Y132.341
M3
G0 X68.575 Y127.677
M5
G0 X69.158 Y127.677
M3
G0 X69.158 Y132.341
M5
G0 X69.741 Y132.341
M3
G0 X69.741 Y127.677
M5
G0 X70.324 Y127.094
M3
G0 X70.324 Y131.758
M5
G0 X70.907 Y131.758
M3
G0 X70.907 Y126.511
M5
G0 X63.911 Y118.932
M3
G0 X63.911 Y110.187
M5
G0 X64.494 Y110.187
M3
G0 X64.494 Y118.349
M5
G0 X62.381 Y116.673
M3
G0 X61.215 Y116.673
M5
G0 X61.215 Y115.361
M3
G0 X62.381 Y115.361
M5
G0 X60.705 Y115.434
M3
G0 X60.705 Y113.685
M5
G0 X57.498 Y118.932
M3
G0 X57.498 Y106.689
M5
G0 X56.915 Y106.689
M3
G0 X56.915 Y107.272
M5
G0 X56.915 Y107.855
M3
G0 X56.915 Y118.932
M5
G0 X58.081 Y119.515
M3
G0 X58.081 Y105.523
M5
G0 X58.664 Y105.523
M3
G0 X58.664 Y120.098
M5
G0 X59.247 Y120.098
M3
G0 X59.247 Y105.523
M5
G0 X59.830 Y105.523
M3
G0 X59.830 Y120.098
M5
G0 X49.336 Y118.349
M3
G0 X49.336 Y116.600
M5
G0 X40.810 Y119.296
M3
G0 X39.061 Y119.296
M5
G0 X39.061 Y118.713
M3
G0 X40.227 Y118.713
M5
G0 X40.227 Y120.462
M3
G0 X109.604 Y120.462
M5
G0 X109.823 Y120.681
M3
G0 X109.823 Y22.154
M5
G0 X108.802 Y22.154
M3
G0 X108.802 Y49.555
M5
G0 X110.187 Y47.150
M3
G0 X137.005 Y47.150
M5
G0 X137.005 Y46.421
M3
G0 X103.774 Y46.421
M5
G0 X104.940 Y42.486
M3
G0 X105.523 Y42.486
M5
G0 X106.689 Y42.486
M3
G0 X107.855 Y42.486
M5
G0 X107.855 Y43.069
M3
G0 X108.438 Y43.069
M5
G0 X109.021 Y43.069
M3
G0 X111.353 Y43.069
M5
G0 X111.353 Y42.486
M3
G0 X109.021 Y42.486
M5
G0 X107.855 Y43.652
M3
G0 X117.183 Y43.652
M5
G0 X117.766 Y43.652
M3
G0 X123.013 Y43.652
M5
G0 X123.596 Y43.652
M3
G0 X134.673 Y43.652
M5
G0 X135.839 Y43.944
M3
G0 X43.725 Y43.944
M5
G0 X43.361 Y44.308
M3
G0 X43.361 Y139.920
M5
G0 X43.725 Y136.495
M3
G0 X41.976 Y136.495
M5
G0 X47.806 Y135.329
M3
G0 X49.555 Y135.329
M5
G0 X51.887 Y135.329
M3
G0 X52.470 Y135.329
M5
G0 X56.332 Y136.422
M3
G0 X56.332 Y132.341
M5
G0 X58.883 Y134.746
M3
G0 X61.215 Y134.746
M5
G0 X61.798 Y134.454
M3
G0 X20.405 Y134.454
M5
G0 X20.624 Y134.673
M3
G0 X20.624 Y84.535
M5
G0 X20.041 Y84.535
M3
G0 X20.041 Y134.673
M5
G0 X18.875 Y134.090
M3
G0 X18.875 Y84.535
M5
G0 X19.020 Y84.535
M3
G0 X19.020 Y89.782
M5
G0 X20.769 Y91.531
M3
G0 X20.769 Y92.697
M5
G0 X19.603 Y93.280
M3
G0 X19.603 Y93.863
M5
G0 X19.020 Y93.863
M3
G0 X19.020 Y93.280
M5
G0 X18.437 Y93.280
M3
G0 X18.437 Y93.863
M5
G0 X17.854 Y95.029
M3
G0 X17.854 Y95.612
M5
G0 X15.741 Y94.810
M3
G0 X62.381 Y94.810
M5
G0 X61.798 Y93.644
M3
G0 X16.324 Y93.644
M5
G0 X16.907 Y93.061
M3
G0 X61.215 Y93.061
M5
G0 X61.215 Y90.146
M3
G0 X0.000 Y90.146
M5
G0 X0.000 Y86.065
M3
G0 X58.300 Y86.065
M5
G0 X58.883 Y86.065
M3
G0 X60.049 Y86.065
M5
G0 X60.049 Y85.482
M3
G0 X58.883 Y85.482
M5
G0 X57.498 Y86.867
M3
G0 X57.498 Y104.940
M5
G0 X56.915 Y104.940
M3
G0 X56.915 Y104.357
M5
G0 X56.915 Y105.523
M3
G0 X56.915 Y106.106
M5
G0 X55.749 Y106.106
M3
G0 X55.749 Y105.523
M5
G0 X55.166 Y107.855
M3
G0 X55.166 Y108.438
M5
G0 X55.385 Y107.928
M3
G0 X54.802 Y107.928
M5
G0 X56.915 Y100.859
M3
G0 X56.915 Y85.701
M5
G0 X56.551 Y84.899
M3
G0 X22.154 Y84.899
M5
G0 X22.518 Y85.118
M3
G0 X22.518 Y85.701
M5
G0 X23.101 Y85.701
M3
G0 X23.101 Y97.944
M5
G0 X22.518 Y99.110
M3
G0 X22.518 Y86.867
M5
G0 X23.101 Y85.118
M3
G0 X23.101 Y84.535
M5
G0 X28.348 Y81.620
M3
G0 X28.348 Y79.871
M5
G0 X28.348 Y79.288
M3
G0 X28.348 Y78.705
M5
G0 X21.352 Y90.948
M3
G0 X21.352 Y107.272
M5
G0 X26.818 Y109.385
M3
G0 X30.899 Y109.385
M5
G0 X29.733 Y108.802
M3
G0 X29.150 Y108.802
M5
G0 X28.567 Y108.802
M3
G0 X27.401 Y108.802
M5
G0 X27.984 Y109.968
M3
G0 X26.818 Y109.968
M5
G0 X31.482 Y112.883
M3
G0 X32.648 Y112.883
M5
G0 X33.231 Y112.883
M3
G0 X33.814 Y112.883
M5
G0 X38.259 Y111.936
M3
G0 X38.259 Y111.353
M5
G0 X38.842 Y111.353
M3
G0 X38.842 Y111.936
M5
G0 X40.008 Y111.936
M3
G0 X40.008 Y112.519
M5
G0 X40.008 Y110.770
M3
G0 X40.008 Y109.604
M5
G0 X37.676 Y108.438
M3
G0 X37.676 Y107.855
M5
G0 X37.895 Y120.462
M3
G0 X39.061 Y120.462
M5
G0 X39.061 Y121.045
M3
G0 X37.895 Y121.045
M5
G0 X37.312 Y122.211
M3
G0 X34.980 Y122.211
M5
G0 X30.899 Y135.329
M3
G0 X25.652 Y135.329
M5
G0 X25.725 Y135.256
M3
G0 X25.725 Y134.673
M5
G0 X26.308 Y134.673
M3
G0 X26.308 Y135.256
M5
G0 X27.474 Y134.673
M3
G0 X27.474 Y135.839
M5
G0 X23.320 Y132.997
M3
G0 X22.737 Y132.997
M5
G0 X21.644 Y133.507
M3
G0 X21.644 Y134.090
M5
G0 X17.854 Y132.924
M3
G0 X17.854 Y131.758
M5
G0 X16.688 Y131.758
M3
G0 X16.688 Y130.592
M5
G0 X15.377 Y131.758
M3
G0 X15.377 Y132.341
M5
G0 X15.960 Y132.341
M3
G0 X15.960 Y132.924
M5
G0 X16.543 Y132.924
M3
G0 X16.543 Y92.697
M5
G0 X15.960 Y92.697
M3
G0 X15.960 Y92.114
M5
G0 X14.211 Y93.863
M3
G0 X14.211 Y95.029
M5
G0 X14.575 Y95.248
M3
G0 X4.081 Y95.248
M5
G0 X3.498 Y95.831
M3
G0 X13.992 Y95.831
M5
G0 X14.575 Y94.665
M3
G0 X5.247 Y94.665
M5
G0 X5.247 Y91.750
M3
G0 X5.830 Y91.750
M5
G0 X5.466 Y91.531
M3
G0 X5.466 Y81.620
M5
G0 X8.964 Y82.786
M3
G0 X8.964 Y91.531
M5
G0 X9.547 Y92.114
M3
G0 X9.547 Y93.863
M5
G0 X10.130 Y93.863
M3
G0 X10.130 Y91.531
M5
G0 X10.130 Y90.948
M3
G0 X10.130 Y82.786
M5
G0 X10.494 Y83.150
M3
G0 X0.000 Y83.150
M5
G0 X9.109 Y82.786
M3
G0 X9.109 Y90.365
M5
G0 X8.964 Y93.280
M3
G0 X8.964 Y94.446
M5
G0 X8.381 Y94.446
M3
G0 X8.381 Y93.280
M5
G0 X10.713 Y93.280
M3
G0 X10.713 Y82.786
M5
G0 X11.296 Y82.786
M3
G0 X11.296 Y93.280
M5
G0 X8.745 Y98.746
M3
G0 X6.996 Y98.746
M5
G0 X18.437 Y99.693
M3
G0 X18.437 Y100.276
M5
G0 X12.826 Y120.900
M3
G0 X110.187 Y120.900
M5
G0 X109.385 Y120.098
M3
G0 X109.385 Y118.932
M5
G0 X107.636 Y118.349
M3
G0 X107.636 Y117.766
M5
G0 X108.657 Y121.264
M3
G0 X108.657 Y22.154
M5
G0 X113.612 Y30.899
M3
G0 X113.612 Y32.065
M5
G0 X117.985 Y27.401
M3
G0 X117.985 Y110.187
M5
G0 X118.932 Y108.511
M3
G0 X104.940 Y108.511
M5
G0 X109.021 Y121.483
M3
G0 X12.826 Y121.483
M5
G0 X11.296 Y130.592
M3
G0 X11.296 Y148.082
M5
G0 X10.713 Y147.499
M3
G0 X10.713 Y130.592
M5
G0 X10.130 Y131.175
M3
G0 X10.130 Y145.750
M5
G0 X10.130 Y146.333
M3
G0 X10.130 Y146.916
M5
G0 X9.328 Y147.135
M3
G0 X12.826 Y147.135
M5
G0 X11.660 Y146.697
M3
G0 X11.077 Y146.697
M5
G0 X10.858 Y145.167
M3
G0 X10.858 Y132.341
M5
G0 X11.077 Y132.414
M3
G0 X10.494 Y132.414
M5
G0 X10.567 Y132.924
M3
G0 X10.567 Y139.337
M5
G0 X10.567 Y139.920
M3
G0 X10.567 Y144.584
M5
G0 X11.150 Y144.584
M3
G0 X11.150 Y133.507
M5
G0 X9.547 Y130.592
M3
G0 X9.547 Y139.337
M5
G0 X9.328 Y139.410
M3
G0 X0.000 Y139.410
M5
G0 X0.000 Y139.993
M3
G0 X15.158 Y139.993
M5
G0 X15.158 Y140.284
M3
G0 X0.000 Y140.284
M5
G0 X0.000 Y140.139
M3
G0 X15.741 Y140.139
M5
G0 X15.522 Y139.920
M3
G0 X15.522 Y136.422
M5
G0 X16.324 Y136.495
M3
G0 X2.915 Y136.495
M5
G0 X2.988 Y136.422
M3
G0 X2.988 Y142.835
M5
G0 X2.332 Y142.179
M3
G0 X0.000 Y142.179
M5
G0 X0.000 Y142.033
M3
G0 X15.158 Y142.033
M5
G0 X15.158 Y141.888
M3
G0 X0.000 Y141.888
M5
G0 X0.000 Y140.576
M3
G0 X15.158 Y140.576
M5
G0 X15.158 Y140.430
M3
G0 X13.992 Y140.430
M5
G0 X13.409 Y140.430
M3
G0 X12.826 Y140.430
M5
G0 X13.336 Y142.835
M3
G0 X13.336 Y143.418
M5
G0 X10.275 Y145.167
M3
G0 X10.275 Y139.920
M5
G0 X9.547 Y139.920
M3
G0 X9.547 Y145.750
M5
G0 X8.526 Y145.750
M3
G0 X8.526 Y131.175
M5
G0 X8.381 Y131.175
M3
G0 X8.381 Y145.750
M5
G0 X9.401 Y144.584
M3
G0 X9.401 Y139.920
M5
G0 X5.830 Y136.932
M3
G0 X2.915 Y136.932
M5
G0 X2.696 Y137.005
M3
G0 X2.696 Y148.082
M5
G0 X2.915 Y148.446
M3
G0 X0.000 Y148.446
M5
G0 X0.000 Y149.612
M3
G0 X1.166 Y149.612
M5
G0 X0.947 Y149.831
M3
G0 X0.947 Y138.754
M5
G0 X0.364 Y138.754
M3
G0 X0.364 Y149.831
M5
G0 X0.000 Y150.050
M3
G0 X1.166 Y150.050
M5
G0 X1.385 Y149.831
M3
G0 X1.385 Y137.588
M5
G0 X1.968 Y137.005
M3
G0 X1.968 Y148.665
M5
G0 X2.551 Y148.665
M3
G0 X2.551 Y136.422
M5
G0 X2.332 Y136.786
M3
G0 X16.324 Y136.786
M5
G0 X16.543 Y136.422
M3
G0 X16.543 Y134.090
M5
G0 X16.907 Y135.037
M3
G0 X4.081 Y135.037
M5
G0 X3.498 Y135.620
M3
G0 X16.324 Y135.620
M5
G0 X16.324 Y135.329
M3
G0 X15.741 Y135.329
M5
G0 X16.324 Y136.203
M3
G0 X2.915 Y136.203
M5
G0 X2.915 Y135.475
M3
G0 X16.907 Y135.475
M5
G0 X16.907 Y136.058
M3
G0 X1.749 Y136.058
M5
G0 X1.749 Y136.641
M3
G0 X16.907 Y136.641
M5
G0 X16.324 Y138.390
M3
G0 X0.000 Y138.390
M5
G0 X0.219 Y138.171
M3
G0 X0.219 Y150.414
M5
G0 X0.802 Y149.831
M3
G0 X0.802 Y138.171
M5
G0 X0.583 Y136.641
M3
G0 X0.000 Y136.641
M5
G0 X0.000 Y134.892
M3
G0 X2.332 Y134.892
M5
G0 X2.551 Y133.507
M3
G0 X2.551 Y132.341
M5
G0 X1.968 Y132.341
M3
G0 X1.968 Y133.507
M5
G0 X1.385 Y133.507
M3
G0 X1.385 Y132.924
M5
G0 X0.802 Y132.924
M3
G0 X0.802 Y133.507
M5
G0 X3.134 Y132.924
M3
G0 X3.134 Y132.341
M5
G0 X4.883 Y131.758
M3
G0 X4.883 Y148.665
M5
G0 X5.028 Y147.499
M3
G0 X5.028 Y131.758
M5
G0 X5.611 Y131.758
M3
G0 X5.611 Y146.916
M5
G0 X4.154 Y146.916
M3
G0 X4.154 Y146.333
M5
G0 X3.862 Y145.750
M3
G0 X3.862 Y148.082
M5
G0 X3.498 Y145.823
M3
G0 X0.000 Y145.823
M5
G0 X0.000 Y140.430
M3
G0 X3.498 Y140.430
M5
G0 X2.915 Y139.847
M3
G0 X0.583 Y139.847
M5
G0 X6.413 Y135.183
M3
G0 X6.996 Y135.183
M5
G0 X14.794 Y131.758
M3
G0 X14.794 Y131.175
M5
G0 X23.320 Y145.386
M3
G0 X61.215 Y145.386
M5
G0 X61.215 Y145.969
M3
G0 X23.320 Y145.969
M5
G0 X23.320 Y146.552
M3
G0 X61.215 Y146.552
M5
G0 X60.632 Y146.114
M3
G0 X49.555 Y146.114
M5
G0 X47.587 Y149.831
M3
G0 X47.587 Y150.414
M5
G0 X48.972 Y151.944
M3
G0 X49.555 Y151.944
M5
G0 X51.304 Y151.944
M3
G0 X59.466 Y151.944
M5
G0 X59.466 Y151.799
M3
G0 X23.320 Y151.799
M5
G0 X22.737 Y151.216
M3
G0 X60.049 Y151.216
M5
G0 X60.049 Y150.633
M3
G0 X22.737 Y150.633
M5
G0 X24.486 Y152.382
M3
G0 X59.466 Y152.382
M5
G0 X59.466 Y152.965
M3
G0 X25.069 Y152.965
M5
G0 X25.652 Y153.548
M3
G0 X59.466 Y153.548
M5
G0 X58.300 Y153.985
M3
G0 X56.551 Y153.985
M5
G0 X57.207 Y153.912
M3
G0 X57.207 Y151.580
M5
G0 X59.466 Y149.904
M3
G0 X52.470 Y149.904
M5
G0 X53.709 Y150.997
M3
G0 X53.709 Y141.669
M5
G0 X53.636 Y141.742
M3
G0 X61.215 Y141.742
M5
G0 X57.061 Y139.337
M3
G0 X57.061 Y138.171
M5
G0 X57.644 Y137.588
M3
G0 X57.644 Y137.005
M5
G0 X56.915 Y137.005
M3
G0 X56.915 Y155.078
M5
G0 X49.774 Y155.078
M3
G0 X49.774 Y36.729
M5
G0 X51.304 Y41.757
M3
G0 X76.956 Y41.757
M5
G0 X74.988 Y41.976
M3
G0 X74.988 Y43.142
M5
G0 X74.405 Y43.142
M3
G0 X74.405 Y41.976
M5
G0 X73.822 Y41.976
M3
G0 X73.822 Y43.142
M5
G0 X72.656 Y43.725
M3
G0 X72.656 Y54.219
M5
G0 X69.741 Y60.049
M3
G0 X69.741 Y61.215
M5
G0 X67.045 Y60.851
M3
G0 X139.337 Y60.851
M5
G0 X138.754 Y60.996
M3
G0 X117.766 Y60.996
M5
G0 X121.628 Y62.381
M3
G0 X121.628 Y30.316
M5
G0 X122.211 Y30.899
M3
G0 X122.211 Y62.964
M5
G0 X124.252 Y63.547
M3
G0 X124.252 Y32.648
M5
G0 X124.179 Y33.158
M3
G0 X123.596 Y33.158
M5
G0 X123.596 Y33.741
M3
G0 X125.345 Y33.741
M5
G0 X126.001 Y33.814
M3
G0 X126.001 Y66.462
M5
G0 X128.770 Y62.964
M3
G0 X128.770 Y60.632
M5
G0 X129.353 Y61.215
M3
G0 X129.353 Y54.219
M5
G0 X129.936 Y54.219
M3
G0 X129.936 Y55.385
M5
G0 X129.936 Y55.968
M3
G0 X129.936 Y60.632
M5
G0 X128.770 Y59.466
M3
G0 X128.770 Y46.057
M5
G0 X128.187 Y45.474
M3
G0 X128.187 Y48.972
M5
G0 X129.353 Y47.806
M3
G0 X129.353 Y53.053
M5
G0 X129.936 Y53.636
M3
G0 X129.936 Y48.972
M5
G0 X130.519 Y50.138
M3
G0 X130.519 Y55.968
M5
G0 X131.102 Y56.551
M3
G0 X131.102 Y50.138
M5
G0 X131.685 Y50.138
M3
G0 X131.685 Y58.883
M5
G0 X132.268 Y59.466
M3
G0 X132.268 Y50.138
M5
G0 X132.851 Y50.721
M3
G0 X132.851 Y60.632
M5
G0 X133.434 Y62.381
M3
G0 X133.434 Y50.721
M5
G0 X131.102 Y46.640
M3
G0 X131.102 Y46.057
M5
G0 X127.604 Y46.057
M3
G0 X127.604 Y44.891
M5
G0 X127.021 Y40.810
M3
G0 X127.021 Y40.227
M5
G0 X122.940 Y37.895
M3
G0 X122.940 Y37.312
M5
G0 X125.126 Y32.648
M3
G0 X125.126 Y72.875
M5
G0 X131.175 Y72.802
M3
G0 X131.758 Y72.802
M5
G0 X131.758 Y73.385
M3
G0 X131.175 Y73.385
M5
G0 X132.341 Y74.551
M3
G0 X133.507 Y74.551
M5
G0 X132.924 Y75.134
M3
G0 X132.341 Y75.134
M5
G0 X134.090 Y76.300
M3
G0 X134.673 Y76.300
M5
G0 X134.673 Y76.883
M3
G0 X134.090 Y76.883
M5
G0 X134.090 Y77.466
M3
G0 X135.256 Y77.466
M5
G0 X135.256 Y78.049
M3
G0 X134.090 Y78.049
M5
G0 X135.766 Y81.037
M3
G0 X135.766 Y81.620
M5
G0 X136.932 Y81.620
M3
G0 X136.932 Y81.037
M5
G0 X137.588 Y87.231
M3
G0 X82.786 Y87.231
M5
G0 X82.786 Y84.899
M3
G0 X75.207 Y84.899
M5
G0 X75.790 Y84.316
M3
G0 X82.786 Y84.316
M5
G0 X83.369 Y84.899
M3
G0 X85.118 Y84.899
M5
G0 X88.033 Y85.482
M3
G0 X88.616 Y85.482
M5
G0 X92.333 Y89.199
M3
G0 X92.333 Y75.207
M5
G0 X90.948 Y76.154
M3
G0 X90.365 Y76.154
M5
G0 X89.199 Y76.154
M3
G0 X88.616 Y76.154
M5
G0 X88.616 Y75.571
M3
G0 X89.199 Y75.571
M5
G0 X86.284 Y79.069
M3
G0 X99.693 Y79.069
M5
G0 X99.110 Y79.652
M3
G0 X86.284 Y79.652
M5
G0 X80.818 Y82.786
M3
G0 X80.818 Y85.118
M5
G0 X79.652 Y84.535
M3
G0 X79.652 Y83.952
M5
G0 X79.069 Y85.118
M3
G0 X79.069 Y86.284
M5
G0 X78.486 Y86.284
M3
G0 X78.486 Y85.118
M5
G0 X77.903 Y85.701
M3
G0 X77.903 Y86.284
M5
G0 X77.320 Y86.284
M3
G0 X77.320 Y87.450
M5
G0 X76.154 Y86.867
M3
G0 X76.154 Y89.199
M5
G0 X76.154 Y89.782
M3
G0 X76.154 Y90.365
M5
G0 X76.737 Y88.616
M3
G0 X76.737 Y86.284
M5
G0 X80.454 Y90.729
M3
G0 X71.126 Y90.729
M5
G0 X71.126 Y91.312
M3
G0 X80.454 Y91.312
M5
G0 X80.454 Y91.895
M3
G0 X70.543 Y91.895
M5
G0 X70.543 Y92.478
M3
G0 X81.037 Y92.478
M5
G0 X80.454 Y93.061
M3
G0 X69.960 Y93.061
M5
G0 X69.377 Y93.644
M3
G0 X80.454 Y93.644
M5
G0 X79.288 Y94.227
M3
G0 X68.794 Y94.227
M5
G0 X67.409 Y95.612
M3
G0 X67.409 Y96.195
M5
G0 X65.879 Y94.810
M3
G0 X79.288 Y94.810
M5
G0 X82.786 Y94.810
M3
G0 X84.535 Y94.810
M5
G0 X84.535 Y94.227
M3
G0 X83.369 Y94.227
M5
G0 X83.369 Y93.644
M3
G0 X84.535 Y93.644
M5
G0 X83.952 Y93.061
M3
G0 X83.369 Y93.061
M5
G0 X84.535 Y92.478
M3
G0 X85.701 Y92.478
M5
G0 X85.701 Y91.895
M3
G0 X84.535 Y91.895
M5
G0 X85.118 Y93.061
M3
G0 X85.701 Y93.061
M5
G0 X85.701 Y93.644
M3
G0 X86.284 Y93.644
M5
G0 X86.284 Y94.227
M3
G0 X85.701 Y94.227
M5
G0 X85.701 Y94.810
M3
G0 X86.284 Y94.810
M5
G0 X85.701 Y95.393
M3
G0 X86.867 Y95.393
M5
G0 X86.284 Y95.976
M3
G0 X87.450 Y95.976
M5
G0 X87.450 Y96.559
M3
G0 X86.284 Y96.559
M5
G0 X85.701 Y96.559
M3
G0 X83.952 Y96.559
M5
G0 X83.952 Y97.142
M3
G0 X86.284 Y97.142
M5
G0 X86.284 Y97.725
M3
G0 X83.952 Y97.725
M5
G0 X83.952 Y98.308
M3
G0 X86.284 Y98.308
M5
G0 X86.867 Y98.891
M3
G0 X84.535 Y98.891
M5
G0 X84.535 Y99.474
M3
G0 X87.450 Y99.474
M5
G0 X87.450 Y100.057
M3
G0 X83.952 Y100.057
M5
G0 X85.118 Y100.640
M3
G0 X88.033 Y100.640
M5
G0 X87.814 Y101.442
M3
G0 X87.814 Y102.025
M5
G0 X88.397 Y101.442
M3
G0 X88.397 Y103.191
M5
G0 X88.980 Y103.191
M3
G0 X88.980 Y102.608
M5
G0 X90.729 Y101.442
M3
G0 X90.729 Y99.110
M5
G0 X89.199 Y100.057
M3
G0 X127.677 Y100.057
M5
G0 X127.313 Y100.276
M3
G0 X127.313 Y33.814
M5
G0 X123.013 Y31.263
M3
G0 X62.381 Y31.263
M5
G0 X62.964 Y30.535
M3
G0 X122.430 Y30.535
M5
G0 X121.847 Y31.409
M3
G0 X120.681 Y31.409
M5
G0 X117.766 Y27.037
M3
G0 X71.126 Y27.037
M5
G0 X71.126 Y27.911
M3
G0 X71.709 Y27.911
M5
G0 X69.741 Y28.567
M3
G0 X69.741 Y38.478
M5
G0 X69.158 Y39.061
M3
G0 X69.158 Y28.567
M5
G0 X69.450 Y28.567
M3
G0 X69.450 Y36.729
M5
G0 X68.794 Y36.073
M3
G0 X60.049 Y36.073
M5
G0 X60.049 Y35.490
M3
G0 X59.466 Y35.490
M5
G0 X59.466 Y34.907
M3
G0 X60.049 Y34.907
M5
G0 X60.049 Y34.324
M3
G0 X58.883 Y34.324
M5
G0 X58.883 Y33.887
M3
G0 X76.956 Y33.887
M5
G0 X78.122 Y31.409
M3
G0 X64.130 Y31.409
M5
G0 X64.130 Y30.826
M3
G0 X69.960 Y30.826
M5
G0 X70.543 Y30.826
M3
G0 X71.126 Y30.826
M5
G0 X71.126 Y30.243
M3
G0 X65.296 Y30.243
M5
G0 X65.077 Y29.733
M3
G0 X65.077 Y41.393
M5
G0 X64.494 Y41.976
M3
G0 X64.494 Y29.733
M5
G0 X64.349 Y29.733
M3
G0 X64.349 Y58.300
M5
G0 X64.932 Y58.300
M3
G0 X64.932 Y29.733
M5
G0 X65.952 Y29.733
M3
G0 X65.952 Y39.061
M5
G0 X65.296 Y38.988
M3
G0 X64.713 Y38.988
M5
G0 X65.296 Y38.405
M3
G0 X55.968 Y38.405
M5
G0 X55.968 Y38.988
M3
G0 X55.385 Y38.988
M5
G0 X55.385 Y39.571
M3
G0 X54.802 Y39.571
M5
G0 X55.385 Y40.154
M3
G0 X57.134 Y40.154
M5
G0 X56.551 Y40.737
M3
G0 X54.219 Y40.737
M5
G0 X53.636 Y41.320
M3
G0 X55.385 Y41.320
M5
G0 X57.134 Y41.320
M3
G0 X59.466 Y41.320
M5
G0 X59.466 Y40.737
M3
G0 X57.717 Y40.737
M5
G0 X58.883 Y40.154
M3
G0 X60.049 Y40.154
M5
G0 X60.632 Y39.571
M3
G0 X55.968 Y39.571
M5
G0 X57.717 Y38.988
M3
G0 X62.381 Y38.988
M5
G0 X61.798 Y39.571
M3
G0 X62.964 Y39.571
M5
G0 X66.243 Y40.810
M3
G0 X66.243 Y29.733
M5
G0 X66.098 Y29.150
M3
G0 X66.098 Y58.883
M5
G0 X66.098 Y60.632
M3
G0 X66.098 Y62.964
M5
G0 X65.296 Y62.745
M3
G0 X61.215 Y62.745
M5
G0 X60.049 Y62.745
M3
G0 X57.134 Y62.745
M5
G0 X57.134 Y62.162
M3
G0 X60.049 Y62.162
M5
G0 X60.049 Y61.579
M3
G0 X53.053 Y61.579
M5
G0 X53.636 Y62.162
M3
G0 X55.385 Y62.162
M5
G0 X55.968 Y62.162
M3
G0 X56.551 Y62.162
M5
G0 X56.551 Y62.745
M3
G0 X54.219 Y62.745
M5
G0 X54.219 Y63.328
M3
G0 X55.968 Y63.328
M5
G0 X55.385 Y64.494
M3
G0 X57.134 Y64.494
M5
G0 X57.134 Y63.911
M3
G0 X54.802 Y63.911
M5
G0 X55.968 Y65.077
M3
G0 X57.134 Y65.077
M5
G0 X55.968 Y65.660
M3
G0 X58.300 Y65.660
M5
G0 X58.883 Y66.243
M3
G0 X56.551 Y66.243
M5
G0 X57.134 Y66.826
M3
G0 X59.466 Y66.826
M5
G0 X60.049 Y67.409
M3
G0 X57.717 Y67.409
M5
G0 X58.883 Y67.992
M3
G0 X61.215 Y67.992
M5
G0 X62.381 Y67.992
M3
G0 X64.130 Y67.992
M5
G0 X64.713 Y68.575
M3
G0 X62.964 Y68.575
M5
G0 X62.381 Y68.575
M3
G0 X58.883 Y68.575
M5
G0 X59.466 Y69.158
M3
G0 X60.632 Y69.158
M5
G0 X61.215 Y69.158
M3
G0 X64.713 Y69.158
M5
G0 X62.964 Y67.409
M3
G0 X62.381 Y67.409
M5
G0 X62.381 Y66.826
M3
G0 X61.215 Y66.826
M5
G0 X59.830 Y64.713
M3
G0 X59.830 Y63.547
M5
G0 X60.049 Y63.328
M3
G0 X58.300 Y63.328
M5
G0 X58.081 Y62.964
M3
G0 X58.081 Y55.385
M5
G0 X58.664 Y55.385
M3
G0 X58.664 Y59.466
M5
G0 X59.247 Y59.466
M3
G0 X59.247 Y55.968
M5
G0 X58.883 Y57.207
M3
G0 X61.798 Y57.207
M5
G0 X62.162 Y57.717
M3
G0 X62.162 Y55.385
M5
G0 X62.745 Y54.802
M3
G0 X62.745 Y57.717
M5
G0 X60.632 Y57.790
M3
G0 X57.717 Y57.790
M5
G0 X57.498 Y57.717
M3
G0 X57.498 Y61.215
M5
G0 X57.717 Y60.122
M3
G0 X58.300 Y60.122
M5
G0 X58.664 Y60.049
M3
G0 X58.664 Y60.632
M5
G0 X58.664 Y61.215
M3
G0 X58.664 Y62.964
M5
G0 X59.247 Y62.964
M3
G0 X59.247 Y62.381
M5
G0 X59.247 Y60.632
M3
G0 X59.247 Y60.049
M5
G0 X59.466 Y58.956
M3
G0 X60.049 Y58.956
M5
G0 X60.632 Y58.373
M3
G0 X57.134 Y58.373
M5
G0 X57.134 Y58.956
M3
G0 X57.717 Y58.956
M5
G0 X56.915 Y60.049
M3
G0 X56.915 Y57.134
M5
G0 X57.498 Y57.134
M3
G0 X57.498 Y55.968
M5
G0 X60.851 Y59.466
M3
G0 X60.851 Y32.065
M5
G0 X60.996 Y32.065
M3
G0 X60.996 Y43.725
M5
G0 X57.717 Y42.486
M3
G0 X53.053 Y42.486
M5
G0 X52.470 Y43.069
M3
G0 X57.134 Y43.069
M5
G0 X57.207 Y44.308
M3
G0 X57.207 Y36.146
M5
G0 X57.717 Y36.073
M3
G0 X58.300 Y36.073
M5
G0 X58.300 Y35.490
M3
G0 X58.883 Y35.490
M5
G0 X58.883 Y36.073
M3
G0 X59.466 Y36.073
M5
G0 X60.049 Y36.656
M3
G0 X68.211 Y36.656
M5
G0 X71.709 Y34.324
M3
G0 X60.632 Y34.324
M5
G0 X60.632 Y33.741
M3
G0 X60.049 Y33.741
M5
G0 X61.215 Y33.741
M3
G0 X72.875 Y33.741
M5
G0 X73.458 Y33.158
M3
G0 X61.215 Y33.158
M5
G0 X61.434 Y31.482
M3
G0 X61.434 Y59.466
M5
G0 X61.798 Y61.579
M3
G0 X67.045 Y61.579
M5
G0 X67.045 Y61.871
M3
G0 X66.462 Y61.871
M5
G0 X66.681 Y61.215
M3
G0 X66.681 Y67.045
M5
G0 X66.826 Y65.879
M3
G0 X66.826 Y61.215
M5
G0 X65.952 Y64.130
M3
G0 X65.952 Y64.713
M5
G0 X60.632 Y69.741
M3
G0 X60.049 Y69.741
M5
G0 X62.964 Y77.903
M3
G0 X64.713 Y77.903
M5
G0 X65.296 Y78.486
M3
G0 X61.798 Y78.486
M5
G0 X61.798 Y79.069
M3
G0 X62.964 Y79.069
M5
G0 X63.547 Y79.652
M3
G0 X62.381 Y79.652
M5
G0 X70.543 Y79.069
M3
G0 X74.624 Y79.069
M5
G0 X64.349 Y90.948
M3
G0 X64.349 Y92.114
M5
G0 X58.883 Y90.438
M3
G0 X58.300 Y90.438
M5
G0 X58.300 Y89.855
M3
G0 X58.883 Y89.855
M5
G0 X52.251 Y87.450
M3
G0 X52.251 Y85.701
M5
G0 X48.170 Y88.616
M3
G0 X48.170 Y89.199
M5
G0 X47.004 Y90.365
M3
G0 X47.004 Y90.948
M5
G0 X44.089 Y91.531
M3
G0 X44.089 Y93.863
M5
G0 X43.506 Y93.280
M3
G0 X43.506 Y83.952
M5
G0 X44.089 Y83.952
M3
G0 X44.089 Y87.450
M5
G0 X44.672 Y86.867
M3
G0 X44.672 Y83.952
M5
G0 X45.255 Y83.952
M3
G0 X45.255 Y86.284
M5
G0 X46.057 Y78.486
M3
G0 X46.640 Y78.486
M5
G0 X29.733 Y61.579
M3
G0 X29.150 Y61.579
M5
G0 X32.284 Y58.300
M3
G0 X32.284 Y138.171
M5
G0 X27.984 Y154.131
M3
G0 X25.652 Y154.131
M5
G0 X26.235 Y154.714
M3
G0 X27.401 Y154.714
M5
G0 X11.660 Y150.633
M3
G0 X6.413 Y150.633
M5
G0 X5.830 Y150.050
M3
G0 X11.660 Y150.050
M5
G0 X11.660 Y149.467
M3
G0 X10.494 Y149.467
M5
G0 X9.911 Y149.467
M3
G0 X5.830 Y149.467
M5
G0 X6.996 Y148.301
M3
G0 X12.243 Y148.301
M5
G0 X11.077 Y151.216
M3
G0 X8.162 Y151.216
M5
G0 X8.162 Y151.799
M3
G0 X11.077 Y151.799
M5
G0 X11.077 Y152.382
M3
G0 X8.162 Y152.382
M5
G0 X8.745 Y152.965
M3
G0 X10.494 Y152.965
M5
G0 X9.911 Y153.548
M3
G0 X8.745 Y153.548
M5
G0 X9.328 Y154.131
M3
G0 X9.911 Y154.131
M5
G0 X9.911 Y154.714
M3
G0 X9.328 Y154.714
M5
G0 X60.632 Y100.932
M3
G0 X68.211 Y100.932
M5
G0 X68.211 Y100.349
M3
G0 X60.632 Y100.349
M5
G0 X64.130 Y101.515
M3
G0 X68.211 Y101.515
M5
G0 X68.794 Y102.098
M3
G0 X64.713 Y102.098
M5
G0 X65.296 Y102.681
M3
G0 X69.377 Y102.681
M5
G0 X69.741 Y102.608
M3
G0 X69.741 Y106.106
M5
G0 X70.324 Y106.106
M3
G0 X70.324 Y102.608
M5
G0 X69.960 Y103.264
M3
G0 X65.879 Y103.264
M5
G0 X67.045 Y103.847
M3
G0 X69.960 Y103.847
M5
G0 X69.741 Y102.025
M3
G0 X69.741 Y101.442
M5
G0 X69.158 Y101.442
M3
G0 X69.158 Y106.689
M5
G0 X70.907 Y105.523
M3
G0 X70.907 Y102.025
M5
G0 X71.490 Y101.442
M3
G0 X71.490 Y105.523
M5
G0 X72.073 Y105.523
M3
G0 X72.073 Y101.442
M5
G0 X72.656 Y100.859
M3
G0 X72.656 Y105.523
M5
G0 X73.239 Y102.608
M3
G0 X73.239 Y99.693
M5
G0 X73.822 Y99.693
M3
G0 X73.822 Y101.442
M5
G0 X82.786 Y95.976
M3
G0 X85.118 Y95.976
M5
G0 X84.535 Y95.393
M3
G0 X82.786 Y95.393
M5
G0 X85.482 Y97.944
M3
G0 X85.482 Y98.527
M5
G0 X86.648 Y99.693
M3
G0 X86.648 Y100.276
M5
G0 X87.450 Y92.916
M3
G0 X94.446 Y92.916
M5
G0 X95.029 Y92.916
M3
G0 X134.673 Y92.916
M5
G0 X135.183 Y89.199
M3
G0 X135.183 Y88.616
M5
G0 X129.936 Y86.867
M3
G0 X129.936 Y93.863
M5
G0 X129.353 Y93.863
M3
G0 X129.353 Y89.782
M5
G0 X128.770 Y90.365
M3
G0 X128.770 Y93.863
M5
G0 X128.187 Y93.863
M3
G0 X128.187 Y94.446
M5
G0 X127.604 Y93.863
M3
G0 X127.604 Y92.114
M5
G0 X128.187 Y91.531
M3
G0 X128.187 Y93.280
M5
G0 X127.021 Y93.863
M3
G0 X127.021 Y92.697
M5
G0 X126.438 Y93.863
M3
G0 X126.438 Y94.446
M5
G0 X120.462 Y79.288
M3
G0 X120.462 Y78.705
M5
G0 X121.045 Y78.122
M3
G0 X121.045 Y77.539
M5
G0 X114.632 Y77.539
M3
G0 X114.632 Y78.122
M5
G0 X107.855 Y79.069
M3
G0 X104.357 Y79.069
M5
G0 X100.276 Y82.130
M3
G0 X99.693 Y82.130
M5
G0 X98.527 Y82.130
M3
G0 X96.778 Y82.130
M5
G0 X96.778 Y82.713
M3
G0 X98.527 Y82.713
M5
G0 X97.944 Y83.296
M3
G0 X99.693 Y83.296
M5
G0 X98.017 Y84.535
M3
G0 X98.017 Y80.454
M5
G0 X97.944 Y81.547
M3
G0 X98.527 Y81.547
M5
G0 X98.308 Y79.288
M3
G0 X98.308 Y85.701
M5
G0 X93.644 Y89.199
M3
G0 X93.644 Y89.782
M5
G0 X77.029 Y63.547
M3
G0 X77.029 Y61.798
M5
G0 X75.790 Y61.288
M3
G0 X79.288 Y61.288
M5
G0 X73.239 Y41.393
M3
G0 X73.239 Y40.227
M5
G0 X73.239 Y39.644
M3
G0 X73.239 Y38.478
M5
G0 X72.656 Y38.478
M3
G0 X72.656 Y39.644
M5
G0 X72.073 Y39.644
M3
G0 X72.073 Y39.061
M5
G0 X72.656 Y40.810
M3
G0 X72.656 Y41.393
M5
G0 X73.822 Y40.810
M3
G0 X73.822 Y38.478
M5
G0 X74.405 Y37.895
M3
G0 X74.405 Y39.061
M5
G0 X74.405 Y39.644
M3
G0 X74.405 Y40.810
M5
G0 X75.571 Y37.895
M3
G0 X75.571 Y37.312
M5
G0 X74.041 Y29.077
M3
G0 X82.203 Y29.077
M5
G0 X80.381 Y28.567
M3
G0 X80.381 Y27.984
M5
G0 X79.798 Y27.984
M3
G0 X79.798 Y28.567
M5
G0 X79.215 Y28.567
M3
G0 X79.215 Y29.150
M5
G0 X78.632 Y29.150
M3
G0 X78.632 Y28.567
M5
G0 X78.049 Y28.567
M3
G0 X78.049 Y29.150
M5
G0 X77.466 Y29.150
M3
G0 X77.466 Y28.567
M5
G0 X79.215 Y27.984
M3
G0 X79.215 Y27.401
M5
G0 X65.806 Y30.899
M3
G0 X65.806 Y31.482
M5
G0 X55.968 Y43.652
M3
G0 X54.219 Y43.652
M5
G0 X53.636 Y43.652
M3
G0 X52.470 Y43.652
M5
G0 X52.470 Y44.235
M3
G0 X55.968 Y44.235
M5
G0 X55.968 Y45.401
M3
G0 X51.304 Y45.401
M5
G0 X53.636 Y44.818
M3
G0 X54.802 Y44.818
M5
G0 X48.170 Y47.223
M3
G0 X48.170 Y52.470
M5
G0 X46.713 Y51.304
M3
G0 X46.713 Y49.555
M5
G0 X44.089 Y52.470
M3
G0 X44.089 Y54.219
M5
G0 X43.506 Y54.219
M3
G0 X43.506 Y52.470
M5
G0 X42.923 Y53.636
M3
G0 X42.923 Y54.219
M5
G0 X41.393 Y47.442
M3
G0 X138.171 Y47.442
M5
G0 X136.422 Y46.567
M3
G0 X111.353 Y46.567
M5
G0 X111.353 Y45.984
M3
G0 X135.839 Y45.984
M5
G0 X135.839 Y45.401
M3
G0 X110.187 Y45.401
M5
G0 X109.604 Y44.818
M3
G0 X114.268 Y44.818
M5
G0 X114.268 Y44.235
M3
G0 X107.855 Y44.235
M5
G0 X111.353 Y41.903
M3
G0 X103.191 Y41.903
M5
G0 X112.519 Y42.486
M3
G0 X113.685 Y42.486
M5
G0 X112.519 Y43.069
M3
G0 X116.600 Y43.069
M5
G0 X125.272 Y50.138
M3
G0 X125.272 Y58.300
M5
G0 X124.689 Y57.717
M3
G0 X124.689 Y57.134
M5
G0 X125.855 Y58.883
M3
G0 X125.855 Y50.138
M5
G0 X126.438 Y50.721
M3
G0 X126.438 Y58.883
M5
G0 X127.021 Y58.300
M3
G0 X127.021 Y51.304
M5
G0 X127.604 Y51.887
M3
G0 X127.604 Y58.883
M5
G0 X128.187 Y59.466
M3
G0 X128.187 Y51.887
M5
G0 X136.422 Y44.527
M3
G0 X43.142 Y44.527
M5
G0 X136.422 Y71.053
M3
G0 X137.588 Y71.053
M5
G0 X137.005 Y71.636
M3
G0 X136.422 Y71.636
M5
