M5
G0 X0.000 Y0.219
M3
G0 X137.588 Y0.219
M5
G0 X137.588 Y0.073
M3
G0 X82.203 Y0.073
M5
G0 X81.984 Y0.000
M3
G0 X81.984 Y18.656
M5
G0 X81.401 Y18.656
M3
G0 X81.401 Y0.000
M5
G0 X81.256 Y0.000
M3
G0 X81.256 Y244.860
M5
G0 X81.401 Y244.860
M3
G0 X81.401 Y180.730
M5
G0 X80.818 Y180.730
M3
G0 X80.818 Y178.398
M5
G0 X80.818 Y177.815
M3
G0 X80.818 Y177.232
M5
G0 X80.235 Y177.815
M3
G0 X80.235 Y176.066
M5
G0 X79.652 Y177.815
M3
G0 X79.652 Y178.981
M5
G0 X79.652 Y179.564
M3
G0 X79.652 Y182.479
M5
G0 X80.235 Y182.479
M3
G0 X80.235 Y178.981
M5
G0 X81.401 Y178.981
M3
G0 X81.401 Y179.564
M5
G0 X81.984 Y179.564
M3
G0 X81.984 Y180.147
M5
G0 X81.984 Y180.730
M3
G0 X81.984 Y181.313
M5
G0 X81.839 Y181.896
M3
G0 X81.839 Y0.000
M5
G0 X81.620 Y0.073
M3
G0 X79.288 Y0.073
M5
G0 X79.069 Y0.000
M3
G0 X79.069 Y8.745
M5
G0 X79.069 Y9.328
M3
G0 X79.069 Y26.818
M5
G0 X78.486 Y27.984
M3
G0 X78.486 Y9.328
M5
G0 X78.486 Y7.579
M3
G0 X78.486 Y0.000
M5
G0 X78.341 Y0.000
M3
G0 X78.341 Y244.860
M5
G0 X78.486 Y244.860
M3
G0 X78.486 Y185.394
M5
G0 X78.705 Y185.467
M3
G0 X79.288 Y185.467
M5
G0 X78.778 Y185.394
M3
G0 X78.778 Y184.811
M5
G0 X78.705 Y184.884
M3
G0 X79.871 Y184.884
M5
G0 X79.652 Y184.811
M3
G0 X79.652 Y244.860
M5
G0 X79.507 Y244.860
M3
G0 X79.507 Y184.228
M5
G0 X79.288 Y184.301
M3
G0 X78.705 Y184.301
M5
G0 X78.195 Y184.228
M3
G0 X78.195 Y183.645
M5
G0 X78.122 Y183.718
M3
G0 X79.288 Y183.718
M5
G0 X79.288 Y183.864
M3
G0 X0.000 Y183.864
M5
G0 X0.000 Y184.009
M3
G0 X6.413 Y184.009
M5
G0 X6.194 Y183.645
M3
G0 X6.194 Y176.649
M5
G0 X6.413 Y176.722
M3
G0 X6.996 Y176.722
M5
G0 X6.996 Y176.139
M3
G0 X6.413 Y176.139
M5
G0 X6.413 Y175.556
M3
G0 X7.579 Y175.556
M5
G0 X7.579 Y174.973
M3
G0 X6.413 Y174.973
M5
G0 X6.413 Y175.264
M3
G0 X87.450 Y175.264
M5
G0 X87.231 Y175.483
M3
G0 X87.231 Y167.321
M5
G0 X86.648 Y167.321
M3
G0 X86.648 Y174.317
M5
G0 X86.648 Y174.900
M3
G0 X86.648 Y180.147
M5
G0 X86.867 Y180.220
M3
G0 X87.450 Y180.220
M5
G0 X87.669 Y180.147
M3
G0 X87.669 Y244.860
M5
G0 X87.814 Y244.860
M3
G0 X87.814 Y191.807
M5
G0 X88.397 Y191.807
M3
G0 X88.397 Y244.860
M5
G0 X88.252 Y244.860
M3
G0 X88.252 Y177.815
M5
G0 X88.033 Y177.451
M3
G0 X0.000 Y177.451
M5
G0 X0.000 Y177.596
M3
G0 X5.247 Y177.596
M5
G0 X5.028 Y177.815
M3
G0 X5.028 Y167.904
M5
G0 X5.247 Y167.977
M3
G0 X6.413 Y167.977
M5
G0 X6.777 Y167.904
M3
G0 X6.777 Y165.572
M5
G0 X6.996 Y165.645
M3
G0 X9.328 Y165.645
M5
G0 X8.818 Y165.572
M3
G0 X8.818 Y167.904
M5
G0 X8.745 Y167.977
M3
G0 X9.911 Y167.977
M5
G0 X9.911 Y167.394
M3
G0 X8.745 Y167.394
M5
G0 X8.745 Y167.685
M3
G0 X88.033 Y167.685
M5
G0 X88.033 Y167.977
M3
G0 X88.616 Y167.977
M5
G0 X88.397 Y167.904
M3
G0 X88.397 Y169.070
M5
G0 X88.252 Y169.070
M3
G0 X88.252 Y167.904
M5
G0 X87.814 Y167.904
M3
G0 X87.814 Y169.070
M5
G0 X88.033 Y168.997
M3
G0 X88.616 Y168.997
M5
G0 X88.689 Y169.070
M3
G0 X88.689 Y168.487
M5
G0 X88.106 Y168.487
M3
G0 X88.106 Y169.070
M5
G0 X88.033 Y169.434
M3
G0 X8.745 Y169.434
M5
G0 X8.745 Y170.017
M3
G0 X88.033 Y170.017
M5
G0 X88.106 Y170.236
M3
G0 X88.106 Y170.819
M5
G0 X88.397 Y170.819
M3
G0 X88.397 Y170.236
M5
G0 X88.252 Y170.236
M3
G0 X88.252 Y171.402
M5
G0 X88.033 Y171.621
M3
G0 X0.000 Y171.621
M5
G0 X0.000 Y171.766
M3
G0 X87.450 Y171.766
M5
G0 X87.450 Y172.058
M3
G0 X89.199 Y172.058
M5
G0 X88.980 Y171.985
M3
G0 X88.980 Y173.151
M5
G0 X88.835 Y173.151
M3
G0 X88.835 Y171.985
M5
G0 X88.616 Y171.621
M3
G0 X137.588 Y171.621
M5
G0 X137.588 Y171.766
M3
G0 X97.944 Y171.766
M5
G0 X97.944 Y171.183
M3
G0 X137.588 Y171.183
M5
G0 X137.588 Y171.038
M3
G0 X0.000 Y171.038
M5
G0 X0.000 Y171.183
M3
G0 X6.413 Y171.183
M5
G0 X6.413 Y170.600
M3
G0 X0.000 Y170.600
M5
G0 X0.000 Y170.455
M3
G0 X137.588 Y170.455
M5
G0 X137.588 Y170.600
M3
G0 X111.936 Y170.600
M5
G0 X111.936 Y170.017
M3
G0 X137.588 Y170.017
M5
G0 X137.588 Y169.872
M3
G0 X0.000 Y169.872
M5
G0 X0.000 Y170.017
M3
G0 X2.332 Y170.017
M5
G0 X2.332 Y169.726
M3
G0 X1.166 Y169.726
M5
G0 X1.239 Y169.653
M3
G0 X1.239 Y170.819
M5
G0 X1.166 Y170.309
M3
G0 X1.749 Y170.309
M5
G0 X1.749 Y170.892
M3
G0 X0.583 Y170.892
M5
G0 X0.364 Y171.402
M3
G0 X0.364 Y167.904
M5
G0 X0.000 Y167.685
M3
G0 X8.162 Y167.685
M5
G0 X8.162 Y167.394
M3
G0 X7.579 Y167.394
M5
G0 X7.579 Y167.977
M3
G0 X8.162 Y167.977
M5
G0 X8.162 Y168.560
M3
G0 X7.579 Y168.560
M5
G0 X7.579 Y169.143
M3
G0 X8.162 Y169.143
M5
G0 X8.162 Y169.434
M3
G0 X6.996 Y169.434
M5
G0 X6.996 Y169.726
M3
G0 X8.162 Y169.726
M5
G0 X8.162 Y170.017
M3
G0 X6.996 Y170.017
M5
G0 X6.996 Y170.309
M3
G0 X8.162 Y170.309
M5
G0 X8.162 Y170.600
M3
G0 X6.996 Y170.600
M5
G0 X6.996 Y170.892
M3
G0 X8.162 Y170.892
M5
G0 X8.162 Y171.183
M3
G0 X6.996 Y171.183
M5
G0 X7.069 Y171.402
M3
G0 X7.069 Y174.900
M5
G0 X6.413 Y174.681
M3
G0 X95.029 Y174.681
M5
G0 X95.029 Y174.098
M3
G0 X6.413 Y174.098
M5
G0 X6.413 Y174.390
M3
G0 X7.579 Y174.390
M5
G0 X7.579 Y173.807
M3
G0 X6.996 Y173.807
M5
G0 X6.996 Y173.224
M3
G0 X7.579 Y173.224
M5
G0 X7.579 Y172.641
M3
G0 X6.996 Y172.641
M5
G0 X6.777 Y172.568
M3
G0 X6.777 Y180.730
M5
G0 X6.413 Y180.220
M3
G0 X5.247 Y180.220
M5
G0 X5.028 Y180.147
M3
G0 X5.028 Y185.394
M5
G0 X5.247 Y185.758
M3
G0 X74.624 Y185.758
M5
G0 X74.624 Y186.050
M3
G0 X74.041 Y186.050
M5
G0 X74.114 Y185.977
M3
G0 X74.114 Y187.143
M5
G0 X74.041 Y187.070
M3
G0 X74.624 Y187.070
M5
G0 X74.697 Y187.143
M3
G0 X74.697 Y188.309
M5
G0 X74.624 Y187.799
M3
G0 X76.373 Y187.799
M5
G0 X76.373 Y187.216
M3
G0 X76.956 Y187.216
M5
G0 X76.373 Y186.924
M3
G0 X89.782 Y186.924
M5
G0 X90.365 Y186.924
M3
G0 X137.588 Y186.924
M5
G0 X137.588 Y186.779
M3
G0 X75.790 Y186.779
M5
G0 X76.009 Y187.143
M3
G0 X76.009 Y244.860
M5
G0 X76.154 Y244.860
M3
G0 X76.154 Y187.143
M5
G0 X75.426 Y187.143
M3
G0 X75.426 Y244.860
M5
G0 X75.571 Y244.860
M3
G0 X75.571 Y187.726
M5
G0 X75.207 Y187.216
M3
G0 X74.041 Y187.216
M5
G0 X73.822 Y187.143
M3
G0 X73.822 Y186.560
M5
G0 X73.458 Y186.050
M3
G0 X25.652 Y186.050
M5
G0 X25.652 Y185.467
M3
G0 X70.543 Y185.467
M5
G0 X71.126 Y185.467
M3
G0 X71.709 Y185.467
M5
G0 X72.292 Y184.884
M3
G0 X25.652 Y184.884
M5
G0 X25.652 Y184.301
M3
G0 X71.126 Y184.301
M5
G0 X71.126 Y183.718
M3
G0 X25.652 Y183.718
M5
G0 X25.725 Y184.228
M3
G0 X25.725 Y177.232
M5
G0 X25.652 Y177.305
M3
G0 X71.126 Y177.305
M5
G0 X71.126 Y176.722
M3
G0 X25.652 Y176.722
M5
G0 X25.069 Y176.722
M3
G0 X9.328 Y176.722
M5
G0 X9.328 Y176.139
M3
G0 X12.243 Y176.139
M5
G0 X12.826 Y176.139
M3
G0 X71.709 Y176.139
M5
G0 X71.709 Y175.556
M3
G0 X13.409 Y175.556
M5
G0 X13.482 Y175.483
M3
G0 X13.482 Y199.386
M5
G0 X13.409 Y199.459
M3
G0 X47.806 Y199.459
M5
G0 X47.879 Y199.386
M3
G0 X47.879 Y144.584
M5
G0 X47.296 Y144.584
M3
G0 X47.296 Y198.220
M5
G0 X47.223 Y198.147
M3
G0 X46.640 Y198.147
M5
G0 X46.713 Y198.220
M3
G0 X46.713 Y144.584
M5
G0 X46.130 Y144.584
M3
G0 X46.130 Y197.054
M5
G0 X46.640 Y196.981
M3
G0 X53.636 Y196.981
M5
G0 X53.636 Y196.398
M3
G0 X46.057 Y196.398
M5
G0 X46.567 Y196.471
M3
G0 X46.567 Y195.888
M5
G0 X46.057 Y195.815
M3
G0 X53.636 Y195.815
M5
G0 X53.636 Y195.232
M3
G0 X45.474 Y195.232
M5
G0 X45.474 Y194.649
M3
G0 X53.636 Y194.649
M5
G0 X53.053 Y194.066
M3
G0 X32.648 Y194.066
M5
G0 X32.065 Y194.066
M3
G0 X29.150 Y194.066
M5
G0 X29.150 Y193.483
M3
G0 X30.316 Y193.483
M5
G0 X30.316 Y192.900
M3
G0 X29.150 Y192.900
M5
G0 X29.150 Y192.317
M3
G0 X30.316 Y192.317
M5
G0 X30.316 Y191.734
M3
G0 X29.150 Y191.734
M5
G0 X28.640 Y191.807
M3
G0 X28.640 Y191.224
M5
G0 X29.150 Y190.568
M3
G0 X32.065 Y190.568
M5
G0 X32.065 Y189.985
M3
G0 X32.648 Y189.985
M5
G0 X33.304 Y190.058
M3
G0 X33.304 Y200.552
M5
G0 X33.814 Y200.479
M3
G0 X46.057 Y200.479
M5
G0 X46.640 Y200.479
M3
G0 X47.223 Y200.479
M5
G0 X47.223 Y199.896
M3
G0 X47.806 Y199.896
M5
G0 X47.806 Y200.042
M3
G0 X30.899 Y200.042
M5
G0 X30.899 Y200.479
M3
G0 X32.065 Y200.479
M5
G0 X31.992 Y200.552
M3
G0 X31.992 Y198.220
M5
G0 X32.065 Y198.147
M3
G0 X31.482 Y198.147
M5
G0 X31.482 Y198.730
M3
G0 X32.065 Y198.730
M5
G0 X32.065 Y199.313
M3
G0 X31.482 Y199.313
M5
G0 X31.482 Y199.896
M3
G0 X32.065 Y199.896
M5
G0 X32.721 Y199.969
M3
G0 X32.721 Y191.807
M5
G0 X33.231 Y191.734
M3
G0 X43.142 Y191.734
M5
G0 X43.069 Y191.224
M3
G0 X43.069 Y192.390
M5
G0 X43.652 Y192.390
M3
G0 X43.652 Y193.556
M5
G0 X44.308 Y193.483
M3
G0 X33.231 Y193.483
M5
G0 X33.231 Y192.900
M3
G0 X44.308 Y192.900
M5
G0 X44.381 Y192.973
M3
G0 X44.381 Y241.945
M5
G0 X44.891 Y241.872
M3
G0 X51.887 Y241.872
M5
G0 X51.887 Y242.455
M3
G0 X44.891 Y242.455
M5
G0 X44.891 Y242.601
M3
G0 X84.535 Y242.601
M5
G0 X84.535 Y242.018
M3
G0 X43.142 Y242.018
M5
G0 X43.142 Y241.435
M3
G0 X85.118 Y241.435
M5
G0 X85.118 Y240.852
M3
G0 X43.142 Y240.852
M5
G0 X42.559 Y240.852
M3
G0 X41.393 Y240.852
M5
G0 X41.393 Y240.269
M3
G0 X42.559 Y240.269
M5
G0 X42.559 Y239.686
M3
G0 X41.393 Y239.686
M5
G0 X41.393 Y239.103
M3
G0 X42.559 Y239.103
M5
G0 X42.559 Y238.520
M3
G0 X41.393 Y238.520
M5
G0 X41.393 Y237.937
M3
G0 X42.559 Y237.937
M5
G0 X42.559 Y237.354
M3
G0 X41.393 Y237.354
M5
G0 X41.393 Y236.771
M3
G0 X42.559 Y236.771
M5
G0 X42.559 Y236.188
M3
G0 X41.393 Y236.188
M5
G0 X41.393 Y235.605
M3
G0 X85.701 Y235.605
M5
G0 X85.701 Y235.022
M3
G0 X42.559 Y235.022
M5
G0 X42.559 Y234.876
M3
G0 X48.972 Y234.876
M5
G0 X48.972 Y234.293
M3
G0 X42.559 Y234.293
M5
G0 X42.559 Y234.439
M3
G0 X85.701 Y234.439
M5
G0 X85.701 Y233.856
M3
G0 X41.393 Y233.856
M5
G0 X41.393 Y233.273
M3
G0 X85.701 Y233.273
M5
G0 X85.701 Y232.690
M3
G0 X41.976 Y232.690
M5
G0 X41.976 Y232.544
M3
G0 X48.389 Y232.544
M5
G0 X48.389 Y233.127
M3
G0 X41.976 Y233.127
M5
G0 X42.049 Y233.783
M3
G0 X42.049 Y173.151
M5
G0 X41.466 Y173.151
M3
G0 X41.466 Y161.491
M5
G0 X41.393 Y162.001
M3
G0 X41.976 Y162.001
M5
G0 X42.049 Y161.491
M3
G0 X42.049 Y172.568
M5
G0 X41.466 Y173.734
M3
G0 X41.466 Y184.811
M5
G0 X41.976 Y184.738
M3
G0 X48.389 Y184.738
M5
G0 X48.389 Y184.155
M3
G0 X38.478 Y184.155
M5
G0 X38.478 Y183.572
M3
G0 X48.389 Y183.572
M5
G0 X48.389 Y182.989
M3
G0 X40.810 Y182.989
M5
G0 X40.737 Y183.062
M3
G0 X40.737 Y184.228
M5
G0 X40.810 Y184.738
M3
G0 X38.478 Y184.738
M5
G0 X37.895 Y185.321
M3
G0 X40.810 Y185.321
M5
G0 X40.883 Y185.394
M3
G0 X40.883 Y229.702
M5
G0 X41.393 Y229.629
M3
G0 X46.640 Y229.629
M5
G0 X46.640 Y230.212
M3
G0 X41.393 Y230.212
M5
G0 X41.393 Y230.795
M3
G0 X47.223 Y230.795
M5
G0 X47.806 Y231.378
M3
G0 X41.976 Y231.378
M5
G0 X41.466 Y231.451
M3
G0 X41.466 Y185.394
M5
G0 X41.393 Y185.904
M3
G0 X48.389 Y185.904
M5
G0 X48.389 Y185.321
M3
G0 X41.976 Y185.321
M5
G0 X41.903 Y185.977
M3
G0 X41.903 Y186.560
M5
G0 X42.486 Y186.560
M3
G0 X42.486 Y185.977
M5
G0 X41.320 Y186.560
M3
G0 X41.320 Y189.475
M5
G0 X41.903 Y189.475
M3
G0 X41.903 Y188.309
M5
G0 X41.976 Y188.236
M3
G0 X37.312 Y188.236
M5
G0 X37.822 Y188.309
M3
G0 X37.822 Y187.726
M5
G0 X37.312 Y187.653
M3
G0 X41.976 Y187.653
M5
G0 X42.559 Y187.653
M3
G0 X52.470 Y187.653
M5
G0 X52.470 Y187.070
M3
G0 X37.312 Y187.070
M5
G0 X36.729 Y187.070
M3
G0 X34.980 Y187.070
M5
G0 X34.980 Y187.653
M3
G0 X36.729 Y187.653
M5
G0 X36.729 Y188.236
M3
G0 X34.980 Y188.236
M5
G0 X34.397 Y188.819
M3
G0 X36.146 Y188.819
M5
G0 X36.146 Y189.402
M3
G0 X34.397 Y189.402
M5
G0 X33.887 Y189.475
M3
G0 X33.887 Y202.301
M5
G0 X34.397 Y202.228
M3
G0 X47.806 Y202.228
M5
G0 X47.806 Y201.645
M3
G0 X34.397 Y201.645
M5
G0 X34.907 Y201.718
M3
G0 X34.907 Y199.386
M5
G0 X34.324 Y200.552
M3
G0 X34.324 Y192.390
M5
G0 X33.741 Y192.390
M3
G0 X33.741 Y198.220
M5
G0 X33.231 Y198.147
M3
G0 X46.057 Y198.147
M5
G0 X46.130 Y197.637
M3
G0 X46.130 Y244.860
M5
G0 X45.984 Y244.860
M3
G0 X45.984 Y243.694
M5
G0 X45.474 Y244.204
M3
G0 X53.053 Y244.204
M5
G0 X53.053 Y244.787
M3
G0 X45.474 Y244.787
M5
G0 X45.547 Y244.860
M3
G0 X45.547 Y146.916
M5
G0 X45.474 Y146.406
M3
G0 X44.308 Y146.406
M5
G0 X44.308 Y146.260
M3
G0 X44.891 Y146.260
M5
G0 X44.964 Y146.333
M3
G0 X44.964 Y147.499
M5
G0 X44.891 Y147.426
M3
G0 X45.474 Y147.426
M5
G0 X44.891 Y147.572
M3
G0 X85.701 Y147.572
M5
G0 X85.701 Y148.155
M3
G0 X45.474 Y148.155
M5
G0 X46.057 Y148.009
M3
G0 X46.640 Y148.009
M5
G0 X47.223 Y148.592
M3
G0 X46.057 Y148.592
M5
G0 X46.057 Y149.175
M3
G0 X45.474 Y149.175
M5
G0 X45.401 Y149.831
M3
G0 X45.401 Y150.997
M5
G0 X44.818 Y150.997
M3
G0 X44.818 Y151.580
M5
G0 X44.235 Y152.163
M3
G0 X44.235 Y152.746
M5
G0 X43.652 Y152.746
M3
G0 X43.652 Y151.580
M5
G0 X42.486 Y151.580
M3
G0 X42.486 Y150.414
M5
G0 X41.976 Y150.341
M3
G0 X43.725 Y150.341
M5
G0 X43.652 Y150.414
M3
G0 X43.652 Y149.831
M5
G0 X43.798 Y149.831
M3
G0 X43.798 Y146.916
M5
G0 X43.725 Y146.406
M3
G0 X23.903 Y146.406
M5
G0 X23.903 Y145.823
M3
G0 X43.142 Y145.823
M5
G0 X43.506 Y145.750
M3
G0 X43.506 Y143.418
M5
G0 X43.142 Y143.491
M3
G0 X37.312 Y143.491
M5
G0 X36.729 Y143.491
M3
G0 X23.903 Y143.491
M5
G0 X23.976 Y143.418
M3
G0 X23.976 Y121.264
M5
G0 X23.903 Y121.337
M3
G0 X36.146 Y121.337
M5
G0 X36.146 Y120.754
M3
G0 X23.903 Y120.754
M5
G0 X23.903 Y120.171
M3
G0 X36.146 Y120.171
M5
G0 X36.146 Y119.588
M3
G0 X23.903 Y119.588
M5
G0 X23.903 Y119.005
M3
G0 X36.146 Y119.005
M5
G0 X36.146 Y118.422
M3
G0 X23.903 Y118.422
M5
G0 X23.903 Y117.839
M3
G0 X36.146 Y117.839
M5
G0 X36.146 Y117.256
M3
G0 X23.903 Y117.256
M5
G0 X23.903 Y116.673
M3
G0 X36.729 Y116.673
M5
G0 X36.729 Y116.090
M3
G0 X23.903 Y116.090
M5
G0 X23.903 Y115.507
M3
G0 X36.729 Y115.507
M5
G0 X36.729 Y114.924
M3
G0 X23.903 Y114.924
M5
G0 X23.903 Y114.341
M3
G0 X36.729 Y114.341
M5
G0 X36.729 Y113.758
M3
G0 X23.903 Y113.758
M5
G0 X23.903 Y113.175
M3
G0 X36.729 Y113.175
M5
G0 X36.729 Y112.592
M3
G0 X23.903 Y112.592
M5
G0 X23.903 Y112.009
M3
G0 X36.729 Y112.009
M5
G0 X36.729 Y111.426
M3
G0 X37.312 Y111.426
M5
G0 X37.312 Y110.843
M3
G0 X36.729 Y110.843
M5
G0 X36.146 Y110.843
M3
G0 X23.903 Y110.843
M5
G0 X23.903 Y110.260
M3
G0 X37.312 Y110.260
M5
G0 X37.312 Y109.677
M3
G0 X23.903 Y109.677
M5
G0 X23.903 Y109.094
M3
G0 X37.312 Y109.094
M5
G0 X38.478 Y108.511
M3
G0 X23.903 Y108.511
M5
G0 X23.903 Y107.928
M3
G0 X38.478 Y107.928
M5
G0 X39.061 Y107.345
M3
G0 X23.903 Y107.345
M5
G0 X23.903 Y106.762
M3
G0 X94.446 Y106.762
M5
G0 X94.446 Y106.179
M3
G0 X78.122 Y106.179
M5
G0 X78.122 Y106.033
M3
G0 X78.705 Y106.033
M5
G0 X78.122 Y105.596
M3
G0 X94.446 Y105.596
M5
G0 X95.029 Y105.013
M3
G0 X78.122 Y105.013
M5
G0 X78.122 Y105.450
M3
G0 X79.288 Y105.450
M5
G0 X79.288 Y104.867
M3
G0 X77.539 Y104.867
M5
G0 X77.612 Y104.940
M3
G0 X77.612 Y74.041
M5
G0 X77.029 Y74.041
M3
G0 X77.029 Y104.940
M5
G0 X76.956 Y105.013
M3
G0 X41.976 Y105.013
M5
G0 X42.559 Y104.430
M3
G0 X43.142 Y104.430
M5
G0 X43.725 Y104.430
M3
G0 X60.632 Y104.430
M5
G0 X60.122 Y104.357
M3
G0 X60.122 Y120.681
M5
G0 X59.539 Y120.681
M3
G0 X59.539 Y102.025
M5
G0 X59.466 Y101.952
M3
G0 X48.389 Y101.952
M5
G0 X48.389 Y101.369
M3
G0 X59.466 Y101.369
M5
G0 X59.393 Y101.442
M3
G0 X59.393 Y108.438
M5
G0 X59.976 Y107.855
M3
G0 X59.976 Y104.357
M5
G0 X60.049 Y104.284
M3
G0 X46.640 Y104.284
M5
G0 X47.150 Y104.357
M3
G0 X47.150 Y115.434
M5
G0 X47.806 Y115.361
M3
G0 X41.393 Y115.361
M5
G0 X41.393 Y115.944
M3
G0 X47.806 Y115.944
M5
G0 X48.316 Y116.017
M3
G0 X48.316 Y118.349
M5
G0 X47.733 Y118.932
M3
G0 X47.733 Y117.183
M5
G0 X47.223 Y117.110
M3
G0 X62.964 Y117.110
M5
G0 X64.130 Y116.527
M3
G0 X60.632 Y116.527
M5
G0 X60.632 Y115.944
M3
G0 X48.389 Y115.944
M5
G0 X47.879 Y115.434
M3
G0 X47.879 Y131.758
M5
G0 X47.296 Y130.592
M3
G0 X47.296 Y102.608
M5
G0 X47.806 Y102.535
M3
G0 X59.466 Y102.535
M5
G0 X58.810 Y102.608
M3
G0 X58.810 Y106.106
M5
G0 X58.227 Y105.523
M3
G0 X58.227 Y111.936
M5
G0 X58.810 Y111.936
M3
G0 X58.810 Y111.353
M5
G0 X58.810 Y110.187
M3
G0 X58.810 Y107.272
M5
G0 X57.644 Y107.272
M3
G0 X57.644 Y110.770
M5
G0 X57.061 Y110.770
M3
G0 X57.061 Y107.855
M5
G0 X56.551 Y107.782
M3
G0 X67.628 Y107.782
M5
G0 X68.211 Y107.199
M3
G0 X56.551 Y107.199
M5
G0 X57.061 Y107.272
M3
G0 X57.061 Y106.106
M5
G0 X56.478 Y106.106
M3
G0 X56.478 Y99.693
M5
G0 X57.644 Y100.859
M3
G0 X57.644 Y89.782
M5
G0 X57.717 Y89.126
M3
G0 X54.802 Y89.126
M5
G0 X54.802 Y89.272
M3
G0 X62.964 Y89.272
M5
G0 X62.381 Y88.689
M3
G0 X54.802 Y88.689
M5
G0 X54.802 Y88.106
M3
G0 X62.381 Y88.106
M5
G0 X62.381 Y87.523
M3
G0 X49.555 Y87.523
M5
G0 X49.628 Y87.450
M3
G0 X49.628 Y86.284
M5
G0 X50.211 Y86.284
M3
G0 X50.211 Y88.033
M5
G0 X50.138 Y88.106
M3
G0 X53.636 Y88.106
M5
G0 X53.053 Y88.689
M3
G0 X51.304 Y88.689
M5
G0 X51.377 Y88.616
M3
G0 X51.377 Y86.284
M5
G0 X51.814 Y86.284
M3
G0 X51.814 Y88.033
M5
G0 X51.960 Y88.033
M3
G0 X51.960 Y85.701
M5
G0 X52.543 Y85.701
M3
G0 X52.543 Y88.033
M5
G0 X52.470 Y87.960
M3
G0 X50.138 Y87.960
M5
G0 X50.138 Y87.377
M3
G0 X53.053 Y87.377
M5
G0 X52.980 Y87.450
M3
G0 X52.980 Y86.284
M5
G0 X53.563 Y86.284
M3
G0 X53.563 Y86.867
M5
G0 X53.709 Y86.867
M3
G0 X53.709 Y85.701
M5
G0 X53.126 Y85.701
M3
G0 X53.126 Y87.450
M5
G0 X52.397 Y87.450
M3
G0 X52.397 Y86.867
M5
G0 X51.304 Y86.794
M3
G0 X57.134 Y86.794
M5
G0 X56.551 Y86.211
M3
G0 X55.968 Y86.211
M5
G0 X56.041 Y85.701
M3
G0 X56.041 Y124.179
M5
G0 X56.624 Y123.596
M3
G0 X56.624 Y85.118
M5
G0 X57.134 Y85.045
M3
G0 X58.300 Y85.045
M5
G0 X58.300 Y84.462
M3
G0 X59.466 Y84.462
M5
G0 X60.049 Y83.879
M3
G0 X57.134 Y83.879
M5
G0 X57.134 Y84.025
M3
G0 X63.547 Y84.025
M5
G0 X63.620 Y83.952
M3
G0 X63.620 Y83.369
M5
G0 X63.547 Y82.859
M3
G0 X67.045 Y82.859
M5
G0 X67.118 Y82.786
M3
G0 X67.118 Y82.203
M5
G0 X67.628 Y82.276
M3
G0 X64.130 Y82.276
M5
G0 X63.620 Y82.203
M3
G0 X63.620 Y81.620
M5
G0 X64.203 Y81.620
M3
G0 X64.203 Y83.369
M5
G0 X64.713 Y83.442
M3
G0 X24.486 Y83.442
M5
G0 X24.486 Y82.859
M3
G0 X60.632 Y82.859
M5
G0 X60.705 Y82.203
M3
G0 X60.705 Y81.037
M5
G0 X60.122 Y81.037
M3
G0 X60.122 Y85.118
M5
G0 X60.122 Y85.701
M3
G0 X60.122 Y88.616
M5
G0 X59.539 Y88.033
M3
G0 X59.539 Y101.442
M5
G0 X60.049 Y101.369
M3
G0 X61.215 Y101.369
M5
G0 X61.798 Y101.369
M3
G0 X66.462 Y101.369
M5
G0 X66.462 Y100.786
M3
G0 X65.879 Y100.786
M5
G0 X64.713 Y100.786
M3
G0 X60.049 Y100.786
M5
G0 X60.559 Y100.859
M3
G0 X60.559 Y91.531
M5
G0 X60.632 Y91.458
M3
G0 X54.802 Y91.458
M5
G0 X54.802 Y90.875
M3
G0 X59.466 Y90.875
M5
G0 X59.393 Y90.948
M3
G0 X59.393 Y94.446
M5
G0 X59.976 Y96.195
M3
G0 X59.976 Y91.531
M5
G0 X60.705 Y90.948
M3
G0 X60.705 Y103.774
M5
G0 X60.049 Y103.701
M3
G0 X47.223 Y103.701
M5
G0 X47.733 Y103.774
M3
G0 X47.733 Y104.940
M5
G0 X47.733 Y106.106
M3
G0 X47.733 Y114.268
M5
G0 X47.879 Y114.268
M3
G0 X47.879 Y101.442
M5
G0 X47.806 Y100.932
M3
G0 X79.871 Y100.932
M5
G0 X79.944 Y100.859
M3
G0 X79.944 Y75.790
M5
G0 X80.527 Y75.790
M3
G0 X80.527 Y150.997
M5
G0 X81.110 Y150.997
M3
G0 X81.110 Y100.276
M5
G0 X81.620 Y100.203
M3
G0 X83.369 Y100.203
M5
G0 X83.952 Y100.203
M3
G0 X85.118 Y100.203
M5
G0 X85.118 Y99.620
M3
G0 X82.203 Y99.620
M5
G0 X82.276 Y98.527
M3
G0 X82.276 Y149.248
M5
G0 X81.693 Y150.414
M3
G0 X81.693 Y76.956
M5
G0 X81.110 Y76.373
M3
G0 X81.110 Y77.539
M5
G0 X81.110 Y78.122
M3
G0 X81.110 Y99.110
M5
G0 X81.037 Y99.620
M3
G0 X79.871 Y99.620
M5
G0 X79.871 Y99.037
M3
G0 X74.041 Y99.037
M5
G0 X74.041 Y99.620
M3
G0 X78.705 Y99.620
M5
G0 X79.288 Y100.203
M3
G0 X80.454 Y100.203
M5
G0 X80.454 Y100.932
M3
G0 X95.612 Y100.932
M5
G0 X95.612 Y100.349
M3
G0 X48.389 Y100.349
M5
G0 X48.462 Y100.276
M3
G0 X48.462 Y114.268
M5
G0 X48.316 Y114.268
M3
G0 X48.316 Y102.608
M5
G0 X48.899 Y102.608
M3
G0 X48.899 Y101.442
M5
G0 X48.972 Y100.786
M3
G0 X59.466 Y100.786
M5
G0 X59.466 Y100.203
M3
G0 X49.555 Y100.203
M5
G0 X50.065 Y100.276
M3
G0 X50.065 Y101.442
M5
G0 X51.231 Y102.025
M3
G0 X51.231 Y100.276
M5
G0 X50.138 Y99.620
M3
G0 X65.296 Y99.620
M5
G0 X65.296 Y99.037
M3
G0 X50.721 Y99.037
M5
G0 X50.721 Y98.454
M3
G0 X64.713 Y98.454
M5
G0 X64.713 Y97.871
M3
G0 X51.304 Y97.871
M5
G0 X50.794 Y97.944
M3
G0 X50.794 Y111.353
M5
G0 X51.304 Y111.280
M3
G0 X64.130 Y111.280
M5
G0 X64.713 Y110.697
M3
G0 X52.470 Y110.697
M5
G0 X51.960 Y110.770
M3
G0 X51.960 Y135.839
M5
G0 X51.887 Y135.766
M3
G0 X51.304 Y135.766
M5
G0 X51.304 Y136.349
M3
G0 X50.721 Y136.349
M5
G0 X50.794 Y136.422
M3
G0 X50.794 Y111.936
M5
G0 X51.304 Y111.863
M3
G0 X63.547 Y111.863
M5
G0 X63.547 Y112.446
M3
G0 X51.304 Y112.446
M5
G0 X51.304 Y111.426
M3
G0 X73.458 Y111.426
M5
G0 X73.531 Y111.353
M3
G0 X73.531 Y83.952
M5
G0 X74.114 Y83.369
M3
G0 X74.114 Y109.604
M5
G0 X74.041 Y109.677
M3
G0 X40.810 Y109.677
M5
G0 X40.227 Y110.260
M3
G0 X74.041 Y110.260
M5
G0 X74.041 Y110.114
M3
G0 X73.458 Y110.114
M5
G0 X74.114 Y110.770
M3
G0 X74.114 Y111.353
M5
G0 X74.041 Y111.426
M3
G0 X93.863 Y111.426
M5
G0 X93.863 Y110.843
M3
G0 X75.790 Y110.843
M5
G0 X75.863 Y110.770
M3
G0 X75.863 Y111.936
M5
G0 X75.863 Y112.519
M3
G0 X75.863 Y114.268
M5
G0 X75.280 Y114.268
M3
G0 X75.280 Y111.353
M5
G0 X75.571 Y111.353
M3
G0 X75.571 Y120.681
M5
G0 X75.790 Y120.754
M3
G0 X91.531 Y120.754
M5
G0 X91.531 Y120.171
M3
G0 X75.790 Y120.171
M5
G0 X75.207 Y120.171
M3
G0 X74.624 Y120.171
M5
G0 X74.624 Y120.025
M3
G0 X75.207 Y120.025
M5
G0 X75.207 Y120.608
M3
G0 X74.624 Y120.608
M5
G0 X74.624 Y120.754
M3
G0 X75.207 Y120.754
M5
G0 X75.207 Y121.191
M3
G0 X74.624 Y121.191
M5
G0 X74.624 Y121.774
M3
G0 X75.207 Y121.774
M5
G0 X75.207 Y121.920
M3
G0 X74.041 Y121.920
M5
G0 X74.041 Y121.628
M3
G0 X75.207 Y121.628
M5
G0 X75.207 Y121.337
M3
G0 X74.041 Y121.337
M5
G0 X74.041 Y121.045
M3
G0 X137.588 Y121.045
M5
G0 X137.588 Y120.900
M3
G0 X0.000 Y120.900
M5
G0 X0.000 Y121.045
M3
G0 X8.745 Y121.045
M5
G0 X8.745 Y120.462
M3
G0 X0.000 Y120.462
M5
G0 X0.000 Y120.317
M3
G0 X137.588 Y120.317
M5
G0 X137.588 Y120.462
M3
G0 X74.041 Y120.462
M5
G0 X74.405 Y120.098
M3
G0 X74.405 Y244.860
M5
G0 X74.260 Y244.860
M3
G0 X74.260 Y0.000
M5
G0 X74.405 Y0.000
M3
G0 X74.405 Y111.936
M5
G0 X74.697 Y111.936
M3
G0 X74.697 Y110.770
M5
G0 X74.624 Y110.551
M3
G0 X11.660 Y110.551
M5
G0 X11.660 Y109.968
M3
G0 X74.624 Y109.968
M5
G0 X74.843 Y110.187
M3
G0 X74.843 Y244.860
M5
G0 X74.988 Y244.860
M3
G0 X74.988 Y186.560
M5
G0 X75.207 Y186.779
M3
G0 X0.000 Y186.779
M5
G0 X0.000 Y186.924
M3
G0 X71.709 Y186.924
M5
G0 X71.490 Y187.143
M3
G0 X71.490 Y142.835
M5
G0 X71.709 Y142.908
M3
G0 X73.458 Y142.908
M5
G0 X73.458 Y142.325
M3
G0 X71.709 Y142.325
M5
G0 X71.782 Y142.252
M3
G0 X71.782 Y144.001
M5
G0 X72.292 Y143.928
M3
G0 X72.875 Y143.928
M5
G0 X72.875 Y144.074
M3
G0 X70.543 Y144.074
M5
G0 X70.543 Y143.928
M3
G0 X71.126 Y143.928
M5
G0 X71.053 Y143.418
M3
G0 X71.053 Y144.584
M5
G0 X71.126 Y144.511
M3
G0 X70.543 Y144.511
M5
G0 X70.543 Y144.657
M3
G0 X72.875 Y144.657
M5
G0 X72.875 Y144.511
M3
G0 X72.292 Y144.511
M5
G0 X72.365 Y144.584
M3
G0 X72.365 Y139.920
M5
G0 X72.292 Y139.993
M3
G0 X73.458 Y139.993
M5
G0 X73.458 Y139.847
M3
G0 X72.875 Y139.847
M5
G0 X72.875 Y139.264
M3
G0 X73.458 Y139.264
M5
G0 X73.385 Y138.754
M3
G0 X73.385 Y140.503
M5
G0 X73.458 Y140.430
M3
G0 X72.875 Y140.430
M5
G0 X72.292 Y140.576
M3
G0 X73.458 Y140.576
M5
G0 X73.458 Y141.013
M3
G0 X72.292 Y141.013
M5
G0 X72.292 Y141.159
M3
G0 X73.458 Y141.159
M5
G0 X74.041 Y141.159
M3
G0 X87.450 Y141.159
M5
G0 X87.450 Y141.742
M3
G0 X74.041 Y141.742
M5
G0 X74.114 Y142.252
M3
G0 X74.114 Y145.167
M5
G0 X73.822 Y145.167
M3
G0 X73.822 Y185.394
M5
G0 X73.458 Y185.467
M3
G0 X72.875 Y185.467
M5
G0 X72.948 Y185.977
M3
G0 X72.948 Y186.560
M5
G0 X73.094 Y187.143
M3
G0 X73.094 Y131.175
M5
G0 X72.875 Y130.956
M3
G0 X71.126 Y130.956
M5
G0 X70.543 Y130.956
M3
G0 X68.794 Y130.956
M5
G0 X68.211 Y130.956
M3
G0 X66.462 Y130.956
M5
G0 X66.462 Y130.373
M3
G0 X68.211 Y130.373
M5
G0 X68.211 Y130.082
M3
G0 X67.045 Y130.082
M5
G0 X67.045 Y129.936
M3
G0 X67.628 Y129.936
M5
G0 X67.701 Y130.009
M3
G0 X67.701 Y123.013
M5
G0 X67.628 Y123.086
M3
G0 X68.794 Y123.086
M5
G0 X68.794 Y122.940
M3
G0 X68.211 Y122.940
M5
G0 X68.211 Y122.357
M3
G0 X68.794 Y122.357
M5
G0 X68.794 Y122.503
M3
G0 X67.628 Y122.503
M5
G0 X67.628 Y122.649
M3
G0 X137.588 Y122.649
M5
G0 X137.588 Y122.794
M3
G0 X99.693 Y122.794
M5
G0 X99.693 Y122.503
M3
G0 X100.276 Y122.503
M5
G0 X100.859 Y122.503
M3
G0 X102.025 Y122.503
M5
G0 X101.442 Y121.920
M3
G0 X98.527 Y121.920
M5
G0 X98.600 Y121.847
M3
G0 X98.600 Y121.264
M5
G0 X98.527 Y121.337
M3
G0 X99.693 Y121.337
M5
G0 X99.183 Y121.264
M3
G0 X99.183 Y121.847
M5
G0 X99.474 Y122.430
M3
G0 X99.474 Y120.681
M5
G0 X99.693 Y120.754
M3
G0 X102.608 Y120.754
M5
G0 X102.608 Y120.171
M3
G0 X99.693 Y120.171
M5
G0 X99.766 Y120.098
M3
G0 X99.766 Y117.183
M5
G0 X100.276 Y117.256
M3
G0 X99.110 Y117.256
M5
G0 X98.891 Y117.183
M3
G0 X98.891 Y115.434
M5
G0 X99.110 Y115.507
M3
G0 X104.357 Y115.507
M5
G0 X104.940 Y114.924
M3
G0 X105.523 Y114.924
M5
G0 X105.887 Y114.851
M3
G0 X105.887 Y120.098
M5
G0 X105.304 Y120.098
M3
G0 X105.304 Y113.685
M5
G0 X104.721 Y113.685
M3
G0 X104.721 Y119.515
M5
G0 X104.138 Y118.932
M3
G0 X104.138 Y111.936
M5
G0 X103.555 Y111.936
M3
G0 X103.555 Y118.932
M5
G0 X102.972 Y118.349
M3
G0 X102.972 Y109.604
M5
G0 X102.608 Y109.677
M3
G0 X99.693 Y109.677
M5
G0 X99.693 Y110.260
M3
G0 X102.608 Y110.260
M5
G0 X102.608 Y110.843
M3
G0 X101.442 Y110.843
M5
G0 X100.859 Y110.843
M3
G0 X99.693 Y110.843
M5
G0 X99.766 Y110.770
M3
G0 X99.766 Y116.017
M5
G0 X99.110 Y116.090
M3
G0 X104.940 Y116.090
M5
G0 X105.523 Y115.507
M3
G0 X106.106 Y115.507
M5
G0 X106.470 Y115.434
M3
G0 X106.470 Y118.349
M5
G0 X107.053 Y118.349
M3
G0 X107.053 Y116.017
M5
G0 X106.689 Y116.090
M3
G0 X106.106 Y116.090
M5
G0 X107.636 Y116.600
M3
G0 X107.636 Y118.349
M5
G0 X108.219 Y118.349
M3
G0 X108.219 Y116.600
M5
G0 X110.187 Y116.673
M3
G0 X115.434 Y116.673
M5
G0 X115.434 Y116.090
M3
G0 X110.187 Y116.090
M5
G0 X110.187 Y115.507
M3
G0 X115.434 Y115.507
M5
G0 X115.434 Y114.924
M3
G0 X110.187 Y114.924
M5
G0 X110.187 Y114.341
M3
G0 X114.851 Y114.341
M5
G0 X114.851 Y113.758
M3
G0 X110.187 Y113.758
M5
G0 X110.770 Y113.175
M3
G0 X113.102 Y113.175
M5
G0 X113.685 Y113.175
M3
G0 X114.851 Y113.175
M5
G0 X114.268 Y112.592
M3
G0 X113.685 Y112.592
M5
G0 X115.798 Y113.685
M3
G0 X115.798 Y124.179
M5
G0 X115.215 Y123.596
M3
G0 X115.215 Y109.021
M5
G0 X116.017 Y108.802
M3
G0 X11.660 Y108.802
M5
G0 X12.024 Y108.438
M3
G0 X12.024 Y0.000
M5
G0 X11.879 Y0.000
M3
G0 X11.879 Y244.860
M5
G0 X12.024 Y244.860
M3
G0 X12.024 Y228.536
M5
G0 X12.243 Y228.609
M3
G0 X12.826 Y228.609
M5
G0 X12.826 Y228.026
M3
G0 X12.243 Y228.026
M5
G0 X12.024 Y227.953
M3
G0 X12.024 Y225.621
M5
G0 X12.243 Y225.694
M3
G0 X13.409 Y225.694
M5
G0 X13.190 Y225.621
M3
G0 X13.190 Y244.860
M5
G0 X13.045 Y244.860
M3
G0 X13.045 Y0.000
M5
G0 X12.899 Y0.000
M3
G0 X12.899 Y1.166
M5
G0 X13.409 Y1.093
M3
G0 X13.992 Y1.093
M5
G0 X14.065 Y0.000
M3
G0 X14.065 Y3.498
M5
G0 X13.482 Y3.498
M3
G0 X13.482 Y4.664
M5
G0 X13.409 Y4.737
M3
G0 X19.822 Y4.737
M5
G0 X19.822 Y4.154
M3
G0 X8.162 Y4.154
M5
G0 X8.235 Y4.664
M3
G0 X8.235 Y0.000
M5
G0 X8.162 Y0.073
M3
G0 X19.822 Y0.073
M5
G0 X20.041 Y0.000
M3
G0 X20.041 Y89.199
M5
G0 X20.405 Y88.980
M3
G0 X110.770 Y88.980
M5
G0 X110.770 Y88.397
M3
G0 X20.405 Y88.397
M5
G0 X20.405 Y88.106
M3
G0 X21.571 Y88.106
M5
G0 X21.571 Y88.689
M3
G0 X20.988 Y88.689
M5
G0 X20.988 Y89.272
M3
G0 X21.571 Y89.272
M5
G0 X21.571 Y89.855
M3
G0 X20.988 Y89.855
M5
G0 X21.061 Y90.365
M3
G0 X21.061 Y92.114
M5
G0 X21.571 Y92.187
M3
G0 X20.405 Y92.187
M5
G0 X20.405 Y91.895
M3
G0 X111.353 Y91.895
M5
G0 X111.353 Y91.312
M3
G0 X20.405 Y91.312
M5
G0 X20.405 Y91.021
M3
G0 X21.571 Y91.021
M5
G0 X21.571 Y90.438
M3
G0 X20.405 Y90.438
M5
G0 X20.405 Y90.146
M3
G0 X110.770 Y90.146
M5
G0 X110.770 Y89.563
M3
G0 X20.405 Y89.563
M5
G0 X20.041 Y90.365
M3
G0 X20.041 Y90.948
M5
G0 X20.405 Y90.729
M3
G0 X111.353 Y90.729
M5
G0 X112.519 Y90.729
M3
G0 X115.434 Y90.729
M5
G0 X115.434 Y90.146
M3
G0 X112.519 Y90.146
M5
G0 X112.519 Y89.563
M3
G0 X115.434 Y89.563
M5
G0 X115.434 Y88.980
M3
G0 X112.519 Y88.980
M5
G0 X112.519 Y88.397
M3
G0 X115.434 Y88.397
M5
G0 X115.434 Y87.814
M3
G0 X112.519 Y87.814
M5
G0 X112.519 Y87.231
M3
G0 X115.434 Y87.231
M5
G0 X116.017 Y86.648
M3
G0 X111.936 Y86.648
M5
G0 X111.936 Y86.065
M3
G0 X116.600 Y86.065
M5
G0 X116.600 Y85.482
M3
G0 X111.936 Y85.482
M5
G0 X111.936 Y84.899
M3
G0 X117.183 Y84.899
M5
G0 X117.183 Y84.316
M3
G0 X10.494 Y84.316
M5
G0 X10.494 Y83.733
M3
G0 X111.353 Y83.733
M5
G0 X111.353 Y83.150
M3
G0 X10.494 Y83.150
M5
G0 X10.494 Y82.567
M3
G0 X111.353 Y82.567
M5
G0 X111.353 Y81.984
M3
G0 X10.494 Y81.984
M5
G0 X11.077 Y81.693
M3
G0 X12.243 Y81.693
M5
G0 X12.243 Y81.547
M3
G0 X11.660 Y81.547
M5
G0 X11.150 Y81.620
M3
G0 X11.150 Y80.454
M5
G0 X11.077 Y80.527
M3
G0 X12.243 Y80.527
M5
G0 X12.243 Y80.964
M3
G0 X11.660 Y80.964
M5
G0 X12.243 Y81.110
M3
G0 X11.077 Y81.110
M5
G0 X10.858 Y81.037
M3
G0 X10.858 Y80.454
M5
G0 X10.494 Y80.235
M3
G0 X111.353 Y80.235
M5
G0 X111.353 Y79.652
M3
G0 X10.494 Y79.652
M5
G0 X10.494 Y79.069
M3
G0 X110.770 Y79.069
M5
G0 X110.770 Y78.486
M3
G0 X10.494 Y78.486
M5
G0 X10.858 Y78.705
M3
G0 X10.858 Y0.000
M5
G0 X10.713 Y0.000
M3
G0 X10.713 Y147.499
M5
G0 X11.077 Y147.280
M3
G0 X107.272 Y147.280
M5
G0 X107.272 Y146.697
M3
G0 X11.077 Y146.697
M5
G0 X11.077 Y146.406
M3
G0 X11.660 Y146.406
M5
G0 X11.660 Y146.114
M3
G0 X10.494 Y146.114
M5
G0 X10.494 Y145.531
M3
G0 X11.660 Y145.531
M5
G0 X11.660 Y145.240
M3
G0 X11.077 Y145.240
M5
G0 X10.858 Y145.167
M3
G0 X10.858 Y139.920
M5
G0 X11.077 Y140.284
M3
G0 X9.911 Y140.284
M5
G0 X9.911 Y139.701
M3
G0 X10.494 Y139.701
M5
G0 X10.494 Y139.410
M3
G0 X9.911 Y139.410
M5
G0 X9.911 Y139.118
M3
G0 X10.494 Y139.118
M5
G0 X10.494 Y138.827
M3
G0 X9.911 Y138.827
M5
G0 X9.547 Y139.337
M3
G0 X9.547 Y132.341
M5
G0 X9.328 Y132.122
M3
G0 X8.162 Y132.122
M5
G0 X8.526 Y132.341
M3
G0 X8.526 Y129.426
M5
G0 X8.745 Y129.207
M3
G0 X0.000 Y129.207
M5
G0 X0.000 Y129.062
M3
G0 X137.588 Y129.062
M5
G0 X137.588 Y129.207
M3
G0 X116.600 Y129.207
M5
G0 X116.600 Y128.624
M3
G0 X137.588 Y128.624
M5
G0 X137.588 Y128.479
M3
G0 X0.000 Y128.479
M5
G0 X0.000 Y128.624
M3
G0 X8.745 Y128.624
M5
G0 X8.745 Y128.041
M3
G0 X0.000 Y128.041
M5
G0 X0.000 Y127.896
M3
G0 X137.588 Y127.896
M5
G0 X137.588 Y128.041
M3
G0 X116.600 Y128.041
M5
G0 X116.017 Y127.458
M3
G0 X137.588 Y127.458
M5
G0 X137.588 Y127.313
M3
G0 X0.000 Y127.313
M5
G0 X0.000 Y127.458
M3
G0 X8.162 Y127.458
M5
G0 X7.943 Y127.677
M3
G0 X7.943 Y129.426
M5
G0 X8.745 Y129.790
M3
G0 X0.000 Y129.790
M5
G0 X0.000 Y129.645
M3
G0 X137.588 Y129.645
M5
G0 X137.588 Y129.790
M3
G0 X116.600 Y129.790
M5
G0 X117.183 Y130.373
M3
G0 X137.588 Y130.373
M5
G0 X137.588 Y130.228
M3
G0 X0.000 Y130.228
M5
G0 X0.000 Y130.373
M3
G0 X8.745 Y130.373
M5
G0 X8.162 Y130.956
M3
G0 X9.328 Y130.956
M5
G0 X9.547 Y130.592
M3
G0 X9.547 Y130.009
M5
G0 X9.328 Y131.539
M3
G0 X8.162 Y131.539
M5
G0 X7.579 Y131.539
M3
G0 X0.000 Y131.539
M5
G0 X0.000 Y131.394
M3
G0 X137.588 Y131.394
M5
G0 X137.588 Y131.539
M3
G0 X120.098 Y131.539
M5
G0 X120.098 Y130.956
M3
G0 X137.588 Y130.956
M5
G0 X137.588 Y130.811
M3
G0 X0.000 Y130.811
M5
G0 X0.000 Y130.956
M3
G0 X7.579 Y130.956
M5
G0 X7.360 Y130.592
M3
G0 X7.360 Y152.163
M5
G0 X7.579 Y152.236
M3
G0 X8.745 Y152.236
M5
G0 X8.745 Y151.653
M3
G0 X7.579 Y151.653
M5
G0 X7.579 Y151.070
M3
G0 X10.494 Y151.070
M5
G0 X10.494 Y150.778
M3
G0 X0.000 Y150.778
M5
G0 X0.000 Y150.633
M3
G0 X137.588 Y150.633
M5
G0 X137.588 Y150.778
M3
G0 X123.013 Y150.778
M5
G0 X123.013 Y150.195
M3
G0 X137.588 Y150.195
M5
G0 X137.588 Y150.050
M3
G0 X0.000 Y150.050
M5
G0 X0.000 Y150.195
M3
G0 X10.494 Y150.195
M5
G0 X10.494 Y150.487
M3
G0 X7.579 Y150.487
M5
G0 X7.652 Y150.414
M3
G0 X7.652 Y153.329
M5
G0 X7.579 Y153.402
M3
G0 X8.745 Y153.402
M5
G0 X8.745 Y152.819
M3
G0 X7.579 Y152.819
M5
G0 X7.652 Y153.912
M3
G0 X7.652 Y157.993
M5
G0 X7.579 Y158.066
M3
G0 X8.162 Y158.066
M5
G0 X8.162 Y157.483
M3
G0 X7.579 Y157.483
M5
G0 X7.579 Y156.900
M3
G0 X8.162 Y156.900
M5
G0 X8.162 Y156.317
M3
G0 X7.579 Y156.317
M5
G0 X7.579 Y155.734
M3
G0 X8.162 Y155.734
M5
G0 X8.162 Y155.151
M3
G0 X7.579 Y155.151
M5
G0 X7.579 Y154.568
M3
G0 X9.328 Y154.568
M5
G0 X9.911 Y154.568
M3
G0 X12.826 Y154.568
M5
G0 X13.190 Y154.495
M3
G0 X13.190 Y200.552
M5
G0 X13.409 Y200.625
M3
G0 X21.571 Y200.625
M5
G0 X21.571 Y201.208
M3
G0 X13.409 Y201.208
M5
G0 X13.190 Y201.135
M3
G0 X13.190 Y223.872
M5
G0 X13.409 Y223.945
M3
G0 X22.154 Y223.945
M5
G0 X21.644 Y223.872
M3
G0 X21.644 Y226.787
M5
G0 X21.061 Y226.787
M3
G0 X21.061 Y219.791
M5
G0 X22.154 Y219.718
M3
G0 X23.320 Y219.718
M5
G0 X23.393 Y219.791
M3
G0 X23.393 Y233.200
M5
G0 X23.976 Y233.200
M3
G0 X23.976 Y230.285
M5
G0 X24.486 Y230.212
M3
G0 X25.069 Y230.212
M5
G0 X25.142 Y229.702
M3
G0 X25.142 Y233.200
M5
G0 X25.069 Y233.273
M3
G0 X26.818 Y233.273
M5
G0 X26.308 Y233.200
M3
G0 X26.308 Y234.949
M5
G0 X25.725 Y234.949
M3
G0 X25.725 Y232.034
M5
G0 X25.652 Y231.961
M3
G0 X23.903 Y231.961
M5
G0 X23.903 Y231.378
M3
G0 X25.652 Y231.378
M5
G0 X25.652 Y230.941
M3
G0 X13.409 Y230.941
M5
G0 X13.409 Y230.358
M3
G0 X25.652 Y230.358
M5
G0 X26.016 Y230.285
M3
G0 X26.016 Y244.860
M5
G0 X25.871 Y244.860
M3
G0 X25.871 Y0.000
M5
G0 X26.016 Y0.000
M3
G0 X26.016 Y229.119
M5
G0 X26.235 Y229.046
M3
G0 X27.984 Y229.046
M5
G0 X28.057 Y228.536
M3
G0 X28.057 Y222.706
M5
G0 X27.984 Y222.633
M3
G0 X27.401 Y222.633
M5
G0 X27.401 Y222.050
M3
G0 X27.984 Y222.050
M5
G0 X27.984 Y221.467
M3
G0 X27.401 Y221.467
M5
G0 X26.818 Y221.467
M3
G0 X26.235 Y221.467
M5
G0 X26.235 Y220.884
M3
G0 X26.818 Y220.884
M5
G0 X26.818 Y220.301
M3
G0 X26.235 Y220.301
M5
G0 X26.235 Y219.718
M3
G0 X26.818 Y219.718
M5
G0 X26.745 Y219.791
M3
G0 X26.745 Y218.042
M5
G0 X26.818 Y217.969
M3
G0 X26.235 Y217.969
M5
G0 X26.235 Y217.532
M3
G0 X90.365 Y217.532
M5
G0 X90.365 Y216.949
M3
G0 X61.215 Y216.949
M5
G0 X61.288 Y216.876
M3
G0 X61.288 Y202.884
M5
G0 X61.215 Y202.957
M3
G0 X86.867 Y202.957
M5
G0 X86.284 Y202.374
M3
G0 X61.215 Y202.374
M5
G0 X61.215 Y202.665
M3
G0 X137.588 Y202.665
M5
G0 X137.588 Y202.520
M3
G0 X0.000 Y202.520
M5
G0 X0.000 Y202.665
M3
G0 X60.632 Y202.665
M5
G0 X60.632 Y202.374
M3
G0 X60.049 Y202.374
M5
G0 X59.830 Y202.301
M3
G0 X59.830 Y209.880
M5
G0 X60.049 Y209.807
M3
G0 X60.632 Y209.807
M5
G0 X60.122 Y209.880
M3
G0 X60.122 Y208.131
M5
G0 X60.049 Y208.058
M3
G0 X59.466 Y208.058
M5
G0 X58.883 Y208.058
M3
G0 X58.300 Y208.058
M5
G0 X58.300 Y208.204
M3
G0 X89.782 Y208.204
M5
G0 X89.782 Y208.787
M3
G0 X57.134 Y208.787
M5
G0 X57.134 Y208.641
M3
G0 X57.717 Y208.641
M5
G0 X57.717 Y208.204
M3
G0 X57.134 Y208.204
M5
G0 X57.134 Y208.058
M3
G0 X57.717 Y208.058
M5
G0 X57.717 Y207.621
M3
G0 X30.899 Y207.621
M5
G0 X30.972 Y208.131
M3
G0 X30.972 Y198.803
M5
G0 X30.316 Y198.730
M3
G0 X29.150 Y198.730
M5
G0 X29.150 Y198.147
M3
G0 X30.316 Y198.147
M5
G0 X30.389 Y198.220
M3
G0 X30.389 Y49.555
M5
G0 X29.806 Y48.389
M3
G0 X29.806 Y200.552
M5
G0 X29.733 Y200.479
M3
G0 X27.984 Y200.479
M5
G0 X27.984 Y199.896
M3
G0 X29.733 Y199.896
M5
G0 X29.733 Y199.313
M3
G0 X27.984 Y199.313
M5
G0 X27.474 Y198.803
M3
G0 X27.474 Y194.722
M5
G0 X27.401 Y194.649
M3
G0 X25.069 Y194.649
M5
G0 X25.069 Y194.066
M3
G0 X27.401 Y194.066
M5
G0 X27.401 Y193.629
M3
G0 X21.571 Y193.629
M5
G0 X21.644 Y193.556
M3
G0 X21.644 Y192.390
M5
G0 X21.571 Y192.317
M3
G0 X20.988 Y192.317
M5
G0 X20.988 Y192.463
M3
G0 X27.401 Y192.463
M5
G0 X27.401 Y191.880
M3
G0 X67.628 Y191.880
M5
G0 X67.555 Y191.807
M3
G0 X67.555 Y192.390
M5
G0 X67.628 Y192.317
M3
G0 X67.045 Y192.317
M5
G0 X67.045 Y192.463
M3
G0 X74.624 Y192.463
M5
G0 X74.624 Y191.880
M3
G0 X69.377 Y191.880
M5
G0 X69.377 Y191.588
M3
G0 X137.588 Y191.588
M5
G0 X137.588 Y191.443
M3
G0 X0.000 Y191.443
M5
G0 X0.000 Y191.005
M3
G0 X0.583 Y191.005
M5
G0 X0.364 Y190.641
M3
G0 X0.364 Y172.568
M5
G0 X0.583 Y172.641
M3
G0 X1.166 Y172.641
M5
G0 X1.530 Y172.568
M3
G0 X1.530 Y99.693
M5
G0 X1.749 Y99.474
M3
G0 X0.000 Y99.474
M5
G0 X0.000 Y99.329
M3
G0 X137.588 Y99.329
M5
G0 X137.588 Y99.474
M3
G0 X120.681 Y99.474
M5
G0 X120.681 Y100.057
M3
G0 X137.588 Y100.057
M5
G0 X137.588 Y99.912
M3
G0 X0.000 Y99.912
M5
G0 X0.000 Y100.057
M3
G0 X1.749 Y100.057
M5
G0 X1.749 Y100.640
M3
G0 X0.000 Y100.640
M5
G0 X0.000 Y100.495
M3
G0 X137.588 Y100.495
M5
G0 X137.588 Y100.640
M3
G0 X120.681 Y100.640
M5
G0 X120.681 Y101.223
M3
G0 X137.588 Y101.223
M5
G0 X137.588 Y101.078
M3
G0 X0.000 Y101.078
M5
G0 X0.000 Y101.223
M3
G0 X2.332 Y101.223
M5
G0 X1.749 Y101.515
M3
G0 X0.000 Y101.515
M5
G0 X0.000 Y101.661
M3
G0 X137.588 Y101.661
M5
G0 X137.588 Y101.806
M3
G0 X120.681 Y101.806
M5
G0 X120.681 Y102.389
M3
G0 X137.588 Y102.389
M5
G0 X137.588 Y102.244
M3
G0 X0.000 Y102.244
M5
G0 X0.000 Y102.389
M3
G0 X4.664 Y102.389
M5
G0 X4.664 Y102.972
M3
G0 X0.000 Y102.972
M5
G0 X0.000 Y102.827
M3
G0 X137.588 Y102.827
M5
G0 X137.588 Y102.972
M3
G0 X120.681 Y102.972
M5
G0 X120.681 Y103.555
M3
G0 X137.588 Y103.555
M5
G0 X137.588 Y103.410
M3
G0 X0.000 Y103.410
M5
G0 X0.000 Y103.555
M3
G0 X4.664 Y103.555
M5
G0 X4.664 Y103.847
M3
G0 X0.000 Y103.847
M5
G0 X0.073 Y103.774
M3
G0 X0.073 Y97.944
M5
G0 X0.000 Y98.017
M3
G0 X1.166 Y98.017
M5
G0 X1.166 Y97.725
M3
G0 X0.000 Y97.725
M5
G0 X0.000 Y97.580
M3
G0 X137.588 Y97.580
M5
G0 X137.588 Y97.725
M3
G0 X120.681 Y97.725
M5
G0 X120.681 Y97.142
M3
G0 X137.588 Y97.142
M5
G0 X137.588 Y96.997
M3
G0 X0.000 Y96.997
M5
G0 X0.000 Y97.142
M3
G0 X1.166 Y97.142
M5
G0 X0.947 Y97.361
M3
G0 X0.947 Y189.475
M5
G0 X1.166 Y189.256
M3
G0 X0.000 Y189.256
M5
G0 X0.000 Y189.111
M3
G0 X70.543 Y189.111
M5
G0 X70.324 Y188.892
M3
G0 X70.324 Y146.333
M5
G0 X70.543 Y146.406
M3
G0 X86.284 Y146.406
M5
G0 X86.284 Y146.989
M3
G0 X23.903 Y146.989
M5
G0 X23.903 Y147.572
M3
G0 X44.308 Y147.572
M5
G0 X44.381 Y147.499
M3
G0 X44.381 Y145.167
M5
G0 X44.308 Y145.094
M3
G0 X43.142 Y145.094
M5
G0 X43.215 Y145.167
M3
G0 X43.215 Y144.001
M5
G0 X43.069 Y144.001
M3
G0 X43.069 Y144.584
M5
G0 X43.142 Y144.511
M3
G0 X42.559 Y144.511
M5
G0 X42.632 Y144.584
M3
G0 X42.632 Y143.418
M5
G0 X42.486 Y143.418
M3
G0 X42.486 Y144.001
M5
G0 X42.559 Y143.928
M3
G0 X41.976 Y143.928
M5
G0 X42.049 Y144.001
M3
G0 X42.049 Y142.835
M5
G0 X41.976 Y142.762
M3
G0 X41.393 Y142.762
M5
G0 X41.466 Y142.252
M3
G0 X41.466 Y144.001
M5
G0 X41.466 Y144.584
M3
G0 X41.466 Y158.576
M5
G0 X41.393 Y158.503
M3
G0 X40.227 Y158.503
M5
G0 X40.227 Y157.920
M3
G0 X41.976 Y157.920
M5
G0 X41.976 Y158.066
M3
G0 X23.903 Y158.066
M5
G0 X23.903 Y157.483
M3
G0 X83.952 Y157.483
M5
G0 X83.952 Y156.900
M3
G0 X23.903 Y156.900
M5
G0 X23.903 Y156.317
M3
G0 X83.952 Y156.317
M5
G0 X83.369 Y155.734
M3
G0 X23.903 Y155.734
M5
G0 X23.903 Y155.151
M3
G0 X83.369 Y155.151
M5
G0 X83.369 Y154.568
M3
G0 X23.903 Y154.568
M5
G0 X23.903 Y153.985
M3
G0 X83.369 Y153.985
M5
G0 X83.369 Y153.402
M3
G0 X23.903 Y153.402
M5
G0 X23.903 Y152.819
M3
G0 X83.952 Y152.819
M5
G0 X83.952 Y152.236
M3
G0 X23.903 Y152.236
M5
G0 X23.903 Y151.653
M3
G0 X83.952 Y151.653
M5
G0 X84.535 Y151.070
M3
G0 X23.903 Y151.070
M5
G0 X23.903 Y150.487
M3
G0 X85.118 Y150.487
M5
G0 X85.118 Y149.904
M3
G0 X23.903 Y149.904
M5
G0 X23.903 Y149.321
M3
G0 X85.118 Y149.321
M5
G0 X85.701 Y148.738
M3
G0 X23.903 Y148.738
M5
G0 X23.903 Y148.155
M3
G0 X44.308 Y148.155
M5
G0 X44.381 Y148.665
M3
G0 X44.381 Y192.390
M5
G0 X44.891 Y192.900
M3
G0 X52.470 Y192.900
M5
G0 X52.470 Y192.317
M3
G0 X33.231 Y192.317
M5
G0 X32.065 Y192.317
M3
G0 X30.899 Y192.317
M5
G0 X30.899 Y191.734
M3
G0 X32.065 Y191.734
M5
G0 X32.138 Y191.807
M3
G0 X32.138 Y177.232
M5
G0 X32.065 Y177.159
M3
G0 X29.733 Y177.159
M5
G0 X29.733 Y176.576
M3
G0 X32.065 Y176.576
M5
G0 X32.065 Y175.993
M3
G0 X27.984 Y175.993
M5
G0 X27.474 Y176.066
M3
G0 X27.474 Y92.114
M5
G0 X26.891 Y92.114
M3
G0 X26.891 Y89.199
M5
G0 X26.308 Y89.199
M3
G0 X26.308 Y90.948
M5
G0 X25.725 Y90.365
M3
G0 X25.725 Y88.616
M5
G0 X26.308 Y88.616
M3
G0 X26.308 Y88.033
M5
G0 X25.142 Y88.033
M3
G0 X25.142 Y40.810
M5
G0 X24.486 Y40.883
M3
G0 X26.818 Y40.883
M5
G0 X26.818 Y40.300
M3
G0 X24.486 Y40.300
M5
G0 X24.486 Y39.717
M3
G0 X26.235 Y39.717
M5
G0 X26.235 Y39.134
M3
G0 X24.486 Y39.134
M5
G0 X24.486 Y38.551
M3
G0 X26.235 Y38.551
M5
G0 X26.235 Y37.968
M3
G0 X24.486 Y37.968
M5
G0 X24.486 Y37.385
M3
G0 X26.235 Y37.385
M5
G0 X26.235 Y36.802
M3
G0 X24.486 Y36.802
M5
G0 X24.486 Y36.219
M3
G0 X26.235 Y36.219
M5
G0 X26.235 Y35.636
M3
G0 X25.069 Y35.636
M5
G0 X25.069 Y35.053
M3
G0 X26.818 Y35.053
M5
G0 X26.235 Y34.470
M3
G0 X25.069 Y34.470
M5
G0 X25.069 Y33.887
M3
G0 X26.235 Y33.887
M5
G0 X26.235 Y33.304
M3
G0 X24.486 Y33.304
M5
G0 X24.486 Y32.721
M3
G0 X26.235 Y32.721
M5
G0 X26.235 Y32.138
M3
G0 X24.486 Y32.138
M5
G0 X24.486 Y31.555
M3
G0 X26.235 Y31.555
M5
G0 X26.235 Y30.972
M3
G0 X24.486 Y30.972
M5
G0 X24.486 Y30.389
M3
G0 X26.235 Y30.389
M5
G0 X26.235 Y29.806
M3
G0 X24.486 Y29.806
M5
G0 X24.486 Y29.223
M3
G0 X26.235 Y29.223
M5
G0 X26.235 Y28.640
M3
G0 X24.486 Y28.640
M5
G0 X24.486 Y28.057
M3
G0 X26.235 Y28.057
M5
G0 X26.235 Y27.474
M3
G0 X24.486 Y27.474
M5
G0 X24.486 Y26.891
M3
G0 X26.235 Y26.891
M5
G0 X26.235 Y26.308
M3
G0 X24.486 Y26.308
M5
G0 X24.486 Y25.725
M3
G0 X26.235 Y25.725
M5
G0 X26.235 Y25.142
M3
G0 X24.486 Y25.142
M5
G0 X24.267 Y25.652
M3
G0 X24.267 Y211.629
M5
G0 X24.486 Y211.702
M3
G0 X31.482 Y211.702
M5
G0 X31.482 Y212.139
M3
G0 X30.899 Y212.139
M5
G0 X30.899 Y212.722
M3
G0 X31.482 Y212.722
M5
G0 X31.555 Y212.795
M3
G0 X31.555 Y236.115
M5
G0 X29.223 Y236.115
M3
G0 X29.223 Y235.532
M5
G0 X27.984 Y234.293
M3
G0 X27.401 Y234.293
M5
G0 X27.401 Y233.856
M3
G0 X40.810 Y233.856
M5
G0 X40.810 Y233.273
M3
G0 X27.401 Y233.273
M5
G0 X27.401 Y233.127
M3
G0 X28.567 Y233.127
M5
G0 X29.223 Y233.200
M3
G0 X29.223 Y232.034
M5
G0 X29.806 Y232.034
M3
G0 X29.806 Y233.200
M5
G0 X30.389 Y233.200
M3
G0 X30.389 Y228.536
M5
G0 X30.389 Y227.370
M3
G0 X30.389 Y213.378
M5
G0 X30.389 Y212.795
M3
G0 X30.389 Y209.297
M5
G0 X30.316 Y209.224
M3
G0 X27.984 Y209.224
M5
G0 X27.984 Y208.641
M3
G0 X29.150 Y208.641
M5
G0 X29.733 Y208.641
M3
G0 X30.316 Y208.641
M5
G0 X30.899 Y208.787
M3
G0 X25.069 Y208.787
M5
G0 X24.486 Y208.787
M3
G0 X22.737 Y208.787
M5
G0 X22.810 Y208.714
M3
G0 X22.810 Y224.455
M5
G0 X22.737 Y224.528
M3
G0 X86.867 Y224.528
M5
G0 X86.867 Y225.111
M3
G0 X13.992 Y225.111
M5
G0 X13.992 Y225.694
M3
G0 X86.284 Y225.694
M5
G0 X86.284 Y226.277
M3
G0 X11.660 Y226.277
M5
G0 X11.733 Y226.204
M3
G0 X11.733 Y227.370
M5
G0 X11.660 Y227.297
M3
G0 X12.243 Y227.297
M5
G0 X12.243 Y227.443
M3
G0 X11.077 Y227.443
M5
G0 X10.858 Y227.370
M3
G0 X10.858 Y225.038
M5
G0 X11.077 Y224.819
M3
G0 X137.588 Y224.819
M5
G0 X137.588 Y224.674
M3
G0 X0.000 Y224.674
M5
G0 X0.000 Y224.819
M3
G0 X9.911 Y224.819
M5
G0 X9.692 Y225.038
M3
G0 X9.692 Y224.455
M5
G0 X9.692 Y223.872
M3
G0 X9.692 Y223.289
M5
G0 X9.109 Y223.872
M3
G0 X9.109 Y216.876
M5
G0 X8.745 Y216.657
M3
G0 X137.588 Y216.657
M5
G0 X137.588 Y216.512
M3
G0 X0.000 Y216.512
M5
G0 X0.000 Y216.657
M3
G0 X8.162 Y216.657
M5
G0 X7.943 Y216.876
M3
G0 X7.943 Y219.208
M5
G0 X7.579 Y219.281
M3
G0 X4.664 Y219.281
M5
G0 X4.664 Y218.698
M3
G0 X7.579 Y218.698
M5
G0 X7.069 Y218.625
M3
G0 X7.069 Y216.876
M5
G0 X7.579 Y216.949
M3
G0 X0.583 Y216.949
M5
G0 X0.656 Y217.459
M3
G0 X0.656 Y219.208
M5
G0 X0.583 Y218.698
M3
G0 X3.498 Y218.698
M5
G0 X3.498 Y219.281
M3
G0 X0.000 Y219.281
M5
G0 X0.000 Y219.427
M3
G0 X137.588 Y219.427
M5
G0 X137.588 Y219.572
M3
G0 X0.000 Y219.572
M5
G0 X0.000 Y219.864
M3
G0 X3.498 Y219.864
M5
G0 X3.498 Y220.447
M3
G0 X2.915 Y220.447
M5
G0 X2.988 Y220.374
M3
G0 X2.988 Y222.123
M5
G0 X2.915 Y222.196
M3
G0 X4.081 Y222.196
M5
G0 X3.571 Y222.123
M3
G0 X3.571 Y223.872
M5
G0 X3.498 Y223.945
M3
G0 X4.664 Y223.945
M5
G0 X4.154 Y223.872
M3
G0 X4.154 Y225.621
M5
G0 X4.081 Y225.694
M3
G0 X5.830 Y225.694
M5
G0 X5.320 Y225.621
M3
G0 X5.320 Y228.536
M5
G0 X5.247 Y228.609
M3
G0 X9.911 Y228.609
M5
G0 X9.911 Y228.463
M3
G0 X9.328 Y228.463
M5
G0 X9.401 Y228.536
M3
G0 X9.401 Y226.787
M5
G0 X9.328 Y226.277
M3
G0 X11.077 Y226.277
M5
G0 X10.567 Y226.204
M3
G0 X10.567 Y225.621
M5
G0 X10.494 Y225.694
M3
G0 X11.077 Y225.694
M5
G0 X11.441 Y225.621
M3
G0 X11.441 Y224.455
M5
G0 X11.077 Y224.236
M3
G0 X137.588 Y224.236
M5
G0 X137.588 Y224.091
M3
G0 X0.000 Y224.091
M5
G0 X0.000 Y224.236
M3
G0 X10.494 Y224.236
M5
G0 X10.275 Y224.455
M3
G0 X10.275 Y223.872
M5
G0 X9.109 Y224.455
M3
G0 X9.109 Y229.702
M5
G0 X9.328 Y229.192
M3
G0 X5.830 Y229.192
M5
G0 X5.903 Y229.702
M3
G0 X5.903 Y231.451
M5
G0 X5.830 Y231.378
M3
G0 X5.247 Y231.378
M5
G0 X5.247 Y231.961
M3
G0 X5.830 Y231.961
M5
G0 X5.830 Y232.107
M3
G0 X4.664 Y232.107
M5
G0 X4.737 Y232.034
M3
G0 X4.737 Y233.783
M5
G0 X4.664 Y233.273
M3
G0 X5.247 Y233.273
M5
G0 X5.247 Y233.564
M3
G0 X4.081 Y233.564
M5
G0 X4.081 Y233.856
M3
G0 X5.247 Y233.856
M5
G0 X5.247 Y234.147
M3
G0 X4.081 Y234.147
M5
G0 X4.154 Y234.366
M3
G0 X4.154 Y236.698
M5
G0 X4.081 Y236.771
M3
G0 X4.664 Y236.771
M5
G0 X4.664 Y237.062
M3
G0 X3.498 Y237.062
M5
G0 X3.498 Y237.354
M3
G0 X4.081 Y237.354
M5
G0 X4.081 Y237.937
M3
G0 X3.498 Y237.937
M5
G0 X3.498 Y238.520
M3
G0 X4.081 Y238.520
M5
G0 X4.664 Y238.811
M3
G0 X0.000 Y238.811
M5
G0 X0.000 Y238.666
M3
G0 X137.588 Y238.666
M5
G0 X137.588 Y238.811
M3
G0 X8.162 Y238.811
M5
G0 X8.162 Y238.228
M3
G0 X137.588 Y238.228
M5
G0 X137.588 Y238.083
M3
G0 X0.000 Y238.083
M5
G0 X0.000 Y238.228
M3
G0 X4.664 Y238.228
M5
G0 X4.445 Y237.864
M3
G0 X4.445 Y233.200
M5
G0 X4.664 Y232.690
M3
G0 X5.247 Y232.690
M5
G0 X5.611 Y233.200
M3
G0 X5.611 Y208.131
M5
G0 X5.028 Y206.965
M3
G0 X5.028 Y186.560
M5
G0 X4.883 Y186.560
M3
G0 X4.883 Y244.860
M5
G0 X4.445 Y244.860
M3
G0 X4.445 Y240.196
M5
G0 X5.247 Y239.977
M3
G0 X2.915 Y239.977
M5
G0 X2.332 Y239.977
M3
G0 X0.000 Y239.977
M5
G0 X0.000 Y239.832
M3
G0 X137.588 Y239.832
M5
G0 X137.588 Y239.977
M3
G0 X8.162 Y239.977
M5
G0 X8.526 Y240.196
M3
G0 X8.526 Y243.111
M5
G0 X7.579 Y242.892
M3
G0 X137.588 Y242.892
M5
G0 X137.588 Y242.747
M3
G0 X0.000 Y242.747
M5
G0 X0.000 Y242.164
M3
G0 X137.588 Y242.164
M5
G0 X137.588 Y242.309
M3
G0 X5.830 Y242.309
M5
G0 X5.830 Y242.601
M3
G0 X6.996 Y242.601
M5
G0 X6.996 Y242.892
M3
G0 X5.830 Y242.892
M5
G0 X5.830 Y243.184
M3
G0 X6.996 Y243.184
M5
G0 X6.996 Y243.475
M3
G0 X0.583 Y243.475
M5
G0 X0.947 Y243.694
M3
G0 X0.947 Y244.860
M5
G0 X0.802 Y244.860
M3
G0 X0.802 Y0.000
M5
G0 X0.219 Y0.000
M3
G0 X0.219 Y244.860
M5
G0 X0.000 Y244.496
M3
G0 X137.588 Y244.496
M5
G0 X137.588 Y244.641
M3
G0 X7.579 Y244.641
M5
G0 X7.798 Y244.860
M3
G0 X7.798 Y181.896
M5
G0 X7.579 Y181.677
M3
G0 X4.081 Y181.677
M5
G0 X4.081 Y181.386
M3
G0 X5.830 Y181.386
M5
G0 X5.830 Y180.803
M3
G0 X4.664 Y180.803
M5
G0 X4.445 Y180.730
M3
G0 X4.445 Y185.977
M5
G0 X4.664 Y185.758
M3
G0 X0.000 Y185.758
M5
G0 X0.000 Y185.613
M3
G0 X137.588 Y185.613
M5
G0 X137.588 Y185.758
M3
G0 X78.122 Y185.758
M5
G0 X77.903 Y185.977
M3
G0 X77.903 Y244.860
M5
G0 X77.758 Y244.860
M3
G0 X77.758 Y185.394
M5
G0 X77.539 Y185.467
M3
G0 X76.373 Y185.467
M5
G0 X76.154 Y185.394
M3
G0 X76.154 Y109.021
M5
G0 X75.863 Y109.021
M3
G0 X75.863 Y110.187
M5
G0 X75.790 Y110.551
M3
G0 X116.017 Y110.551
M5
G0 X116.017 Y109.968
M3
G0 X75.207 Y109.968
M5
G0 X75.280 Y109.604
M3
G0 X75.280 Y108.438
M5
G0 X75.207 Y107.928
M3
G0 X41.393 Y107.928
M5
G0 X42.049 Y109.021
M3
G0 X42.049 Y135.839
M5
G0 X41.976 Y135.912
M3
G0 X39.061 Y135.912
M5
G0 X39.061 Y135.329
M3
G0 X53.636 Y135.329
M5
G0 X54.000 Y135.256
M3
G0 X54.000 Y142.835
M5
G0 X53.417 Y142.835
M3
G0 X53.417 Y141.086
M5
G0 X53.709 Y141.086
M3
G0 X53.709 Y142.252
M5
G0 X54.219 Y142.179
M3
G0 X51.304 Y142.179
M5
G0 X51.377 Y141.669
M3
G0 X51.377 Y142.835
M5
G0 X51.085 Y142.835
M3
G0 X51.085 Y141.669
M5
G0 X50.794 Y141.669
M3
G0 X50.794 Y142.835
M5
G0 X50.721 Y142.762
M3
G0 X47.806 Y142.762
M5
G0 X47.879 Y142.252
M3
G0 X47.879 Y143.418
M5
G0 X48.170 Y143.418
M3
G0 X48.170 Y142.252
M5
G0 X48.462 Y142.252
M3
G0 X48.462 Y143.418
M5
G0 X48.389 Y143.345
M3
G0 X46.640 Y143.345
M5
G0 X46.713 Y143.418
M3
G0 X46.713 Y142.252
M5
G0 X46.640 Y142.179
M3
G0 X46.057 Y142.179
M5
G0 X46.130 Y141.669
M3
G0 X46.130 Y142.835
M5
G0 X46.057 Y142.762
M3
G0 X47.223 Y142.762
M5
G0 X47.296 Y142.252
M3
G0 X47.296 Y143.418
M5
G0 X47.223 Y144.074
M3
G0 X57.134 Y144.074
M5
G0 X57.134 Y143.928
M3
G0 X55.968 Y143.928
M5
G0 X55.458 Y144.001
M3
G0 X55.458 Y180.730
M5
G0 X52.470 Y180.657
M3
G0 X50.721 Y180.657
M5
G0 X50.721 Y181.240
M3
G0 X52.470 Y181.240
M5
G0 X52.470 Y181.823
M3
G0 X50.721 Y181.823
M5
G0 X50.721 Y182.406
M3
G0 X52.470 Y182.406
M5
G0 X52.470 Y182.989
M3
G0 X50.721 Y182.989
M5
G0 X50.211 Y183.062
M3
G0 X50.211 Y144.001
M5
G0 X49.628 Y144.001
M3
G0 X49.628 Y183.062
M5
G0 X49.628 Y184.228
M3
G0 X49.628 Y202.884
M5
G0 X49.628 Y203.467
M3
G0 X49.628 Y244.860
M5
G0 X49.774 Y244.860
M3
G0 X49.774 Y0.000
M5
G0 X50.138 Y0.073
M3
G0 X52.470 Y0.073
M5
G0 X52.251 Y0.000
M3
G0 X52.251 Y13.992
M5
G0 X51.887 Y14.065
M3
G0 X50.138 Y14.065
M5
G0 X50.138 Y13.482
M3
G0 X51.887 Y13.482
M5
G0 X51.887 Y12.899
M3
G0 X50.138 Y12.899
M5
G0 X50.138 Y12.316
M3
G0 X51.887 Y12.316
M5
G0 X51.887 Y11.733
M3
G0 X50.138 Y11.733
M5
G0 X50.138 Y11.150
M3
G0 X51.887 Y11.150
M5
G0 X51.887 Y10.567
M3
G0 X50.138 Y10.567
M5
G0 X50.138 Y9.984
M3
G0 X51.887 Y9.984
M5
G0 X51.887 Y9.401
M3
G0 X50.138 Y9.401
M5
G0 X50.138 Y8.818
M3
G0 X51.887 Y8.818
M5
G0 X51.887 Y8.235
M3
G0 X50.138 Y8.235
M5
G0 X50.138 Y7.652
M3
G0 X51.887 Y7.652
M5
G0 X51.887 Y7.069
M3
G0 X50.138 Y7.069
M5
G0 X50.138 Y6.486
M3
G0 X51.887 Y6.486
M5
G0 X51.887 Y5.903
M3
G0 X50.138 Y5.903
M5
G0 X50.138 Y5.320
M3
G0 X51.887 Y5.320
M5
G0 X51.304 Y5.174
M3
G0 X50.721 Y5.174
M5
G0 X50.721 Y4.591
M3
G0 X51.304 Y4.591
M5
G0 X51.304 Y4.008
M3
G0 X50.721 Y4.008
M5
G0 X50.721 Y3.425
M3
G0 X51.304 Y3.425
M5
G0 X51.304 Y2.842
M3
G0 X50.138 Y2.842
M5
G0 X50.138 Y2.988
M3
G0 X52.470 Y2.988
M5
G0 X52.470 Y3.571
M3
G0 X50.138 Y3.571
M5
G0 X50.138 Y4.154
M3
G0 X52.470 Y4.154
M5
G0 X52.470 Y4.737
M3
G0 X50.138 Y4.737
M5
G0 X50.721 Y5.757
M3
G0 X51.304 Y5.757
M5
G0 X51.304 Y6.340
M3
G0 X50.721 Y6.340
M5
G0 X50.721 Y6.923
M3
G0 X51.304 Y6.923
M5
G0 X51.304 Y7.506
M3
G0 X50.721 Y7.506
M5
G0 X50.721 Y8.089
M3
G0 X51.304 Y8.089
M5
G0 X51.304 Y8.672
M3
G0 X50.721 Y8.672
M5
G0 X50.721 Y9.255
M3
G0 X51.304 Y9.255
M5
G0 X51.377 Y9.328
M3
G0 X51.377 Y0.000
M5
G0 X51.523 Y0.000
M3
G0 X51.523 Y244.860
M5
G0 X51.668 Y244.860
M3
G0 X51.668 Y143.418
M5
G0 X51.960 Y143.418
M3
G0 X51.960 Y200.552
M5
G0 X51.887 Y200.479
M3
G0 X51.304 Y200.479
M5
G0 X51.304 Y201.062
M3
G0 X51.887 Y201.062
M5
G0 X51.887 Y201.208
M3
G0 X50.721 Y201.208
M5
G0 X50.794 Y201.135
M3
G0 X50.794 Y204.050
M5
G0 X51.377 Y204.050
M3
G0 X51.377 Y205.799
M5
G0 X51.960 Y205.799
M3
G0 X51.960 Y208.714
M5
G0 X52.543 Y208.714
M3
G0 X52.543 Y212.795
M5
G0 X52.543 Y213.378
M3
G0 X52.543 Y244.860
M5
G0 X52.689 Y244.860
M3
G0 X52.689 Y0.000
M5
G0 X52.834 Y0.000
M3
G0 X52.834 Y1.749
M5
G0 X52.470 Y1.822
M3
G0 X50.138 Y1.822
M5
G0 X50.138 Y1.676
M3
G0 X51.304 Y1.676
M5
G0 X51.304 Y1.093
M3
G0 X50.138 Y1.093
M5
G0 X50.138 Y1.239
M3
G0 X52.470 Y1.239
M5
G0 X52.470 Y0.656
M3
G0 X50.138 Y0.656
M5
G0 X50.138 Y0.510
M3
G0 X51.304 Y0.510
M5
G0 X51.085 Y0.000
M3
G0 X51.085 Y138.754
M5
G0 X50.794 Y138.754
M3
G0 X50.794 Y137.588
M5
G0 X50.502 Y137.588
M3
G0 X50.502 Y141.086
M5
G0 X50.721 Y140.576
M3
G0 X47.223 Y140.576
M5
G0 X47.004 Y140.503
M3
G0 X47.004 Y100.276
M5
G0 X47.004 Y99.693
M3
G0 X47.004 Y43.725
M5
G0 X47.223 Y43.798
M3
G0 X75.790 Y43.798
M5
G0 X75.790 Y43.215
M3
G0 X47.223 Y43.215
M5
G0 X47.296 Y43.725
M3
G0 X47.296 Y69.377
M5
G0 X47.296 Y69.960
M3
G0 X47.296 Y84.535
M5
G0 X47.223 Y84.462
M3
G0 X43.725 Y84.462
M5
G0 X43.725 Y83.879
M3
G0 X34.397 Y83.879
M5
G0 X34.397 Y83.296
M3
G0 X55.968 Y83.296
M5
G0 X56.041 Y83.369
M3
G0 X56.041 Y80.454
M5
G0 X55.458 Y79.871
M3
G0 X55.458 Y83.369
M5
G0 X54.875 Y83.369
M3
G0 X54.875 Y79.288
M5
G0 X54.292 Y79.288
M3
G0 X54.292 Y83.369
M5
G0 X53.709 Y83.369
M3
G0 X53.709 Y78.705
M5
G0 X53.126 Y77.539
M3
G0 X53.126 Y83.369
M5
G0 X52.543 Y83.369
M3
G0 X52.543 Y77.539
M5
G0 X51.960 Y76.373
M3
G0 X51.960 Y83.369
M5
G0 X51.377 Y83.369
M3
G0 X51.377 Y67.045
M5
G0 X51.304 Y67.555
M3
G0 X54.219 Y67.555
M5
G0 X54.219 Y68.138
M3
G0 X48.389 Y68.138
M5
G0 X48.389 Y68.721
M3
G0 X51.887 Y68.721
M5
G0 X51.887 Y69.304
M3
G0 X48.389 Y69.304
M5
G0 X48.972 Y69.887
M3
G0 X51.887 Y69.887
M5
G0 X51.814 Y69.377
M3
G0 X51.814 Y67.628
M5
G0 X52.397 Y67.628
M3
G0 X52.397 Y68.211
M5
G0 X52.470 Y68.721
M3
G0 X53.636 Y68.721
M5
G0 X53.053 Y69.304
M3
G0 X54.802 Y69.304
M5
G0 X54.875 Y69.377
M3
G0 X54.875 Y65.296
M5
G0 X54.802 Y65.806
M3
G0 X47.223 Y65.806
M5
G0 X47.223 Y65.223
M3
G0 X53.053 Y65.223
M5
G0 X52.980 Y65.296
M3
G0 X52.980 Y65.879
M5
G0 X53.563 Y65.879
M3
G0 X53.563 Y65.296
M5
G0 X54.146 Y65.296
M3
G0 X54.146 Y65.879
M5
G0 X54.292 Y65.296
M3
G0 X54.292 Y70.543
M5
G0 X54.875 Y70.543
M3
G0 X54.875 Y69.960
M5
G0 X55.385 Y69.887
M3
G0 X55.968 Y69.887
M5
G0 X55.458 Y69.377
M3
G0 X55.458 Y71.126
M5
G0 X53.709 Y71.126
M3
G0 X53.709 Y64.713
M5
G0 X53.126 Y64.713
M3
G0 X53.126 Y66.462
M5
G0 X53.636 Y66.389
M3
G0 X55.385 Y66.389
M5
G0 X55.458 Y65.879
M3
G0 X55.458 Y68.794
M5
G0 X55.385 Y68.721
M3
G0 X54.802 Y68.721
M5
G0 X54.802 Y68.138
M3
G0 X57.134 Y68.138
M5
G0 X57.207 Y67.628
M3
G0 X57.207 Y123.596
M5
G0 X57.790 Y122.430
M3
G0 X57.790 Y68.211
M5
G0 X57.717 Y68.721
M3
G0 X55.968 Y68.721
M5
G0 X56.551 Y69.304
M3
G0 X57.134 Y69.304
M5
G0 X58.373 Y69.377
M3
G0 X58.373 Y74.624
M5
G0 X59.466 Y74.697
M3
G0 X24.486 Y74.697
M5
G0 X24.486 Y74.114
M3
G0 X59.466 Y74.114
M5
G0 X59.466 Y73.531
M3
G0 X24.486 Y73.531
M5
G0 X24.486 Y72.948
M3
G0 X59.466 Y72.948
M5
G0 X59.466 Y72.365
M3
G0 X24.486 Y72.365
M5
G0 X24.486 Y71.782
M3
G0 X37.312 Y71.782
M5
G0 X37.312 Y71.199
M3
G0 X24.486 Y71.199
M5
G0 X24.486 Y70.616
M3
G0 X37.312 Y70.616
M5
G0 X37.312 Y70.033
M3
G0 X24.486 Y70.033
M5
G0 X24.486 Y69.450
M3
G0 X37.312 Y69.450
M5
G0 X36.802 Y69.377
M3
G0 X36.802 Y69.960
M5
G0 X36.219 Y70.543
M3
G0 X36.219 Y65.879
M5
G0 X36.219 Y65.296
M3
G0 X36.219 Y64.713
M5
G0 X35.563 Y64.640
M3
G0 X34.397 Y64.640
M5
G0 X34.397 Y64.057
M3
G0 X35.563 Y64.057
M5
G0 X35.563 Y63.474
M3
G0 X34.397 Y63.474
M5
G0 X34.397 Y62.891
M3
G0 X35.563 Y62.891
M5
G0 X35.563 Y62.308
M3
G0 X34.397 Y62.308
M5
G0 X34.397 Y61.725
M3
G0 X35.563 Y61.725
M5
G0 X35.563 Y61.142
M3
G0 X34.397 Y61.142
M5
G0 X34.397 Y60.559
M3
G0 X35.563 Y60.559
M5
G0 X35.563 Y59.976
M3
G0 X34.397 Y59.976
M5
G0 X34.397 Y59.393
M3
G0 X35.563 Y59.393
M5
G0 X35.563 Y58.810
M3
G0 X34.397 Y58.810
M5
G0 X34.397 Y58.227
M3
G0 X35.563 Y58.227
M5
G0 X35.563 Y57.644
M3
G0 X34.397 Y57.644
M5
G0 X34.397 Y57.061
M3
G0 X35.563 Y57.061
M5
G0 X35.563 Y56.478
M3
G0 X34.397 Y56.478
M5
G0 X34.397 Y55.895
M3
G0 X34.980 Y55.895
M5
G0 X34.980 Y55.312
M3
G0 X34.397 Y55.312
M5
G0 X34.397 Y54.729
M3
G0 X34.980 Y54.729
M5
G0 X34.980 Y54.146
M3
G0 X34.397 Y54.146
M5
G0 X34.397 Y53.563
M3
G0 X34.980 Y53.563
M5
G0 X34.980 Y52.980
M3
G0 X34.397 Y52.980
M5
G0 X35.636 Y51.887
M3
G0 X35.636 Y105.523
M5
G0 X34.980 Y105.450
M3
G0 X30.899 Y105.450
M5
G0 X30.899 Y104.867
M3
G0 X34.980 Y104.867
M5
G0 X34.907 Y104.940
M3
G0 X34.907 Y97.944
M5
G0 X34.397 Y97.871
M3
G0 X35.563 Y97.871
M5
G0 X35.563 Y97.288
M3
G0 X34.397 Y97.288
M5
G0 X34.397 Y96.705
M3
G0 X35.563 Y96.705
M5
G0 X35.563 Y96.122
M3
G0 X34.397 Y96.122
M5
G0 X34.397 Y95.539
M3
G0 X35.563 Y95.539
M5
G0 X35.563 Y94.956
M3
G0 X34.397 Y94.956
M5
G0 X34.397 Y94.373
M3
G0 X35.563 Y94.373
M5
G0 X35.563 Y93.790
M3
G0 X34.397 Y93.790
M5
G0 X33.814 Y93.790
M3
G0 X28.567 Y93.790
M5
G0 X28.567 Y94.373
M3
G0 X33.814 Y94.373
M5
G0 X33.814 Y94.956
M3
G0 X30.899 Y94.956
M5
G0 X30.316 Y94.956
M3
G0 X27.984 Y94.956
M5
G0 X27.984 Y95.539
M3
G0 X30.316 Y95.539
M5
G0 X30.899 Y95.539
M3
G0 X33.814 Y95.539
M5
G0 X33.814 Y96.122
M3
G0 X30.899 Y96.122
M5
G0 X30.316 Y96.122
M3
G0 X27.984 Y96.122
M5
G0 X27.984 Y96.705
M3
G0 X30.316 Y96.705
M5
G0 X30.899 Y96.705
M3
G0 X33.814 Y96.705
M5
G0 X33.814 Y97.288
M3
G0 X30.899 Y97.288
M5
G0 X30.316 Y97.288
M3
G0 X27.984 Y97.288
M5
G0 X27.984 Y97.871
M3
G0 X33.814 Y97.871
M5
G0 X33.814 Y98.454
M3
G0 X30.899 Y98.454
M5
G0 X30.316 Y98.454
M3
G0 X27.984 Y98.454
M5
G0 X27.984 Y99.037
M3
G0 X30.316 Y99.037
M5
G0 X30.899 Y99.037
M3
G0 X33.814 Y99.037
M5
G0 X34.397 Y99.037
M3
G0 X35.563 Y99.037
M5
G0 X35.563 Y98.454
M3
G0 X34.397 Y98.454
M5
G0 X34.397 Y99.620
M3
G0 X35.563 Y99.620
M5
G0 X35.490 Y99.693
M3
G0 X35.490 Y90.948
M5
G0 X35.563 Y90.292
M3
G0 X34.397 Y90.292
M5
G0 X34.907 Y90.365
M3
G0 X34.907 Y89.782
M5
G0 X34.397 Y89.709
M3
G0 X35.563 Y89.709
M5
G0 X35.563 Y89.126
M3
G0 X40.810 Y89.126
M5
G0 X40.883 Y89.199
M3
G0 X40.883 Y59.466
M5
G0 X41.393 Y59.393
M3
G0 X50.721 Y59.393
M5
G0 X50.721 Y58.810
M3
G0 X41.393 Y58.810
M5
G0 X41.393 Y58.227
M3
G0 X50.721 Y58.227
M5
G0 X50.721 Y57.644
M3
G0 X41.976 Y57.644
M5
G0 X41.976 Y57.061
M3
G0 X50.721 Y57.061
M5
G0 X50.721 Y56.478
M3
G0 X41.976 Y56.478
M5
G0 X42.486 Y56.551
M3
G0 X42.486 Y64.130
M5
G0 X43.069 Y63.547
M3
G0 X43.069 Y62.964
M5
G0 X43.725 Y62.891
M3
G0 X40.810 Y62.891
M5
G0 X41.320 Y62.964
M3
G0 X41.320 Y68.211
M5
G0 X40.737 Y68.211
M3
G0 X40.737 Y69.960
M5
G0 X38.988 Y69.960
M3
G0 X38.988 Y68.211
M5
G0 X39.061 Y68.138
M3
G0 X38.478 Y68.138
M5
G0 X38.478 Y67.555
M3
G0 X39.061 Y67.555
M5
G0 X39.644 Y67.555
M3
G0 X44.891 Y67.555
M5
G0 X44.891 Y68.138
M3
G0 X39.644 Y68.138
M5
G0 X39.644 Y66.972
M3
G0 X44.891 Y66.972
M5
G0 X44.308 Y66.389
M3
G0 X39.644 Y66.389
M5
G0 X39.644 Y65.806
M3
G0 X44.308 Y65.806
M5
G0 X44.308 Y65.223
M3
G0 X40.227 Y65.223
M5
G0 X40.227 Y64.640
M3
G0 X44.308 Y64.640
M5
G0 X44.308 Y64.057
M3
G0 X40.227 Y64.057
M5
G0 X40.810 Y63.474
M3
G0 X43.725 Y63.474
M5
G0 X43.725 Y62.308
M3
G0 X40.810 Y62.308
M5
G0 X40.810 Y61.725
M3
G0 X44.308 Y61.725
M5
G0 X44.308 Y61.142
M3
G0 X40.810 Y61.142
M5
G0 X41.393 Y60.559
M3
G0 X50.721 Y60.559
M5
G0 X50.721 Y59.976
M3
G0 X41.393 Y59.976
M5
G0 X39.717 Y60.049
M3
G0 X39.717 Y57.717
M5
G0 X39.134 Y57.717
M3
G0 X39.134 Y62.381
M5
G0 X39.061 Y62.308
M3
G0 X38.478 Y62.308
M5
G0 X38.478 Y61.725
M3
G0 X39.061 Y61.725
M5
G0 X39.061 Y61.142
M3
G0 X38.478 Y61.142
M5
G0 X38.478 Y60.559
M3
G0 X39.061 Y60.559
M5
G0 X39.061 Y59.976
M3
G0 X38.478 Y59.976
M5
G0 X38.478 Y59.393
M3
G0 X39.061 Y59.393
M5
G0 X39.061 Y58.810
M3
G0 X38.478 Y58.810
M5
G0 X38.478 Y58.227
M3
G0 X39.061 Y58.227
M5
G0 X38.988 Y57.717
M3
G0 X38.988 Y57.134
M5
G0 X39.061 Y57.061
M3
G0 X38.478 Y57.061
M5
G0 X38.478 Y56.478
M3
G0 X39.061 Y56.478
M5
G0 X39.061 Y55.895
M3
G0 X38.478 Y55.895
M5
G0 X38.478 Y55.312
M3
G0 X39.061 Y55.312
M5
G0 X39.061 Y54.729
M3
G0 X38.478 Y54.729
M5
G0 X38.478 Y54.146
M3
G0 X39.061 Y54.146
M5
G0 X39.061 Y53.563
M3
G0 X38.478 Y53.563
M5
G0 X38.478 Y52.980
M3
G0 X39.061 Y52.980
M5
G0 X38.988 Y52.470
M3
G0 X38.988 Y51.304
M5
G0 X39.061 Y51.231
M3
G0 X38.478 Y51.231
M5
G0 X38.478 Y50.648
M3
G0 X39.061 Y50.648
M5
G0 X39.061 Y50.065
M3
G0 X38.478 Y50.065
M5
G0 X38.478 Y49.482
M3
G0 X39.061 Y49.482
M5
G0 X39.061 Y48.899
M3
G0 X38.478 Y48.899
M5
G0 X38.478 Y48.316
M3
G0 X39.061 Y48.316
M5
G0 X38.988 Y48.389
M3
G0 X38.988 Y46.640
M5
G0 X39.061 Y46.567
M3
G0 X38.478 Y46.567
M5
G0 X38.478 Y46.713
M3
G0 X39.644 Y46.713
M5
G0 X39.134 Y46.640
M3
G0 X39.134 Y34.980
M5
G0 X39.061 Y34.907
M3
G0 X38.478 Y34.907
M5
G0 X38.478 Y35.053
M3
G0 X40.810 Y35.053
M5
G0 X40.300 Y34.980
M3
G0 X40.300 Y39.644
M5
G0 X40.810 Y39.717
M3
G0 X38.478 Y39.717
M5
G0 X38.478 Y39.571
M3
G0 X39.061 Y39.571
M5
G0 X38.988 Y39.644
M3
G0 X38.988 Y37.312
M5
G0 X39.061 Y37.239
M3
G0 X38.478 Y37.239
M5
G0 X38.478 Y37.385
M3
G0 X40.810 Y37.385
M5
G0 X41.174 Y37.312
M3
G0 X41.174 Y51.304
M5
G0 X40.810 Y51.960
M3
G0 X40.227 Y51.960
M5
G0 X39.644 Y51.960
M3
G0 X37.895 Y51.960
M5
G0 X37.895 Y51.377
M3
G0 X39.644 Y51.377
M5
G0 X39.061 Y51.814
M3
G0 X38.478 Y51.814
M5
G0 X38.478 Y52.397
M3
G0 X39.061 Y52.397
M5
G0 X37.895 Y52.543
M3
G0 X40.810 Y52.543
M5
G0 X40.810 Y53.126
M3
G0 X37.895 Y53.126
M5
G0 X37.895 Y53.709
M3
G0 X40.810 Y53.709
M5
G0 X41.174 Y53.636
M3
G0 X41.174 Y244.860
M5
G0 X41.029 Y244.860
M3
G0 X41.029 Y0.000
M5
G0 X41.174 Y0.000
M3
G0 X41.174 Y15.741
M5
G0 X40.227 Y15.814
M3
G0 X38.478 Y15.814
M5
G0 X38.478 Y16.397
M3
G0 X40.227 Y16.397
M5
G0 X40.227 Y16.980
M3
G0 X38.478 Y16.980
M5
G0 X38.478 Y17.563
M3
G0 X40.227 Y17.563
M5
G0 X40.227 Y18.146
M3
G0 X38.478 Y18.146
M5
G0 X38.551 Y18.073
M3
G0 X38.551 Y0.000
M5
G0 X38.478 Y0.073
M3
G0 X40.810 Y0.073
M5
G0 X40.591 Y0.000
M3
G0 X40.591 Y32.648
M5
G0 X40.591 Y33.231
M3
G0 X40.591 Y99.693
M5
G0 X41.393 Y98.017
M3
G0 X41.976 Y98.017
M5
G0 X42.559 Y98.017
M3
G0 X47.223 Y98.017
M5
G0 X46.640 Y98.600
M3
G0 X42.559 Y98.600
M5
G0 X43.142 Y99.183
M3
G0 X44.891 Y99.183
M5
G0 X44.308 Y99.766
M3
G0 X43.142 Y99.766
M5
G0 X43.798 Y97.361
M3
G0 X43.798 Y96.195
M5
G0 X44.381 Y96.778
M3
G0 X44.381 Y94.446
M5
G0 X44.964 Y94.446
M3
G0 X44.964 Y96.778
M5
G0 X45.547 Y96.778
M3
G0 X45.547 Y94.446
M5
G0 X46.130 Y94.446
M3
G0 X46.130 Y96.195
M5
G0 X46.713 Y95.029
M3
G0 X46.713 Y97.361
M5
G0 X47.296 Y96.778
M3
G0 X47.296 Y95.612
M5
G0 X47.806 Y95.102
M3
G0 X40.810 Y95.102
M5
G0 X40.810 Y94.519
M3
G0 X47.223 Y94.519
M5
G0 X48.170 Y94.446
M3
G0 X48.170 Y4.664
M5
G0 X48.170 Y3.498
M3
G0 X48.170 Y0.583
M5
G0 X48.025 Y0.000
M3
G0 X48.025 Y244.860
M5
G0 X48.170 Y244.860
M3
G0 X48.170 Y144.001
M5
G0 X48.462 Y144.001
M3
G0 X48.462 Y244.860
M5
G0 X48.608 Y244.860
M3
G0 X48.608 Y0.000
M5
G0 X48.753 Y0.000
M3
G0 X48.753 Y31.482
M5
G0 X49.555 Y31.263
M3
G0 X43.142 Y31.263
M5
G0 X43.142 Y30.972
M3
G0 X44.891 Y30.972
M5
G0 X44.891 Y30.389
M3
G0 X43.142 Y30.389
M5
G0 X43.142 Y30.680
M3
G0 X49.555 Y30.680
M5
G0 X50.138 Y30.680
M3
G0 X51.887 Y30.680
M5
G0 X51.887 Y31.263
M3
G0 X50.138 Y31.263
M5
G0 X50.138 Y30.972
M3
G0 X51.304 Y30.972
M5
G0 X51.304 Y30.389
M3
G0 X50.138 Y30.389
M5
G0 X50.138 Y30.097
M3
G0 X51.887 Y30.097
M5
G0 X51.887 Y29.514
M3
G0 X50.138 Y29.514
M5
G0 X50.138 Y29.223
M3
G0 X51.304 Y29.223
M5
G0 X51.304 Y29.806
M3
G0 X50.138 Y29.806
M5
G0 X49.555 Y29.514
M3
G0 X43.142 Y29.514
M5
G0 X43.142 Y29.223
M3
G0 X45.474 Y29.223
M5
G0 X45.474 Y29.806
M3
G0 X43.142 Y29.806
M5
G0 X43.142 Y30.097
M3
G0 X49.555 Y30.097
M5
G0 X49.555 Y28.931
M3
G0 X43.142 Y28.931
M5
G0 X43.142 Y28.640
M3
G0 X45.474 Y28.640
M5
G0 X45.474 Y28.057
M3
G0 X43.142 Y28.057
M5
G0 X43.142 Y28.348
M3
G0 X49.555 Y28.348
M5
G0 X49.555 Y27.765
M3
G0 X5.247 Y27.765
M5
G0 X4.664 Y28.348
M3
G0 X6.413 Y28.348
M5
G0 X6.413 Y28.931
M3
G0 X4.664 Y28.931
M5
G0 X4.664 Y29.514
M3
G0 X6.413 Y29.514
M5
G0 X6.413 Y30.097
M3
G0 X5.247 Y30.097
M5
G0 X5.247 Y30.680
M3
G0 X6.413 Y30.680
M5
G0 X6.413 Y31.263
M3
G0 X4.664 Y31.263
M5
G0 X4.664 Y31.846
M3
G0 X5.830 Y31.846
M5
G0 X5.830 Y32.429
M3
G0 X4.664 Y32.429
M5
G0 X4.081 Y33.012
M3
G0 X42.559 Y33.012
M5
G0 X42.559 Y32.429
M3
G0 X8.745 Y32.429
M5
G0 X8.162 Y32.429
M3
G0 X6.413 Y32.429
M5
G0 X6.996 Y31.846
M3
G0 X8.162 Y31.846
M5
G0 X8.745 Y31.846
M3
G0 X42.559 Y31.846
M5
G0 X43.142 Y31.846
M3
G0 X49.555 Y31.846
M5
G0 X50.138 Y31.846
M3
G0 X51.887 Y31.846
M5
G0 X51.668 Y32.065
M3
G0 X51.668 Y0.000
M5
G0 X52.106 Y0.000
M3
G0 X52.106 Y244.860
M5
G0 X52.251 Y244.860
M3
G0 X52.251 Y143.418
M5
G0 X52.543 Y143.418
M3
G0 X52.543 Y202.301
M5
G0 X52.470 Y202.228
M3
G0 X53.053 Y202.228
M5
G0 X53.053 Y201.791
M3
G0 X52.470 Y201.791
M5
G0 X52.470 Y201.645
M3
G0 X53.053 Y201.645
M5
G0 X53.053 Y201.062
M3
G0 X52.470 Y201.062
M5
G0 X52.470 Y201.208
M3
G0 X54.802 Y201.208
M5
G0 X54.802 Y200.625
M3
G0 X54.219 Y200.625
M5
G0 X54.219 Y200.479
M3
G0 X54.802 Y200.479
M5
G0 X54.875 Y200.552
M3
G0 X54.875 Y143.418
M5
G0 X54.802 Y142.908
M3
G0 X55.385 Y142.908
M5
G0 X55.749 Y142.835
M3
G0 X55.749 Y244.860
M5
G0 X55.604 Y244.860
M3
G0 X55.604 Y0.000
M5
G0 X55.749 Y0.000
M3
G0 X55.749 Y8.745
M5
G0 X55.385 Y8.818
M3
G0 X54.219 Y8.818
M5
G0 X54.219 Y8.235
M3
G0 X55.385 Y8.235
M5
G0 X55.385 Y7.652
M3
G0 X54.219 Y7.652
M5
G0 X54.219 Y7.069
M3
G0 X55.385 Y7.069
M5
G0 X55.385 Y6.486
M3
G0 X54.219 Y6.486
M5
G0 X54.219 Y5.903
M3
G0 X55.385 Y5.903
M5
G0 X55.385 Y5.320
M3
G0 X54.219 Y5.320
M5
G0 X54.219 Y5.028
M3
G0 X56.551 Y5.028
M5
G0 X57.134 Y5.028
M3
G0 X137.588 Y5.028
M5
G0 X137.588 Y4.883
M3
G0 X0.000 Y4.883
M5
G0 X0.000 Y5.028
M3
G0 X53.053 Y5.028
M5
G0 X53.053 Y5.611
M3
G0 X0.000 Y5.611
M5
G0 X0.000 Y5.466
M3
G0 X137.588 Y5.466
M5
G0 X137.588 Y5.611
M3
G0 X57.134 Y5.611
M5
G0 X56.551 Y5.611
M3
G0 X54.219 Y5.611
M5
G0 X53.636 Y6.194
M3
G0 X56.551 Y6.194
M5
G0 X57.134 Y6.194
M3
G0 X137.588 Y6.194
M5
G0 X137.588 Y6.049
M3
G0 X0.000 Y6.049
M5
G0 X0.000 Y6.194
M3
G0 X4.081 Y6.194
M5
G0 X4.081 Y6.777
M3
G0 X0.583 Y6.777
M5
G0 X0.583 Y7.360
M3
G0 X7.579 Y7.360
M5
G0 X8.162 Y7.360
M3
G0 X53.053 Y7.360
M5
G0 X53.636 Y7.360
M3
G0 X56.551 Y7.360
M5
G0 X57.134 Y7.360
M3
G0 X137.588 Y7.360
M5
G0 X137.588 Y7.215
M3
G0 X0.000 Y7.215
M5
G0 X0.000 Y6.632
M3
G0 X137.588 Y6.632
M5
G0 X137.588 Y6.777
M3
G0 X57.134 Y6.777
M5
G0 X56.551 Y6.777
M3
G0 X53.636 Y6.777
M5
G0 X53.053 Y6.777
M3
G0 X8.162 Y6.777
M5
G0 X8.162 Y6.486
M3
G0 X19.822 Y6.486
M5
G0 X19.822 Y5.903
M3
G0 X8.162 Y5.903
M5
G0 X8.162 Y5.320
M3
G0 X12.826 Y5.320
M5
G0 X12.826 Y4.737
M3
G0 X8.162 Y4.737
M5
G0 X8.745 Y4.591
M3
G0 X9.911 Y4.591
M5
G0 X9.911 Y4.008
M3
G0 X8.745 Y4.008
M5
G0 X8.745 Y3.425
M3
G0 X9.911 Y3.425
M5
G0 X9.911 Y2.842
M3
G0 X8.745 Y2.842
M5
G0 X8.745 Y2.259
M3
G0 X9.911 Y2.259
M5
G0 X9.328 Y1.676
M3
G0 X8.745 Y1.676
M5
G0 X8.745 Y1.093
M3
G0 X9.328 Y1.093
M5
G0 X9.328 Y0.510
M3
G0 X8.745 Y0.510
M5
G0 X8.818 Y0.000
M3
G0 X8.818 Y21.571
M5
G0 X8.745 Y21.644
M3
G0 X12.243 Y21.644
M5
G0 X11.733 Y21.571
M3
G0 X11.733 Y13.409
M5
G0 X11.660 Y13.482
M3
G0 X19.239 Y13.482
M5
G0 X19.239 Y12.899
M3
G0 X13.409 Y12.899
M5
G0 X13.409 Y12.316
M3
G0 X19.239 Y12.316
M5
G0 X19.239 Y11.733
M3
G0 X13.409 Y11.733
M5
G0 X12.826 Y11.733
M3
G0 X11.660 Y11.733
M5
G0 X11.660 Y12.316
M3
G0 X12.826 Y12.316
M5
G0 X12.826 Y12.899
M3
G0 X11.660 Y12.899
M5
G0 X11.077 Y12.899
M3
G0 X8.745 Y12.899
M5
G0 X8.745 Y12.753
M3
G0 X9.911 Y12.753
M5
G0 X9.911 Y12.170
M3
G0 X8.745 Y12.170
M5
G0 X8.745 Y12.316
M3
G0 X11.077 Y12.316
M5
G0 X11.077 Y11.733
M3
G0 X8.745 Y11.733
M5
G0 X8.745 Y11.587
M3
G0 X9.911 Y11.587
M5
G0 X9.911 Y11.004
M3
G0 X8.745 Y11.004
M5
G0 X8.745 Y11.150
M3
G0 X11.077 Y11.150
M5
G0 X11.077 Y10.567
M3
G0 X8.745 Y10.567
M5
G0 X8.745 Y10.421
M3
G0 X9.911 Y10.421
M5
G0 X9.911 Y9.838
M3
G0 X8.745 Y9.838
M5
G0 X8.745 Y9.984
M3
G0 X11.077 Y9.984
M5
G0 X11.077 Y9.401
M3
G0 X8.745 Y9.401
M5
G0 X8.745 Y9.255
M3
G0 X9.911 Y9.255
M5
G0 X9.911 Y8.672
M3
G0 X8.745 Y8.672
M5
G0 X8.745 Y8.818
M3
G0 X11.077 Y8.818
M5
G0 X10.567 Y8.745
M3
G0 X10.567 Y13.409
M5
G0 X11.077 Y13.482
M3
G0 X8.745 Y13.482
M5
G0 X8.745 Y13.336
M3
G0 X9.911 Y13.336
M5
G0 X10.494 Y13.919
M3
G0 X8.745 Y13.919
M5
G0 X8.745 Y14.065
M3
G0 X11.077 Y14.065
M5
G0 X11.660 Y14.065
M3
G0 X13.409 Y14.065
M5
G0 X13.992 Y14.065
M3
G0 X19.239 Y14.065
M5
G0 X19.239 Y14.648
M3
G0 X13.992 Y14.648
M5
G0 X13.409 Y15.231
M3
G0 X19.239 Y15.231
M5
G0 X19.239 Y15.814
M3
G0 X11.660 Y15.814
M5
G0 X11.660 Y16.397
M3
G0 X19.239 Y16.397
M5
G0 X19.239 Y16.980
M3
G0 X8.745 Y16.980
M5
G0 X8.745 Y16.834
M3
G0 X9.911 Y16.834
M5
G0 X9.838 Y16.324
M3
G0 X9.838 Y15.741
M5
G0 X9.911 Y15.668
M3
G0 X8.745 Y15.668
M5
G0 X8.745 Y15.814
M3
G0 X11.077 Y15.814
M5
G0 X11.077 Y16.397
M3
G0 X8.745 Y16.397
M5
G0 X8.745 Y16.251
M3
G0 X9.911 Y16.251
M5
G0 X9.911 Y17.417
M3
G0 X8.745 Y17.417
M5
G0 X8.745 Y17.563
M3
G0 X19.239 Y17.563
M5
G0 X19.239 Y18.146
M3
G0 X8.745 Y18.146
M5
G0 X8.745 Y18.000
M3
G0 X9.911 Y18.000
M5
G0 X9.911 Y18.583
M3
G0 X9.328 Y18.583
M5
G0 X9.328 Y19.166
M3
G0 X9.911 Y19.166
M5
G0 X9.911 Y19.749
M3
G0 X9.328 Y19.749
M5
G0 X9.328 Y20.332
M3
G0 X10.494 Y20.332
M5
G0 X10.494 Y20.915
M3
G0 X9.328 Y20.915
M5
G0 X9.328 Y21.498
M3
G0 X11.077 Y21.498
M5
G0 X10.494 Y22.081
M3
G0 X9.328 Y22.081
M5
G0 X9.328 Y22.664
M3
G0 X11.077 Y22.664
M5
G0 X11.733 Y22.737
M3
G0 X11.733 Y32.065
M5
G0 X12.243 Y32.138
M3
G0 X9.328 Y32.138
M5
G0 X9.328 Y31.992
M3
G0 X11.077 Y31.992
M5
G0 X11.077 Y32.575
M3
G0 X9.328 Y32.575
M5
G0 X9.328 Y32.721
M3
G0 X12.243 Y32.721
M5
G0 X12.607 Y32.648
M3
G0 X12.607 Y33.231
M5
G0 X12.243 Y33.304
M3
G0 X9.328 Y33.304
M5
G0 X9.328 Y33.158
M3
G0 X10.494 Y33.158
M5
G0 X10.567 Y33.231
M3
G0 X10.567 Y18.656
M5
G0 X11.077 Y18.729
M3
G0 X8.745 Y18.729
M5
G0 X8.745 Y18.437
M3
G0 X42.559 Y18.437
M5
G0 X43.142 Y18.437
M3
G0 X49.555 Y18.437
M5
G0 X50.138 Y18.437
M3
G0 X53.053 Y18.437
M5
G0 X53.636 Y18.437
M3
G0 X55.968 Y18.437
M5
G0 X55.968 Y19.020
M3
G0 X53.636 Y19.020
M5
G0 X53.053 Y19.020
M3
G0 X50.138 Y19.020
M5
G0 X50.138 Y18.729
M3
G0 X51.304 Y18.729
M5
G0 X51.304 Y19.312
M3
G0 X50.138 Y19.312
M5
G0 X50.138 Y19.603
M3
G0 X53.053 Y19.603
M5
G0 X53.636 Y19.603
M3
G0 X55.968 Y19.603
M5
G0 X55.968 Y20.186
M3
G0 X53.636 Y20.186
M5
G0 X53.053 Y20.186
M3
G0 X50.138 Y20.186
M5
G0 X50.138 Y19.895
M3
G0 X51.304 Y19.895
M5
G0 X51.304 Y20.478
M3
G0 X50.138 Y20.478
M5
G0 X50.138 Y20.769
M3
G0 X53.053 Y20.769
M5
G0 X53.636 Y20.769
M3
G0 X55.968 Y20.769
M5
G0 X55.968 Y21.352
M3
G0 X53.636 Y21.352
M5
G0 X53.053 Y21.352
M3
G0 X50.138 Y21.352
M5
G0 X50.138 Y21.061
M3
G0 X51.304 Y21.061
M5
G0 X51.304 Y21.644
M3
G0 X50.138 Y21.644
M5
G0 X50.138 Y21.935
M3
G0 X53.053 Y21.935
M5
G0 X53.636 Y21.935
M3
G0 X55.968 Y21.935
M5
G0 X55.968 Y22.518
M3
G0 X53.636 Y22.518
M5
G0 X53.053 Y22.518
M3
G0 X50.138 Y22.518
M5
G0 X50.138 Y22.227
M3
G0 X51.304 Y22.227
M5
G0 X51.304 Y22.810
M3
G0 X50.138 Y22.810
M5
G0 X50.138 Y23.101
M3
G0 X53.053 Y23.101
M5
G0 X53.636 Y23.101
M3
G0 X55.968 Y23.101
M5
G0 X55.968 Y23.684
M3
G0 X53.636 Y23.684
M5
G0 X53.053 Y23.684
M3
G0 X50.138 Y23.684
M5
G0 X50.138 Y23.393
M3
G0 X51.304 Y23.393
M5
G0 X51.304 Y23.976
M3
G0 X50.138 Y23.976
M5
G0 X50.138 Y24.267
M3
G0 X53.053 Y24.267
M5
G0 X53.636 Y24.267
M3
G0 X55.968 Y24.267
M5
G0 X55.968 Y24.850
M3
G0 X53.636 Y24.850
M5
G0 X53.053 Y24.850
M3
G0 X50.138 Y24.850
M5
G0 X50.138 Y24.559
M3
G0 X51.304 Y24.559
M5
G0 X50.794 Y24.486
M3
G0 X50.794 Y0.000
M5
G0 X50.940 Y0.000
M3
G0 X50.940 Y244.860
M5
G0 X51.085 Y244.860
M3
G0 X51.085 Y143.418
M5
G0 X51.304 Y143.491
M3
G0 X57.134 Y143.491
M5
G0 X57.134 Y143.345
M3
G0 X56.551 Y143.345
M5
G0 X56.551 Y142.762
M3
G0 X57.134 Y142.762
M5
G0 X57.134 Y142.908
M3
G0 X55.968 Y142.908
M5
G0 X56.041 Y142.835
M3
G0 X56.041 Y177.232
M5
G0 X56.624 Y177.232
M3
G0 X56.624 Y146.916
M5
G0 X56.624 Y146.333
M3
G0 X56.624 Y139.920
M5
G0 X56.551 Y139.847
M3
G0 X55.968 Y139.847
M5
G0 X56.041 Y139.920
M3
G0 X56.041 Y128.843
M5
G0 X55.968 Y128.333
M3
G0 X39.644 Y128.333
M5
G0 X39.644 Y127.750
M3
G0 X55.968 Y127.750
M5
G0 X56.332 Y127.677
M3
G0 X56.332 Y84.535
M5
G0 X56.551 Y84.608
M3
G0 X62.964 Y84.608
M5
G0 X62.454 Y84.535
M3
G0 X62.454 Y83.952
M5
G0 X61.871 Y83.952
M3
G0 X61.871 Y84.535
M5
G0 X61.288 Y84.535
M3
G0 X61.288 Y83.952
M5
G0 X61.215 Y82.276
M3
G0 X24.486 Y82.276
M5
G0 X24.486 Y81.693
M3
G0 X67.628 Y81.693
M5
G0 X67.409 Y81.037
M3
G0 X67.409 Y118.932
M5
G0 X67.045 Y119.005
M3
G0 X39.644 Y119.005
M5
G0 X39.644 Y118.422
M3
G0 X67.045 Y118.422
M5
G0 X67.045 Y119.296
M3
G0 X11.660 Y119.296
M5
G0 X11.660 Y118.713
M3
G0 X69.377 Y118.713
M5
G0 X69.377 Y118.859
M3
G0 X68.794 Y118.859
M5
G0 X68.867 Y118.932
M3
G0 X68.867 Y117.183
M5
G0 X69.377 Y117.256
M3
G0 X40.227 Y117.256
M5
G0 X40.227 Y116.673
M3
G0 X46.640 Y116.673
M5
G0 X46.567 Y116.600
M3
G0 X46.567 Y104.940
M5
G0 X46.057 Y104.867
M3
G0 X60.049 Y104.867
M5
G0 X60.705 Y104.940
M3
G0 X60.705 Y120.098
M5
G0 X61.288 Y119.515
M3
G0 X61.288 Y104.357
M5
G0 X61.215 Y104.430
M3
G0 X95.029 Y104.430
M5
G0 X95.029 Y103.847
M3
G0 X78.705 Y103.847
M5
G0 X78.486 Y103.774
M3
G0 X78.486 Y168.487
M5
G0 X79.069 Y168.487
M3
G0 X79.069 Y167.904
M5
G0 X79.069 Y167.321
M3
G0 X79.069 Y166.738
M5
G0 X79.069 Y166.155
M3
G0 X79.069 Y103.774
M5
G0 X79.288 Y103.701
M3
G0 X83.369 Y103.701
M5
G0 X82.786 Y103.118
M3
G0 X83.952 Y103.118
M5
G0 X83.952 Y101.952
M3
G0 X83.369 Y101.952
M5
G0 X83.369 Y101.369
M3
G0 X83.952 Y101.369
M5
G0 X83.369 Y100.786
M3
G0 X82.786 Y100.786
M5
G0 X82.786 Y101.369
M3
G0 X81.037 Y101.369
M5
G0 X81.037 Y101.952
M3
G0 X82.203 Y101.952
M5
G0 X82.203 Y102.535
M3
G0 X76.373 Y102.535
M5
G0 X75.790 Y103.118
M3
G0 X75.207 Y103.118
M5
G0 X75.207 Y103.701
M3
G0 X74.624 Y103.701
M5
G0 X74.624 Y104.284
M3
G0 X73.458 Y104.284
M5
G0 X72.875 Y104.867
M3
G0 X76.373 Y104.867
M5
G0 X76.956 Y105.450
M3
G0 X71.709 Y105.450
M5
G0 X71.126 Y106.033
M3
G0 X75.207 Y106.033
M5
G0 X75.790 Y106.033
M3
G0 X76.373 Y106.033
M5
G0 X76.373 Y106.616
M3
G0 X75.790 Y106.616
M5
G0 X75.790 Y107.199
M3
G0 X75.207 Y107.199
M5
G0 X74.624 Y107.199
M3
G0 X69.960 Y107.199
M5
G0 X70.543 Y106.616
M3
G0 X74.624 Y106.616
M5
G0 X75.790 Y107.345
M3
G0 X39.644 Y107.345
M5
G0 X39.061 Y106.179
M3
G0 X23.903 Y106.179
M5
G0 X23.903 Y105.596
M3
G0 X39.061 Y105.596
M5
G0 X38.478 Y105.013
M3
G0 X23.903 Y105.013
M5
G0 X21.571 Y105.013
M3
G0 X20.405 Y105.013
M5
G0 X20.405 Y104.430
M3
G0 X38.478 Y104.430
M5
G0 X38.478 Y103.847
M3
G0 X20.405 Y103.847
M5
G0 X20.405 Y103.264
M3
G0 X37.895 Y103.264
M5
G0 X37.895 Y102.681
M3
G0 X20.405 Y102.681
M5
G0 X20.405 Y102.098
M3
G0 X37.895 Y102.098
M5
G0 X37.895 Y101.515
M3
G0 X20.405 Y101.515
M5
G0 X20.405 Y100.932
M3
G0 X37.895 Y100.932
M5
G0 X37.895 Y100.349
M3
G0 X20.405 Y100.349
M5
G0 X20.405 Y99.766
M3
G0 X37.895 Y99.766
M5
G0 X37.895 Y99.183
M3
G0 X22.154 Y99.183
M5
G0 X21.571 Y99.183
M3
G0 X20.405 Y99.183
M5
G0 X20.186 Y99.110
M3
G0 X20.186 Y117.183
M5
G0 X20.988 Y117.256
M3
G0 X21.571 Y117.256
M5
G0 X21.571 Y116.673
M3
G0 X20.988 Y116.673
M5
G0 X20.988 Y116.090
M3
G0 X22.154 Y116.090
M5
G0 X22.154 Y115.507
M3
G0 X20.988 Y115.507
M5
G0 X20.988 Y114.924
M3
G0 X21.571 Y114.924
M5
G0 X21.571 Y114.341
M3
G0 X20.405 Y114.341
M5
G0 X20.405 Y113.758
M3
G0 X21.571 Y113.758
M5
G0 X21.571 Y113.175
M3
G0 X20.405 Y113.175
M5
G0 X20.405 Y112.592
M3
G0 X21.571 Y112.592
M5
G0 X21.571 Y112.009
M3
G0 X20.405 Y112.009
M5
G0 X20.405 Y111.426
M3
G0 X21.571 Y111.426
M5
G0 X21.571 Y110.843
M3
G0 X20.405 Y110.843
M5
G0 X20.405 Y110.260
M3
G0 X21.571 Y110.260
M5
G0 X21.571 Y109.677
M3
G0 X20.405 Y109.677
M5
G0 X20.405 Y109.094
M3
G0 X21.571 Y109.094
M5
G0 X22.154 Y108.511
M3
G0 X20.405 Y108.511
M5
G0 X20.405 Y107.928
M3
G0 X22.154 Y107.928
M5
G0 X22.154 Y107.345
M3
G0 X20.405 Y107.345
M5
G0 X20.405 Y106.762
M3
G0 X21.571 Y106.762
M5
G0 X21.571 Y106.179
M3
G0 X20.405 Y106.179
M5
G0 X20.405 Y105.596
M3
G0 X21.571 Y105.596
M5
G0 X19.822 Y104.430
M3
G0 X19.239 Y104.430
M5
G0 X19.020 Y105.523
M3
G0 X19.020 Y102.608
M5
G0 X18.656 Y102.972
M3
G0 X115.434 Y102.972
M5
G0 X115.434 Y102.389
M3
G0 X11.077 Y102.389
M5
G0 X11.077 Y101.806
M3
G0 X115.434 Y101.806
M5
G0 X115.434 Y101.223
M3
G0 X11.077 Y101.223
M5
G0 X10.494 Y100.640
M3
G0 X115.434 Y100.640
M5
G0 X114.851 Y100.057
M3
G0 X10.494 Y100.057
M5
G0 X10.494 Y99.474
M3
G0 X112.519 Y99.474
M5
G0 X113.102 Y99.474
M3
G0 X114.851 Y99.474
M5
G0 X114.851 Y98.891
M3
G0 X113.102 Y98.891
M5
G0 X113.102 Y98.308
M3
G0 X114.851 Y98.308
M5
G0 X114.851 Y97.725
M3
G0 X113.102 Y97.725
M5
G0 X113.102 Y97.142
M3
G0 X114.851 Y97.142
M5
G0 X114.851 Y96.559
M3
G0 X112.519 Y96.559
M5
G0 X112.519 Y95.976
M3
G0 X114.851 Y95.976
M5
G0 X114.851 Y95.393
M3
G0 X112.519 Y95.393
M5
G0 X112.519 Y94.810
M3
G0 X114.851 Y94.810
M5
G0 X114.851 Y94.227
M3
G0 X112.519 Y94.227
M5
G0 X112.519 Y93.644
M3
G0 X114.851 Y93.644
M5
G0 X114.851 Y93.061
M3
G0 X113.102 Y93.061
M5
G0 X113.102 Y92.478
M3
G0 X114.851 Y92.478
M5
G0 X114.851 Y91.895
M3
G0 X113.102 Y91.895
M5
G0 X112.519 Y91.312
M3
G0 X114.851 Y91.312
M5
G0 X116.236 Y90.948
M3
G0 X116.236 Y0.000
M5
G0 X116.381 Y0.000
M3
G0 X116.381 Y33.814
M5
G0 X115.798 Y34.397
M3
G0 X115.798 Y0.000
M5
G0 X115.653 Y0.000
M3
G0 X115.653 Y139.920
M5
G0 X114.487 Y139.920
M3
G0 X114.487 Y134.673
M5
G0 X115.070 Y134.090
M3
G0 X115.070 Y136.422
M5
G0 X117.183 Y136.203
M3
G0 X118.932 Y136.203
M5
G0 X118.932 Y135.620
M3
G0 X117.183 Y135.620
M5
G0 X117.183 Y135.037
M3
G0 X118.932 Y135.037
M5
G0 X118.932 Y134.454
M3
G0 X117.183 Y134.454
M5
G0 X117.183 Y133.871
M3
G0 X118.932 Y133.871
M5
G0 X118.932 Y133.288
M3
G0 X117.183 Y133.288
M5
G0 X117.183 Y132.705
M3
G0 X118.932 Y132.705
M5
G0 X118.932 Y132.122
M3
G0 X117.183 Y132.122
M5
G0 X117.183 Y131.539
M3
G0 X119.515 Y131.539
M5
G0 X119.515 Y130.956
M3
G0 X117.183 Y130.956
M5
G0 X115.070 Y132.341
M3
G0 X115.070 Y0.000
M5
G0 X115.215 Y0.000
M3
G0 X115.215 Y35.563
M5
G0 X114.632 Y36.146
M3
G0 X114.632 Y0.000
M5
G0 X114.487 Y0.000
M3
G0 X114.487 Y131.758
M5
G0 X113.904 Y132.924
M3
G0 X113.904 Y0.000
M5
G0 X114.049 Y0.000
M3
G0 X114.049 Y36.729
M5
G0 X113.466 Y37.312
M3
G0 X113.466 Y0.000
M5
G0 X113.321 Y0.000
M3
G0 X113.321 Y244.860
M5
G0 X113.466 Y244.860
M3
G0 X113.466 Y191.807
M5
G0 X113.466 Y191.224
M3
G0 X113.466 Y173.734
M5
G0 X114.049 Y173.734
M3
G0 X114.049 Y244.860
M5
G0 X113.904 Y244.860
M3
G0 X113.904 Y149.248
M5
G0 X114.487 Y150.414
M3
G0 X114.487 Y244.860
M5
G0 X114.632 Y244.860
M3
G0 X114.632 Y191.807
M5
G0 X114.632 Y191.224
M3
G0 X114.632 Y173.734
M5
G0 X115.215 Y174.317
M3
G0 X115.215 Y190.641
M5
G0 X115.798 Y190.058
M3
G0 X115.798 Y172.568
M5
G0 X116.381 Y172.568
M3
G0 X116.381 Y190.058
M5
G0 X116.964 Y190.058
M3
G0 X116.964 Y172.568
M5
G0 X117.547 Y171.985
M3
G0 X117.547 Y190.058
M5
G0 X118.130 Y190.641
M3
G0 X118.130 Y171.402
M5
G0 X118.713 Y170.819
M3
G0 X118.713 Y190.641
M5
G0 X119.296 Y190.641
M3
G0 X119.296 Y170.819
M5
G0 X119.879 Y170.236
M3
G0 X119.879 Y244.860
M5
G0 X119.734 Y244.860
M3
G0 X119.734 Y153.912
M5
G0 X119.151 Y153.912
M3
G0 X119.151 Y244.860
M5
G0 X119.296 Y244.860
M3
G0 X119.296 Y192.973
M5
G0 X118.713 Y193.556
M3
G0 X118.713 Y244.860
M5
G0 X118.568 Y244.860
M3
G0 X118.568 Y152.163
M5
G0 X117.985 Y149.831
M3
G0 X117.985 Y244.860
M5
G0 X118.130 Y244.860
M3
G0 X118.130 Y193.556
M5
G0 X117.547 Y193.556
M3
G0 X117.547 Y244.860
M5
G0 X117.402 Y244.860
M3
G0 X117.402 Y109.604
M5
G0 X117.985 Y110.187
M3
G0 X117.985 Y146.916
M5
G0 X116.236 Y146.333
M3
G0 X116.236 Y244.860
M5
G0 X116.381 Y244.860
M3
G0 X116.381 Y194.139
M5
G0 X115.798 Y193.556
M3
G0 X115.798 Y244.860
M5
G0 X115.653 Y244.860
M3
G0 X115.653 Y147.499
M5
G0 X115.070 Y149.831
M3
G0 X115.070 Y244.860
M5
G0 X115.215 Y244.860
M3
G0 X115.215 Y193.556
M5
G0 X116.964 Y193.556
M3
G0 X116.964 Y244.860
M5
G0 X116.819 Y244.860
M3
G0 X116.819 Y108.438
M5
G0 X116.017 Y108.219
M3
G0 X76.373 Y108.219
M5
G0 X76.009 Y108.438
M3
G0 X76.009 Y185.977
M5
G0 X75.790 Y186.196
M3
G0 X137.588 Y186.196
M5
G0 X137.588 Y186.341
M3
G0 X76.373 Y186.341
M5
G0 X76.446 Y185.977
M3
G0 X76.446 Y184.811
M5
G0 X76.373 Y184.884
M3
G0 X76.956 Y184.884
M5
G0 X76.956 Y184.592
M3
G0 X6.413 Y184.592
M5
G0 X6.777 Y184.811
M3
G0 X6.777 Y209.297
M5
G0 X7.579 Y209.370
M3
G0 X8.745 Y209.370
M5
G0 X8.745 Y208.787
M3
G0 X8.162 Y208.787
M5
G0 X8.162 Y208.204
M3
G0 X8.745 Y208.204
M5
G0 X8.235 Y208.131
M3
G0 X8.235 Y206.965
M5
G0 X8.162 Y207.038
M3
G0 X9.328 Y207.038
M5
G0 X9.692 Y206.965
M3
G0 X9.692 Y145.750
M5
G0 X9.911 Y145.531
M3
G0 X0.000 Y145.531
M5
G0 X0.000 Y145.386
M3
G0 X137.588 Y145.386
M5
G0 X137.588 Y145.531
M3
G0 X123.013 Y145.531
M5
G0 X123.013 Y146.114
M3
G0 X137.588 Y146.114
M5
G0 X137.588 Y145.969
M3
G0 X0.000 Y145.969
M5
G0 X0.000 Y146.114
M3
G0 X9.911 Y146.114
M5
G0 X9.911 Y146.406
M3
G0 X6.996 Y146.406
M5
G0 X6.996 Y145.823
M3
G0 X9.328 Y145.823
M5
G0 X9.328 Y146.260
M3
G0 X8.745 Y146.260
M5
G0 X8.745 Y145.677
M3
G0 X8.162 Y145.677
M5
G0 X8.162 Y145.094
M3
G0 X8.745 Y145.094
M5
G0 X8.745 Y144.511
M3
G0 X8.162 Y144.511
M5
G0 X8.162 Y143.928
M3
G0 X8.745 Y143.928
M5
G0 X8.818 Y144.001
M3
G0 X8.818 Y149.831
M5
G0 X8.745 Y149.321
M3
G0 X9.911 Y149.321
M5
G0 X9.911 Y149.175
M3
G0 X9.328 Y149.175
M5
G0 X9.328 Y148.592
M3
G0 X8.745 Y148.592
M5
G0 X8.745 Y148.738
M3
G0 X9.911 Y148.738
M5
G0 X9.911 Y148.155
M3
G0 X7.579 Y148.155
M5
G0 X7.579 Y147.572
M3
G0 X9.911 Y147.572
M5
G0 X9.911 Y147.863
M3
G0 X0.000 Y147.863
M5
G0 X0.000 Y147.718
M3
G0 X137.588 Y147.718
M5
G0 X137.588 Y147.863
M3
G0 X123.013 Y147.863
M5
G0 X123.013 Y147.280
M3
G0 X137.588 Y147.280
M5
G0 X137.588 Y147.135
M3
G0 X0.000 Y147.135
M5
G0 X0.000 Y147.280
M3
G0 X9.911 Y147.280
M5
G0 X9.911 Y146.989
M3
G0 X6.996 Y146.989
M5
G0 X6.777 Y147.499
M3
G0 X6.777 Y156.827
M5
G0 X6.413 Y156.900
M3
G0 X5.830 Y156.900
M5
G0 X5.903 Y156.827
M3
G0 X5.903 Y149.248
M5
G0 X5.830 Y149.321
M3
G0 X6.996 Y149.321
M5
G0 X6.996 Y148.738
M3
G0 X5.830 Y148.738
M5
G0 X5.611 Y149.248
M3
G0 X5.611 Y175.483
M5
G0 X5.830 Y175.264
M3
G0 X0.000 Y175.264
M5
G0 X0.000 Y175.119
M3
G0 X137.588 Y175.119
M5
G0 X137.588 Y175.264
M3
G0 X96.778 Y175.264
M5
G0 X96.778 Y174.681
M3
G0 X137.588 Y174.681
M5
G0 X137.588 Y174.536
M3
G0 X0.000 Y174.536
M5
G0 X0.000 Y174.681
M3
G0 X5.830 Y174.681
M5
G0 X5.830 Y174.390
M3
G0 X4.664 Y174.390
M5
G0 X4.664 Y173.807
M3
G0 X5.830 Y173.807
M5
G0 X5.830 Y174.098
M3
G0 X0.000 Y174.098
M5
G0 X0.000 Y173.953
M3
G0 X137.588 Y173.953
M5
G0 X137.588 Y174.098
M3
G0 X97.361 Y174.098
M5
G0 X97.361 Y173.515
M3
G0 X137.588 Y173.515
M5
G0 X137.588 Y173.370
M3
G0 X88.616 Y173.370
M5
G0 X88.397 Y173.151
M3
G0 X88.397 Y171.985
M5
G0 X88.252 Y171.985
M3
G0 X88.252 Y173.151
M5
G0 X88.033 Y173.370
M3
G0 X0.000 Y173.370
M5
G0 X0.000 Y173.515
M3
G0 X87.450 Y173.515
M5
G0 X87.669 Y173.734
M3
G0 X87.669 Y177.232
M5
G0 X87.814 Y177.232
M3
G0 X87.814 Y176.066
M5
G0 X87.450 Y176.139
M3
G0 X88.616 Y176.139
M5
G0 X88.397 Y176.066
M3
G0 X88.397 Y177.232
M5
G0 X88.252 Y177.232
M3
G0 X88.252 Y176.066
M5
G0 X88.616 Y175.847
M3
G0 X94.446 Y175.847
M5
G0 X94.446 Y176.430
M3
G0 X0.000 Y176.430
M5
G0 X0.000 Y176.285
M3
G0 X137.588 Y176.285
M5
G0 X137.588 Y176.430
M3
G0 X96.778 Y176.430
M5
G0 X96.778 Y175.847
M3
G0 X137.588 Y175.847
M5
G0 X137.588 Y175.702
M3
G0 X88.616 Y175.702
M5
G0 X88.616 Y175.264
M3
G0 X95.029 Y175.264
M5
G0 X95.029 Y173.515
M3
G0 X89.199 Y173.515
M5
G0 X88.835 Y173.734
M3
G0 X88.835 Y244.860
M5
G0 X88.980 Y244.860
M3
G0 X88.980 Y192.390
M5
G0 X89.563 Y192.390
M3
G0 X89.563 Y244.860
M5
G0 X89.418 Y244.860
M3
G0 X89.418 Y163.823
M5
G0 X89.782 Y163.604
M3
G0 X96.195 Y163.604
M5
G0 X96.195 Y164.187
M3
G0 X87.450 Y164.187
M5
G0 X87.450 Y164.479
M3
G0 X89.782 Y164.479
M5
G0 X89.563 Y164.406
M3
G0 X89.563 Y164.989
M5
G0 X89.199 Y164.916
M3
G0 X88.033 Y164.916
M5
G0 X88.106 Y164.989
M3
G0 X88.106 Y164.406
M5
G0 X87.814 Y164.406
M3
G0 X87.814 Y164.989
M5
G0 X87.450 Y164.770
M3
G0 X96.195 Y164.770
M5
G0 X96.195 Y165.353
M3
G0 X89.782 Y165.353
M5
G0 X89.782 Y165.936
M3
G0 X96.195 Y165.936
M5
G0 X96.195 Y166.519
M3
G0 X0.000 Y166.519
M5
G0 X0.000 Y166.374
M3
G0 X137.588 Y166.374
M5
G0 X137.588 Y166.519
M3
G0 X114.851 Y166.519
M5
G0 X114.851 Y167.102
M3
G0 X137.588 Y167.102
M5
G0 X137.588 Y166.957
M3
G0 X0.000 Y166.957
M5
G0 X0.000 Y167.102
M3
G0 X96.195 Y167.102
M5
G0 X96.195 Y167.685
M3
G0 X89.782 Y167.685
M5
G0 X89.782 Y167.394
M3
G0 X90.365 Y167.394
M5
G0 X89.563 Y167.321
M3
G0 X89.563 Y166.155
M5
G0 X89.782 Y166.228
M3
G0 X87.450 Y166.228
M5
G0 X87.814 Y166.155
M3
G0 X87.814 Y167.321
M5
G0 X88.252 Y167.321
M3
G0 X88.252 Y39.644
M5
G0 X89.782 Y39.425
M3
G0 X137.588 Y39.425
M5
G0 X137.588 Y39.280
M3
G0 X0.000 Y39.280
M5
G0 X0.000 Y39.425
M3
G0 X2.332 Y39.425
M5
G0 X2.332 Y40.008
M3
G0 X0.000 Y40.008
M5
G0 X0.000 Y39.863
M3
G0 X137.588 Y39.863
M5
G0 X137.588 Y40.008
M3
G0 X89.782 Y40.008
M5
G0 X89.782 Y40.591
M3
G0 X137.588 Y40.591
M5
G0 X137.588 Y40.446
M3
G0 X0.000 Y40.446
M5
G0 X0.000 Y40.591
M3
G0 X2.332 Y40.591
M5
G0 X2.332 Y41.174
M3
G0 X0.000 Y41.174
M5
G0 X0.000 Y41.029
M3
G0 X137.588 Y41.029
M5
G0 X137.588 Y41.174
M3
G0 X89.782 Y41.174
M5
G0 X89.782 Y41.757
M3
G0 X137.588 Y41.757
M5
G0 X137.588 Y41.612
M3
G0 X0.000 Y41.612
M5
G0 X0.000 Y41.757
M3
G0 X2.332 Y41.757
M5
G0 X2.332 Y42.340
M3
G0 X0.000 Y42.340
M5
G0 X0.000 Y42.195
M3
G0 X137.588 Y42.195
M5
G0 X137.588 Y42.340
M3
G0 X117.183 Y42.340
M5
G0 X117.183 Y42.923
M3
G0 X137.588 Y42.923
M5
G0 X137.588 Y42.778
M3
G0 X0.000 Y42.778
M5
G0 X0.000 Y42.923
M3
G0 X2.332 Y42.923
M5
G0 X2.332 Y43.506
M3
G0 X0.000 Y43.506
M5
G0 X0.000 Y43.361
M3
G0 X137.588 Y43.361
M5
G0 X137.588 Y43.506
M3
G0 X117.183 Y43.506
M5
G0 X117.183 Y44.089
M3
G0 X137.588 Y44.089
M5
G0 X137.588 Y43.944
M3
G0 X0.000 Y43.944
M5
G0 X0.000 Y44.089
M3
G0 X5.830 Y44.089
M5
G0 X5.830 Y43.506
M3
G0 X5.247 Y43.506
M5
G0 X5.247 Y42.923
M3
G0 X5.830 Y42.923
M5
G0 X5.830 Y42.340
M3
G0 X5.247 Y42.340
M5
G0 X4.664 Y42.923
M3
G0 X4.081 Y42.923
M5
G0 X4.664 Y43.506
M3
G0 X2.915 Y43.506
M5
G0 X4.081 Y44.672
M3
G0 X0.000 Y44.672
M5
G0 X0.000 Y44.527
M3
G0 X137.588 Y44.527
M5
G0 X137.588 Y44.672
M3
G0 X117.766 Y44.672
M5
G0 X117.766 Y45.255
M3
G0 X137.588 Y45.255
M5
G0 X137.588 Y45.110
M3
G0 X0.000 Y45.110
M5
G0 X0.000 Y45.255
M3
G0 X3.498 Y45.255
M5
G0 X3.498 Y45.838
M3
G0 X0.000 Y45.838
M5
G0 X0.000 Y45.693
M3
G0 X137.588 Y45.693
M5
G0 X137.588 Y45.838
M3
G0 X117.766 Y45.838
M5
G0 X117.766 Y46.421
M3
G0 X137.588 Y46.421
M5
G0 X137.588 Y46.276
M3
G0 X0.000 Y46.276
M5
G0 X0.000 Y46.421
M3
G0 X3.498 Y46.421
M5
G0 X2.915 Y47.004
M3
G0 X0.000 Y47.004
M5
G0 X0.000 Y46.859
M3
G0 X137.588 Y46.859
M5
G0 X137.588 Y47.004
M3
G0 X117.766 Y47.004
M5
G0 X117.766 Y47.587
M3
G0 X137.588 Y47.587
M5
G0 X137.588 Y47.442
M3
G0 X0.000 Y47.442
M5
G0 X0.000 Y47.587
M3
G0 X3.498 Y47.587
M5
G0 X3.498 Y48.170
M3
G0 X0.000 Y48.170
M5
G0 X0.000 Y48.025
M3
G0 X137.588 Y48.025
M5
G0 X137.588 Y48.170
M3
G0 X117.766 Y48.170
M5
G0 X117.766 Y48.753
M3
G0 X137.588 Y48.753
M5
G0 X137.588 Y48.608
M3
G0 X0.000 Y48.608
M5
G0 X0.000 Y48.753
M3
G0 X4.081 Y48.753
M5
G0 X4.081 Y49.336
M3
G0 X0.000 Y49.336
M5
G0 X0.000 Y49.191
M3
G0 X137.588 Y49.191
M5
G0 X137.588 Y49.336
M3
G0 X117.766 Y49.336
M5
G0 X117.766 Y49.919
M3
G0 X137.588 Y49.919
M5
G0 X137.588 Y49.774
M3
G0 X0.000 Y49.774
M5
G0 X0.000 Y49.919
M3
G0 X3.498 Y49.919
M5
G0 X3.498 Y50.502
M3
G0 X0.000 Y50.502
M5
G0 X0.000 Y50.357
M3
G0 X137.588 Y50.357
M5
G0 X137.588 Y50.502
M3
G0 X117.766 Y50.502
M5
G0 X117.766 Y51.085
M3
G0 X137.588 Y51.085
M5
G0 X137.588 Y50.940
M3
G0 X0.000 Y50.940
M5
G0 X0.000 Y51.085
M3
G0 X3.498 Y51.085
M5
G0 X3.498 Y51.668
M3
G0 X0.000 Y51.668
M5
G0 X0.000 Y51.523
M3
G0 X137.588 Y51.523
M5
G0 X137.588 Y51.668
M3
G0 X117.183 Y51.668
M5
G0 X116.600 Y51.668
M3
G0 X88.616 Y51.668
M5
G0 X89.199 Y51.085
M3
G0 X116.600 Y51.085
M5
G0 X116.600 Y50.502
M3
G0 X89.782 Y50.502
M5
G0 X89.782 Y49.919
M3
G0 X116.600 Y49.919
M5
G0 X116.600 Y49.336
M3
G0 X89.782 Y49.336
M5
G0 X89.782 Y48.753
M3
G0 X116.600 Y48.753
M5
G0 X116.017 Y48.170
M3
G0 X89.782 Y48.170
M5
G0 X89.782 Y47.587
M3
G0 X116.017 Y47.587
M5
G0 X115.434 Y47.004
M3
G0 X89.782 Y47.004
M5
G0 X89.782 Y46.421
M3
G0 X114.268 Y46.421
M5
G0 X114.268 Y45.838
M3
G0 X89.782 Y45.838
M5
G0 X89.782 Y45.255
M3
G0 X114.268 Y45.255
M5
G0 X114.268 Y44.672
M3
G0 X89.782 Y44.672
M5
G0 X89.782 Y44.089
M3
G0 X115.434 Y44.089
M5
G0 X115.434 Y43.506
M3
G0 X89.782 Y43.506
M5
G0 X89.782 Y42.923
M3
G0 X115.434 Y42.923
M5
G0 X115.434 Y42.340
M3
G0 X89.782 Y42.340
M5
G0 X87.669 Y42.559
M3
G0 X87.669 Y41.976
M5
G0 X87.669 Y43.725
M3
G0 X87.669 Y44.891
M5
G0 X87.669 Y46.640
M3
G0 X87.669 Y171.402
M5
G0 X87.814 Y171.402
M3
G0 X87.814 Y170.236
M5
G0 X87.523 Y170.236
M3
G0 X87.523 Y170.819
M5
G0 X87.450 Y170.746
M3
G0 X88.616 Y170.746
M5
G0 X88.689 Y170.819
M3
G0 X88.689 Y170.236
M5
G0 X88.980 Y170.236
M3
G0 X88.980 Y170.819
M5
G0 X89.199 Y170.309
M3
G0 X86.867 Y170.309
M5
G0 X86.284 Y170.892
M3
G0 X84.535 Y170.892
M5
G0 X84.535 Y170.309
M3
G0 X85.701 Y170.309
M5
G0 X85.701 Y169.726
M3
G0 X83.952 Y169.726
M5
G0 X83.952 Y171.475
M3
G0 X84.535 Y171.475
M5
G0 X84.535 Y172.058
M3
G0 X85.118 Y172.058
M5
G0 X83.733 Y173.151
M3
G0 X83.733 Y167.904
M5
G0 X84.316 Y166.738
M3
G0 X84.316 Y175.483
M5
G0 X84.535 Y174.390
M3
G0 X85.118 Y174.390
M5
G0 X87.450 Y174.390
M3
G0 X89.199 Y174.390
M5
G0 X88.980 Y174.317
M3
G0 X88.980 Y174.900
M5
G0 X88.616 Y174.827
M3
G0 X88.033 Y174.827
M5
G0 X88.106 Y174.900
M3
G0 X88.106 Y174.317
M5
G0 X88.397 Y174.317
M3
G0 X88.397 Y174.900
M5
G0 X88.252 Y174.900
M3
G0 X88.252 Y173.734
M5
G0 X87.814 Y173.151
M3
G0 X87.814 Y171.985
M5
G0 X87.669 Y171.985
M3
G0 X87.669 Y173.151
M5
G0 X86.867 Y172.641
M3
G0 X89.199 Y172.641
M5
G0 X89.782 Y173.224
M3
G0 X91.531 Y173.224
M5
G0 X91.531 Y173.807
M3
G0 X90.365 Y173.807
M5
G0 X90.365 Y174.390
M3
G0 X91.531 Y174.390
M5
G0 X91.531 Y174.973
M3
G0 X89.782 Y174.973
M5
G0 X89.199 Y175.556
M3
G0 X90.365 Y175.556
M5
G0 X90.948 Y175.556
M3
G0 X91.531 Y175.556
M5
G0 X91.531 Y176.139
M3
G0 X90.948 Y176.139
M5
G0 X90.365 Y176.139
M3
G0 X89.199 Y176.139
M5
G0 X88.980 Y176.066
M3
G0 X88.980 Y183.645
M5
G0 X88.397 Y183.645
M3
G0 X88.397 Y180.730
M5
G0 X88.033 Y180.803
M3
G0 X86.867 Y180.803
M5
G0 X86.867 Y181.094
M3
G0 X137.588 Y181.094
M5
G0 X137.588 Y180.949
M3
G0 X0.000 Y180.949
M5
G0 X0.000 Y181.094
M3
G0 X7.579 Y181.094
M5
G0 X7.798 Y181.313
M3
G0 X7.798 Y0.000
M5
G0 X8.381 Y0.000
M3
G0 X8.381 Y244.860
M5
G0 X8.964 Y244.860
M3
G0 X8.964 Y138.754
M5
G0 X8.745 Y138.535
M3
G0 X0.000 Y138.535
M5
G0 X0.000 Y138.390
M3
G0 X95.612 Y138.390
M5
G0 X95.831 Y138.171
M3
G0 X95.831 Y136.422
M5
G0 X95.976 Y136.422
M3
G0 X95.976 Y137.588
M5
G0 X96.195 Y137.515
M3
G0 X95.612 Y137.515
M5
G0 X95.685 Y137.588
M3
G0 X95.685 Y137.005
M5
G0 X95.612 Y136.495
M3
G0 X95.029 Y136.495
M5
G0 X95.102 Y136.422
M3
G0 X95.102 Y137.588
M5
G0 X94.810 Y137.588
M3
G0 X94.810 Y139.920
M5
G0 X95.029 Y139.847
M3
G0 X95.612 Y139.847
M5
G0 X95.393 Y139.920
M3
G0 X95.393 Y138.754
M5
G0 X95.248 Y138.754
M3
G0 X95.248 Y140.503
M5
G0 X95.612 Y140.284
M3
G0 X112.519 Y140.284
M5
G0 X112.519 Y140.867
M3
G0 X95.612 Y140.867
M5
G0 X95.248 Y141.086
M3
G0 X95.248 Y244.860
M5
G0 X95.393 Y244.860
M3
G0 X95.393 Y242.528
M5
G0 X95.393 Y241.945
M3
G0 X95.393 Y202.301
M5
G0 X94.810 Y202.301
M3
G0 X94.810 Y200.552
M5
G0 X94.227 Y201.135
M3
G0 X94.227 Y239.613
M5
G0 X93.644 Y237.864
M3
G0 X93.644 Y199.969
M5
G0 X94.227 Y199.386
M3
G0 X94.227 Y198.220
M5
G0 X93.644 Y198.220
M3
G0 X93.644 Y198.803
M5
G0 X93.061 Y198.220
M3
G0 X93.061 Y235.532
M5
G0 X92.478 Y235.532
M3
G0 X92.478 Y196.471
M5
G0 X91.895 Y195.305
M3
G0 X91.895 Y237.281
M5
G0 X92.478 Y237.281
M3
G0 X92.478 Y236.115
M5
G0 X93.061 Y236.115
M3
G0 X93.061 Y237.281
M5
G0 X92.478 Y241.362
M3
G0 X92.478 Y242.528
M5
G0 X91.895 Y242.528
M3
G0 X91.895 Y241.362
M5
G0 X93.061 Y241.945
M3
G0 X93.061 Y242.528
M5
G0 X93.644 Y242.528
M3
G0 X93.644 Y244.860
M5
G0 X93.499 Y244.860
M3
G0 X93.499 Y0.000
M5
G0 X93.644 Y0.000
M3
G0 X93.644 Y73.458
M5
G0 X94.227 Y72.875
M3
G0 X94.227 Y0.000
M5
G0 X94.082 Y0.000
M3
G0 X94.082 Y244.860
M5
G0 X94.227 Y244.860
M3
G0 X94.227 Y241.945
M5
G0 X94.665 Y244.860
M3
G0 X94.665 Y141.086
M5
G0 X94.446 Y140.867
M3
G0 X68.794 Y140.867
M5
G0 X69.158 Y141.086
M3
G0 X69.158 Y132.341
M5
G0 X69.377 Y132.268
M3
G0 X69.960 Y132.268
M5
G0 X69.960 Y132.414
M3
G0 X69.377 Y132.414
M5
G0 X69.377 Y132.851
M3
G0 X69.960 Y132.851
M5
G0 X69.960 Y132.997
M3
G0 X68.794 Y132.997
M5
G0 X68.794 Y133.288
M3
G0 X70.543 Y133.288
M5
G0 X70.324 Y132.924
M3
G0 X70.324 Y119.515
M5
G0 X70.543 Y119.442
M3
G0 X71.126 Y119.442
M5
G0 X71.126 Y119.588
M3
G0 X70.543 Y119.588
M5
G0 X70.543 Y120.025
M3
G0 X71.126 Y120.025
M5
G0 X71.126 Y119.879
M3
G0 X69.960 Y119.879
M5
G0 X69.960 Y119.296
M3
G0 X71.709 Y119.296
M5
G0 X71.490 Y118.932
M3
G0 X71.490 Y0.000
M5
G0 X71.345 Y0.000
M3
G0 X71.345 Y121.264
M5
G0 X71.126 Y121.191
M3
G0 X70.543 Y121.191
M5
G0 X70.543 Y120.754
M3
G0 X71.126 Y120.754
M5
G0 X71.126 Y120.608
M3
G0 X70.543 Y120.608
M5
G0 X70.543 Y120.171
M3
G0 X71.126 Y120.171
M5
G0 X71.126 Y120.462
M3
G0 X69.960 Y120.462
M5
G0 X69.377 Y120.462
M3
G0 X68.211 Y120.462
M5
G0 X68.211 Y120.171
M3
G0 X68.794 Y120.171
M5
G0 X68.794 Y120.754
M3
G0 X68.211 Y120.754
M5
G0 X68.211 Y121.045
M3
G0 X69.377 Y121.045
M5
G0 X69.158 Y120.681
M3
G0 X69.158 Y0.000
M5
G0 X69.013 Y0.000
M3
G0 X69.013 Y123.596
M5
G0 X68.794 Y123.669
M3
G0 X67.628 Y123.669
M5
G0 X67.628 Y123.377
M3
G0 X68.794 Y123.377
M5
G0 X68.794 Y122.794
M3
G0 X67.628 Y122.794
M5
G0 X67.628 Y122.211
M3
G0 X68.794 Y122.211
M5
G0 X68.794 Y121.920
M3
G0 X68.211 Y121.920
M5
G0 X68.211 Y121.774
M3
G0 X68.794 Y121.774
M5
G0 X68.794 Y121.337
M3
G0 X68.211 Y121.337
M5
G0 X67.992 Y121.847
M3
G0 X67.992 Y132.341
M5
G0 X68.211 Y132.122
M3
G0 X66.462 Y132.122
M5
G0 X66.826 Y131.758
M3
G0 X66.826 Y141.086
M5
G0 X67.045 Y141.013
M3
G0 X67.628 Y141.013
M5
G0 X67.555 Y141.086
M3
G0 X67.555 Y140.503
M5
G0 X67.628 Y140.430
M3
G0 X67.045 Y140.430
M5
G0 X66.535 Y140.503
M3
G0 X66.535 Y133.507
M5
G0 X66.462 Y133.580
M3
G0 X67.628 Y133.580
M5
G0 X67.628 Y133.434
M3
G0 X67.045 Y133.434
M5
G0 X67.045 Y132.851
M3
G0 X67.628 Y132.851
M5
G0 X67.628 Y132.997
M3
G0 X66.462 Y132.997
M5
G0 X66.462 Y133.288
M3
G0 X68.211 Y133.288
M5
G0 X68.211 Y132.705
M3
G0 X66.462 Y132.705
M5
G0 X67.045 Y132.414
M3
G0 X67.628 Y132.414
M5
G0 X67.628 Y132.268
M3
G0 X67.045 Y132.268
M5
G0 X67.045 Y131.831
M3
G0 X67.628 Y131.831
M5
G0 X67.628 Y131.685
M3
G0 X67.045 Y131.685
M5
G0 X67.045 Y131.248
M3
G0 X67.628 Y131.248
M5
G0 X67.628 Y131.102
M3
G0 X67.045 Y131.102
M5
G0 X67.045 Y130.665
M3
G0 X67.628 Y130.665
M5
G0 X67.628 Y130.519
M3
G0 X67.045 Y130.519
M5
G0 X67.045 Y129.790
M3
G0 X68.211 Y129.790
M5
G0 X68.211 Y129.499
M3
G0 X67.045 Y129.499
M5
G0 X67.045 Y129.207
M3
G0 X68.211 Y129.207
M5
G0 X68.211 Y128.916
M3
G0 X67.045 Y128.916
M5
G0 X67.045 Y128.624
M3
G0 X68.211 Y128.624
M5
G0 X68.211 Y128.770
M3
G0 X67.628 Y128.770
M5
G0 X67.628 Y128.187
M3
G0 X68.211 Y128.187
M5
G0 X68.211 Y128.041
M3
G0 X67.045 Y128.041
M5
G0 X67.118 Y128.260
M3
G0 X67.118 Y142.252
M5
G0 X67.045 Y142.325
M3
G0 X68.794 Y142.325
M5
G0 X68.794 Y142.908
M3
G0 X67.628 Y142.908
M5
G0 X67.628 Y142.762
M3
G0 X68.211 Y142.762
M5
G0 X68.284 Y142.835
M3
G0 X68.284 Y146.333
M5
G0 X68.211 Y146.406
M3
G0 X69.960 Y146.406
M5
G0 X70.033 Y146.916
M3
G0 X70.033 Y147.499
M5
G0 X69.450 Y147.499
M3
G0 X69.450 Y148.082
M5
G0 X69.450 Y148.665
M3
G0 X69.450 Y167.904
M5
G0 X68.867 Y167.904
M3
G0 X68.867 Y148.665
M5
G0 X68.284 Y148.665
M3
G0 X68.284 Y168.487
M5
G0 X67.701 Y168.487
M3
G0 X67.701 Y149.248
M5
G0 X67.118 Y149.248
M3
G0 X67.118 Y169.070
M5
G0 X66.535 Y169.070
M3
G0 X66.535 Y149.831
M5
G0 X65.952 Y150.414
M3
G0 X65.952 Y169.070
M5
G0 X65.369 Y169.070
M3
G0 X65.369 Y150.414
M5
G0 X64.786 Y150.997
M3
G0 X64.786 Y169.653
M5
G0 X64.203 Y169.653
M3
G0 X64.203 Y152.163
M5
G0 X64.203 Y151.580
M3
G0 X64.203 Y150.997
M5
G0 X63.620 Y152.746
M3
G0 X63.620 Y169.653
M5
G0 X63.037 Y170.236
M3
G0 X63.037 Y152.746
M5
G0 X62.454 Y152.746
M3
G0 X62.454 Y170.819
M5
G0 X61.871 Y170.819
M3
G0 X61.871 Y152.746
M5
G0 X61.288 Y152.746
M3
G0 X61.288 Y171.402
M5
G0 X60.705 Y171.402
M3
G0 X60.705 Y152.746
M5
G0 X60.122 Y152.746
M3
G0 X60.122 Y176.649
M5
G0 X59.539 Y176.649
M3
G0 X59.539 Y152.163
M5
G0 X58.956 Y149.248
M3
G0 X58.956 Y177.232
M5
G0 X58.373 Y177.232
M3
G0 X58.373 Y140.503
M5
G0 X58.300 Y140.430
M3
G0 X57.717 Y140.430
M5
G0 X57.717 Y140.576
M3
G0 X58.883 Y140.576
M5
G0 X58.883 Y139.993
M3
G0 X57.717 Y139.993
M5
G0 X57.717 Y139.847
M3
G0 X58.300 Y139.847
M5
G0 X58.300 Y139.264
M3
G0 X57.717 Y139.264
M5
G0 X57.717 Y139.410
M3
G0 X58.883 Y139.410
M5
G0 X59.466 Y139.410
M3
G0 X60.632 Y139.410
M5
G0 X60.632 Y139.847
M3
G0 X60.049 Y139.847
M5
G0 X60.049 Y139.264
M3
G0 X59.466 Y139.264
M5
G0 X59.466 Y138.827
M3
G0 X60.632 Y138.827
M5
G0 X60.632 Y138.535
M3
G0 X44.891 Y138.535
M5
G0 X44.891 Y138.827
M3
G0 X43.142 Y138.827
M5
G0 X43.215 Y139.337
M3
G0 X43.215 Y138.171
M5
G0 X43.142 Y138.098
M3
G0 X42.559 Y138.098
M5
G0 X42.559 Y138.244
M3
G0 X43.725 Y138.244
M5
G0 X44.089 Y138.171
M3
G0 X44.089 Y139.920
M5
G0 X44.308 Y139.847
M3
G0 X44.891 Y139.847
M5
G0 X44.818 Y139.920
M3
G0 X44.818 Y139.337
M5
G0 X44.964 Y139.337
M3
G0 X44.964 Y140.503
M5
G0 X44.891 Y140.430
M3
G0 X46.057 Y140.430
M5
G0 X46.057 Y140.576
M3
G0 X44.891 Y140.576
M5
G0 X44.672 Y140.503
M3
G0 X44.672 Y138.754
M5
G0 X44.891 Y139.118
M3
G0 X12.243 Y139.118
M5
G0 X12.243 Y139.701
M3
G0 X65.296 Y139.701
M5
G0 X65.296 Y139.410
M3
G0 X64.130 Y139.410
M5
G0 X64.130 Y139.264
M3
G0 X64.713 Y139.264
M5
G0 X64.786 Y138.754
M3
G0 X64.786 Y143.418
M5
G0 X64.713 Y142.908
M3
G0 X65.879 Y142.908
M5
G0 X65.806 Y142.835
M3
G0 X65.806 Y143.418
M5
G0 X65.879 Y143.345
M3
G0 X65.296 Y143.345
M5
G0 X65.296 Y143.491
M3
G0 X66.462 Y143.491
M5
G0 X66.462 Y144.074
M3
G0 X65.296 Y144.074
M5
G0 X65.296 Y143.928
M3
G0 X65.879 Y143.928
M5
G0 X65.952 Y144.001
M3
G0 X65.952 Y147.499
M5
G0 X65.369 Y147.499
M3
G0 X65.369 Y148.082
M5
G0 X64.786 Y148.082
M3
G0 X64.786 Y147.499
M5
G0 X64.203 Y147.499
M3
G0 X64.203 Y148.665
M5
G0 X63.620 Y147.499
M3
G0 X63.620 Y144.001
M5
G0 X63.547 Y143.928
M3
G0 X62.964 Y143.928
M5
G0 X62.964 Y144.074
M3
G0 X64.130 Y144.074
M5
G0 X64.130 Y144.657
M3
G0 X62.964 Y144.657
M5
G0 X62.964 Y144.511
M3
G0 X63.547 Y144.511
M5
G0 X63.547 Y145.094
M3
G0 X64.130 Y145.094
M5
G0 X64.130 Y145.240
M3
G0 X62.964 Y145.240
M5
G0 X62.964 Y145.531
M3
G0 X64.713 Y145.531
M5
G0 X64.494 Y145.750
M3
G0 X64.494 Y194.722
M5
G0 X64.713 Y194.649
M3
G0 X65.296 Y194.649
M5
G0 X65.223 Y194.722
M3
G0 X65.223 Y194.139
M5
G0 X65.296 Y194.066
M3
G0 X64.713 Y194.066
M5
G0 X64.713 Y194.212
M3
G0 X65.879 Y194.212
M5
G0 X65.879 Y193.920
M3
G0 X0.000 Y193.920
M5
G0 X0.000 Y193.775
M3
G0 X137.588 Y193.775
M5
G0 X137.588 Y193.920
M3
G0 X67.045 Y193.920
M5
G0 X67.118 Y194.139
M3
G0 X67.118 Y244.860
M5
G0 X67.264 Y244.860
M3
G0 X67.264 Y124.179
M5
G0 X67.628 Y124.252
M3
G0 X68.794 Y124.252
M5
G0 X68.794 Y123.960
M3
G0 X67.628 Y123.960
M5
G0 X67.628 Y124.543
M3
G0 X68.794 Y124.543
M5
G0 X68.794 Y124.835
M3
G0 X67.628 Y124.835
M5
G0 X67.628 Y124.689
M3
G0 X68.211 Y124.689
M5
G0 X68.284 Y124.179
M3
G0 X68.284 Y119.515
M5
G0 X68.211 Y119.588
M3
G0 X69.377 Y119.588
M5
G0 X69.377 Y119.296
M3
G0 X68.211 Y119.296
M5
G0 X68.211 Y119.005
M3
G0 X69.377 Y119.005
M5
G0 X69.596 Y118.932
M3
G0 X69.596 Y0.000
M5
G0 X69.741 Y0.000
M3
G0 X69.741 Y116.600
M5
G0 X69.450 Y116.600
M3
G0 X69.450 Y115.434
M5
G0 X70.033 Y115.434
M3
G0 X70.033 Y114.851
M5
G0 X70.616 Y114.851
M3
G0 X70.616 Y122.430
M5
G0 X71.126 Y122.503
M3
G0 X69.960 Y122.503
M5
G0 X69.960 Y122.211
M3
G0 X71.126 Y122.211
M5
G0 X71.126 Y121.920
M3
G0 X69.960 Y121.920
M5
G0 X69.960 Y121.628
M3
G0 X71.126 Y121.628
M5
G0 X71.126 Y121.337
M3
G0 X69.960 Y121.337
M5
G0 X70.033 Y121.264
M3
G0 X70.033 Y129.426
M5
G0 X70.543 Y129.499
M3
G0 X69.377 Y129.499
M5
G0 X69.377 Y129.790
M3
G0 X70.543 Y129.790
M5
G0 X70.543 Y130.082
M3
G0 X69.377 Y130.082
M5
G0 X69.377 Y130.373
M3
G0 X70.543 Y130.373
M5
G0 X69.960 Y130.519
M3
G0 X69.377 Y130.519
M5
G0 X69.377 Y130.665
M3
G0 X69.960 Y130.665
M5
G0 X69.960 Y131.102
M3
G0 X69.377 Y131.102
M5
G0 X69.377 Y131.248
M3
G0 X69.960 Y131.248
M5
G0 X69.960 Y131.685
M3
G0 X69.377 Y131.685
M5
G0 X69.377 Y131.831
M3
G0 X69.960 Y131.831
M5
G0 X70.543 Y132.122
M3
G0 X68.794 Y132.122
M5
G0 X68.794 Y131.539
M3
G0 X70.543 Y131.539
M5
G0 X71.126 Y131.539
M3
G0 X72.875 Y131.539
M5
G0 X72.656 Y131.758
M3
G0 X72.656 Y117.766
M5
G0 X72.875 Y117.693
M3
G0 X73.458 Y117.693
M5
G0 X73.458 Y117.839
M3
G0 X72.875 Y117.839
M5
G0 X72.875 Y118.276
M3
G0 X73.458 Y118.276
M5
G0 X73.458 Y118.422
M3
G0 X72.875 Y118.422
M5
G0 X72.875 Y118.859
M3
G0 X73.458 Y118.859
M5
G0 X73.458 Y119.005
M3
G0 X72.292 Y119.005
M5
G0 X72.292 Y118.713
M3
G0 X73.458 Y118.713
M5
G0 X73.458 Y119.296
M3
G0 X72.292 Y119.296
M5
G0 X72.365 Y119.515
M3
G0 X72.365 Y128.260
M5
G0 X72.292 Y128.770
M3
G0 X71.709 Y128.770
M5
G0 X71.709 Y128.624
M3
G0 X72.875 Y128.624
M5
G0 X72.875 Y128.333
M3
G0 X71.709 Y128.333
M5
G0 X71.709 Y128.041
M3
G0 X72.875 Y128.041
M5
G0 X72.875 Y127.750
M3
G0 X71.709 Y127.750
M5
G0 X71.709 Y127.458
M3
G0 X72.875 Y127.458
M5
G0 X72.875 Y127.167
M3
G0 X71.709 Y127.167
M5
G0 X71.782 Y127.094
M3
G0 X71.782 Y135.839
M5
G0 X71.709 Y135.766
M3
G0 X71.126 Y135.766
M5
G0 X71.126 Y135.620
M3
G0 X72.292 Y135.620
M5
G0 X72.292 Y135.329
M3
G0 X71.126 Y135.329
M5
G0 X71.126 Y135.037
M3
G0 X72.292 Y135.037
M5
G0 X72.292 Y134.746
M3
G0 X71.126 Y134.746
M5
G0 X71.126 Y134.454
M3
G0 X72.292 Y134.454
M5
G0 X72.292 Y134.163
M3
G0 X71.126 Y134.163
M5
G0 X71.199 Y134.090
M3
G0 X71.199 Y139.337
M5
G0 X71.126 Y139.264
M3
G0 X70.543 Y139.264
M5
G0 X70.543 Y139.118
M3
G0 X71.709 Y139.118
M5
G0 X71.709 Y138.827
M3
G0 X70.543 Y138.827
M5
G0 X70.543 Y138.535
M3
G0 X95.029 Y138.535
M5
G0 X95.029 Y138.244
M3
G0 X94.446 Y138.244
M5
G0 X94.519 Y138.754
M3
G0 X94.519 Y139.337
M5
G0 X94.446 Y139.410
M3
G0 X95.612 Y139.410
M5
G0 X95.976 Y139.337
M3
G0 X95.976 Y139.920
M5
G0 X95.102 Y139.920
M3
G0 X95.102 Y139.337
M5
G0 X95.612 Y138.827
M3
G0 X94.446 Y138.827
M5
G0 X93.644 Y138.171
M3
G0 X93.644 Y137.588
M5
G0 X95.029 Y137.952
M3
G0 X70.543 Y137.952
M5
G0 X70.616 Y138.171
M3
G0 X70.616 Y141.086
M5
G0 X70.543 Y141.013
M3
G0 X69.960 Y141.013
M5
G0 X70.033 Y140.503
M3
G0 X70.033 Y143.418
M5
G0 X69.960 Y143.491
M3
G0 X72.875 Y143.491
M5
G0 X72.875 Y143.345
M3
G0 X71.709 Y143.345
M5
G0 X71.199 Y143.418
M3
G0 X71.199 Y166.738
M5
G0 X70.616 Y166.738
M3
G0 X70.616 Y146.916
M5
G0 X71.126 Y146.260
M3
G0 X72.292 Y146.260
M5
G0 X72.365 Y146.333
M3
G0 X72.365 Y166.738
M5
G0 X71.782 Y166.738
M3
G0 X71.782 Y145.167
M5
G0 X71.709 Y145.094
M3
G0 X71.126 Y145.094
M5
G0 X70.616 Y145.167
M3
G0 X70.616 Y142.835
M5
G0 X70.543 Y142.762
M3
G0 X69.960 Y142.762
M5
G0 X69.960 Y142.908
M3
G0 X71.126 Y142.908
M5
G0 X71.126 Y143.345
M3
G0 X70.543 Y143.345
M5
G0 X69.741 Y142.835
M3
G0 X69.741 Y139.920
M5
G0 X69.960 Y139.701
M3
G0 X66.462 Y139.701
M5
G0 X66.462 Y139.847
M3
G0 X67.045 Y139.847
M5
G0 X67.045 Y139.264
M3
G0 X66.462 Y139.264
M5
G0 X66.462 Y139.118
M3
G0 X69.960 Y139.118
M5
G0 X69.741 Y139.337
M3
G0 X69.741 Y125.928
M5
G0 X69.960 Y125.855
M3
G0 X70.543 Y125.855
M5
G0 X70.470 Y125.928
M3
G0 X70.470 Y124.762
M5
G0 X70.543 Y124.689
M3
G0 X69.960 Y124.689
M5
G0 X69.960 Y124.835
M3
G0 X70.543 Y124.835
M5
G0 X70.907 Y124.762
M3
G0 X70.907 Y0.000
M5
G0 X70.762 Y0.000
M3
G0 X70.762 Y128.260
M5
G0 X70.543 Y128.187
M3
G0 X69.960 Y128.187
M5
G0 X69.450 Y128.260
M3
G0 X69.450 Y137.005
M5
G0 X69.377 Y136.932
M3
G0 X68.794 Y136.932
M5
G0 X68.794 Y136.786
M3
G0 X69.960 Y136.786
M5
G0 X69.960 Y136.495
M3
G0 X68.794 Y136.495
M5
G0 X68.794 Y136.203
M3
G0 X69.960 Y136.203
M5
G0 X69.960 Y135.912
M3
G0 X68.794 Y135.912
M5
G0 X68.794 Y135.620
M3
G0 X69.960 Y135.620
M5
G0 X69.960 Y135.329
M3
G0 X68.794 Y135.329
M5
G0 X68.794 Y135.037
M3
G0 X69.960 Y135.037
M5
G0 X69.960 Y135.183
M3
G0 X69.377 Y135.183
M5
G0 X69.377 Y134.600
M3
G0 X69.960 Y134.600
M5
G0 X69.960 Y134.454
M3
G0 X68.794 Y134.454
M5
G0 X68.794 Y134.163
M3
G0 X69.960 Y134.163
M5
G0 X69.960 Y134.017
M3
G0 X69.377 Y134.017
M5
G0 X68.867 Y134.090
M3
G0 X68.867 Y139.920
M5
G0 X68.794 Y139.993
M3
G0 X71.126 Y139.993
M5
G0 X71.126 Y139.847
M3
G0 X70.543 Y139.847
M5
G0 X70.543 Y139.701
M3
G0 X71.709 Y139.701
M5
G0 X71.709 Y139.410
M3
G0 X70.543 Y139.410
M5
G0 X70.324 Y139.920
M3
G0 X70.324 Y144.584
M5
G0 X70.543 Y145.240
M3
G0 X72.292 Y145.240
M5
G0 X72.292 Y145.677
M3
G0 X71.126 Y145.677
M5
G0 X71.126 Y145.823
M3
G0 X86.867 Y145.823
M5
G0 X86.867 Y145.240
M3
G0 X75.207 Y145.240
M5
G0 X75.280 Y145.167
M3
G0 X75.280 Y133.507
M5
G0 X75.207 Y133.580
M3
G0 X89.199 Y133.580
M5
G0 X89.199 Y134.163
M3
G0 X75.207 Y134.163
M5
G0 X74.624 Y134.163
M3
G0 X73.458 Y134.163
M5
G0 X73.458 Y134.017
M3
G0 X74.041 Y134.017
M5
G0 X74.114 Y133.507
M3
G0 X74.114 Y123.013
M5
G0 X74.041 Y123.086
M3
G0 X75.207 Y123.086
M5
G0 X75.426 Y123.013
M3
G0 X75.426 Y0.000
M5
G0 X75.571 Y0.000
M3
G0 X75.571 Y109.604
M5
G0 X75.790 Y109.677
M3
G0 X93.863 Y109.677
M5
G0 X93.863 Y110.260
M3
G0 X76.373 Y110.260
M5
G0 X76.373 Y110.114
M3
G0 X76.956 Y110.114
M5
G0 X76.737 Y109.021
M3
G0 X76.737 Y172.568
M5
G0 X77.320 Y171.402
M3
G0 X77.320 Y127.677
M5
G0 X77.539 Y127.750
M3
G0 X90.948 Y127.750
M5
G0 X90.948 Y127.167
M3
G0 X77.539 Y127.167
M5
G0 X77.539 Y126.584
M3
G0 X91.531 Y126.584
M5
G0 X91.531 Y126.001
M3
G0 X77.539 Y126.001
M5
G0 X77.539 Y125.418
M3
G0 X91.531 Y125.418
M5
G0 X91.531 Y124.835
M3
G0 X77.539 Y124.835
M5
G0 X77.539 Y124.252
M3
G0 X91.531 Y124.252
M5
G0 X91.531 Y123.669
M3
G0 X77.539 Y123.669
M5
G0 X77.320 Y124.179
M3
G0 X77.320 Y106.106
M5
G0 X77.539 Y105.887
M3
G0 X115.434 Y105.887
M5
G0 X115.434 Y105.304
M3
G0 X11.660 Y105.304
M5
G0 X11.660 Y104.721
M3
G0 X115.434 Y104.721
M5
G0 X115.434 Y104.138
M3
G0 X11.077 Y104.138
M5
G0 X11.077 Y103.555
M3
G0 X115.434 Y103.555
M5
G0 X114.049 Y104.357
M3
G0 X114.049 Y124.179
M5
G0 X113.466 Y124.179
M3
G0 X113.466 Y106.106
M5
G0 X114.632 Y106.106
M3
G0 X114.632 Y123.596
M5
G0 X116.381 Y124.762
M3
G0 X116.381 Y116.600
M5
G0 X116.964 Y116.600
M3
G0 X116.964 Y125.345
M5
G0 X117.547 Y125.928
M3
G0 X117.547 Y117.766
M5
G0 X118.130 Y118.349
M3
G0 X118.130 Y125.928
M5
G0 X115.434 Y126.875
M3
G0 X137.588 Y126.875
M5
G0 X137.588 Y126.730
M3
G0 X0.000 Y126.730
M5
G0 X0.000 Y126.875
M3
G0 X8.162 Y126.875
M5
G0 X7.579 Y126.292
M3
G0 X0.000 Y126.292
M5
G0 X0.000 Y126.147
M3
G0 X137.588 Y126.147
M5
G0 X137.588 Y126.292
M3
G0 X98.527 Y126.292
M5
G0 X98.746 Y126.511
M3
G0 X98.746 Y123.013
M5
G0 X98.527 Y122.794
M3
G0 X75.790 Y122.794
M5
G0 X75.790 Y122.211
M3
G0 X137.588 Y122.211
M5
G0 X137.588 Y122.066
M3
G0 X0.000 Y122.066
M5
G0 X0.000 Y122.211
M3
G0 X8.745 Y122.211
M5
G0 X8.745 Y121.628
M3
G0 X0.000 Y121.628
M5
G0 X0.000 Y121.483
M3
G0 X137.588 Y121.483
M5
G0 X137.588 Y121.628
M3
G0 X75.790 Y121.628
M5
G0 X76.373 Y121.337
M3
G0 X91.531 Y121.337
M5
G0 X91.531 Y121.920
M3
G0 X76.373 Y121.920
M5
G0 X76.446 Y121.847
M3
G0 X76.446 Y128.843
M5
G0 X76.373 Y129.353
M3
G0 X75.790 Y129.353
M5
G0 X75.790 Y129.207
M3
G0 X97.361 Y129.207
M5
G0 X97.434 Y129.426
M3
G0 X97.434 Y130.592
M5
G0 X97.580 Y130.592
M3
G0 X97.580 Y129.426
M5
G0 X97.725 Y129.426
M3
G0 X97.725 Y130.592
M5
G0 X97.944 Y130.956
M3
G0 X112.519 Y130.956
M5
G0 X112.519 Y131.539
M3
G0 X107.272 Y131.539
M5
G0 X107.855 Y132.122
M3
G0 X112.519 Y132.122
M5
G0 X112.519 Y132.705
M3
G0 X107.855 Y132.705
M5
G0 X107.855 Y133.288
M3
G0 X112.519 Y133.288
M5
G0 X112.519 Y133.871
M3
G0 X107.855 Y133.871
M5
G0 X107.855 Y134.454
M3
G0 X112.519 Y134.454
M5
G0 X112.519 Y135.037
M3
G0 X107.855 Y135.037
M5
G0 X107.855 Y135.620
M3
G0 X112.519 Y135.620
M5
G0 X112.519 Y136.203
M3
G0 X107.855 Y136.203
M5
G0 X107.855 Y136.786
M3
G0 X112.519 Y136.786
M5
G0 X112.519 Y137.369
M3
G0 X107.855 Y137.369
M5
G0 X106.106 Y137.369
M3
G0 X72.875 Y137.369
M5
G0 X72.875 Y137.078
M3
G0 X74.041 Y137.078
M5
G0 X74.041 Y136.932
M3
G0 X73.458 Y136.932
M5
G0 X72.948 Y137.005
M3
G0 X72.948 Y141.669
M5
G0 X72.875 Y141.596
M3
G0 X72.292 Y141.596
M5
G0 X72.073 Y141.086
M3
G0 X72.073 Y186.560
M5
G0 X72.292 Y186.633
M3
G0 X74.624 Y186.633
M5
G0 X74.624 Y186.341
M3
G0 X5.247 Y186.341
M5
G0 X5.611 Y186.560
M3
G0 X5.611 Y206.382
M5
G0 X6.413 Y206.455
M3
G0 X6.996 Y206.455
M5
G0 X7.360 Y206.382
M3
G0 X7.360 Y184.228
M5
G0 X7.579 Y184.301
M3
G0 X25.069 Y184.301
M5
G0 X25.069 Y183.718
M3
G0 X7.579 Y183.718
M5
G0 X7.579 Y183.426
M3
G0 X79.288 Y183.426
M5
G0 X79.288 Y183.281
M3
G0 X0.000 Y183.281
M5
G0 X0.000 Y183.426
M3
G0 X2.332 Y183.426
M5
G0 X2.113 Y183.645
M3
G0 X2.113 Y173.734
M5
G0 X2.332 Y173.807
M3
G0 X3.498 Y173.807
M5
G0 X3.498 Y173.224
M3
G0 X2.332 Y173.224
M5
G0 X2.332 Y172.641
M3
G0 X3.498 Y172.641
M5
G0 X3.862 Y172.568
M3
G0 X3.862 Y164.406
M5
G0 X4.081 Y164.479
M3
G0 X4.664 Y164.479
M5
G0 X4.664 Y163.896
M3
G0 X4.081 Y163.896
M5
G0 X4.081 Y163.313
M3
G0 X4.664 Y163.313
M5
G0 X4.664 Y162.730
M3
G0 X4.081 Y162.730
M5
G0 X4.081 Y162.147
M3
G0 X4.664 Y162.147
M5
G0 X5.028 Y162.074
M3
G0 X5.028 Y146.333
M5
G0 X5.028 Y145.750
M3
G0 X5.028 Y144.584
M5
G0 X5.830 Y144.365
M3
G0 X0.000 Y144.365
M5
G0 X0.000 Y144.220
M3
G0 X137.588 Y144.220
M5
G0 X137.588 Y144.365
M3
G0 X122.430 Y144.365
M5
G0 X122.430 Y144.948
M3
G0 X137.588 Y144.948
M5
G0 X137.588 Y144.803
M3
G0 X0.000 Y144.803
M5
G0 X0.000 Y144.948
M3
G0 X5.830 Y144.948
M5
G0 X6.413 Y144.948
M3
G0 X9.911 Y144.948
M5
G0 X10.130 Y144.584
M3
G0 X10.130 Y135.839
M5
G0 X9.911 Y135.620
M3
G0 X8.745 Y135.620
M5
G0 X9.109 Y135.256
M3
G0 X9.109 Y131.758
M5
G0 X9.328 Y132.705
M3
G0 X8.162 Y132.705
M5
G0 X7.579 Y132.705
M3
G0 X0.000 Y132.705
M5
G0 X0.000 Y132.560
M3
G0 X137.588 Y132.560
M5
G0 X137.588 Y132.705
M3
G0 X120.681 Y132.705
M5
G0 X120.681 Y133.288
M3
G0 X137.588 Y133.288
M5
G0 X137.588 Y133.143
M3
G0 X0.000 Y133.143
M5
G0 X0.000 Y133.288
M3
G0 X9.328 Y133.288
M5
G0 X9.328 Y133.871
M3
G0 X8.745 Y133.871
M5
G0 X8.745 Y134.454
M3
G0 X9.911 Y134.454
M5
G0 X10.130 Y134.090
M3
G0 X10.130 Y135.256
M5
G0 X9.911 Y135.037
M3
G0 X8.745 Y135.037
M5
G0 X8.162 Y135.037
M3
G0 X0.000 Y135.037
M5
G0 X0.000 Y134.892
M3
G0 X137.588 Y134.892
M5
G0 X137.588 Y135.037
M3
G0 X121.264 Y135.037
M5
G0 X121.264 Y134.454
M3
G0 X137.588 Y134.454
M5
G0 X137.588 Y134.309
M3
G0 X0.000 Y134.309
M5
G0 X0.000 Y134.454
M3
G0 X8.162 Y134.454
M5
G0 X7.943 Y134.673
M3
G0 X7.943 Y178.981
M5
G0 X8.162 Y178.762
M3
G0 X0.000 Y178.762
M5
G0 X0.000 Y178.617
M3
G0 X137.588 Y178.617
M5
G0 X137.588 Y178.762
M3
G0 X95.029 Y178.762
M5
G0 X94.446 Y178.762
M3
G0 X8.745 Y178.762
M5
G0 X8.745 Y178.471
M3
G0 X25.069 Y178.471
M5
G0 X25.069 Y177.888
M3
G0 X9.328 Y177.888
M5
G0 X9.328 Y177.305
M3
G0 X25.069 Y177.305
M5
G0 X25.652 Y177.888
M3
G0 X71.126 Y177.888
M5
G0 X71.709 Y178.471
M3
G0 X25.652 Y178.471
M5
G0 X25.652 Y179.054
M3
G0 X37.312 Y179.054
M5
G0 X37.385 Y178.981
M3
G0 X37.385 Y163.240
M5
G0 X37.385 Y162.657
M3
G0 X37.385 Y159.159
M5
G0 X37.385 Y158.576
M3
G0 X37.385 Y157.993
M5
G0 X37.968 Y156.827
M3
G0 X37.968 Y179.564
M5
G0 X37.895 Y179.637
M3
G0 X72.292 Y179.637
M5
G0 X72.292 Y180.220
M3
G0 X25.652 Y180.220
M5
G0 X25.652 Y179.637
M3
G0 X37.312 Y179.637
M5
G0 X37.895 Y179.054
M3
G0 X71.709 Y179.054
M5
G0 X72.292 Y180.803
M3
G0 X25.652 Y180.803
M5
G0 X25.069 Y180.803
M3
G0 X12.826 Y180.803
M5
G0 X12.826 Y180.220
M3
G0 X25.069 Y180.220
M5
G0 X24.559 Y180.147
M3
G0 X24.559 Y183.062
M5
G0 X24.486 Y182.989
M3
G0 X23.903 Y182.989
M5
G0 X23.903 Y182.406
M3
G0 X24.486 Y182.406
M5
G0 X24.486 Y181.823
M3
G0 X23.903 Y181.823
M5
G0 X23.903 Y181.240
M3
G0 X24.486 Y181.240
M5
G0 X24.486 Y180.657
M3
G0 X23.903 Y180.657
M5
G0 X23.903 Y180.074
M3
G0 X24.486 Y180.074
M5
G0 X24.486 Y179.491
M3
G0 X23.903 Y179.491
M5
G0 X23.320 Y178.908
M3
G0 X24.486 Y178.908
M5
G0 X24.559 Y178.981
M3
G0 X24.559 Y149.248
M5
G0 X25.652 Y149.175
M3
G0 X29.733 Y149.175
M5
G0 X29.733 Y148.592
M3
G0 X25.652 Y148.592
M5
G0 X25.652 Y148.009
M3
G0 X29.733 Y148.009
M5
G0 X29.733 Y147.426
M3
G0 X25.652 Y147.426
M5
G0 X25.652 Y146.843
M3
G0 X29.733 Y146.843
M5
G0 X29.733 Y146.260
M3
G0 X25.652 Y146.260
M5
G0 X25.652 Y145.677
M3
G0 X29.733 Y145.677
M5
G0 X29.733 Y145.094
M3
G0 X25.652 Y145.094
M5
G0 X26.162 Y145.167
M3
G0 X26.162 Y148.082
M5
G0 X26.162 Y149.248
M3
G0 X26.162 Y151.580
M5
G0 X25.652 Y151.507
M3
G0 X29.733 Y151.507
M5
G0 X29.733 Y150.924
M3
G0 X25.652 Y150.924
M5
G0 X25.652 Y150.341
M3
G0 X29.733 Y150.341
M5
G0 X29.733 Y149.758
M3
G0 X25.652 Y149.758
M5
G0 X24.559 Y148.082
M3
G0 X24.559 Y129.426
M5
G0 X23.903 Y129.499
M3
G0 X35.563 Y129.499
M5
G0 X35.563 Y128.916
M3
G0 X23.903 Y128.916
M5
G0 X23.903 Y128.333
M3
G0 X35.563 Y128.333
M5
G0 X35.563 Y127.750
M3
G0 X23.903 Y127.750
M5
G0 X23.903 Y127.167
M3
G0 X35.563 Y127.167
M5
G0 X35.563 Y126.584
M3
G0 X23.903 Y126.584
M5
G0 X23.903 Y126.001
M3
G0 X35.563 Y126.001
M5
G0 X36.146 Y125.418
M3
G0 X23.903 Y125.418
M5
G0 X23.903 Y124.835
M3
G0 X36.146 Y124.835
M5
G0 X36.146 Y124.252
M3
G0 X23.903 Y124.252
M5
G0 X23.903 Y123.669
M3
G0 X36.146 Y123.669
M5
G0 X36.146 Y123.086
M3
G0 X23.903 Y123.086
M5
G0 X23.903 Y122.503
M3
G0 X36.146 Y122.503
M5
G0 X36.146 Y121.920
M3
G0 X23.903 Y121.920
M5
G0 X22.737 Y121.920
M3
G0 X20.988 Y121.920
M5
G0 X20.988 Y121.337
M3
G0 X22.737 Y121.337
M5
G0 X22.737 Y120.754
M3
G0 X20.988 Y120.754
M5
G0 X20.988 Y120.171
M3
G0 X22.737 Y120.171
M5
G0 X22.737 Y119.588
M3
G0 X20.988 Y119.588
M5
G0 X20.988 Y119.005
M3
G0 X22.737 Y119.005
M5
G0 X22.737 Y118.422
M3
G0 X20.988 Y118.422
M5
G0 X20.988 Y117.839
M3
G0 X22.154 Y117.839
M5
G0 X19.603 Y117.766
M3
G0 X19.603 Y99.110
M5
G0 X20.405 Y98.600
M3
G0 X21.571 Y98.600
M5
G0 X21.571 Y98.017
M3
G0 X20.405 Y98.017
M5
G0 X20.478 Y97.944
M3
G0 X20.478 Y97.361
M5
G0 X20.405 Y97.434
M3
G0 X21.571 Y97.434
M5
G0 X21.571 Y96.851
M3
G0 X20.405 Y96.851
M5
G0 X20.405 Y96.559
M3
G0 X111.353 Y96.559
M5
G0 X111.353 Y95.976
M3
G0 X20.405 Y95.976
M5
G0 X20.405 Y95.685
M3
G0 X21.571 Y95.685
M5
G0 X21.571 Y95.102
M3
G0 X20.405 Y95.102
M5
G0 X20.405 Y94.810
M3
G0 X111.353 Y94.810
M5
G0 X111.353 Y94.227
M3
G0 X20.405 Y94.227
M5
G0 X20.405 Y93.936
M3
G0 X21.571 Y93.936
M5
G0 X21.571 Y93.353
M3
G0 X20.405 Y93.353
M5
G0 X20.405 Y93.644
M3
G0 X111.353 Y93.644
M5
G0 X111.353 Y93.061
M3
G0 X20.405 Y93.061
M5
G0 X20.405 Y92.770
M3
G0 X21.571 Y92.770
M5
G0 X21.061 Y93.280
M3
G0 X21.061 Y96.778
M5
G0 X21.571 Y96.268
M3
G0 X20.405 Y96.268
M5
G0 X20.405 Y95.393
M3
G0 X111.353 Y95.393
M5
G0 X111.936 Y97.142
M3
G0 X20.405 Y97.142
M5
G0 X20.405 Y97.725
M3
G0 X111.936 Y97.725
M5
G0 X111.936 Y98.308
M3
G0 X10.494 Y98.308
M5
G0 X10.494 Y97.725
M3
G0 X19.239 Y97.725
M5
G0 X19.239 Y97.142
M3
G0 X10.494 Y97.142
M5
G0 X10.494 Y96.559
M3
G0 X19.239 Y96.559
M5
G0 X19.239 Y95.976
M3
G0 X10.494 Y95.976
M5
G0 X10.494 Y95.393
M3
G0 X19.239 Y95.393
M5
G0 X19.239 Y94.810
M3
G0 X10.494 Y94.810
M5
G0 X10.494 Y94.227
M3
G0 X19.239 Y94.227
M5
G0 X19.239 Y93.644
M3
G0 X10.494 Y93.644
M5
G0 X10.494 Y93.061
M3
G0 X19.239 Y93.061
M5
G0 X19.239 Y92.770
M3
G0 X18.656 Y92.770
M5
G0 X18.729 Y92.697
M3
G0 X18.729 Y91.531
M5
G0 X18.656 Y91.604
M3
G0 X19.239 Y91.604
M5
G0 X19.239 Y91.312
M3
G0 X10.494 Y91.312
M5
G0 X10.494 Y90.729
M3
G0 X19.239 Y90.729
M5
G0 X19.239 Y91.021
M3
G0 X18.656 Y91.021
M5
G0 X19.239 Y90.146
M3
G0 X10.494 Y90.146
M5
G0 X10.494 Y89.563
M3
G0 X19.239 Y89.563
M5
G0 X19.239 Y88.980
M3
G0 X10.494 Y88.980
M5
G0 X10.494 Y88.397
M3
G0 X19.822 Y88.397
M5
G0 X19.822 Y87.814
M3
G0 X10.494 Y87.814
M5
G0 X10.494 Y87.231
M3
G0 X110.770 Y87.231
M5
G0 X110.770 Y86.648
M3
G0 X10.494 Y86.648
M5
G0 X10.494 Y86.065
M3
G0 X110.770 Y86.065
M5
G0 X111.353 Y85.482
M3
G0 X10.494 Y85.482
M5
G0 X10.494 Y84.899
M3
G0 X111.353 Y84.899
M5
G0 X112.519 Y83.733
M3
G0 X137.588 Y83.733
M5
G0 X137.588 Y83.588
M3
G0 X0.000 Y83.588
M5
G0 X0.000 Y83.005
M3
G0 X137.588 Y83.005
M5
G0 X137.588 Y83.150
M3
G0 X112.519 Y83.150
M5
G0 X112.519 Y82.567
M3
G0 X137.588 Y82.567
M5
G0 X137.588 Y82.422
M3
G0 X0.000 Y82.422
M5
G0 X0.000 Y81.839
M3
G0 X137.588 Y81.839
M5
G0 X137.588 Y81.984
M3
G0 X113.102 Y81.984
M5
G0 X113.102 Y81.401
M3
G0 X137.588 Y81.401
M5
G0 X137.588 Y81.256
M3
G0 X0.000 Y81.256
M5
G0 X0.000 Y80.673
M3
G0 X137.588 Y80.673
M5
G0 X137.588 Y80.818
M3
G0 X113.102 Y80.818
M5
G0 X113.685 Y80.235
M3
G0 X137.588 Y80.235
M5
G0 X137.588 Y80.090
M3
G0 X0.000 Y80.090
M5
G0 X0.000 Y79.507
M3
G0 X137.588 Y79.507
M5
G0 X137.588 Y79.652
M3
G0 X113.685 Y79.652
M5
G0 X113.685 Y79.069
M3
G0 X137.588 Y79.069
M5
G0 X137.588 Y78.924
M3
G0 X0.000 Y78.924
M5
G0 X0.000 Y78.341
M3
G0 X137.588 Y78.341
M5
G0 X137.588 Y78.486
M3
G0 X113.685 Y78.486
M5
G0 X113.102 Y77.903
M3
G0 X137.588 Y77.903
M5
G0 X137.588 Y77.758
M3
G0 X0.000 Y77.758
M5
G0 X0.000 Y77.175
M3
G0 X137.588 Y77.175
M5
G0 X137.588 Y77.320
M3
G0 X113.685 Y77.320
M5
G0 X113.685 Y76.737
M3
G0 X137.588 Y76.737
M5
G0 X137.588 Y76.592
M3
G0 X0.000 Y76.592
M5
G0 X0.000 Y76.009
M3
G0 X137.588 Y76.009
M5
G0 X137.588 Y76.154
M3
G0 X113.102 Y76.154
M5
G0 X113.102 Y75.571
M3
G0 X137.588 Y75.571
M5
G0 X137.588 Y75.426
M3
G0 X0.000 Y75.426
M5
G0 X0.000 Y74.843
M3
G0 X137.588 Y74.843
M5
G0 X137.588 Y74.988
M3
G0 X113.102 Y74.988
M5
G0 X113.685 Y74.405
M3
G0 X137.588 Y74.405
M5
G0 X137.588 Y74.260
M3
G0 X0.000 Y74.260
M5
G0 X0.000 Y73.677
M3
G0 X137.588 Y73.677
M5
G0 X137.588 Y73.822
M3
G0 X113.685 Y73.822
M5
G0 X113.685 Y73.239
M3
G0 X137.588 Y73.239
M5
G0 X137.588 Y73.094
M3
G0 X0.000 Y73.094
M5
G0 X0.000 Y72.511
M3
G0 X137.588 Y72.511
M5
G0 X137.588 Y72.656
M3
G0 X113.685 Y72.656
M5
G0 X113.685 Y72.073
M3
G0 X137.588 Y72.073
M5
G0 X137.588 Y71.928
M3
G0 X0.000 Y71.928
M5
G0 X0.000 Y71.345
M3
G0 X137.588 Y71.345
M5
G0 X137.588 Y71.490
M3
G0 X113.685 Y71.490
M5
G0 X113.685 Y70.907
M3
G0 X137.588 Y70.907
M5
G0 X137.588 Y70.762
M3
G0 X0.000 Y70.762
M5
G0 X0.000 Y70.907
M3
G0 X0.583 Y70.907
M5
G0 X0.583 Y70.324
M3
G0 X0.000 Y70.324
M5
G0 X0.000 Y70.179
M3
G0 X137.588 Y70.179
M5
G0 X137.588 Y70.324
M3
G0 X113.685 Y70.324
M5
G0 X113.102 Y69.741
M3
G0 X137.588 Y69.741
M5
G0 X137.588 Y69.596
M3
G0 X0.000 Y69.596
M5
G0 X0.000 Y69.741
M3
G0 X0.583 Y69.741
M5
G0 X0.583 Y69.158
M3
G0 X0.000 Y69.158
M5
G0 X0.000 Y69.013
M3
G0 X137.588 Y69.013
M5
G0 X137.588 Y69.158
M3
G0 X113.102 Y69.158
M5
G0 X111.936 Y69.158
M3
G0 X9.911 Y69.158
M5
G0 X9.911 Y68.575
M3
G0 X89.782 Y68.575
M5
G0 X89.563 Y68.794
M3
G0 X89.563 Y150.997
M5
G0 X90.146 Y149.831
M3
G0 X90.146 Y148.082
M5
G0 X90.146 Y146.916
M3
G0 X90.146 Y71.709
M5
G0 X89.782 Y71.782
M3
G0 X70.543 Y71.782
M5
G0 X69.960 Y71.199
M3
G0 X89.782 Y71.199
M5
G0 X90.146 Y71.126
M3
G0 X90.146 Y69.377
M5
G0 X89.782 Y69.450
M3
G0 X89.199 Y69.450
M5
G0 X89.199 Y68.867
M3
G0 X63.547 Y68.867
M5
G0 X63.620 Y68.794
M3
G0 X63.620 Y65.879
M5
G0 X63.620 Y65.296
M3
G0 X63.620 Y62.964
M5
G0 X64.203 Y62.964
M3
G0 X64.203 Y68.794
M5
G0 X64.786 Y68.794
M3
G0 X64.786 Y67.628
M5
G0 X64.786 Y67.045
M3
G0 X64.786 Y62.381
M5
G0 X64.786 Y61.798
M3
G0 X64.786 Y39.061
M5
G0 X64.640 Y39.061
M3
G0 X64.640 Y39.644
M5
G0 X64.640 Y40.227
M3
G0 X64.640 Y47.806
M5
G0 X64.057 Y47.223
M3
G0 X64.057 Y40.810
M5
G0 X63.474 Y40.810
M3
G0 X63.474 Y46.640
M5
G0 X62.891 Y47.223
M3
G0 X62.891 Y40.810
M5
G0 X62.308 Y40.810
M3
G0 X62.308 Y47.806
M5
G0 X61.725 Y47.806
M3
G0 X61.725 Y41.976
M5
G0 X61.142 Y41.976
M3
G0 X61.142 Y46.640
M5
G0 X61.142 Y48.389
M3
G0 X61.142 Y49.555
M5
G0 X60.559 Y49.555
M3
G0 X60.559 Y43.142
M5
G0 X59.976 Y43.142
M3
G0 X59.976 Y50.138
M5
G0 X59.393 Y50.721
M3
G0 X59.393 Y46.640
M5
G0 X58.810 Y46.640
M3
G0 X58.810 Y48.389
M5
G0 X58.810 Y48.972
M3
G0 X58.810 Y50.721
M5
G0 X58.810 Y51.304
M3
G0 X58.810 Y52.470
M5
G0 X59.393 Y52.470
M3
G0 X59.393 Y51.304
M5
G0 X59.976 Y51.304
M3
G0 X59.976 Y52.470
M5
G0 X60.559 Y52.470
M3
G0 X60.559 Y51.304
M5
G0 X61.142 Y51.304
M3
G0 X61.142 Y52.470
M5
G0 X61.725 Y52.470
M3
G0 X61.725 Y53.053
M5
G0 X60.632 Y54.146
M3
G0 X65.296 Y54.146
M5
G0 X65.296 Y53.563
M3
G0 X42.559 Y53.563
M5
G0 X42.559 Y52.980
M3
G0 X65.296 Y52.980
M5
G0 X65.879 Y52.980
M3
G0 X66.462 Y52.980
M5
G0 X66.535 Y53.053
M3
G0 X66.535 Y39.061
M5
G0 X66.462 Y39.571
M3
G0 X62.964 Y39.571
M5
G0 X62.891 Y39.644
M3
G0 X62.891 Y40.227
M5
G0 X63.037 Y39.061
M3
G0 X63.037 Y57.717
M5
G0 X62.454 Y57.134
M3
G0 X62.454 Y39.061
M5
G0 X61.871 Y39.061
M3
G0 X61.871 Y56.551
M5
G0 X61.288 Y55.968
M3
G0 X61.288 Y39.644
M5
G0 X61.215 Y40.154
M3
G0 X68.211 Y40.154
M5
G0 X68.284 Y39.644
M3
G0 X68.284 Y55.385
M5
G0 X68.284 Y55.968
M3
G0 X68.284 Y61.798
M5
G0 X67.701 Y62.381
M3
G0 X67.701 Y68.794
M5
G0 X67.118 Y68.794
M3
G0 X67.118 Y60.049
M5
G0 X67.701 Y59.466
M3
G0 X67.701 Y54.802
M5
G0 X67.118 Y54.802
M3
G0 X67.118 Y57.717
M5
G0 X66.535 Y58.300
M3
G0 X66.535 Y68.794
M5
G0 X65.952 Y68.211
M3
G0 X65.952 Y69.377
M5
G0 X65.369 Y68.794
M3
G0 X65.369 Y68.211
M5
G0 X65.952 Y67.628
M3
G0 X65.952 Y55.385
M5
G0 X65.952 Y54.802
M3
G0 X65.952 Y39.061
M5
G0 X65.369 Y39.061
M3
G0 X65.369 Y55.968
M5
G0 X65.296 Y56.478
M3
G0 X63.547 Y56.478
M5
G0 X63.547 Y55.895
M3
G0 X64.713 Y55.895
M5
G0 X65.296 Y55.312
M3
G0 X62.964 Y55.312
M5
G0 X61.798 Y54.729
M3
G0 X65.296 Y54.729
M5
G0 X66.535 Y55.385
M3
G0 X66.535 Y53.636
M5
G0 X67.118 Y53.636
M3
G0 X67.118 Y39.644
M5
G0 X67.701 Y39.644
M3
G0 X67.701 Y54.219
M5
G0 X68.211 Y54.146
M3
G0 X72.875 Y54.146
M5
G0 X72.875 Y53.563
M3
G0 X71.126 Y53.563
M5
G0 X70.543 Y53.563
M3
G0 X67.628 Y53.563
M5
G0 X68.138 Y53.053
M3
G0 X68.138 Y51.887
M5
G0 X68.138 Y51.304
M3
G0 X68.138 Y50.721
M5
G0 X67.555 Y51.304
M3
G0 X67.555 Y44.891
M5
G0 X66.972 Y43.725
M3
G0 X66.972 Y50.721
M5
G0 X66.389 Y50.138
M3
G0 X66.389 Y41.976
M5
G0 X65.806 Y41.976
M3
G0 X65.806 Y46.640
M5
G0 X65.806 Y47.223
M3
G0 X65.806 Y49.555
M5
G0 X64.713 Y49.482
M3
G0 X73.458 Y49.482
M5
G0 X73.458 Y50.065
M3
G0 X64.713 Y50.065
M5
G0 X64.130 Y50.065
M3
G0 X44.308 Y50.065
M5
G0 X44.308 Y49.482
M3
G0 X64.130 Y49.482
M5
G0 X63.474 Y50.138
M3
G0 X63.474 Y52.470
M5
G0 X64.057 Y53.053
M3
G0 X64.057 Y51.304
M5
G0 X64.130 Y51.231
M3
G0 X43.142 Y51.231
M5
G0 X43.142 Y50.794
M3
G0 X80.454 Y50.794
M5
G0 X80.818 Y50.721
M3
G0 X80.818 Y164.989
M5
G0 X81.037 Y164.479
M3
G0 X19.239 Y164.479
M5
G0 X19.239 Y163.896
M3
G0 X21.571 Y163.896
M5
G0 X21.571 Y163.313
M3
G0 X19.239 Y163.313
M5
G0 X19.895 Y163.240
M3
G0 X19.895 Y176.066
M5
G0 X20.405 Y175.993
M3
G0 X21.571 Y175.993
M5
G0 X21.571 Y175.410
M3
G0 X20.405 Y175.410
M5
G0 X20.405 Y174.827
M3
G0 X20.988 Y174.827
M5
G0 X20.988 Y174.244
M3
G0 X20.405 Y174.244
M5
G0 X20.405 Y173.661
M3
G0 X20.988 Y173.661
M5
G0 X20.988 Y173.078
M3
G0 X20.405 Y173.078
M5
G0 X20.405 Y172.495
M3
G0 X19.239 Y172.495
M5
G0 X18.729 Y171.985
M3
G0 X18.729 Y176.649
M5
G0 X18.146 Y176.649
M3
G0 X18.146 Y174.900
M5
G0 X17.563 Y175.483
M3
G0 X17.563 Y176.649
M5
G0 X17.490 Y176.576
M3
G0 X15.741 Y176.576
M5
G0 X15.741 Y177.159
M3
G0 X17.490 Y177.159
M5
G0 X17.490 Y177.742
M3
G0 X15.741 Y177.742
M5
G0 X15.741 Y178.325
M3
G0 X17.490 Y178.325
M5
G0 X17.490 Y178.908
M3
G0 X15.741 Y178.908
M5
G0 X15.741 Y179.491
M3
G0 X17.490 Y179.491
M5
G0 X17.490 Y180.074
M3
G0 X15.741 Y180.074
M5
G0 X15.741 Y180.657
M3
G0 X17.490 Y180.657
M5
G0 X17.490 Y181.240
M3
G0 X15.741 Y181.240
M5
G0 X15.741 Y181.823
M3
G0 X17.490 Y181.823
M5
G0 X17.490 Y182.406
M3
G0 X15.741 Y182.406
M5
G0 X15.741 Y182.989
M3
G0 X17.490 Y182.989
M5
G0 X17.490 Y183.572
M3
G0 X15.741 Y183.572
M5
G0 X15.741 Y184.155
M3
G0 X17.490 Y184.155
M5
G0 X17.490 Y184.738
M3
G0 X15.741 Y184.738
M5
G0 X15.741 Y185.321
M3
G0 X17.490 Y185.321
M5
G0 X17.490 Y185.904
M3
G0 X15.741 Y185.904
M5
G0 X15.741 Y186.487
M3
G0 X17.490 Y186.487
M5
G0 X17.490 Y187.070
M3
G0 X15.741 Y187.070
M5
G0 X15.741 Y187.653
M3
G0 X17.490 Y187.653
M5
G0 X17.490 Y188.236
M3
G0 X15.741 Y188.236
M5
G0 X15.741 Y188.819
M3
G0 X17.490 Y188.819
M5
G0 X17.490 Y189.402
M3
G0 X15.741 Y189.402
M5
G0 X15.741 Y189.985
M3
G0 X17.490 Y189.985
M5
G0 X17.490 Y190.568
M3
G0 X15.741 Y190.568
M5
G0 X15.741 Y191.151
M3
G0 X17.490 Y191.151
M5
G0 X17.490 Y191.734
M3
G0 X15.741 Y191.734
M5
G0 X15.741 Y192.317
M3
G0 X17.490 Y192.317
M5
G0 X17.490 Y192.900
M3
G0 X15.741 Y192.900
M5
G0 X15.741 Y193.483
M3
G0 X17.490 Y193.483
M5
G0 X17.490 Y194.066
M3
G0 X15.741 Y194.066
M5
G0 X15.741 Y194.649
M3
G0 X17.490 Y194.649
M5
G0 X17.490 Y195.232
M3
G0 X15.741 Y195.232
M5
G0 X15.741 Y195.815
M3
G0 X17.490 Y195.815
M5
G0 X17.490 Y196.398
M3
G0 X15.741 Y196.398
M5
G0 X16.324 Y196.981
M3
G0 X17.490 Y196.981
M5
G0 X17.490 Y197.564
M3
G0 X15.741 Y197.564
M5
G0 X15.741 Y198.147
M3
G0 X17.490 Y198.147
M5
G0 X17.490 Y198.730
M3
G0 X15.741 Y198.730
M5
G0 X15.741 Y199.313
M3
G0 X17.490 Y199.313
M5
G0 X17.490 Y199.896
M3
G0 X16.324 Y199.896
M5
G0 X16.397 Y199.969
M3
G0 X16.397 Y104.940
M5
G0 X16.324 Y104.867
M3
G0 X15.158 Y104.867
M5
G0 X15.158 Y105.450
M3
G0 X16.324 Y105.450
M5
G0 X16.324 Y106.033
M3
G0 X15.158 Y106.033
M5
G0 X15.158 Y106.616
M3
G0 X16.324 Y106.616
M5
G0 X16.324 Y107.199
M3
G0 X15.158 Y107.199
M5
G0 X15.158 Y107.782
M3
G0 X16.324 Y107.782
M5
G0 X16.324 Y108.365
M3
G0 X15.158 Y108.365
M5
G0 X15.158 Y108.948
M3
G0 X16.324 Y108.948
M5
G0 X16.324 Y109.531
M3
G0 X15.158 Y109.531
M5
G0 X15.158 Y110.114
M3
G0 X16.324 Y110.114
M5
G0 X16.324 Y110.697
M3
G0 X15.158 Y110.697
M5
G0 X15.158 Y111.280
M3
G0 X16.324 Y111.280
M5
G0 X16.324 Y111.863
M3
G0 X15.158 Y111.863
M5
G0 X15.158 Y112.446
M3
G0 X16.324 Y112.446
M5
G0 X16.324 Y113.029
M3
G0 X15.158 Y113.029
M5
G0 X15.158 Y113.612
M3
G0 X16.324 Y113.612
M5
G0 X16.324 Y114.195
M3
G0 X15.158 Y114.195
M5
G0 X15.158 Y114.778
M3
G0 X16.324 Y114.778
M5
G0 X16.324 Y115.361
M3
G0 X15.158 Y115.361
M5
G0 X15.158 Y115.944
M3
G0 X16.324 Y115.944
M5
G0 X16.324 Y116.527
M3
G0 X15.158 Y116.527
M5
G0 X15.158 Y117.110
M3
G0 X16.324 Y117.110
M5
G0 X16.251 Y116.600
M3
G0 X16.251 Y117.766
M5
G0 X16.324 Y117.693
M3
G0 X15.158 Y117.693
M5
G0 X15.158 Y118.276
M3
G0 X16.324 Y118.276
M5
G0 X16.324 Y118.859
M3
G0 X15.158 Y118.859
M5
G0 X15.158 Y119.442
M3
G0 X16.324 Y119.442
M5
G0 X16.324 Y120.025
M3
G0 X15.158 Y120.025
M5
G0 X15.158 Y120.608
M3
G0 X16.324 Y120.608
M5
G0 X16.324 Y121.191
M3
G0 X15.158 Y121.191
M5
G0 X14.575 Y121.337
M3
G0 X16.907 Y121.337
M5
G0 X16.907 Y120.754
M3
G0 X14.575 Y120.754
M5
G0 X14.575 Y120.171
M3
G0 X16.907 Y120.171
M5
G0 X16.907 Y119.588
M3
G0 X14.575 Y119.588
M5
G0 X14.575 Y119.005
M3
G0 X16.907 Y119.005
M5
G0 X16.907 Y118.422
M3
G0 X14.575 Y118.422
M5
G0 X14.575 Y117.839
M3
G0 X16.907 Y117.839
M5
G0 X16.907 Y117.256
M3
G0 X14.575 Y117.256
M5
G0 X14.575 Y116.673
M3
G0 X16.907 Y116.673
M5
G0 X16.907 Y116.090
M3
G0 X14.575 Y116.090
M5
G0 X14.575 Y115.507
M3
G0 X16.907 Y115.507
M5
G0 X16.907 Y114.924
M3
G0 X14.575 Y114.924
M5
G0 X14.575 Y114.341
M3
G0 X16.907 Y114.341
M5
G0 X16.907 Y113.758
M3
G0 X14.575 Y113.758
M5
G0 X14.648 Y113.685
M3
G0 X14.648 Y110.187
M5
G0 X14.575 Y109.677
M3
G0 X16.907 Y109.677
M5
G0 X16.907 Y110.260
M3
G0 X13.992 Y110.260
M5
G0 X13.992 Y110.843
M3
G0 X16.907 Y110.843
M5
G0 X16.907 Y111.426
M3
G0 X13.992 Y111.426
M5
G0 X13.773 Y111.936
M3
G0 X13.773 Y244.860
M5
G0 X13.628 Y244.860
M3
G0 X13.628 Y0.000
M5
G0 X13.482 Y0.000
M3
G0 X13.482 Y2.332
M5
G0 X11.660 Y2.405
M3
G0 X19.822 Y2.405
M5
G0 X19.822 Y1.822
M3
G0 X8.162 Y1.822
M5
G0 X8.162 Y2.405
M3
G0 X11.077 Y2.405
M5
G0 X11.077 Y2.988
M3
G0 X8.162 Y2.988
M5
G0 X8.162 Y3.571
M3
G0 X19.822 Y3.571
M5
G0 X19.822 Y2.988
M3
G0 X11.660 Y2.988
M5
G0 X12.316 Y4.081
M3
G0 X12.316 Y0.583
M5
G0 X12.462 Y0.000
M3
G0 X12.462 Y244.860
M5
G0 X12.316 Y244.860
M3
G0 X12.316 Y244.277
M5
G0 X12.243 Y244.350
M3
G0 X26.235 Y244.350
M5
G0 X26.454 Y244.860
M3
G0 X26.454 Y0.000
M5
G0 X26.599 Y0.000
M3
G0 X26.599 Y190.058
M5
G0 X26.818 Y190.131
M3
G0 X68.211 Y190.131
M5
G0 X68.211 Y189.985
M3
G0 X67.628 Y189.985
M5
G0 X67.628 Y190.568
M3
G0 X68.211 Y190.568
M5
G0 X67.992 Y190.641
M3
G0 X67.992 Y146.916
M5
G0 X67.409 Y146.916
M3
G0 X67.409 Y193.556
M5
G0 X67.628 Y193.483
M3
G0 X68.211 Y193.483
M5
G0 X68.284 Y193.556
M3
G0 X68.284 Y192.973
M5
G0 X68.211 Y192.900
M3
G0 X67.628 Y192.900
M5
G0 X67.628 Y193.046
M3
G0 X74.624 Y193.046
M5
G0 X75.207 Y193.046
M3
G0 X75.790 Y193.046
M5
G0 X75.790 Y192.463
M3
G0 X75.207 Y192.463
M5
G0 X74.624 Y191.297
M3
G0 X69.960 Y191.297
M5
G0 X70.033 Y191.807
M3
G0 X70.033 Y190.641
M5
G0 X69.960 Y190.568
M3
G0 X68.794 Y190.568
M5
G0 X68.867 Y190.641
M3
G0 X68.867 Y190.058
M5
G0 X68.794 Y190.131
M3
G0 X69.960 Y190.131
M5
G0 X70.179 Y190.058
M3
G0 X70.179 Y244.860
M5
G0 X70.324 Y244.860
M3
G0 X70.324 Y190.058
M5
G0 X69.960 Y189.839
M3
G0 X1.749 Y189.839
M5
G0 X1.822 Y190.058
M3
G0 X1.822 Y192.973
M5
G0 X2.915 Y193.046
M3
G0 X0.583 Y193.046
M5
G0 X0.656 Y192.973
M3
G0 X0.656 Y198.220
M5
G0 X0.000 Y198.293
M3
G0 X1.749 Y198.293
M5
G0 X1.749 Y197.710
M3
G0 X0.000 Y197.710
M5
G0 X0.000 Y197.856
M3
G0 X137.588 Y197.856
M5
G0 X137.588 Y198.001
M3
G0 X62.381 Y198.001
M5
G0 X62.454 Y197.637
M3
G0 X62.454 Y171.402
M5
G0 X61.871 Y171.402
M3
G0 X61.871 Y196.471
M5
G0 X61.798 Y196.398
M3
G0 X62.964 Y196.398
M5
G0 X62.964 Y195.815
M3
G0 X63.547 Y195.815
M5
G0 X63.620 Y195.305
M3
G0 X63.620 Y223.289
M5
G0 X63.037 Y223.289
M3
G0 X63.037 Y171.402
M5
G0 X63.620 Y171.402
M3
G0 X63.620 Y194.139
M5
G0 X64.130 Y194.212
M3
G0 X22.154 Y194.212
M5
G0 X22.154 Y194.795
M3
G0 X63.547 Y194.795
M5
G0 X64.130 Y195.086
M3
G0 X0.000 Y195.086
M5
G0 X0.000 Y194.941
M3
G0 X137.588 Y194.941
M5
G0 X137.588 Y195.086
M3
G0 X64.713 Y195.086
M5
G0 X64.786 Y194.722
M3
G0 X64.786 Y193.556
M5
G0 X64.713 Y193.046
M3
G0 X27.984 Y193.046
M5
G0 X28.057 Y193.556
M3
G0 X28.057 Y183.645
M5
G0 X28.057 Y182.479
M3
G0 X28.057 Y53.636
M5
G0 X28.567 Y53.563
M3
G0 X29.150 Y53.563
M5
G0 X29.150 Y52.980
M3
G0 X28.567 Y52.980
M5
G0 X28.567 Y52.397
M3
G0 X29.150 Y52.397
M5
G0 X29.150 Y51.814
M3
G0 X28.567 Y51.814
M5
G0 X28.567 Y51.231
M3
G0 X29.150 Y51.231
M5
G0 X29.150 Y50.648
M3
G0 X28.567 Y50.648
M5
G0 X28.567 Y50.065
M3
G0 X29.150 Y50.065
M5
G0 X26.891 Y51.304
M3
G0 X26.891 Y55.385
M5
G0 X26.891 Y55.968
M3
G0 X26.891 Y60.632
M5
G0 X26.891 Y61.215
M3
G0 X26.891 Y62.964
M5
G0 X27.474 Y62.964
M3
G0 X27.474 Y61.215
M5
G0 X27.474 Y60.632
M3
G0 X27.474 Y55.968
M5
G0 X28.567 Y55.895
M3
G0 X29.733 Y55.895
M5
G0 X29.733 Y55.312
M3
G0 X28.567 Y55.312
M5
G0 X28.567 Y54.729
M3
G0 X29.733 Y54.729
M5
G0 X29.733 Y54.146
M3
G0 X28.567 Y54.146
M5
G0 X27.474 Y54.219
M3
G0 X27.474 Y54.802
M5
G0 X25.725 Y54.219
M3
G0 X25.725 Y86.284
M5
G0 X24.559 Y86.867
M3
G0 X24.559 Y65.296
M5
G0 X24.486 Y65.369
M3
G0 X37.312 Y65.369
M5
G0 X37.312 Y64.786
M3
G0 X24.486 Y64.786
M5
G0 X24.559 Y64.713
M3
G0 X24.559 Y63.547
M5
G0 X24.486 Y63.620
M3
G0 X37.312 Y63.620
M5
G0 X37.312 Y64.203
M3
G0 X24.486 Y64.203
M5
G0 X23.903 Y64.203
M3
G0 X23.320 Y64.203
M5
G0 X23.320 Y64.786
M3
G0 X20.988 Y64.786
M5
G0 X21.061 Y65.296
M3
G0 X21.061 Y80.454
M5
G0 X20.988 Y80.527
M3
G0 X21.571 Y80.527
M5
G0 X21.571 Y79.944
M3
G0 X20.988 Y79.944
M5
G0 X21.571 Y79.361
M3
G0 X20.405 Y79.361
M5
G0 X20.186 Y79.288
M3
G0 X20.186 Y81.620
M5
G0 X20.405 Y81.693
M3
G0 X21.571 Y81.693
M5
G0 X21.061 Y81.620
M3
G0 X21.061 Y85.118
M5
G0 X21.571 Y85.191
M3
G0 X20.405 Y85.191
M5
G0 X20.186 Y85.118
M3
G0 X20.186 Y83.952
M5
G0 X20.405 Y84.025
M3
G0 X21.571 Y84.025
M5
G0 X21.571 Y83.442
M3
G0 X20.405 Y83.442
M5
G0 X20.405 Y82.859
M3
G0 X21.571 Y82.859
M5
G0 X21.571 Y82.276
M3
G0 X20.405 Y82.276
M5
G0 X20.988 Y81.110
M3
G0 X21.571 Y81.110
M5
G0 X19.603 Y79.871
M3
G0 X19.603 Y86.867
M5
G0 X20.405 Y86.940
M3
G0 X21.571 Y86.940
M5
G0 X21.061 Y86.867
M3
G0 X21.061 Y86.284
M5
G0 X21.571 Y86.357
M3
G0 X20.405 Y86.357
M5
G0 X20.405 Y85.774
M3
G0 X21.571 Y85.774
M5
G0 X21.571 Y84.608
M3
G0 X20.405 Y84.608
M5
G0 X18.437 Y83.952
M3
G0 X18.437 Y0.000
M5
G0 X18.292 Y0.000
M3
G0 X18.292 Y244.860
M5
G0 X18.437 Y244.860
M3
G0 X18.437 Y159.742
M5
G0 X17.490 Y159.815
M3
G0 X14.575 Y159.815
M5
G0 X14.575 Y159.232
M3
G0 X17.490 Y159.232
M5
G0 X17.490 Y158.649
M3
G0 X14.575 Y158.649
M5
G0 X14.575 Y158.066
M3
G0 X17.490 Y158.066
M5
G0 X17.490 Y157.483
M3
G0 X14.575 Y157.483
M5
G0 X14.575 Y156.900
M3
G0 X17.490 Y156.900
M5
G0 X17.854 Y156.827
M3
G0 X17.854 Y169.653
M5
G0 X17.490 Y169.726
M3
G0 X11.077 Y169.726
M5
G0 X11.077 Y169.143
M3
G0 X17.490 Y169.143
M5
G0 X17.490 Y168.560
M3
G0 X11.077 Y168.560
M5
G0 X11.150 Y168.487
M3
G0 X11.150 Y166.155
M5
G0 X10.494 Y166.228
M3
G0 X12.243 Y166.228
M5
G0 X12.607 Y166.155
M3
G0 X12.607 Y190.058
M5
G0 X12.826 Y190.131
M3
G0 X18.656 Y190.131
M5
G0 X19.239 Y190.131
M3
G0 X21.571 Y190.131
M5
G0 X21.571 Y190.714
M3
G0 X19.822 Y190.714
M5
G0 X19.895 Y190.641
M3
G0 X19.895 Y177.815
M5
G0 X20.405 Y177.742
M3
G0 X21.571 Y177.742
M5
G0 X21.571 Y177.159
M3
G0 X20.988 Y177.159
M5
G0 X21.571 Y176.576
M3
G0 X20.405 Y176.576
M5
G0 X19.312 Y176.649
M3
G0 X19.312 Y166.155
M5
G0 X19.239 Y166.228
M3
G0 X77.539 Y166.228
M5
G0 X77.612 Y164.989
M3
G0 X77.612 Y106.689
M5
G0 X77.539 Y107.199
M3
G0 X76.373 Y107.199
M5
G0 X76.446 Y107.272
M3
G0 X76.446 Y73.458
M5
G0 X75.863 Y73.458
M3
G0 X75.863 Y107.272
M5
G0 X76.154 Y107.272
M3
G0 X76.154 Y27.984
M5
G0 X76.154 Y27.401
M3
G0 X76.154 Y0.000
M5
G0 X76.009 Y0.000
M3
G0 X76.009 Y107.855
M5
G0 X75.790 Y107.636
M3
G0 X11.660 Y107.636
M5
G0 X11.660 Y107.053
M3
G0 X116.017 Y107.053
M5
G0 X116.017 Y106.470
M3
G0 X11.660 Y106.470
M5
G0 X11.660 Y105.887
M3
G0 X76.956 Y105.887
M5
G0 X76.956 Y105.596
M3
G0 X41.393 Y105.596
M5
G0 X40.591 Y104.940
M3
G0 X40.591 Y244.860
M5
G0 X40.446 Y244.860
M3
G0 X40.446 Y0.000
M5
G0 X40.008 Y0.000
M3
G0 X40.008 Y96.778
M5
G0 X39.425 Y96.778
M3
G0 X39.425 Y97.944
M5
G0 X38.842 Y96.778
M3
G0 X38.842 Y244.860
M5
G0 X38.697 Y244.860
M3
G0 X38.697 Y0.000
M5
G0 X38.842 Y0.000
M3
G0 X38.842 Y96.195
M5
G0 X39.425 Y96.195
M3
G0 X39.425 Y0.000
M5
G0 X39.280 Y0.000
M3
G0 X39.280 Y244.860
M5
G0 X39.425 Y244.860
M3
G0 X39.425 Y102.025
M5
G0 X40.008 Y104.940
M3
G0 X40.008 Y244.860
M5
G0 X39.863 Y244.860
M3
G0 X39.863 Y0.000
M5
G0 X39.644 Y0.510
M3
G0 X39.061 Y0.510
M5
G0 X39.134 Y0.000
M3
G0 X39.134 Y22.737
M5
G0 X39.644 Y22.810
M3
G0 X38.478 Y22.810
M5
G0 X38.478 Y22.227
M3
G0 X39.644 Y22.227
M5
G0 X39.644 Y21.644
M3
G0 X38.478 Y21.644
M5
G0 X38.478 Y21.061
M3
G0 X39.644 Y21.061
M5
G0 X40.227 Y20.478
M3
G0 X38.478 Y20.478
M5
G0 X38.551 Y20.988
M3
G0 X38.551 Y92.114
M5
G0 X37.968 Y91.531
M3
G0 X37.968 Y67.628
M5
G0 X37.895 Y67.701
M3
G0 X58.883 Y67.701
M5
G0 X58.883 Y68.284
M3
G0 X37.895 Y68.284
M5
G0 X37.312 Y68.284
M3
G0 X24.486 Y68.284
M5
G0 X24.486 Y67.701
M3
G0 X37.312 Y67.701
M5
G0 X37.312 Y67.118
M3
G0 X24.486 Y67.118
M5
G0 X23.903 Y67.118
M3
G0 X23.320 Y67.118
M5
G0 X23.320 Y67.701
M3
G0 X23.903 Y67.701
M5
G0 X22.737 Y67.701
M3
G0 X20.988 Y67.701
M5
G0 X20.988 Y67.118
M3
G0 X22.737 Y67.118
M5
G0 X22.737 Y66.535
M3
G0 X20.988 Y66.535
M5
G0 X20.988 Y65.952
M3
G0 X22.737 Y65.952
M5
G0 X22.737 Y65.369
M3
G0 X20.988 Y65.369
M5
G0 X20.769 Y65.296
M3
G0 X20.769 Y139.920
M5
G0 X20.988 Y139.410
M3
G0 X21.571 Y139.410
M5
G0 X21.571 Y138.827
M3
G0 X20.988 Y138.827
M5
G0 X20.988 Y138.244
M3
G0 X21.571 Y138.244
M5
G0 X21.571 Y137.661
M3
G0 X20.988 Y137.661
M5
G0 X20.988 Y137.078
M3
G0 X21.571 Y137.078
M5
G0 X21.571 Y136.495
M3
G0 X20.988 Y136.495
M5
G0 X20.988 Y135.912
M3
G0 X21.571 Y135.912
M5
G0 X21.571 Y135.329
M3
G0 X20.988 Y135.329
M5
G0 X20.988 Y134.746
M3
G0 X21.571 Y134.746
M5
G0 X21.571 Y134.163
M3
G0 X20.988 Y134.163
M5
G0 X20.988 Y133.580
M3
G0 X21.571 Y133.580
M5
G0 X21.571 Y132.997
M3
G0 X20.988 Y132.997
M5
G0 X20.988 Y132.414
M3
G0 X21.571 Y132.414
M5
G0 X21.571 Y131.831
M3
G0 X20.988 Y131.831
M5
G0 X20.988 Y131.248
M3
G0 X22.154 Y131.248
M5
G0 X20.988 Y130.665
M3
G0 X23.320 Y130.665
M5
G0 X23.320 Y130.082
M3
G0 X20.988 Y130.082
M5
G0 X20.988 Y129.499
M3
G0 X23.320 Y129.499
M5
G0 X23.320 Y128.916
M3
G0 X20.988 Y128.916
M5
G0 X20.988 Y128.333
M3
G0 X23.320 Y128.333
M5
G0 X23.320 Y127.750
M3
G0 X20.988 Y127.750
M5
G0 X20.988 Y127.167
M3
G0 X23.320 Y127.167
M5
G0 X23.320 Y126.584
M3
G0 X20.988 Y126.584
M5
G0 X20.988 Y126.001
M3
G0 X23.320 Y126.001
M5
G0 X22.737 Y125.418
M3
G0 X20.988 Y125.418
M5
G0 X20.988 Y124.835
M3
G0 X22.737 Y124.835
M5
G0 X22.737 Y124.252
M3
G0 X20.988 Y124.252
M5
G0 X20.988 Y123.669
M3
G0 X22.737 Y123.669
M5
G0 X22.737 Y123.086
M3
G0 X20.988 Y123.086
M5
G0 X20.988 Y122.503
M3
G0 X22.737 Y122.503
M5
G0 X24.559 Y125.928
M3
G0 X24.559 Y89.199
M5
G0 X23.903 Y89.272
M3
G0 X43.142 Y89.272
M5
G0 X42.632 Y88.616
M3
G0 X42.632 Y51.304
M5
G0 X42.559 Y51.377
M3
G0 X81.037 Y51.377
M5
G0 X81.401 Y51.304
M3
G0 X81.401 Y164.989
M5
G0 X81.984 Y164.406
M3
G0 X81.984 Y52.470
M5
G0 X81.620 Y52.543
M3
G0 X41.976 Y52.543
M5
G0 X42.049 Y53.053
M3
G0 X42.049 Y88.616
M5
G0 X42.559 Y88.543
M3
G0 X33.814 Y88.543
M5
G0 X33.231 Y88.543
M3
G0 X30.899 Y88.543
M5
G0 X30.316 Y88.543
M3
G0 X29.733 Y88.543
M5
G0 X29.733 Y89.126
M3
G0 X30.316 Y89.126
M5
G0 X30.899 Y89.126
M3
G0 X33.231 Y89.126
M5
G0 X33.231 Y89.709
M3
G0 X30.899 Y89.709
M5
G0 X30.316 Y89.709
M3
G0 X29.733 Y89.709
M5
G0 X29.733 Y90.292
M3
G0 X30.316 Y90.292
M5
G0 X30.899 Y90.292
M3
G0 X33.231 Y90.292
M5
G0 X32.575 Y90.365
M3
G0 X32.575 Y89.199
M5
G0 X32.575 Y88.616
M3
G0 X32.575 Y85.701
M5
G0 X30.899 Y85.628
M3
G0 X42.559 Y85.628
M5
G0 X42.486 Y85.118
M3
G0 X42.486 Y84.535
M5
G0 X42.486 Y83.952
M3
G0 X42.486 Y78.122
M5
G0 X41.903 Y78.705
M3
G0 X41.903 Y81.037
M5
G0 X41.903 Y82.203
M3
G0 X41.903 Y85.118
M5
G0 X41.320 Y85.118
M3
G0 X41.320 Y83.369
M5
G0 X41.320 Y82.203
M3
G0 X41.320 Y79.288
M5
G0 X40.737 Y79.871
M3
G0 X40.737 Y86.867
M5
G0 X41.976 Y86.794
M3
G0 X30.899 Y86.794
M5
G0 X30.899 Y86.211
M3
G0 X42.559 Y86.211
M5
G0 X43.142 Y86.211
M3
G0 X45.474 Y86.211
M5
G0 X45.401 Y86.284
M3
G0 X45.401 Y82.786
M5
G0 X46.567 Y82.786
M3
G0 X46.567 Y85.118
M5
G0 X46.640 Y85.045
M3
G0 X30.899 Y85.045
M5
G0 X30.899 Y84.462
M3
G0 X43.142 Y84.462
M5
G0 X43.142 Y85.628
M3
G0 X46.057 Y85.628
M5
G0 X46.130 Y85.701
M3
G0 X46.130 Y46.057
M5
G0 X45.474 Y46.130
M3
G0 X77.539 Y46.130
M5
G0 X77.612 Y46.640
M3
G0 X77.612 Y52.470
M5
G0 X78.195 Y53.053
M3
G0 X78.195 Y47.806
M5
G0 X78.705 Y47.296
M3
G0 X43.142 Y47.296
M5
G0 X43.142 Y47.150
M3
G0 X44.308 Y47.150
M5
G0 X44.308 Y47.733
M3
G0 X43.142 Y47.733
M5
G0 X43.142 Y47.879
M3
G0 X79.288 Y47.879
M5
G0 X79.069 Y47.806
M3
G0 X79.069 Y103.191
M5
G0 X79.288 Y103.118
M3
G0 X81.037 Y103.118
M5
G0 X81.620 Y104.284
M3
G0 X79.288 Y104.284
M5
G0 X78.778 Y104.357
M3
G0 X78.778 Y153.329
M5
G0 X78.195 Y153.912
M3
G0 X78.195 Y104.357
M5
G0 X78.122 Y104.284
M3
G0 X75.790 Y104.284
M5
G0 X75.790 Y103.701
M3
G0 X76.373 Y103.701
M5
G0 X76.956 Y103.701
M3
G0 X77.539 Y103.701
M5
G0 X78.122 Y103.847
M3
G0 X44.308 Y103.847
M5
G0 X44.891 Y103.264
M3
G0 X78.122 Y103.264
M5
G0 X78.195 Y103.191
M3
G0 X78.195 Y74.624
M5
G0 X78.778 Y74.624
M3
G0 X78.778 Y102.608
M5
G0 X78.486 Y103.191
M3
G0 X78.486 Y46.640
M5
G0 X78.122 Y46.713
M3
G0 X43.142 Y46.713
M5
G0 X43.142 Y46.567
M3
G0 X44.308 Y46.567
M5
G0 X44.308 Y45.984
M3
G0 X43.142 Y45.984
M5
G0 X43.142 Y46.130
M3
G0 X44.891 Y46.130
M5
G0 X44.891 Y45.547
M3
G0 X43.142 Y45.547
M5
G0 X43.142 Y45.401
M3
G0 X44.308 Y45.401
M5
G0 X44.381 Y44.891
M3
G0 X44.381 Y0.000
M5
G0 X44.527 Y0.000
M3
G0 X44.527 Y244.860
M5
G0 X44.672 Y244.860
M3
G0 X44.672 Y141.669
M5
G0 X44.891 Y141.450
M3
G0 X46.640 Y141.450
M5
G0 X46.640 Y141.159
M3
G0 X45.474 Y141.159
M5
G0 X45.547 Y141.086
M3
G0 X45.547 Y139.920
M5
G0 X45.401 Y139.920
M3
G0 X45.401 Y140.503
M5
G0 X45.474 Y141.013
M3
G0 X46.057 Y141.013
M5
G0 X45.255 Y141.086
M3
G0 X45.255 Y139.337
M5
G0 X45.474 Y139.410
M3
G0 X43.725 Y139.410
M5
G0 X43.725 Y139.264
M3
G0 X44.308 Y139.264
M5
G0 X44.381 Y139.337
M3
G0 X44.381 Y140.503
M5
G0 X44.308 Y140.867
M3
G0 X63.547 Y140.867
M5
G0 X63.328 Y141.086
M3
G0 X63.328 Y244.860
M5
G0 X63.183 Y244.860
M3
G0 X63.183 Y0.000
M5
G0 X63.328 Y0.000
M3
G0 X63.328 Y75.790
M5
G0 X63.328 Y76.373
M3
G0 X63.328 Y79.871
M5
G0 X63.328 Y80.454
M3
G0 X63.328 Y82.203
M5
G0 X62.745 Y82.203
M3
G0 X62.745 Y79.871
M5
G0 X62.745 Y79.288
M3
G0 X62.745 Y76.373
M5
G0 X62.964 Y76.446
M3
G0 X61.798 Y76.446
M5
G0 X61.798 Y76.154
M3
G0 X111.353 Y76.154
M5
G0 X111.353 Y75.571
M3
G0 X62.381 Y75.571
M5
G0 X62.162 Y76.373
M3
G0 X62.162 Y77.539
M5
G0 X62.381 Y77.029
M3
G0 X62.964 Y77.029
M5
G0 X63.911 Y76.956
M3
G0 X63.911 Y79.871
M5
G0 X64.494 Y79.871
M3
G0 X64.494 Y75.207
M5
G0 X63.911 Y75.790
M3
G0 X63.911 Y0.000
M5
G0 X63.766 Y0.000
M3
G0 X63.766 Y127.677
M5
G0 X63.547 Y127.750
M3
G0 X62.381 Y127.750
M5
G0 X62.381 Y127.604
M3
G0 X62.964 Y127.604
M5
G0 X63.037 Y127.677
M3
G0 X63.037 Y123.596
M5
G0 X62.964 Y123.669
M3
G0 X64.130 Y123.669
M5
G0 X64.130 Y123.523
M3
G0 X63.547 Y123.523
M5
G0 X63.547 Y123.086
M3
G0 X64.130 Y123.086
M5
G0 X64.130 Y122.940
M3
G0 X63.547 Y122.940
M5
G0 X63.547 Y122.503
M3
G0 X64.713 Y122.503
M5
G0 X64.713 Y122.649
M3
G0 X0.000 Y122.649
M5
G0 X0.000 Y122.794
M3
G0 X8.745 Y122.794
M5
G0 X9.547 Y123.013
M3
G0 X9.547 Y121.264
M5
G0 X9.547 Y120.681
M3
G0 X9.547 Y118.932
M5
G0 X9.547 Y118.349
M3
G0 X9.547 Y113.102
M5
G0 X9.547 Y112.519
M3
G0 X9.547 Y0.000
M5
G0 X9.401 Y0.000
M3
G0 X9.401 Y45.474
M5
G0 X9.328 Y45.547
M3
G0 X18.656 Y45.547
M5
G0 X18.656 Y44.964
M3
G0 X19.239 Y44.964
M5
G0 X19.239 Y44.381
M3
G0 X18.656 Y44.381
M5
G0 X18.073 Y44.381
M3
G0 X13.992 Y44.381
M5
G0 X14.065 Y44.308
M3
G0 X14.065 Y46.640
M5
G0 X13.482 Y46.640
M3
G0 X13.482 Y47.223
M5
G0 X13.482 Y47.806
M3
G0 X13.482 Y48.389
M5
G0 X12.899 Y48.389
M3
G0 X12.899 Y47.806
M5
G0 X12.899 Y47.223
M3
G0 X12.899 Y46.640
M5
G0 X13.482 Y46.057
M3
G0 X13.482 Y45.474
M5
G0 X12.899 Y45.474
M3
G0 X12.899 Y44.891
M5
G0 X12.243 Y44.964
M3
G0 X18.073 Y44.964
M5
G0 X17.563 Y45.474
M3
G0 X17.563 Y46.057
M5
G0 X18.656 Y46.130
M3
G0 X9.911 Y46.130
M5
G0 X9.984 Y46.057
M3
G0 X9.984 Y36.729
M5
G0 X9.911 Y36.656
M3
G0 X9.328 Y36.656
M5
G0 X9.328 Y36.802
M3
G0 X18.073 Y36.802
M5
G0 X17.563 Y36.729
M3
G0 X17.563 Y37.312
M5
G0 X18.656 Y37.385
M3
G0 X13.409 Y37.385
M5
G0 X13.482 Y37.895
M3
G0 X13.482 Y40.227
M5
G0 X12.899 Y39.644
M3
G0 X12.899 Y37.895
M5
G0 X12.826 Y37.385
M3
G0 X9.328 Y37.385
M5
G0 X9.328 Y37.239
M3
G0 X9.911 Y37.239
M5
G0 X9.911 Y37.822
M3
G0 X9.328 Y37.822
M5
G0 X9.328 Y37.968
M3
G0 X18.656 Y37.968
M5
G0 X17.490 Y38.551
M3
G0 X9.328 Y38.551
M5
G0 X9.328 Y38.405
M3
G0 X9.911 Y38.405
M5
G0 X9.911 Y38.988
M3
G0 X9.328 Y38.988
M5
G0 X9.328 Y39.134
M3
G0 X17.490 Y39.134
M5
G0 X16.397 Y39.061
M3
G0 X16.397 Y41.393
M5
G0 X15.814 Y41.393
M3
G0 X15.814 Y37.312
M5
G0 X16.397 Y36.146
M3
G0 X16.397 Y0.000
M5
G0 X16.251 Y0.000
M3
G0 X16.251 Y17.490
M5
G0 X15.741 Y17.417
M3
G0 X16.907 Y17.417
M5
G0 X16.907 Y18.000
M3
G0 X15.741 Y18.000
M5
G0 X16.251 Y18.073
M3
G0 X16.251 Y18.656
M5
G0 X15.741 Y18.583
M3
G0 X16.907 Y18.583
M5
G0 X16.907 Y19.166
M3
G0 X15.741 Y19.166
M5
G0 X15.741 Y19.749
M3
G0 X16.907 Y19.749
M5
G0 X16.907 Y20.332
M3
G0 X15.741 Y20.332
M5
G0 X15.741 Y20.915
M3
G0 X16.907 Y20.915
M5
G0 X16.907 Y21.498
M3
G0 X16.324 Y21.498
M5
G0 X16.834 Y21.571
M3
G0 X16.834 Y22.737
M5
G0 X16.907 Y22.664
M3
G0 X16.324 Y22.664
M5
G0 X16.324 Y23.247
M3
G0 X16.907 Y23.247
M5
G0 X16.907 Y23.830
M3
G0 X16.324 Y23.830
M5
G0 X16.834 Y23.903
M3
G0 X16.834 Y26.235
M5
G0 X16.907 Y26.162
M3
G0 X16.324 Y26.162
M5
G0 X16.324 Y25.579
M3
G0 X16.907 Y25.579
M5
G0 X16.907 Y24.996
M3
G0 X16.324 Y24.996
M5
G0 X16.324 Y24.413
M3
G0 X16.907 Y24.413
M5
G0 X18.656 Y24.559
M3
G0 X8.745 Y24.559
M5
G0 X8.745 Y24.850
M3
G0 X49.555 Y24.850
M5
G0 X49.555 Y24.267
M3
G0 X0.000 Y24.267
M5
G0 X0.000 Y24.122
M3
G0 X137.588 Y24.122
M5
G0 X137.588 Y24.267
M3
G0 X89.199 Y24.267
M5
G0 X89.199 Y23.684
M3
G0 X137.588 Y23.684
M5
G0 X137.588 Y23.539
M3
G0 X0.000 Y23.539
M5
G0 X0.000 Y23.684
M3
G0 X5.247 Y23.684
M5
G0 X5.830 Y23.684
M3
G0 X49.555 Y23.684
M5
G0 X49.555 Y23.101
M3
G0 X41.976 Y23.101
M5
G0 X41.393 Y23.101
M3
G0 X8.745 Y23.101
M5
G0 X8.745 Y22.810
M3
G0 X12.826 Y22.810
M5
G0 X13.409 Y22.810
M3
G0 X19.822 Y22.810
M5
G0 X19.822 Y22.227
M3
G0 X13.409 Y22.227
M5
G0 X13.482 Y22.154
M3
G0 X13.482 Y17.490
M5
G0 X13.482 Y16.907
M3
G0 X13.482 Y15.741
M5
G0 X12.899 Y16.324
M3
G0 X12.899 Y21.571
M5
G0 X12.826 Y21.644
M3
G0 X19.822 Y21.644
M5
G0 X19.822 Y21.061
M3
G0 X8.745 Y21.061
M5
G0 X8.745 Y21.352
M3
G0 X49.555 Y21.352
M5
G0 X49.555 Y21.935
M3
G0 X8.745 Y21.935
M5
G0 X8.745 Y22.227
M3
G0 X12.243 Y22.227
M5
G0 X11.660 Y23.247
M3
G0 X9.328 Y23.247
M5
G0 X9.328 Y23.830
M3
G0 X11.660 Y23.830
M5
G0 X11.660 Y24.413
M3
G0 X9.328 Y24.413
M5
G0 X9.838 Y24.486
M3
G0 X9.838 Y22.737
M5
G0 X10.421 Y23.320
M3
G0 X10.421 Y29.150
M5
G0 X11.004 Y28.567
M3
G0 X11.004 Y23.903
M5
G0 X11.587 Y25.069
M3
G0 X11.587 Y27.984
M5
G0 X12.170 Y27.984
M3
G0 X12.170 Y26.235
M5
G0 X12.243 Y26.162
M3
G0 X9.328 Y26.162
M5
G0 X9.328 Y25.579
M3
G0 X12.243 Y25.579
M5
G0 X12.243 Y24.996
M3
G0 X9.328 Y24.996
M5
G0 X8.745 Y25.142
M3
G0 X18.656 Y25.142
M5
G0 X18.656 Y25.725
M3
G0 X8.745 Y25.725
M5
G0 X8.745 Y25.433
M3
G0 X49.555 Y25.433
M5
G0 X50.138 Y25.433
M3
G0 X53.053 Y25.433
M5
G0 X53.636 Y25.433
M3
G0 X55.968 Y25.433
M5
G0 X55.968 Y26.016
M3
G0 X54.219 Y26.016
M5
G0 X54.219 Y26.599
M3
G0 X55.968 Y26.599
M5
G0 X55.968 Y27.182
M3
G0 X54.219 Y27.182
M5
G0 X54.219 Y27.765
M3
G0 X55.968 Y27.765
M5
G0 X55.385 Y28.348
M3
G0 X54.219 Y28.348
M5
G0 X54.219 Y28.931
M3
G0 X55.385 Y28.931
M5
G0 X55.385 Y29.514
M3
G0 X54.219 Y29.514
M5
G0 X54.219 Y30.097
M3
G0 X55.385 Y30.097
M5
G0 X55.385 Y30.680
M3
G0 X54.219 Y30.680
M5
G0 X54.219 Y31.263
M3
G0 X55.385 Y31.263
M5
G0 X55.385 Y31.846
M3
G0 X54.219 Y31.846
M5
G0 X54.219 Y32.429
M3
G0 X55.385 Y32.429
M5
G0 X55.385 Y33.012
M3
G0 X54.219 Y33.012
M5
G0 X54.583 Y33.231
M3
G0 X54.583 Y0.000
M5
G0 X54.438 Y0.000
M3
G0 X54.438 Y244.860
M5
G0 X54.583 Y244.860
M3
G0 X54.583 Y140.503
M5
G0 X54.802 Y140.576
M3
G0 X57.134 Y140.576
M5
G0 X57.134 Y139.993
M3
G0 X55.385 Y139.993
M5
G0 X55.458 Y139.920
M3
G0 X55.458 Y141.086
M5
G0 X55.385 Y141.596
M3
G0 X54.802 Y141.596
M5
G0 X54.292 Y141.669
M3
G0 X54.292 Y142.252
M5
G0 X54.802 Y142.325
M3
G0 X55.385 Y142.325
M5
G0 X54.875 Y142.252
M3
G0 X54.875 Y140.503
M5
G0 X54.583 Y139.920
M3
G0 X54.583 Y93.280
M5
G0 X54.802 Y92.770
M3
G0 X100.859 Y92.770
M5
G0 X101.442 Y93.353
M3
G0 X55.385 Y93.353
M5
G0 X55.458 Y93.280
M3
G0 X55.458 Y85.701
M5
G0 X54.875 Y85.701
M3
G0 X54.875 Y87.450
M5
G0 X55.385 Y87.377
M3
G0 X57.717 Y87.377
M5
G0 X57.134 Y87.960
M3
G0 X55.385 Y87.960
M5
G0 X54.875 Y88.033
M3
G0 X54.875 Y92.697
M5
G0 X54.583 Y92.697
M3
G0 X54.583 Y39.061
M5
G0 X54.802 Y39.134
M3
G0 X71.126 Y39.134
M5
G0 X71.709 Y39.717
M3
G0 X54.219 Y39.717
M5
G0 X54.292 Y39.644
M3
G0 X54.292 Y55.385
M5
G0 X53.709 Y55.385
M3
G0 X53.709 Y40.227
M5
G0 X53.417 Y40.227
M3
G0 X53.417 Y95.029
M5
G0 X53.636 Y95.102
M3
G0 X100.276 Y95.102
M5
G0 X100.276 Y94.519
M3
G0 X55.968 Y94.519
M5
G0 X55.749 Y95.029
M3
G0 X55.749 Y141.669
M5
G0 X55.385 Y141.742
M3
G0 X49.555 Y141.742
M5
G0 X49.336 Y141.669
M3
G0 X49.336 Y143.418
M5
G0 X49.555 Y142.908
M3
G0 X46.640 Y142.908
M5
G0 X46.421 Y142.835
M3
G0 X46.421 Y89.782
M5
G0 X46.421 Y89.199
M3
G0 X46.421 Y44.308
M5
G0 X46.640 Y44.381
M3
G0 X76.373 Y44.381
M5
G0 X76.373 Y44.964
M3
G0 X46.057 Y44.964
M5
G0 X45.474 Y44.381
M3
G0 X43.142 Y44.381
M5
G0 X43.142 Y44.235
M3
G0 X44.308 Y44.235
M5
G0 X44.308 Y43.652
M3
G0 X43.725 Y43.652
M5
G0 X43.142 Y43.798
M3
G0 X45.474 Y43.798
M5
G0 X44.891 Y43.215
M3
G0 X43.142 Y43.215
M5
G0 X43.142 Y42.632
M3
G0 X45.474 Y42.632
M5
G0 X45.838 Y42.559
M3
G0 X45.838 Y138.754
M5
G0 X46.057 Y138.827
M3
G0 X46.640 Y138.827
M5
G0 X46.713 Y139.337
M3
G0 X46.713 Y140.503
M5
G0 X46.640 Y139.993
M3
G0 X54.219 Y139.993
M5
G0 X53.709 Y139.920
M3
G0 X53.709 Y138.754
M5
G0 X53.636 Y138.244
M3
G0 X55.385 Y138.244
M5
G0 X55.385 Y137.661
M3
G0 X54.219 Y137.661
M5
G0 X54.292 Y138.171
M3
G0 X54.292 Y139.337
M5
G0 X54.219 Y139.410
M3
G0 X50.721 Y139.410
M5
G0 X51.085 Y139.337
M3
G0 X51.085 Y141.086
M5
G0 X50.794 Y140.503
M3
G0 X50.794 Y139.920
M5
G0 X50.211 Y139.920
M3
G0 X50.211 Y140.503
M5
G0 X49.628 Y140.503
M3
G0 X49.628 Y139.920
M5
G0 X49.555 Y140.430
M3
G0 X51.887 Y140.430
M5
G0 X51.960 Y140.503
M3
G0 X51.960 Y139.337
M5
G0 X51.668 Y139.337
M3
G0 X51.668 Y142.835
M5
G0 X52.251 Y142.835
M3
G0 X52.251 Y141.086
M5
G0 X52.470 Y141.159
M3
G0 X55.968 Y141.159
M5
G0 X56.551 Y141.159
M3
G0 X57.134 Y141.159
M5
G0 X57.134 Y141.596
M3
G0 X56.551 Y141.596
M5
G0 X56.551 Y141.742
M3
G0 X57.134 Y141.742
M5
G0 X57.134 Y142.179
M3
G0 X56.551 Y142.179
M5
G0 X56.551 Y142.325
M3
G0 X57.134 Y142.325
M5
G0 X57.717 Y142.325
M3
G0 X59.466 Y142.325
M5
G0 X59.830 Y142.252
M3
G0 X59.830 Y127.094
M5
G0 X60.049 Y127.021
M3
G0 X60.632 Y127.021
M5
G0 X60.705 Y127.094
M3
G0 X60.705 Y124.179
M5
G0 X60.632 Y124.689
M3
G0 X61.215 Y124.689
M5
G0 X61.288 Y124.179
M3
G0 X61.288 Y125.345
M5
G0 X61.215 Y125.418
M3
G0 X60.632 Y125.418
M5
G0 X60.632 Y125.272
M3
G0 X61.215 Y125.272
M5
G0 X61.215 Y125.855
M3
G0 X60.632 Y125.855
M5
G0 X60.413 Y125.928
M3
G0 X60.413 Y144.001
M5
G0 X60.632 Y144.074
M3
G0 X61.798 Y144.074
M5
G0 X61.288 Y144.001
M3
G0 X61.288 Y146.333
M5
G0 X61.798 Y146.260
M3
G0 X60.632 Y146.260
M5
G0 X60.705 Y146.333
M3
G0 X60.705 Y142.252
M5
G0 X60.632 Y142.179
M3
G0 X60.049 Y142.179
M5
G0 X60.049 Y142.325
M3
G0 X61.215 Y142.325
M5
G0 X61.215 Y141.742
M3
G0 X60.049 Y141.742
M5
G0 X60.049 Y141.596
M3
G0 X60.632 Y141.596
M5
G0 X60.632 Y141.159
M3
G0 X59.466 Y141.159
M5
G0 X59.247 Y141.669
M3
G0 X59.247 Y244.860
M5
G0 X59.102 Y244.860
M3
G0 X59.102 Y0.000
M5
G0 X59.247 Y0.000
M3
G0 X59.247 Y124.762
M5
G0 X58.956 Y124.762
M3
G0 X58.956 Y124.179
M5
G0 X58.883 Y123.669
M3
G0 X39.644 Y123.669
M5
G0 X39.644 Y123.086
M3
G0 X58.883 Y123.086
M5
G0 X59.466 Y123.086
M3
G0 X60.632 Y123.086
M5
G0 X60.632 Y122.503
M3
G0 X62.381 Y122.503
M5
G0 X62.162 Y123.013
M3
G0 X62.162 Y78.705
M5
G0 X61.798 Y78.778
M3
G0 X60.632 Y78.778
M5
G0 X60.413 Y79.288
M3
G0 X60.413 Y76.373
M5
G0 X60.632 Y76.154
M3
G0 X10.494 Y76.154
M5
G0 X10.494 Y75.571
M3
G0 X61.215 Y75.571
M5
G0 X60.413 Y75.207
M3
G0 X60.413 Y72.875
M5
G0 X61.579 Y72.292
M3
G0 X61.579 Y74.041
M5
G0 X62.162 Y74.624
M3
G0 X62.162 Y0.000
M5
G0 X62.017 Y0.000
M3
G0 X62.017 Y125.928
M5
G0 X61.798 Y125.709
M3
G0 X60.049 Y125.709
M5
G0 X60.049 Y126.001
M3
G0 X61.215 Y126.001
M5
G0 X61.215 Y126.292
M3
G0 X60.049 Y126.292
M5
G0 X60.122 Y126.511
M3
G0 X60.122 Y143.418
M5
G0 X60.049 Y143.491
M3
G0 X61.798 Y143.491
M5
G0 X62.381 Y143.491
M3
G0 X64.130 Y143.491
M5
G0 X63.911 Y143.418
M3
G0 X63.911 Y244.860
M5
G0 X63.766 Y244.860
M3
G0 X63.766 Y131.175
M5
G0 X64.130 Y131.248
M3
G0 X65.296 Y131.248
M5
G0 X65.296 Y131.102
M3
G0 X64.713 Y131.102
M5
G0 X64.713 Y130.519
M3
G0 X65.296 Y130.519
M5
G0 X65.296 Y130.665
M3
G0 X64.130 Y130.665
M5
G0 X64.130 Y130.956
M3
G0 X65.879 Y130.956
M5
G0 X65.660 Y131.175
M3
G0 X65.660 Y123.013
M5
G0 X65.879 Y122.940
M3
G0 X66.462 Y122.940
M5
G0 X66.462 Y123.086
M3
G0 X65.879 Y123.086
M5
G0 X65.879 Y122.794
M3
G0 X67.045 Y122.794
M5
G0 X67.045 Y122.649
M3
G0 X65.296 Y122.649
M5
G0 X65.515 Y122.430
M3
G0 X65.515 Y244.860
M5
G0 X65.660 Y244.860
M3
G0 X65.660 Y193.556
M5
G0 X65.879 Y193.629
M3
G0 X27.984 Y193.629
M5
G0 X27.401 Y193.046
M3
G0 X21.571 Y193.046
M5
G0 X21.061 Y192.973
M3
G0 X21.061 Y191.224
M5
G0 X20.988 Y191.151
M3
G0 X20.405 Y191.151
M5
G0 X20.405 Y191.297
M3
G0 X21.571 Y191.297
M5
G0 X22.154 Y191.297
M3
G0 X26.818 Y191.297
M5
G0 X26.599 Y191.224
M3
G0 X26.599 Y244.860
M5
G0 X27.037 Y244.860
M3
G0 X27.037 Y0.000
M5
G0 X27.182 Y0.000
M3
G0 X27.182 Y244.860
M5
G0 X27.474 Y244.860
M3
G0 X27.474 Y216.293
M5
G0 X27.401 Y216.220
M3
G0 X26.818 Y216.220
M5
G0 X26.818 Y215.637
M3
G0 X27.401 Y215.637
M5
G0 X27.328 Y215.127
M3
G0 X27.328 Y214.544
M5
G0 X27.401 Y214.471
M3
G0 X26.818 Y214.471
M5
G0 X26.308 Y214.544
M3
G0 X26.308 Y229.702
M5
G0 X26.235 Y229.775
M3
G0 X85.701 Y229.775
M5
G0 X85.701 Y230.358
M3
G0 X26.818 Y230.358
M5
G0 X26.818 Y230.941
M3
G0 X40.810 Y230.941
M5
G0 X40.810 Y231.524
M3
G0 X26.818 Y231.524
M5
G0 X26.891 Y231.451
M3
G0 X26.891 Y219.791
M5
G0 X27.401 Y219.718
M3
G0 X31.482 Y219.718
M5
G0 X31.409 Y219.208
M3
G0 X31.409 Y220.374
M5
G0 X31.482 Y220.301
M3
G0 X28.567 Y220.301
M5
G0 X27.984 Y220.301
M3
G0 X27.401 Y220.301
M5
G0 X28.057 Y220.957
M3
G0 X28.057 Y195.888
M5
G0 X27.984 Y195.815
M3
G0 X25.652 Y195.815
M5
G0 X25.652 Y195.232
M3
G0 X27.401 Y195.232
M5
G0 X26.745 Y195.305
M3
G0 X26.745 Y195.888
M5
G0 X26.235 Y196.398
M3
G0 X27.984 Y196.398
M5
G0 X27.984 Y196.981
M3
G0 X26.235 Y196.981
M5
G0 X26.235 Y197.564
M3
G0 X27.984 Y197.564
M5
G0 X27.911 Y197.637
M3
G0 X27.911 Y197.054
M5
G0 X28.640 Y197.054
M3
G0 X28.640 Y209.880
M5
G0 X29.223 Y209.880
M3
G0 X29.223 Y37.895
M5
G0 X28.567 Y37.968
M3
G0 X30.316 Y37.968
M5
G0 X30.316 Y37.385
M3
G0 X28.567 Y37.385
M5
G0 X28.567 Y36.802
M3
G0 X30.316 Y36.802
M5
G0 X30.316 Y36.219
M3
G0 X28.567 Y36.219
M5
G0 X28.567 Y35.636
M3
G0 X30.316 Y35.636
M5
G0 X30.316 Y35.053
M3
G0 X28.567 Y35.053
M5
G0 X28.567 Y34.470
M3
G0 X30.316 Y34.470
M5
G0 X30.316 Y33.887
M3
G0 X28.567 Y33.887
M5
G0 X28.567 Y33.304
M3
G0 X30.316 Y33.304
M5
G0 X30.316 Y32.721
M3
G0 X28.567 Y32.721
M5
G0 X28.567 Y32.138
M3
G0 X30.316 Y32.138
M5
G0 X30.316 Y31.555
M3
G0 X28.567 Y31.555
M5
G0 X28.567 Y30.972
M3
G0 X30.316 Y30.972
M5
G0 X30.316 Y30.389
M3
G0 X28.567 Y30.389
M5
G0 X28.567 Y29.806
M3
G0 X30.316 Y29.806
M5
G0 X30.316 Y29.223
M3
G0 X28.567 Y29.223
M5
G0 X28.567 Y28.640
M3
G0 X30.316 Y28.640
M5
G0 X30.316 Y28.057
M3
G0 X28.567 Y28.057
M5
G0 X28.567 Y27.474
M3
G0 X30.316 Y27.474
M5
G0 X30.316 Y26.891
M3
G0 X28.567 Y26.891
M5
G0 X28.567 Y26.308
M3
G0 X30.316 Y26.308
M5
G0 X30.316 Y25.725
M3
G0 X28.567 Y25.725
M5
G0 X28.567 Y25.142
M3
G0 X30.316 Y25.142
M5
G0 X30.316 Y24.559
M3
G0 X28.567 Y24.559
M5
G0 X28.567 Y23.976
M3
G0 X30.316 Y23.976
M5
G0 X30.316 Y23.393
M3
G0 X28.567 Y23.393
M5
G0 X28.567 Y22.810
M3
G0 X30.316 Y22.810
M5
G0 X30.316 Y22.227
M3
G0 X28.567 Y22.227
M5
G0 X28.567 Y21.644
M3
G0 X30.316 Y21.644
M5
G0 X30.316 Y21.061
M3
G0 X28.567 Y21.061
M5
G0 X28.348 Y20.988
M3
G0 X28.348 Y244.860
M5
G0 X28.203 Y244.860
M3
G0 X28.203 Y0.000
M5
G0 X28.348 Y0.000
M3
G0 X28.348 Y1.166
M5
G0 X28.567 Y1.239
M3
G0 X30.899 Y1.239
M5
G0 X30.899 Y0.656
M3
G0 X28.567 Y0.656
M5
G0 X28.567 Y0.073
M3
G0 X30.899 Y0.073
M5
G0 X30.680 Y0.000
M3
G0 X30.680 Y244.860
M5
G0 X30.535 Y244.860
M3
G0 X30.535 Y0.000
M5
G0 X30.097 Y0.000
M3
G0 X30.097 Y244.860
M5
G0 X29.952 Y244.860
M3
G0 X29.952 Y0.000
M5
G0 X29.514 Y0.000
M3
G0 X29.514 Y244.860
M5
G0 X29.369 Y244.860
M3
G0 X29.369 Y0.000
M5
G0 X28.931 Y0.000
M3
G0 X28.931 Y244.860
M5
G0 X28.786 Y244.860
M3
G0 X28.786 Y0.000
M5
G0 X27.765 Y0.000
M3
G0 X27.765 Y244.860
M5
G0 X27.620 Y244.860
M3
G0 X27.620 Y0.000
M5
G0 X26.818 Y0.073
M3
G0 X25.069 Y0.073
M5
G0 X25.288 Y0.000
M3
G0 X25.288 Y244.860
M5
G0 X25.433 Y244.860
M3
G0 X25.433 Y0.000
M5
G0 X24.850 Y0.000
M3
G0 X24.850 Y244.860
M5
G0 X24.705 Y244.860
M3
G0 X24.705 Y0.000
M5
G0 X24.267 Y0.000
M3
G0 X24.267 Y23.320
M5
G0 X24.486 Y23.393
M3
G0 X26.235 Y23.393
M5
G0 X26.235 Y23.976
M3
G0 X24.486 Y23.976
M5
G0 X24.486 Y24.559
M3
G0 X26.235 Y24.559
M5
G0 X26.235 Y22.810
M3
G0 X24.486 Y22.810
M5
G0 X24.486 Y22.227
M3
G0 X26.235 Y22.227
M5
G0 X26.235 Y21.644
M3
G0 X24.486 Y21.644
M5
G0 X24.486 Y21.061
M3
G0 X26.235 Y21.061
M5
G0 X26.235 Y20.478
M3
G0 X24.486 Y20.478
M5
G0 X24.486 Y19.895
M3
G0 X26.235 Y19.895
M5
G0 X26.235 Y19.312
M3
G0 X24.486 Y19.312
M5
G0 X24.486 Y18.729
M3
G0 X26.235 Y18.729
M5
G0 X26.235 Y18.146
M3
G0 X24.486 Y18.146
M5
G0 X24.486 Y17.563
M3
G0 X26.235 Y17.563
M5
G0 X26.235 Y16.980
M3
G0 X24.486 Y16.980
M5
G0 X25.069 Y16.397
M3
G0 X26.235 Y16.397
M5
G0 X26.235 Y15.814
M3
G0 X25.069 Y15.814
M5
G0 X25.069 Y15.231
M3
G0 X26.235 Y15.231
M5
G0 X26.235 Y14.648
M3
G0 X25.069 Y14.648
M5
G0 X25.069 Y14.065
M3
G0 X26.235 Y14.065
M5
G0 X26.235 Y13.482
M3
G0 X25.069 Y13.482
M5
G0 X25.069 Y12.899
M3
G0 X26.235 Y12.899
M5
G0 X26.235 Y12.316
M3
G0 X25.069 Y12.316
M5
G0 X25.069 Y11.733
M3
G0 X26.235 Y11.733
M5
G0 X26.235 Y11.150
M3
G0 X25.069 Y11.150
M5
G0 X25.069 Y10.567
M3
G0 X26.235 Y10.567
M5
G0 X26.235 Y9.984
M3
G0 X25.069 Y9.984
M5
G0 X25.069 Y9.401
M3
G0 X26.235 Y9.401
M5
G0 X26.235 Y8.818
M3
G0 X25.069 Y8.818
M5
G0 X25.069 Y8.235
M3
G0 X26.235 Y8.235
M5
G0 X26.235 Y7.652
M3
G0 X25.069 Y7.652
M5
G0 X25.069 Y7.069
M3
G0 X26.235 Y7.069
M5
G0 X26.235 Y6.486
M3
G0 X25.069 Y6.486
M5
G0 X25.069 Y5.903
M3
G0 X26.235 Y5.903
M5
G0 X26.235 Y5.320
M3
G0 X25.069 Y5.320
M5
G0 X25.069 Y4.737
M3
G0 X26.235 Y4.737
M5
G0 X26.818 Y4.154
M3
G0 X25.069 Y4.154
M5
G0 X25.069 Y3.571
M3
G0 X26.818 Y3.571
M5
G0 X26.818 Y2.988
M3
G0 X25.069 Y2.988
M5
G0 X25.069 Y2.405
M3
G0 X26.818 Y2.405
M5
G0 X26.818 Y1.822
M3
G0 X25.069 Y1.822
M5
G0 X25.069 Y1.239
M3
G0 X26.818 Y1.239
M5
G0 X26.818 Y0.656
M3
G0 X25.069 Y0.656
M5
G0 X24.122 Y0.000
M3
G0 X24.122 Y244.860
M5
G0 X24.267 Y244.860
M3
G0 X24.267 Y220.374
M5
G0 X24.486 Y220.447
M3
G0 X57.134 Y220.447
M5
G0 X57.207 Y220.374
M3
G0 X57.207 Y219.208
M5
G0 X57.134 Y218.698
M3
G0 X61.215 Y218.698
M5
G0 X61.288 Y218.625
M3
G0 X61.288 Y217.459
M5
G0 X61.215 Y217.969
M3
G0 X62.381 Y217.969
M5
G0 X62.381 Y217.386
M3
G0 X61.798 Y217.386
M5
G0 X60.705 Y217.459
M3
G0 X60.705 Y218.625
M5
G0 X61.215 Y218.552
M3
G0 X55.968 Y218.552
M5
G0 X56.041 Y218.625
M3
G0 X56.041 Y217.459
M5
G0 X55.968 Y217.969
M3
G0 X54.802 Y217.969
M5
G0 X54.875 Y218.042
M3
G0 X54.875 Y217.459
M5
G0 X54.875 Y216.876
M3
G0 X54.875 Y215.710
M5
G0 X54.802 Y215.200
M3
G0 X24.486 Y215.200
M5
G0 X24.486 Y214.617
M3
G0 X90.948 Y214.617
M5
G0 X90.948 Y215.200
M3
G0 X60.632 Y215.200
M5
G0 X60.632 Y215.054
M3
G0 X54.802 Y215.054
M5
G0 X54.875 Y215.127
M3
G0 X54.875 Y213.961
M5
G0 X54.875 Y213.378
M3
G0 X54.875 Y212.795
M5
G0 X55.385 Y212.722
M3
G0 X55.968 Y212.722
M5
G0 X55.968 Y212.868
M3
G0 X24.486 Y212.868
M5
G0 X24.486 Y212.285
M3
G0 X55.968 Y212.285
M5
G0 X56.551 Y212.285
M3
G0 X57.134 Y212.285
M5
G0 X57.134 Y212.139
M3
G0 X56.551 Y212.139
M5
G0 X56.551 Y212.722
M3
G0 X57.134 Y212.722
M5
G0 X57.134 Y212.868
M3
G0 X56.551 Y212.868
M5
G0 X56.624 Y213.378
M3
G0 X56.624 Y211.046
M5
G0 X57.134 Y211.119
M3
G0 X32.065 Y211.119
M5
G0 X32.065 Y210.973
M3
G0 X32.648 Y210.973
M5
G0 X32.648 Y210.390
M3
G0 X32.065 Y210.390
M5
G0 X31.555 Y210.463
M3
G0 X31.555 Y188.892
M5
G0 X31.482 Y188.819
M3
G0 X29.150 Y188.819
M5
G0 X29.150 Y188.236
M3
G0 X31.482 Y188.236
M5
G0 X31.555 Y188.309
M3
G0 X31.555 Y51.304
M5
G0 X32.065 Y51.231
M3
G0 X32.648 Y51.231
M5
G0 X32.648 Y50.648
M3
G0 X32.065 Y50.648
M5
G0 X32.065 Y50.065
M3
G0 X32.648 Y50.065
M5
G0 X32.648 Y49.482
M3
G0 X32.065 Y49.482
M5
G0 X33.304 Y50.721
M3
G0 X33.304 Y79.288
M5
G0 X33.231 Y79.215
M3
G0 X31.482 Y79.215
M5
G0 X31.482 Y78.632
M3
G0 X33.231 Y78.632
M5
G0 X32.648 Y78.049
M3
G0 X31.482 Y78.049
M5
G0 X31.482 Y77.466
M3
G0 X32.648 Y77.466
M5
G0 X32.648 Y76.883
M3
G0 X31.482 Y76.883
M5
G0 X31.482 Y76.300
M3
G0 X32.648 Y76.300
M5
G0 X33.231 Y75.717
M3
G0 X31.482 Y75.717
M5
G0 X31.482 Y75.134
M3
G0 X33.231 Y75.134
M5
G0 X32.648 Y74.551
M3
G0 X31.482 Y74.551
M5
G0 X31.482 Y73.968
M3
G0 X32.648 Y73.968
M5
G0 X32.648 Y73.385
M3
G0 X31.482 Y73.385
M5
G0 X31.482 Y72.802
M3
G0 X32.648 Y72.802
M5
G0 X32.648 Y72.219
M3
G0 X31.482 Y72.219
M5
G0 X31.482 Y71.636
M3
G0 X33.231 Y71.636
M5
G0 X33.231 Y71.053
M3
G0 X31.482 Y71.053
M5
G0 X31.482 Y70.470
M3
G0 X32.648 Y70.470
M5
G0 X33.231 Y69.887
M3
G0 X31.482 Y69.887
M5
G0 X31.482 Y69.304
M3
G0 X33.231 Y69.304
M5
G0 X33.231 Y68.721
M3
G0 X31.482 Y68.721
M5
G0 X31.482 Y68.138
M3
G0 X33.231 Y68.138
M5
G0 X33.231 Y67.555
M3
G0 X31.482 Y67.555
M5
G0 X31.482 Y66.972
M3
G0 X33.231 Y66.972
M5
G0 X33.231 Y66.389
M3
G0 X31.482 Y66.389
M5
G0 X30.972 Y66.462
M3
G0 X30.972 Y195.888
M5
G0 X30.899 Y195.815
M3
G0 X29.150 Y195.815
M5
G0 X28.640 Y195.888
M3
G0 X28.640 Y192.390
M5
G0 X27.984 Y192.463
M3
G0 X65.879 Y192.463
M5
G0 X65.879 Y192.317
M3
G0 X65.296 Y192.317
M5
G0 X64.786 Y192.390
M3
G0 X64.786 Y191.807
M5
G0 X64.203 Y191.807
M3
G0 X64.203 Y192.973
M5
G0 X65.369 Y192.973
M3
G0 X65.369 Y191.224
M5
G0 X65.879 Y191.297
M3
G0 X27.401 Y191.297
M5
G0 X27.401 Y190.714
M3
G0 X66.462 Y190.714
M5
G0 X66.826 Y190.641
M3
G0 X66.826 Y144.584
M5
G0 X66.462 Y144.511
M3
G0 X65.296 Y144.511
M5
G0 X65.296 Y144.657
M3
G0 X66.462 Y144.657
M5
G0 X66.462 Y145.094
M3
G0 X65.879 Y145.094
M5
G0 X65.369 Y145.167
M3
G0 X65.369 Y142.252
M5
G0 X65.296 Y142.179
M3
G0 X64.713 Y142.179
M5
G0 X64.713 Y142.325
M3
G0 X65.879 Y142.325
M5
G0 X65.879 Y142.762
M3
G0 X64.713 Y142.762
M5
G0 X64.494 Y142.252
M3
G0 X64.494 Y129.426
M5
G0 X64.713 Y129.353
M3
G0 X65.296 Y129.353
M5
G0 X65.223 Y129.426
M3
G0 X65.223 Y131.758
M5
G0 X65.296 Y131.685
M3
G0 X64.713 Y131.685
M5
G0 X64.713 Y132.268
M3
G0 X65.296 Y132.268
M5
G0 X65.296 Y132.414
M3
G0 X64.130 Y132.414
M5
G0 X64.130 Y132.705
M3
G0 X65.296 Y132.705
M5
G0 X65.296 Y132.851
M3
G0 X64.713 Y132.851
M5
G0 X64.203 Y132.924
M3
G0 X64.203 Y140.503
M5
G0 X64.130 Y140.576
M3
G0 X65.296 Y140.576
M5
G0 X65.296 Y140.430
M3
G0 X64.713 Y140.430
M5
G0 X64.713 Y139.847
M3
G0 X64.130 Y139.847
M5
G0 X64.130 Y139.993
M3
G0 X65.296 Y139.993
M5
G0 X65.660 Y140.503
M3
G0 X65.660 Y192.973
M5
G0 X65.879 Y193.337
M3
G0 X0.000 Y193.337
M5
G0 X0.000 Y193.192
M3
G0 X137.588 Y193.192
M5
G0 X137.588 Y193.337
M3
G0 X67.045 Y193.337
M5
G0 X67.118 Y192.973
M3
G0 X67.118 Y191.807
M5
G0 X67.045 Y191.588
M3
G0 X67.628 Y191.588
M5
G0 X67.628 Y191.297
M3
G0 X67.045 Y191.297
M5
G0 X66.826 Y191.807
M3
G0 X66.826 Y192.973
M5
G0 X66.681 Y193.556
M3
G0 X66.681 Y128.843
M5
G0 X67.045 Y128.333
M3
G0 X68.211 Y128.333
M5
G0 X68.211 Y127.750
M3
G0 X67.045 Y127.750
M5
G0 X67.045 Y127.458
M3
G0 X68.211 Y127.458
M5
G0 X68.211 Y127.604
M3
G0 X67.628 Y127.604
M5
G0 X67.628 Y127.021
M3
G0 X68.211 Y127.021
M5
G0 X68.211 Y127.167
M3
G0 X67.045 Y127.167
M5
G0 X67.045 Y126.875
M3
G0 X68.794 Y126.875
M5
G0 X68.794 Y126.292
M3
G0 X67.045 Y126.292
M5
G0 X67.409 Y126.511
M3
G0 X67.409 Y143.418
M5
G0 X67.628 Y143.345
M3
G0 X68.211 Y143.345
M5
G0 X68.138 Y143.418
M3
G0 X68.138 Y142.252
M5
G0 X68.211 Y142.179
M3
G0 X67.628 Y142.179
M5
G0 X67.628 Y141.596
M3
G0 X67.045 Y141.596
M5
G0 X67.045 Y141.742
M3
G0 X68.211 Y141.742
M5
G0 X68.575 Y141.669
M3
G0 X68.575 Y188.892
M5
G0 X68.211 Y188.965
M3
G0 X26.235 Y188.965
M5
G0 X26.235 Y188.382
M3
G0 X68.794 Y188.382
M5
G0 X69.013 Y188.892
M3
G0 X69.013 Y128.843
M5
G0 X69.377 Y128.916
M3
G0 X70.543 Y128.916
M5
G0 X70.543 Y129.207
M3
G0 X69.377 Y129.207
M5
G0 X69.377 Y128.624
M3
G0 X70.543 Y128.624
M5
G0 X70.543 Y128.333
M3
G0 X69.377 Y128.333
M5
G0 X69.377 Y128.041
M3
G0 X70.543 Y128.041
M5
G0 X70.543 Y127.750
M3
G0 X69.377 Y127.750
M5
G0 X69.377 Y127.458
M3
G0 X70.543 Y127.458
M5
G0 X70.543 Y127.604
M3
G0 X69.960 Y127.604
M5
G0 X69.960 Y127.021
M3
G0 X70.543 Y127.021
M5
G0 X70.543 Y127.167
M3
G0 X69.377 Y127.167
M5
G0 X69.377 Y126.875
M3
G0 X70.543 Y126.875
M5
G0 X70.543 Y126.584
M3
G0 X69.960 Y126.584
M5
G0 X69.960 Y126.438
M3
G0 X70.543 Y126.438
M5
G0 X70.543 Y126.001
M3
G0 X69.960 Y126.001
M5
G0 X69.960 Y125.418
M3
G0 X70.543 Y125.418
M5
G0 X70.543 Y125.272
M3
G0 X69.960 Y125.272
M5
G0 X69.377 Y125.126
M3
G0 X71.126 Y125.126
M5
G0 X71.126 Y124.543
M3
G0 X69.377 Y124.543
M5
G0 X69.960 Y124.252
M3
G0 X70.543 Y124.252
M5
G0 X70.543 Y124.106
M3
G0 X69.960 Y124.106
M5
G0 X69.960 Y123.960
M3
G0 X71.126 Y123.960
M5
G0 X71.126 Y123.377
M3
G0 X69.960 Y123.377
M5
G0 X69.960 Y123.086
M3
G0 X71.126 Y123.086
M5
G0 X71.126 Y122.794
M3
G0 X69.960 Y122.794
M5
G0 X69.960 Y123.669
M3
G0 X70.543 Y123.669
M5
G0 X71.709 Y123.377
M3
G0 X73.458 Y123.377
M5
G0 X73.239 Y123.013
M3
G0 X73.239 Y113.102
M5
G0 X73.458 Y113.175
M3
G0 X74.041 Y113.175
M5
G0 X73.822 Y113.102
M3
G0 X73.822 Y117.183
M5
G0 X74.041 Y116.964
M3
G0 X72.875 Y116.964
M5
G0 X72.875 Y117.110
M3
G0 X73.458 Y117.110
M5
G0 X73.458 Y117.256
M3
G0 X72.875 Y117.256
M5
G0 X72.875 Y116.673
M3
G0 X73.458 Y116.673
M5
G0 X72.875 Y116.381
M3
G0 X74.041 Y116.381
M5
G0 X74.041 Y116.090
M3
G0 X72.875 Y116.090
M5
G0 X72.875 Y115.798
M3
G0 X137.588 Y115.798
M5
G0 X137.588 Y115.653
M3
G0 X0.000 Y115.653
M5
G0 X0.000 Y115.798
M3
G0 X6.996 Y115.798
M5
G0 X6.996 Y115.215
M3
G0 X0.000 Y115.215
M5
G0 X0.000 Y115.070
M3
G0 X137.588 Y115.070
M5
G0 X137.588 Y115.215
M3
G0 X72.875 Y115.215
M5
G0 X72.875 Y114.924
M3
G0 X74.041 Y114.924
M5
G0 X74.041 Y115.361
M3
G0 X73.458 Y115.361
M5
G0 X72.875 Y115.507
M3
G0 X74.041 Y115.507
M5
G0 X74.405 Y115.434
M3
G0 X74.405 Y113.685
M5
G0 X74.624 Y113.758
M3
G0 X92.697 Y113.758
M5
G0 X92.697 Y113.175
M3
G0 X74.624 Y113.175
M5
G0 X74.624 Y112.883
M3
G0 X116.600 Y112.883
M5
G0 X116.600 Y112.300
M3
G0 X74.624 Y112.300
M5
G0 X74.988 Y112.519
M3
G0 X74.988 Y128.843
M5
G0 X75.207 Y128.624
M3
G0 X73.458 Y128.624
M5
G0 X73.458 Y129.207
M3
G0 X75.207 Y129.207
M5
G0 X74.624 Y129.353
M3
G0 X74.041 Y129.353
M5
G0 X74.041 Y129.499
M3
G0 X74.624 Y129.499
M5
G0 X74.624 Y129.936
M3
G0 X74.041 Y129.936
M5
G0 X74.041 Y130.082
M3
G0 X74.624 Y130.082
M5
G0 X74.624 Y130.519
M3
G0 X74.041 Y130.519
M5
G0 X74.041 Y131.102
M3
G0 X74.624 Y131.102
M5
G0 X74.624 Y131.248
M3
G0 X73.458 Y131.248
M5
G0 X73.458 Y131.539
M3
G0 X96.778 Y131.539
M5
G0 X96.851 Y131.758
M3
G0 X96.851 Y132.924
M5
G0 X96.559 Y132.924
M3
G0 X96.559 Y128.260
M5
G0 X96.778 Y127.750
M3
G0 X100.859 Y127.750
M5
G0 X100.859 Y127.167
M3
G0 X102.608 Y127.167
M5
G0 X102.608 Y126.584
M3
G0 X100.859 Y126.584
M5
G0 X100.859 Y126.001
M3
G0 X102.608 Y126.001
M5
G0 X103.191 Y125.418
M3
G0 X100.859 Y125.418
M5
G0 X100.859 Y124.835
M3
G0 X102.608 Y124.835
M5
G0 X102.608 Y124.252
M3
G0 X100.276 Y124.252
M5
G0 X100.349 Y124.179
M3
G0 X100.349 Y123.596
M5
G0 X100.276 Y123.669
M3
G0 X102.025 Y123.669
M5
G0 X101.515 Y124.762
M3
G0 X101.515 Y125.345
M5
G0 X100.276 Y125.126
M3
G0 X137.588 Y125.126
M5
G0 X137.588 Y124.981
M3
G0 X0.000 Y124.981
M5
G0 X0.000 Y125.126
M3
G0 X7.579 Y125.126
M5
G0 X7.579 Y124.543
M3
G0 X0.000 Y124.543
M5
G0 X0.000 Y124.398
M3
G0 X137.588 Y124.398
M5
G0 X137.588 Y124.543
M3
G0 X100.276 Y124.543
M5
G0 X100.057 Y124.179
M3
G0 X100.057 Y105.523
M5
G0 X100.276 Y105.596
M3
G0 X102.025 Y105.596
M5
G0 X102.025 Y105.013
M3
G0 X100.276 Y105.013
M5
G0 X100.276 Y104.430
M3
G0 X102.025 Y104.430
M5
G0 X102.025 Y103.847
M3
G0 X100.276 Y103.847
M5
G0 X100.276 Y103.264
M3
G0 X102.025 Y103.264
M5
G0 X102.025 Y102.681
M3
G0 X100.276 Y102.681
M5
G0 X100.276 Y102.098
M3
G0 X102.025 Y102.098
M5
G0 X102.025 Y101.515
M3
G0 X100.276 Y101.515
M5
G0 X100.349 Y101.442
M3
G0 X100.349 Y100.276
M5
G0 X100.276 Y100.349
M3
G0 X101.442 Y100.349
M5
G0 X101.442 Y99.766
M3
G0 X100.276 Y99.766
M5
G0 X100.057 Y99.693
M3
G0 X100.057 Y27.984
M5
G0 X99.474 Y27.984
M3
G0 X99.474 Y98.527
M5
G0 X99.693 Y98.600
M3
G0 X100.859 Y98.600
M5
G0 X101.442 Y98.600
M3
G0 X102.025 Y98.600
M5
G0 X102.389 Y98.527
M3
G0 X102.389 Y186.560
M5
G0 X102.972 Y187.143
M3
G0 X102.972 Y119.515
M5
G0 X103.555 Y120.098
M3
G0 X103.555 Y131.758
M5
G0 X102.608 Y131.831
M3
G0 X98.527 Y131.831
M5
G0 X98.527 Y131.248
M3
G0 X102.608 Y131.248
M5
G0 X102.608 Y130.665
M3
G0 X98.527 Y130.665
M5
G0 X97.944 Y131.539
M3
G0 X106.106 Y131.539
M5
G0 X105.523 Y132.122
M3
G0 X73.458 Y132.122
M5
G0 X73.531 Y132.341
M3
G0 X73.531 Y138.754
M5
G0 X73.458 Y138.681
M3
G0 X72.875 Y138.681
M5
G0 X72.875 Y138.827
M3
G0 X74.041 Y138.827
M5
G0 X74.041 Y138.244
M3
G0 X72.875 Y138.244
M5
G0 X72.875 Y138.098
M3
G0 X74.041 Y138.098
M5
G0 X74.041 Y137.661
M3
G0 X72.875 Y137.661
M5
G0 X73.458 Y137.515
M3
G0 X74.041 Y137.515
M5
G0 X74.624 Y137.661
M3
G0 X88.616 Y137.661
M5
G0 X88.616 Y137.078
M3
G0 X74.624 Y137.078
M5
G0 X75.207 Y136.932
M3
G0 X75.790 Y136.932
M5
G0 X75.717 Y136.422
M3
G0 X75.717 Y139.920
M5
G0 X75.790 Y139.847
M3
G0 X75.207 Y139.847
M5
G0 X75.207 Y139.264
M3
G0 X75.790 Y139.264
M5
G0 X75.790 Y138.681
M3
G0 X75.207 Y138.681
M5
G0 X75.207 Y138.098
M3
G0 X75.790 Y138.098
M5
G0 X75.790 Y137.515
M3
G0 X75.207 Y137.515
M5
G0 X74.697 Y138.171
M3
G0 X74.697 Y144.584
M5
G0 X75.134 Y144.584
M3
G0 X75.134 Y140.503
M5
G0 X74.624 Y140.430
M3
G0 X75.790 Y140.430
M5
G0 X75.790 Y141.013
M3
G0 X74.624 Y141.013
M5
G0 X74.624 Y140.576
M3
G0 X88.033 Y140.576
M5
G0 X88.033 Y139.993
M3
G0 X74.624 Y139.993
M5
G0 X74.624 Y139.410
M3
G0 X88.033 Y139.410
M5
G0 X88.033 Y138.827
M3
G0 X74.624 Y138.827
M5
G0 X74.624 Y138.244
M3
G0 X88.616 Y138.244
M5
G0 X88.616 Y136.495
M3
G0 X75.207 Y136.495
M5
G0 X75.207 Y136.349
M3
G0 X76.373 Y136.349
M5
G0 X76.373 Y135.766
M3
G0 X75.207 Y135.766
M5
G0 X75.207 Y135.912
M3
G0 X88.616 Y135.912
M5
G0 X88.616 Y135.329
M3
G0 X75.207 Y135.329
M5
G0 X74.988 Y135.256
M3
G0 X74.988 Y185.394
M5
G0 X75.426 Y185.394
M3
G0 X75.426 Y127.094
M5
G0 X75.207 Y126.875
M3
G0 X74.041 Y126.875
M5
G0 X74.041 Y127.021
M3
G0 X74.624 Y127.021
M5
G0 X74.624 Y127.167
M3
G0 X74.041 Y127.167
M5
G0 X74.041 Y127.458
M3
G0 X75.207 Y127.458
M5
G0 X75.790 Y127.458
M3
G0 X113.685 Y127.458
M5
G0 X113.685 Y126.875
M3
G0 X99.110 Y126.875
M5
G0 X99.110 Y127.167
M3
G0 X100.276 Y127.167
M5
G0 X100.276 Y126.584
M3
G0 X99.693 Y126.584
M5
G0 X99.474 Y126.511
M3
G0 X99.474 Y150.414
M5
G0 X100.859 Y150.487
M3
G0 X104.940 Y150.487
M5
G0 X104.940 Y149.904
M3
G0 X100.859 Y149.904
M5
G0 X100.859 Y149.321
M3
G0 X104.940 Y149.321
M5
G0 X105.523 Y148.738
M3
G0 X100.276 Y148.738
M5
G0 X100.276 Y148.155
M3
G0 X105.523 Y148.155
M5
G0 X104.940 Y147.572
M3
G0 X100.276 Y147.572
M5
G0 X100.276 Y146.989
M3
G0 X104.940 Y146.989
M5
G0 X104.940 Y146.406
M3
G0 X100.276 Y146.406
M5
G0 X99.693 Y145.823
M3
G0 X104.940 Y145.823
M5
G0 X104.940 Y145.240
M3
G0 X99.693 Y145.240
M5
G0 X99.693 Y144.657
M3
G0 X104.357 Y144.657
M5
G0 X104.357 Y144.074
M3
G0 X99.693 Y144.074
M5
G0 X99.693 Y143.491
M3
G0 X104.357 Y143.491
M5
G0 X104.357 Y142.908
M3
G0 X99.693 Y142.908
M5
G0 X99.110 Y142.325
M3
G0 X104.357 Y142.325
M5
G0 X104.357 Y141.742
M3
G0 X99.110 Y141.742
M5
G0 X99.110 Y141.159
M3
G0 X103.774 Y141.159
M5
G0 X103.774 Y140.576
M3
G0 X98.527 Y140.576
M5
G0 X98.527 Y139.993
M3
G0 X103.774 Y139.993
M5
G0 X104.357 Y139.410
M3
G0 X98.527 Y139.410
M5
G0 X98.527 Y138.827
M3
G0 X104.357 Y138.827
M5
G0 X104.357 Y138.244
M3
G0 X98.527 Y138.244
M5
G0 X99.183 Y138.171
M3
G0 X99.183 Y134.090
M5
G0 X99.766 Y134.090
M3
G0 X99.766 Y139.920
M5
G0 X100.349 Y139.920
M3
G0 X100.349 Y135.256
M5
G0 X100.932 Y135.256
M3
G0 X100.932 Y139.337
M5
G0 X100.932 Y139.920
M3
G0 X100.932 Y144.584
M5
G0 X101.515 Y144.584
M3
G0 X101.515 Y141.669
M5
G0 X101.515 Y138.754
M3
G0 X101.515 Y136.422
M5
G0 X102.098 Y137.005
M3
G0 X102.098 Y138.171
M5
G0 X102.681 Y138.171
M3
G0 X102.681 Y137.588
M5
G0 X103.774 Y137.661
M3
G0 X97.944 Y137.661
M5
G0 X97.944 Y137.078
M3
G0 X103.774 Y137.078
M5
G0 X104.138 Y137.005
M3
G0 X104.138 Y244.860
M5
G0 X103.993 Y244.860
M3
G0 X103.993 Y0.000
M5
G0 X104.138 Y0.000
M3
G0 X104.138 Y22.154
M5
G0 X104.721 Y22.737
M3
G0 X104.721 Y0.000
M5
G0 X104.576 Y0.000
M3
G0 X104.576 Y244.860
M5
G0 X104.721 Y244.860
M3
G0 X104.721 Y137.588
M5
G0 X105.523 Y136.786
M3
G0 X96.778 Y136.786
M5
G0 X96.778 Y137.078
M3
G0 X95.029 Y137.078
M5
G0 X95.393 Y137.588
M3
G0 X95.393 Y134.673
M5
G0 X95.612 Y134.746
M3
G0 X97.361 Y134.746
M5
G0 X97.142 Y134.673
M3
G0 X97.142 Y139.337
M5
G0 X96.195 Y138.535
M3
G0 X113.102 Y138.535
M5
G0 X113.102 Y139.118
M3
G0 X72.292 Y139.118
M5
G0 X72.292 Y139.410
M3
G0 X74.041 Y139.410
M5
G0 X72.656 Y138.754
M3
G0 X72.656 Y187.143
M5
G0 X72.365 Y187.143
M3
G0 X72.365 Y185.977
M5
G0 X72.292 Y186.924
M3
G0 X75.207 Y186.924
M5
G0 X75.207 Y186.196
M3
G0 X0.000 Y186.196
M5
G0 X0.000 Y186.341
M3
G0 X4.664 Y186.341
M5
G0 X4.664 Y186.633
M3
G0 X0.000 Y186.633
M5
G0 X0.000 Y187.216
M3
G0 X2.332 Y187.216
M5
G0 X2.405 Y187.143
M3
G0 X2.405 Y185.394
M5
G0 X2.332 Y185.467
M3
G0 X4.081 Y185.467
M5
G0 X4.154 Y185.394
M3
G0 X4.154 Y183.645
M5
G0 X3.571 Y183.645
M3
G0 X3.571 Y184.228
M5
G0 X2.988 Y184.228
M3
G0 X2.988 Y187.143
M5
G0 X2.915 Y187.070
M3
G0 X3.498 Y187.070
M5
G0 X3.571 Y186.560
M3
G0 X3.571 Y188.309
M5
G0 X3.498 Y187.799
M3
G0 X8.745 Y187.799
M5
G0 X8.745 Y187.216
M3
G0 X2.915 Y187.216
M5
G0 X2.696 Y187.726
M3
G0 X2.696 Y184.228
M5
G0 X2.915 Y184.301
M3
G0 X5.247 Y184.301
M5
G0 X5.611 Y184.811
M3
G0 X5.611 Y178.981
M5
G0 X5.830 Y179.054
M3
G0 X6.413 Y179.054
M5
G0 X6.413 Y179.637
M3
G0 X5.247 Y179.637
M5
G0 X4.664 Y179.928
M3
G0 X8.162 Y179.928
M5
G0 X8.162 Y179.345
M3
G0 X0.000 Y179.345
M5
G0 X0.000 Y179.200
M3
G0 X137.588 Y179.200
M5
G0 X137.588 Y179.345
M3
G0 X95.029 Y179.345
M5
G0 X94.446 Y179.345
M3
G0 X8.745 Y179.345
M5
G0 X8.745 Y179.054
M3
G0 X25.069 Y179.054
M5
G0 X25.069 Y179.637
M3
G0 X12.826 Y179.637
M5
G0 X12.899 Y179.564
M3
G0 X12.899 Y176.649
M5
G0 X12.243 Y175.556
M3
G0 X9.328 Y175.556
M5
G0 X9.109 Y175.483
M3
G0 X9.109 Y208.714
M5
G0 X9.911 Y208.495
M3
G0 X0.000 Y208.495
M5
G0 X0.000 Y208.350
M3
G0 X137.588 Y208.350
M5
G0 X137.588 Y208.495
M3
G0 X11.077 Y208.495
M5
G0 X11.077 Y207.912
M3
G0 X137.588 Y207.912
M5
G0 X137.588 Y207.767
M3
G0 X0.000 Y207.767
M5
G0 X0.000 Y207.912
M3
G0 X10.494 Y207.912
M5
G0 X10.494 Y207.329
M3
G0 X0.000 Y207.329
M5
G0 X0.000 Y207.184
M3
G0 X137.588 Y207.184
M5
G0 X137.588 Y207.329
M3
G0 X11.077 Y207.329
M5
G0 X11.660 Y207.038
M3
G0 X12.243 Y207.038
M5
G0 X12.607 Y206.965
M3
G0 X12.607 Y208.131
M5
G0 X13.409 Y208.204
M3
G0 X14.575 Y208.204
M5
G0 X14.575 Y208.787
M3
G0 X13.409 Y208.787
M5
G0 X13.409 Y209.370
M3
G0 X19.822 Y209.370
M5
G0 X20.405 Y209.370
M3
G0 X20.988 Y209.370
M5
G0 X20.988 Y209.953
M3
G0 X13.409 Y209.953
M5
G0 X13.409 Y210.536
M3
G0 X20.988 Y210.536
M5
G0 X21.571 Y210.536
M3
G0 X23.903 Y210.536
M5
G0 X24.486 Y210.536
M3
G0 X58.300 Y210.536
M5
G0 X58.300 Y210.973
M3
G0 X57.717 Y210.973
M5
G0 X57.717 Y211.119
M3
G0 X58.300 Y211.119
M5
G0 X58.300 Y211.556
M3
G0 X57.717 Y211.556
M5
G0 X57.717 Y211.702
M3
G0 X60.049 Y211.702
M5
G0 X60.413 Y211.629
M3
G0 X60.413 Y244.860
M5
G0 X60.268 Y244.860
M3
G0 X60.268 Y0.000
M5
G0 X60.413 Y0.000
M3
G0 X60.413 Y66.462
M5
G0 X60.996 Y66.462
M3
G0 X60.996 Y0.000
M5
G0 X60.851 Y0.000
M3
G0 X60.851 Y244.860
M5
G0 X60.996 Y244.860
M3
G0 X60.996 Y203.467
M5
G0 X60.632 Y203.394
M3
G0 X60.049 Y203.394
M5
G0 X60.049 Y203.540
M3
G0 X87.450 Y203.540
M5
G0 X88.033 Y204.123
M3
G0 X58.883 Y204.123
M5
G0 X58.664 Y204.633
M3
G0 X58.664 Y244.860
M5
G0 X58.519 Y244.860
M3
G0 X58.519 Y0.000
M5
G0 X58.664 Y0.000
M3
G0 X58.664 Y125.345
M5
G0 X58.300 Y125.709
M3
G0 X12.243 Y125.709
M5
G0 X12.607 Y125.928
M3
G0 X12.607 Y121.847
M5
G0 X12.243 Y121.628
M3
G0 X64.713 Y121.628
M5
G0 X64.713 Y121.920
M3
G0 X39.644 Y121.920
M5
G0 X39.644 Y121.337
M3
G0 X62.381 Y121.337
M5
G0 X62.964 Y121.337
M3
G0 X63.547 Y121.337
M5
G0 X63.620 Y121.847
M3
G0 X63.620 Y124.762
M5
G0 X63.547 Y124.689
M3
G0 X62.964 Y124.689
M5
G0 X62.964 Y124.835
M3
G0 X64.130 Y124.835
M5
G0 X64.349 Y124.762
M3
G0 X64.349 Y126.511
M5
G0 X64.130 Y126.292
M3
G0 X62.381 Y126.292
M5
G0 X62.381 Y126.001
M3
G0 X63.547 Y126.001
M5
G0 X63.547 Y125.855
M3
G0 X62.964 Y125.855
M5
G0 X62.964 Y125.418
M3
G0 X63.547 Y125.418
M5
G0 X63.547 Y125.272
M3
G0 X62.964 Y125.272
M5
G0 X62.745 Y125.345
M3
G0 X62.745 Y144.584
M5
G0 X61.798 Y144.657
M3
G0 X60.632 Y144.657
M5
G0 X60.632 Y144.511
M3
G0 X61.215 Y144.511
M5
G0 X61.215 Y145.094
M3
G0 X61.798 Y145.094
M5
G0 X61.798 Y145.240
M3
G0 X60.632 Y145.240
M5
G0 X60.632 Y145.531
M3
G0 X61.798 Y145.531
M5
G0 X61.798 Y145.677
M3
G0 X61.215 Y145.677
M5
G0 X60.632 Y145.823
M3
G0 X61.798 Y145.823
M5
G0 X61.798 Y146.406
M3
G0 X46.057 Y146.406
M5
G0 X46.057 Y145.823
M3
G0 X59.466 Y145.823
M5
G0 X59.830 Y145.750
M3
G0 X59.830 Y201.718
M5
G0 X60.049 Y201.645
M3
G0 X60.632 Y201.645
M5
G0 X60.632 Y201.499
M3
G0 X0.000 Y201.499
M5
G0 X0.000 Y201.354
M3
G0 X137.588 Y201.354
M5
G0 X137.588 Y201.499
M3
G0 X61.215 Y201.499
M5
G0 X61.215 Y202.082
M3
G0 X137.588 Y202.082
M5
G0 X137.588 Y201.937
M3
G0 X0.000 Y201.937
M5
G0 X0.000 Y202.082
M3
G0 X10.494 Y202.082
M5
G0 X10.494 Y201.791
M3
G0 X9.328 Y201.791
M5
G0 X9.328 Y202.228
M3
G0 X9.911 Y202.228
M5
G0 X9.911 Y202.374
M3
G0 X9.328 Y202.374
M5
G0 X8.745 Y202.957
M3
G0 X9.911 Y202.957
M5
G0 X10.494 Y202.957
M3
G0 X11.077 Y202.957
M5
G0 X10.858 Y202.884
M3
G0 X10.858 Y204.633
M5
G0 X10.494 Y204.123
M3
G0 X8.745 Y204.123
M5
G0 X8.818 Y204.050
M3
G0 X8.818 Y206.382
M5
G0 X9.328 Y206.455
M3
G0 X8.162 Y206.455
M5
G0 X8.162 Y205.872
M3
G0 X9.328 Y205.872
M5
G0 X8.745 Y205.289
M3
G0 X9.911 Y205.289
M5
G0 X9.911 Y204.706
M3
G0 X8.745 Y204.706
M5
G0 X7.943 Y204.633
M3
G0 X7.943 Y183.062
M5
G0 X8.162 Y183.135
M3
G0 X12.243 Y183.135
M5
G0 X12.243 Y182.552
M3
G0 X8.162 Y182.552
M5
G0 X8.162 Y182.260
M3
G0 X81.620 Y182.260
M5
G0 X81.620 Y182.115
M3
G0 X0.000 Y182.115
M5
G0 X0.000 Y182.260
M3
G0 X2.915 Y182.260
M5
G0 X2.696 Y182.479
M3
G0 X2.696 Y171.402
M5
G0 X2.915 Y171.475
M3
G0 X3.498 Y171.475
M5
G0 X3.498 Y172.058
M3
G0 X2.332 Y172.058
M5
G0 X2.332 Y172.349
M3
G0 X95.029 Y172.349
M5
G0 X95.029 Y171.766
M3
G0 X89.199 Y171.766
M5
G0 X88.835 Y171.402
M3
G0 X88.835 Y169.653
M5
G0 X89.199 Y169.434
M3
G0 X95.612 Y169.434
M5
G0 X95.612 Y168.851
M3
G0 X0.000 Y168.851
M5
G0 X0.000 Y168.706
M3
G0 X137.588 Y168.706
M5
G0 X137.588 Y168.851
M3
G0 X114.851 Y168.851
M5
G0 X115.434 Y168.268
M3
G0 X137.588 Y168.268
M5
G0 X137.588 Y168.123
M3
G0 X0.000 Y168.123
M5
G0 X0.000 Y168.268
M3
G0 X95.612 Y168.268
M5
G0 X95.612 Y170.017
M3
G0 X89.199 Y170.017
M5
G0 X89.563 Y169.653
M3
G0 X89.563 Y184.811
M5
G0 X90.365 Y184.884
M3
G0 X91.531 Y184.884
M5
G0 X91.531 Y185.467
M3
G0 X90.365 Y185.467
M5
G0 X90.146 Y185.977
M3
G0 X90.146 Y162.657
M5
G0 X89.563 Y162.657
M3
G0 X89.563 Y162.074
M5
G0 X89.782 Y162.147
M3
G0 X88.033 Y162.147
M5
G0 X88.106 Y162.074
M3
G0 X88.106 Y163.240
M5
G0 X88.397 Y163.240
M3
G0 X88.397 Y162.074
M5
G0 X88.689 Y162.074
M3
G0 X88.689 Y162.657
M5
G0 X89.199 Y162.730
M3
G0 X88.033 Y162.730
M5
G0 X87.814 Y162.657
M3
G0 X87.814 Y162.074
M5
G0 X87.450 Y161.855
M3
G0 X88.616 Y161.855
M5
G0 X88.835 Y162.074
M3
G0 X88.835 Y163.240
M5
G0 X88.980 Y163.240
M3
G0 X88.980 Y162.074
M5
G0 X88.835 Y161.491
M3
G0 X88.835 Y0.000
M5
G0 X88.980 Y0.000
M3
G0 X88.980 Y3.498
M5
G0 X89.563 Y3.498
M3
G0 X89.563 Y0.000
M5
G0 X89.418 Y0.000
M3
G0 X89.418 Y163.240
M5
G0 X88.835 Y163.823
M3
G0 X88.835 Y165.572
M5
G0 X88.616 Y165.353
M3
G0 X0.000 Y165.353
M5
G0 X0.000 Y165.208
M3
G0 X137.588 Y165.208
M5
G0 X137.588 Y165.353
M3
G0 X115.434 Y165.353
M5
G0 X115.434 Y165.936
M3
G0 X137.588 Y165.936
M5
G0 X137.588 Y165.791
M3
G0 X0.000 Y165.791
M5
G0 X0.000 Y165.936
M3
G0 X88.033 Y165.936
M5
G0 X88.106 Y166.155
M3
G0 X88.106 Y166.738
M5
G0 X88.033 Y166.665
M3
G0 X89.199 Y166.665
M5
G0 X88.689 Y166.738
M3
G0 X88.689 Y166.155
M5
G0 X88.835 Y166.155
M3
G0 X88.835 Y167.321
M5
G0 X88.980 Y167.321
M3
G0 X88.980 Y166.155
M5
G0 X88.397 Y166.155
M3
G0 X88.397 Y167.321
M5
G0 X88.616 Y167.540
M3
G0 X0.000 Y167.540
M5
G0 X1.166 Y167.977
M3
G0 X2.332 Y167.977
M5
G0 X2.332 Y168.560
M3
G0 X1.166 Y168.560
M5
G0 X1.166 Y169.143
M3
G0 X2.332 Y169.143
M5
G0 X1.822 Y169.070
M3
G0 X1.822 Y166.155
M5
G0 X1.749 Y166.228
M3
G0 X2.915 Y166.228
M5
G0 X2.405 Y166.155
M3
G0 X2.405 Y160.325
M5
G0 X2.332 Y160.398
M3
G0 X3.498 Y160.398
M5
G0 X3.498 Y159.815
M3
G0 X2.332 Y159.815
M5
G0 X2.332 Y159.232
M3
G0 X3.498 Y159.232
M5
G0 X3.498 Y158.649
M3
G0 X2.332 Y158.649
M5
G0 X2.332 Y158.066
M3
G0 X4.081 Y158.066
M5
G0 X4.081 Y157.483
M3
G0 X2.332 Y157.483
M5
G0 X2.332 Y156.900
M3
G0 X4.081 Y156.900
M5
G0 X4.081 Y156.317
M3
G0 X2.332 Y156.317
M5
G0 X2.332 Y155.734
M3
G0 X4.081 Y155.734
M5
G0 X4.081 Y155.151
M3
G0 X2.332 Y155.151
M5
G0 X1.749 Y155.151
M3
G0 X1.166 Y155.151
M5
G0 X1.166 Y155.734
M3
G0 X1.749 Y155.734
M5
G0 X1.749 Y156.317
M3
G0 X1.166 Y156.317
M5
G0 X1.166 Y156.900
M3
G0 X1.749 Y156.900
M5
G0 X1.749 Y157.483
M3
G0 X1.166 Y157.483
M5
G0 X1.166 Y158.066
M3
G0 X1.749 Y158.066
M5
G0 X1.749 Y158.649
M3
G0 X1.166 Y158.649
M5
G0 X0.000 Y158.795
M3
G0 X137.588 Y158.795
M5
G0 X137.588 Y158.940
M3
G0 X118.932 Y158.940
M5
G0 X118.349 Y158.940
M3
G0 X114.851 Y158.940
M5
G0 X114.851 Y159.523
M3
G0 X137.588 Y159.523
M5
G0 X137.588 Y159.378
M3
G0 X0.000 Y159.378
M5
G0 X0.000 Y159.523
M3
G0 X88.616 Y159.523
M5
G0 X88.616 Y159.815
M3
G0 X88.033 Y159.815
M5
G0 X88.397 Y159.742
M3
G0 X88.397 Y161.491
M5
G0 X88.616 Y161.272
M3
G0 X87.450 Y161.272
M5
G0 X86.867 Y161.272
M3
G0 X0.000 Y161.272
M5
G0 X0.000 Y161.127
M3
G0 X137.588 Y161.127
M5
G0 X137.588 Y161.272
M3
G0 X114.851 Y161.272
M5
G0 X114.851 Y160.689
M3
G0 X137.588 Y160.689
M5
G0 X137.588 Y160.544
M3
G0 X0.000 Y160.544
M5
G0 X0.000 Y160.689
M3
G0 X96.195 Y160.689
M5
G0 X96.195 Y160.106
M3
G0 X0.000 Y160.106
M5
G0 X0.000 Y159.961
M3
G0 X137.588 Y159.961
M5
G0 X137.588 Y160.106
M3
G0 X114.851 Y160.106
M5
G0 X114.851 Y161.855
M3
G0 X137.588 Y161.855
M5
G0 X137.588 Y161.710
M3
G0 X0.000 Y161.710
M5
G0 X0.000 Y161.855
M3
G0 X86.867 Y161.855
M5
G0 X86.284 Y162.438
M3
G0 X6.996 Y162.438
M5
G0 X6.996 Y163.021
M3
G0 X86.867 Y163.021
M5
G0 X87.450 Y163.021
M3
G0 X96.778 Y163.021
M5
G0 X96.778 Y162.438
M3
G0 X87.450 Y162.438
M5
G0 X88.033 Y163.604
M3
G0 X0.000 Y163.604
M5
G0 X0.000 Y163.459
M3
G0 X137.588 Y163.459
M5
G0 X137.588 Y163.604
M3
G0 X114.851 Y163.604
M5
G0 X114.851 Y164.187
M3
G0 X137.588 Y164.187
M5
G0 X137.588 Y164.042
M3
G0 X0.000 Y164.042
M5
G0 X0.000 Y164.187
M3
G0 X86.867 Y164.187
M5
G0 X86.867 Y164.770
M3
G0 X6.996 Y164.770
M5
G0 X6.996 Y165.062
M3
G0 X9.328 Y165.062
M5
G0 X9.911 Y165.062
M3
G0 X12.243 Y165.062
M5
G0 X11.733 Y164.989
M3
G0 X11.733 Y162.657
M5
G0 X12.243 Y162.730
M3
G0 X9.911 Y162.730
M5
G0 X9.984 Y162.657
M3
G0 X9.984 Y163.240
M5
G0 X9.911 Y163.313
M3
G0 X11.077 Y163.313
M5
G0 X11.077 Y163.896
M3
G0 X9.911 Y163.896
M5
G0 X9.911 Y164.479
M3
G0 X11.077 Y164.479
M5
G0 X10.567 Y164.406
M3
G0 X10.567 Y166.738
M5
G0 X10.494 Y166.811
M3
G0 X12.243 Y166.811
M5
G0 X12.826 Y166.811
M3
G0 X13.992 Y166.811
M5
G0 X13.992 Y166.228
M3
G0 X12.826 Y166.228
M5
G0 X12.826 Y165.645
M3
G0 X13.992 Y165.645
M5
G0 X14.575 Y165.645
M3
G0 X17.490 Y165.645
M5
G0 X17.490 Y166.228
M3
G0 X14.575 Y166.228
M5
G0 X15.158 Y166.811
M3
G0 X17.490 Y166.811
M5
G0 X17.490 Y167.394
M3
G0 X15.158 Y167.394
M5
G0 X15.158 Y167.977
M3
G0 X17.490 Y167.977
M5
G0 X16.907 Y167.831
M3
G0 X15.741 Y167.831
M5
G0 X15.741 Y167.248
M3
G0 X16.907 Y167.248
M5
G0 X16.907 Y166.665
M3
G0 X15.741 Y166.665
M5
G0 X15.741 Y166.082
M3
G0 X16.907 Y166.082
M5
G0 X16.907 Y165.499
M3
G0 X15.741 Y165.499
M5
G0 X15.741 Y164.916
M3
G0 X16.907 Y164.916
M5
G0 X16.907 Y164.333
M3
G0 X15.741 Y164.333
M5
G0 X15.741 Y163.750
M3
G0 X16.907 Y163.750
M5
G0 X17.490 Y163.896
M3
G0 X14.575 Y163.896
M5
G0 X14.575 Y163.313
M3
G0 X17.490 Y163.313
M5
G0 X17.490 Y162.730
M3
G0 X14.575 Y162.730
M5
G0 X14.575 Y162.147
M3
G0 X17.490 Y162.147
M5
G0 X17.490 Y161.564
M3
G0 X14.575 Y161.564
M5
G0 X14.575 Y160.981
M3
G0 X17.490 Y160.981
M5
G0 X17.490 Y160.398
M3
G0 X14.575 Y160.398
M5
G0 X13.992 Y160.398
M3
G0 X13.409 Y160.398
M5
G0 X13.409 Y159.815
M3
G0 X13.992 Y159.815
M5
G0 X13.992 Y159.232
M3
G0 X13.409 Y159.232
M5
G0 X12.607 Y159.159
M3
G0 X12.607 Y152.746
M5
G0 X13.190 Y153.329
M3
G0 X13.190 Y149.831
M5
G0 X13.190 Y149.248
M3
G0 X13.190 Y34.397
M5
G0 X13.409 Y34.470
M3
G0 X18.073 Y34.470
M5
G0 X18.073 Y33.887
M3
G0 X13.992 Y33.887
M5
G0 X13.992 Y33.304
M3
G0 X18.656 Y33.304
M5
G0 X18.656 Y32.721
M3
G0 X13.992 Y32.721
M5
G0 X13.190 Y32.648
M3
G0 X13.190 Y33.814
M5
G0 X12.243 Y33.887
M3
G0 X9.328 Y33.887
M5
G0 X9.328 Y33.741
M3
G0 X9.911 Y33.741
M5
G0 X9.911 Y34.324
M3
G0 X9.328 Y34.324
M5
G0 X9.328 Y34.470
M3
G0 X12.243 Y34.470
M5
G0 X12.243 Y35.053
M3
G0 X9.328 Y35.053
M5
G0 X9.328 Y34.907
M3
G0 X9.911 Y34.907
M5
G0 X9.911 Y35.490
M3
G0 X9.328 Y35.490
M5
G0 X9.328 Y35.636
M3
G0 X18.656 Y35.636
M5
G0 X18.656 Y36.219
M3
G0 X11.077 Y36.219
M5
G0 X11.150 Y36.146
M3
G0 X11.150 Y33.814
M5
G0 X10.567 Y34.397
M3
G0 X10.567 Y35.563
M5
G0 X11.077 Y35.490
M3
G0 X11.660 Y35.490
M5
G0 X11.733 Y34.980
M3
G0 X11.733 Y40.810
M5
G0 X12.316 Y40.227
M3
G0 X12.316 Y39.644
M5
G0 X12.243 Y38.988
M3
G0 X11.660 Y38.988
M5
G0 X11.660 Y38.405
M3
G0 X12.243 Y38.405
M5
G0 X11.660 Y37.822
M3
G0 X11.077 Y37.822
M5
G0 X11.077 Y37.239
M3
G0 X12.243 Y37.239
M5
G0 X12.316 Y37.312
M3
G0 X12.316 Y36.146
M5
G0 X12.899 Y36.729
M3
G0 X12.899 Y35.563
M5
G0 X12.826 Y35.053
M3
G0 X18.073 Y35.053
M5
G0 X16.907 Y34.324
M3
G0 X16.324 Y34.324
M5
G0 X16.324 Y33.741
M3
G0 X16.907 Y33.741
M5
G0 X16.907 Y33.158
M3
G0 X16.324 Y33.158
M5
G0 X16.324 Y32.575
M3
G0 X16.907 Y32.575
M5
G0 X16.907 Y31.992
M3
G0 X16.324 Y31.992
M5
G0 X16.324 Y31.409
M3
G0 X16.907 Y31.409
M5
G0 X16.907 Y30.826
M3
G0 X16.324 Y30.826
M5
G0 X16.324 Y30.243
M3
G0 X16.907 Y30.243
M5
G0 X16.907 Y29.660
M3
G0 X16.324 Y29.660
M5
G0 X16.324 Y29.077
M3
G0 X16.907 Y29.077
M5
G0 X16.907 Y28.494
M3
G0 X16.324 Y28.494
M5
G0 X16.324 Y27.911
M3
G0 X16.907 Y27.911
M5
G0 X16.907 Y27.328
M3
G0 X16.324 Y27.328
M5
G0 X16.324 Y26.745
M3
G0 X16.907 Y26.745
M5
G0 X15.814 Y27.984
M3
G0 X15.814 Y0.000
M5
G0 X15.960 Y0.000
M3
G0 X15.960 Y244.860
M5
G0 X16.105 Y244.860
M3
G0 X16.105 Y0.000
M5
G0 X16.543 Y0.000
M3
G0 X16.543 Y244.860
M5
G0 X16.688 Y244.860
M3
G0 X16.688 Y206.382
M5
G0 X16.688 Y205.799
M3
G0 X16.688 Y0.000
M5
G0 X16.834 Y0.000
M3
G0 X16.834 Y5.247
M5
G0 X16.907 Y4.591
M3
G0 X15.741 Y4.591
M5
G0 X15.741 Y4.008
M3
G0 X16.907 Y4.008
M5
G0 X16.907 Y3.425
M3
G0 X15.741 Y3.425
M5
G0 X15.741 Y2.842
M3
G0 X16.907 Y2.842
M5
G0 X16.907 Y2.259
M3
G0 X15.741 Y2.259
M5
G0 X15.741 Y1.676
M3
G0 X16.907 Y1.676
M5
G0 X17.490 Y1.093
M3
G0 X15.741 Y1.093
M5
G0 X15.741 Y0.510
M3
G0 X17.490 Y0.510
M5
G0 X17.563 Y0.000
M3
G0 X17.563 Y9.328
M5
G0 X18.146 Y9.328
M3
G0 X18.146 Y18.656
M5
G0 X19.239 Y18.729
M3
G0 X11.660 Y18.729
M5
G0 X12.826 Y18.583
M3
G0 X13.992 Y18.583
M5
G0 X14.065 Y18.073
M3
G0 X14.065 Y20.988
M5
G0 X13.992 Y20.915
M3
G0 X12.826 Y20.915
M5
G0 X12.826 Y20.332
M3
G0 X13.992 Y20.332
M5
G0 X13.992 Y19.749
M3
G0 X12.826 Y19.749
M5
G0 X12.826 Y19.166
M3
G0 X13.992 Y19.166
M5
G0 X14.648 Y18.656
M3
G0 X14.648 Y21.571
M5
G0 X13.992 Y21.498
M3
G0 X13.409 Y21.498
M5
G0 X13.482 Y22.737
M3
G0 X13.482 Y23.320
M5
G0 X13.409 Y23.393
M3
G0 X18.656 Y23.393
M5
G0 X19.239 Y23.393
M3
G0 X19.822 Y23.393
M5
G0 X19.822 Y23.976
M3
G0 X19.239 Y23.976
M5
G0 X18.656 Y23.976
M3
G0 X13.409 Y23.976
M5
G0 X12.826 Y23.976
M3
G0 X8.745 Y23.976
M5
G0 X8.745 Y23.393
M3
G0 X12.826 Y23.393
M5
G0 X12.316 Y24.486
M3
G0 X12.316 Y30.899
M5
G0 X12.243 Y30.826
M3
G0 X9.328 Y30.826
M5
G0 X9.328 Y30.972
M3
G0 X12.826 Y30.972
M5
G0 X12.826 Y30.389
M3
G0 X9.328 Y30.389
M5
G0 X9.328 Y30.243
M3
G0 X12.243 Y30.243
M5
G0 X12.243 Y29.660
M3
G0 X9.328 Y29.660
M5
G0 X9.328 Y29.806
M3
G0 X13.409 Y29.806
M5
G0 X12.899 Y29.733
M3
G0 X12.899 Y25.652
M5
G0 X12.826 Y26.745
M3
G0 X9.328 Y26.745
M5
G0 X9.328 Y27.328
M3
G0 X12.826 Y27.328
M5
G0 X12.753 Y27.401
M3
G0 X12.753 Y27.984
M5
G0 X12.826 Y28.494
M3
G0 X9.328 Y28.494
M5
G0 X9.328 Y28.640
M3
G0 X18.656 Y28.640
M5
G0 X18.656 Y28.057
M3
G0 X9.328 Y28.057
M5
G0 X9.328 Y27.911
M3
G0 X13.409 Y27.911
M5
G0 X12.826 Y29.077
M3
G0 X9.328 Y29.077
M5
G0 X9.328 Y29.223
M3
G0 X18.656 Y29.223
M5
G0 X18.656 Y29.806
M3
G0 X13.992 Y29.806
M5
G0 X13.992 Y30.389
M3
G0 X18.656 Y30.389
M5
G0 X18.656 Y30.972
M3
G0 X13.992 Y30.972
M5
G0 X13.409 Y31.555
M3
G0 X18.656 Y31.555
M5
G0 X18.656 Y32.138
M3
G0 X13.409 Y32.138
M5
G0 X13.190 Y31.482
M3
G0 X13.190 Y0.000
M5
G0 X12.607 Y0.000
M3
G0 X12.607 Y32.065
M5
G0 X12.243 Y31.555
M3
G0 X9.328 Y31.555
M5
G0 X9.328 Y31.409
M3
G0 X11.660 Y31.409
M5
G0 X11.150 Y32.648
M3
G0 X11.150 Y20.405
M5
G0 X12.316 Y20.405
M3
G0 X12.316 Y16.324
M5
G0 X12.826 Y15.231
M3
G0 X8.745 Y15.231
M5
G0 X8.745 Y15.085
M3
G0 X10.494 Y15.085
M5
G0 X11.077 Y14.648
M3
G0 X8.745 Y14.648
M5
G0 X8.745 Y14.502
M3
G0 X9.911 Y14.502
M5
G0 X11.660 Y14.648
M3
G0 X12.826 Y14.648
M5
G0 X12.316 Y13.992
M3
G0 X12.316 Y13.409
M5
G0 X11.660 Y11.150
M3
G0 X19.239 Y11.150
M5
G0 X19.239 Y10.567
M3
G0 X11.660 Y10.567
M5
G0 X11.660 Y9.984
M3
G0 X19.822 Y9.984
M5
G0 X19.822 Y9.401
M3
G0 X13.409 Y9.401
M5
G0 X12.316 Y9.328
M3
G0 X12.316 Y8.745
M5
G0 X11.660 Y8.818
M3
G0 X19.822 Y8.818
M5
G0 X19.822 Y8.235
M3
G0 X13.409 Y8.235
M5
G0 X13.409 Y7.652
M3
G0 X19.822 Y7.652
M5
G0 X19.822 Y7.069
M3
G0 X8.162 Y7.069
M5
G0 X8.745 Y6.923
M3
G0 X9.911 Y6.923
M5
G0 X9.911 Y6.340
M3
G0 X8.745 Y6.340
M5
G0 X8.745 Y5.757
M3
G0 X9.911 Y5.757
M5
G0 X9.911 Y5.174
M3
G0 X8.745 Y5.174
M5
G0 X7.579 Y6.777
M3
G0 X4.664 Y6.777
M5
G0 X4.664 Y6.194
M3
G0 X53.053 Y6.194
M5
G0 X53.053 Y7.943
M3
G0 X8.162 Y7.943
M5
G0 X7.579 Y7.943
M3
G0 X1.166 Y7.943
M5
G0 X1.166 Y8.526
M3
G0 X7.579 Y8.526
M5
G0 X7.360 Y8.745
M3
G0 X7.360 Y9.328
M5
G0 X7.579 Y9.109
M3
G0 X2.332 Y9.109
M5
G0 X1.166 Y9.692
M3
G0 X7.579 Y9.692
M5
G0 X8.162 Y9.692
M3
G0 X53.053 Y9.692
M5
G0 X53.636 Y9.692
M3
G0 X56.551 Y9.692
M5
G0 X57.134 Y9.692
M3
G0 X137.588 Y9.692
M5
G0 X137.588 Y9.547
M3
G0 X0.000 Y9.547
M5
G0 X0.000 Y8.964
M3
G0 X137.588 Y8.964
M5
G0 X137.588 Y8.818
M3
G0 X90.948 Y8.818
M5
G0 X90.948 Y8.235
M3
G0 X137.588 Y8.235
M5
G0 X137.588 Y8.381
M3
G0 X0.000 Y8.381
M5
G0 X0.000 Y7.798
M3
G0 X137.588 Y7.798
M5
G0 X137.588 Y7.943
M3
G0 X57.134 Y7.943
M5
G0 X56.551 Y7.943
M3
G0 X53.636 Y7.943
M5
G0 X53.636 Y8.526
M3
G0 X137.588 Y8.526
M5
G0 X137.588 Y9.109
M3
G0 X57.134 Y9.109
M5
G0 X56.551 Y9.109
M3
G0 X53.636 Y9.109
M5
G0 X53.053 Y9.109
M3
G0 X8.162 Y9.109
M5
G0 X8.162 Y8.526
M3
G0 X53.053 Y8.526
M5
G0 X54.219 Y9.401
M3
G0 X55.385 Y9.401
M5
G0 X55.385 Y9.984
M3
G0 X54.219 Y9.984
M5
G0 X54.219 Y10.567
M3
G0 X55.385 Y10.567
M5
G0 X55.385 Y11.150
M3
G0 X54.219 Y11.150
M5
G0 X54.219 Y11.733
M3
G0 X55.385 Y11.733
M5
G0 X54.802 Y12.316
M3
G0 X54.219 Y12.316
M5
G0 X54.219 Y12.899
M3
G0 X54.802 Y12.899
M5
G0 X54.802 Y13.482
M3
G0 X54.219 Y13.482
M5
G0 X54.219 Y14.065
M3
G0 X54.802 Y14.065
M5
G0 X54.802 Y14.648
M3
G0 X54.219 Y14.648
M5
G0 X54.219 Y15.231
M3
G0 X54.802 Y15.231
M5
G0 X54.802 Y15.814
M3
G0 X54.219 Y15.814
M5
G0 X54.219 Y16.397
M3
G0 X54.802 Y16.397
M5
G0 X54.802 Y16.980
M3
G0 X54.219 Y16.980
M5
G0 X54.219 Y17.563
M3
G0 X54.802 Y17.563
M5
G0 X54.802 Y18.146
M3
G0 X54.219 Y18.146
M5
G0 X54.219 Y18.729
M3
G0 X54.802 Y18.729
M5
G0 X54.802 Y19.312
M3
G0 X54.219 Y19.312
M5
G0 X54.219 Y19.895
M3
G0 X54.802 Y19.895
M5
G0 X54.802 Y20.478
M3
G0 X54.219 Y20.478
M5
G0 X54.219 Y21.061
M3
G0 X54.802 Y21.061
M5
G0 X54.802 Y21.644
M3
G0 X54.219 Y21.644
M5
G0 X54.219 Y22.227
M3
G0 X54.802 Y22.227
M5
G0 X54.802 Y22.810
M3
G0 X54.219 Y22.810
M5
G0 X54.219 Y23.393
M3
G0 X54.802 Y23.393
M5
G0 X55.166 Y23.320
M3
G0 X55.166 Y0.000
M5
G0 X55.021 Y0.000
M3
G0 X55.021 Y244.860
M5
G0 X55.166 Y244.860
M3
G0 X55.166 Y133.507
M5
G0 X54.802 Y133.580
M3
G0 X54.219 Y133.580
M5
G0 X54.219 Y133.434
M3
G0 X54.802 Y133.434
M5
G0 X54.802 Y132.997
M3
G0 X53.636 Y132.997
M5
G0 X53.053 Y132.997
M3
G0 X39.061 Y132.997
M5
G0 X39.644 Y132.414
M3
G0 X54.802 Y132.414
M5
G0 X54.802 Y132.122
M3
G0 X12.243 Y132.122
M5
G0 X12.243 Y131.539
M3
G0 X54.802 Y131.539
M5
G0 X54.802 Y131.248
M3
G0 X39.061 Y131.248
M5
G0 X39.061 Y131.831
M3
G0 X54.802 Y131.831
M5
G0 X54.292 Y131.758
M3
G0 X54.292 Y137.005
M5
G0 X54.219 Y137.078
M3
G0 X55.385 Y137.078
M5
G0 X55.385 Y136.495
M3
G0 X54.219 Y136.495
M5
G0 X54.219 Y135.912
M3
G0 X55.385 Y135.912
M5
G0 X55.385 Y135.329
M3
G0 X54.219 Y135.329
M5
G0 X54.219 Y134.746
M3
G0 X55.385 Y134.746
M5
G0 X55.968 Y134.746
M3
G0 X56.551 Y134.746
M5
G0 X56.551 Y134.600
M3
G0 X55.968 Y134.600
M5
G0 X55.968 Y134.163
M3
G0 X56.551 Y134.163
M5
G0 X56.551 Y134.017
M3
G0 X55.968 Y134.017
M5
G0 X55.968 Y133.580
M3
G0 X56.551 Y133.580
M5
G0 X56.551 Y133.434
M3
G0 X55.968 Y133.434
M5
G0 X55.968 Y132.997
M3
G0 X56.551 Y132.997
M5
G0 X56.551 Y132.851
M3
G0 X55.968 Y132.851
M5
G0 X55.968 Y132.268
M3
G0 X56.551 Y132.268
M5
G0 X56.551 Y132.414
M3
G0 X55.385 Y132.414
M5
G0 X55.385 Y132.122
M3
G0 X58.883 Y132.122
M5
G0 X58.883 Y131.539
M3
G0 X57.134 Y131.539
M5
G0 X57.134 Y130.956
M3
G0 X58.883 Y130.956
M5
G0 X59.466 Y130.956
M3
G0 X60.632 Y130.956
M5
G0 X60.632 Y130.665
M3
G0 X59.466 Y130.665
M5
G0 X59.466 Y130.082
M3
G0 X60.632 Y130.082
M5
G0 X60.632 Y129.936
M3
G0 X60.049 Y129.936
M5
G0 X60.049 Y129.353
M3
G0 X60.632 Y129.353
M5
G0 X60.632 Y129.499
M3
G0 X59.466 Y129.499
M5
G0 X59.466 Y129.790
M3
G0 X61.215 Y129.790
M5
G0 X61.215 Y129.207
M3
G0 X59.466 Y129.207
M5
G0 X59.466 Y128.916
M3
G0 X60.632 Y128.916
M5
G0 X60.632 Y128.770
M3
G0 X60.049 Y128.770
M5
G0 X59.539 Y128.843
M3
G0 X59.539 Y140.503
M5
G0 X59.466 Y140.576
M3
G0 X60.632 Y140.576
M5
G0 X60.632 Y140.430
M3
G0 X60.049 Y140.430
M5
G0 X60.049 Y141.013
M3
G0 X60.632 Y141.013
M5
G0 X60.559 Y141.086
M3
G0 X60.559 Y142.252
M5
G0 X60.632 Y142.762
M3
G0 X60.049 Y142.762
M5
G0 X60.049 Y142.908
M3
G0 X61.215 Y142.908
M5
G0 X61.579 Y142.835
M3
G0 X61.579 Y244.860
M5
G0 X61.434 Y244.860
M3
G0 X61.434 Y128.843
M5
G0 X61.215 Y128.624
M3
G0 X59.466 Y128.624
M5
G0 X59.466 Y128.333
M3
G0 X60.632 Y128.333
M5
G0 X60.632 Y128.187
M3
G0 X60.049 Y128.187
M5
G0 X60.049 Y127.604
M3
G0 X60.632 Y127.604
M5
G0 X60.632 Y127.750
M3
G0 X59.466 Y127.750
M5
G0 X59.466 Y127.458
M3
G0 X61.215 Y127.458
M5
G0 X60.996 Y127.677
M3
G0 X60.996 Y76.956
M5
G0 X60.632 Y77.029
M3
G0 X24.486 Y77.029
M5
G0 X24.486 Y76.446
M3
G0 X59.466 Y76.446
M5
G0 X59.466 Y75.863
M3
G0 X24.486 Y75.863
M5
G0 X24.486 Y75.280
M3
G0 X59.466 Y75.280
M5
G0 X58.373 Y76.373
M3
G0 X58.373 Y122.430
M5
G0 X58.956 Y121.847
M3
G0 X58.956 Y81.620
M5
G0 X59.539 Y81.037
M3
G0 X59.539 Y87.450
M5
G0 X60.705 Y87.450
M3
G0 X60.705 Y86.284
M5
G0 X61.288 Y86.284
M3
G0 X61.288 Y86.867
M5
G0 X61.871 Y86.867
M3
G0 X61.871 Y86.284
M5
G0 X62.454 Y86.284
M3
G0 X62.454 Y86.867
M5
G0 X62.964 Y86.940
M3
G0 X23.903 Y86.940
M5
G0 X23.903 Y86.357
M3
G0 X64.713 Y86.357
M5
G0 X64.713 Y85.774
M3
G0 X48.389 Y85.774
M5
G0 X47.806 Y85.774
M3
G0 X23.903 Y85.774
M5
G0 X24.486 Y85.191
M3
G0 X50.721 Y85.191
M5
G0 X51.304 Y85.191
M3
G0 X53.053 Y85.191
M5
G0 X53.636 Y84.608
M3
G0 X24.486 Y84.608
M5
G0 X24.486 Y84.025
M3
G0 X54.219 Y84.025
M5
G0 X54.802 Y82.713
M3
G0 X33.814 Y82.713
M5
G0 X33.814 Y82.130
M3
G0 X53.636 Y82.130
M5
G0 X53.636 Y81.547
M3
G0 X33.814 Y81.547
M5
G0 X33.814 Y80.964
M3
G0 X36.146 Y80.964
M5
G0 X36.146 Y80.381
M3
G0 X34.397 Y80.381
M5
G0 X34.397 Y79.798
M3
G0 X36.146 Y79.798
M5
G0 X36.729 Y79.798
M3
G0 X45.474 Y79.798
M5
G0 X45.474 Y79.215
M3
G0 X37.312 Y79.215
M5
G0 X36.729 Y79.215
M3
G0 X34.397 Y79.215
M5
G0 X34.397 Y78.632
M3
G0 X45.474 Y78.632
M5
G0 X45.474 Y78.049
M3
G0 X36.146 Y78.049
M5
G0 X35.563 Y78.049
M3
G0 X34.397 Y78.049
M5
G0 X34.397 Y77.466
M3
G0 X35.563 Y77.466
M5
G0 X35.563 Y76.883
M3
G0 X34.397 Y76.883
M5
G0 X34.397 Y76.300
M3
G0 X35.563 Y76.300
M5
G0 X35.563 Y75.717
M3
G0 X34.397 Y75.717
M5
G0 X34.397 Y75.134
M3
G0 X35.563 Y75.134
M5
G0 X35.563 Y74.551
M3
G0 X34.397 Y74.551
M5
G0 X34.907 Y74.624
M3
G0 X34.907 Y71.126
M5
G0 X34.397 Y71.053
M3
G0 X35.563 Y71.053
M5
G0 X35.563 Y70.470
M3
G0 X34.397 Y70.470
M5
G0 X34.397 Y69.887
M3
G0 X35.563 Y69.887
M5
G0 X35.563 Y69.304
M3
G0 X34.397 Y69.304
M5
G0 X34.397 Y68.721
M3
G0 X35.563 Y68.721
M5
G0 X35.563 Y68.138
M3
G0 X34.397 Y68.138
M5
G0 X34.397 Y67.555
M3
G0 X35.563 Y67.555
M5
G0 X35.563 Y66.972
M3
G0 X34.397 Y66.972
M5
G0 X34.397 Y66.389
M3
G0 X35.563 Y66.389
M5
G0 X35.563 Y65.806
M3
G0 X34.397 Y65.806
M5
G0 X34.397 Y65.223
M3
G0 X35.563 Y65.223
M5
G0 X37.312 Y65.952
M3
G0 X24.486 Y65.952
M5
G0 X24.486 Y66.535
M3
G0 X37.312 Y66.535
M5
G0 X37.895 Y66.535
M3
G0 X57.717 Y66.535
M5
G0 X57.134 Y65.952
M3
G0 X37.895 Y65.952
M5
G0 X37.895 Y65.369
M3
G0 X56.551 Y65.369
M5
G0 X55.968 Y64.786
M3
G0 X37.895 Y64.786
M5
G0 X37.895 Y64.203
M3
G0 X54.802 Y64.203
M5
G0 X54.802 Y63.620
M3
G0 X37.895 Y63.620
M5
G0 X37.895 Y63.037
M3
G0 X55.968 Y63.037
M5
G0 X55.968 Y61.871
M3
G0 X37.895 Y61.871
M5
G0 X37.968 Y61.798
M3
G0 X37.968 Y60.632
M5
G0 X37.895 Y60.705
M3
G0 X55.385 Y60.705
M5
G0 X55.968 Y60.122
M3
G0 X37.895 Y60.122
M5
G0 X37.312 Y60.122
M3
G0 X24.486 Y60.122
M5
G0 X24.559 Y60.049
M3
G0 X24.559 Y47.223
M5
G0 X24.486 Y47.296
M3
G0 X37.312 Y47.296
M5
G0 X37.312 Y46.713
M3
G0 X24.486 Y46.713
M5
G0 X24.486 Y46.130
M3
G0 X30.899 Y46.130
M5
G0 X30.899 Y45.547
M3
G0 X27.984 Y45.547
M5
G0 X27.401 Y45.547
M3
G0 X24.486 Y45.547
M5
G0 X24.486 Y44.964
M3
G0 X30.899 Y44.964
M5
G0 X30.899 Y44.381
M3
G0 X27.984 Y44.381
M5
G0 X27.984 Y43.798
M3
G0 X30.899 Y43.798
M5
G0 X30.899 Y43.215
M3
G0 X27.984 Y43.215
M5
G0 X28.567 Y42.632
M3
G0 X30.899 Y42.632
M5
G0 X30.316 Y42.049
M3
G0 X28.567 Y42.049
M5
G0 X28.567 Y41.466
M3
G0 X30.899 Y41.466
M5
G0 X30.899 Y40.883
M3
G0 X28.567 Y40.883
M5
G0 X28.567 Y40.300
M3
G0 X30.899 Y40.300
M5
G0 X30.899 Y39.717
M3
G0 X28.567 Y39.717
M5
G0 X28.567 Y39.134
M3
G0 X30.316 Y39.134
M5
G0 X30.316 Y38.551
M3
G0 X28.567 Y38.551
M5
G0 X31.263 Y39.644
M3
G0 X31.263 Y244.860
M5
G0 X31.118 Y244.860
M3
G0 X31.118 Y0.000
M5
G0 X31.263 Y0.000
M3
G0 X31.263 Y15.741
M5
G0 X30.899 Y15.814
M3
G0 X28.567 Y15.814
M5
G0 X28.567 Y16.397
M3
G0 X30.899 Y16.397
M5
G0 X30.899 Y16.980
M3
G0 X28.567 Y16.980
M5
G0 X28.567 Y17.563
M3
G0 X30.899 Y17.563
M5
G0 X30.899 Y18.146
M3
G0 X28.567 Y18.146
M5
G0 X28.567 Y18.729
M3
G0 X30.316 Y18.729
M5
G0 X30.316 Y19.312
M3
G0 X28.567 Y19.312
M5
G0 X28.567 Y19.895
M3
G0 X30.316 Y19.895
M5
G0 X30.316 Y20.478
M3
G0 X28.567 Y20.478
M5
G0 X32.065 Y20.478
M3
G0 X33.231 Y20.478
M5
G0 X33.231 Y19.895
M3
G0 X32.065 Y19.895
M5
G0 X32.065 Y19.312
M3
G0 X33.231 Y19.312
M5
G0 X33.814 Y18.729
M3
G0 X32.065 Y18.729
M5
G0 X32.065 Y18.146
M3
G0 X33.814 Y18.146
M5
G0 X33.814 Y17.563
M3
G0 X32.065 Y17.563
M5
G0 X32.065 Y16.980
M3
G0 X33.814 Y16.980
M5
G0 X33.814 Y16.397
M3
G0 X32.065 Y16.397
M5
G0 X32.065 Y15.814
M3
G0 X33.814 Y15.814
M5
G0 X33.814 Y15.231
M3
G0 X32.065 Y15.231
M5
G0 X32.065 Y14.648
M3
G0 X33.814 Y14.648
M5
G0 X33.814 Y14.065
M3
G0 X32.065 Y14.065
M5
G0 X32.065 Y13.482
M3
G0 X33.814 Y13.482
M5
G0 X33.814 Y12.899
M3
G0 X32.065 Y12.899
M5
G0 X32.065 Y12.316
M3
G0 X33.814 Y12.316
M5
G0 X33.814 Y11.733
M3
G0 X32.065 Y11.733
M5
G0 X32.065 Y11.150
M3
G0 X33.814 Y11.150
M5
G0 X33.814 Y10.567
M3
G0 X32.065 Y10.567
M5
G0 X32.065 Y9.984
M3
G0 X33.814 Y9.984
M5
G0 X33.814 Y9.401
M3
G0 X32.065 Y9.401
M5
G0 X32.721 Y9.328
M3
G0 X32.721 Y10.494
M5
G0 X32.648 Y8.818
M3
G0 X33.814 Y8.818
M5
G0 X33.814 Y8.235
M3
G0 X32.648 Y8.235
M5
G0 X32.648 Y7.652
M3
G0 X33.814 Y7.652
M5
G0 X33.814 Y7.069
M3
G0 X32.648 Y7.069
M5
G0 X32.648 Y6.486
M3
G0 X33.814 Y6.486
M5
G0 X34.397 Y5.903
M3
G0 X32.648 Y5.903
M5
G0 X32.648 Y5.320
M3
G0 X34.397 Y5.320
M5
G0 X34.980 Y5.320
M3
G0 X37.312 Y5.320
M5
G0 X37.312 Y4.737
M3
G0 X34.980 Y4.737
M5
G0 X34.397 Y4.737
M3
G0 X32.648 Y4.737
M5
G0 X32.065 Y4.737
M3
G0 X28.567 Y4.737
M5
G0 X28.640 Y4.664
M3
G0 X28.640 Y6.413
M5
G0 X28.567 Y6.486
M3
G0 X31.482 Y6.486
M5
G0 X31.482 Y5.903
M3
G0 X28.567 Y5.903
M5
G0 X28.567 Y5.320
M3
G0 X31.482 Y5.320
M5
G0 X30.389 Y5.247
M3
G0 X30.389 Y3.498
M5
G0 X29.806 Y3.498
M3
G0 X29.806 Y5.830
M5
G0 X29.223 Y5.830
M3
G0 X29.223 Y2.915
M5
G0 X28.567 Y2.988
M3
G0 X31.482 Y2.988
M5
G0 X31.482 Y3.571
M3
G0 X28.567 Y3.571
M5
G0 X28.348 Y3.498
M3
G0 X28.348 Y5.247
M5
G0 X28.567 Y4.154
M3
G0 X31.482 Y4.154
M5
G0 X32.648 Y4.154
M3
G0 X33.814 Y4.154
M5
G0 X33.814 Y3.571
M3
G0 X32.648 Y3.571
M5
G0 X32.648 Y2.988
M3
G0 X33.814 Y2.988
M5
G0 X33.814 Y2.405
M3
G0 X32.648 Y2.405
M5
G0 X32.429 Y2.915
M3
G0 X32.429 Y244.860
M5
G0 X32.284 Y244.860
M3
G0 X32.284 Y0.000
M5
G0 X32.648 Y0.073
M3
G0 X33.814 Y0.073
M5
G0 X33.595 Y0.000
M3
G0 X33.595 Y244.860
M5
G0 X33.450 Y244.860
M3
G0 X33.450 Y0.000
M5
G0 X33.012 Y0.000
M3
G0 X33.012 Y244.860
M5
G0 X32.867 Y244.860
M3
G0 X32.867 Y0.000
M5
G0 X32.648 Y0.656
M3
G0 X33.814 Y0.656
M5
G0 X33.814 Y1.239
M3
G0 X32.648 Y1.239
M5
G0 X32.648 Y1.822
M3
G0 X33.814 Y1.822
M5
G0 X34.980 Y1.822
M3
G0 X37.312 Y1.822
M5
G0 X37.312 Y2.405
M3
G0 X34.980 Y2.405
M5
G0 X34.980 Y2.988
M3
G0 X37.312 Y2.988
M5
G0 X37.312 Y3.571
M3
G0 X34.980 Y3.571
M5
G0 X34.980 Y4.154
M3
G0 X37.312 Y4.154
M5
G0 X38.478 Y4.154
M3
G0 X40.810 Y4.154
M5
G0 X40.810 Y3.571
M3
G0 X38.478 Y3.571
M5
G0 X38.478 Y2.988
M3
G0 X40.810 Y2.988
M5
G0 X40.810 Y2.405
M3
G0 X38.478 Y2.405
M5
G0 X38.478 Y1.822
M3
G0 X40.810 Y1.822
M5
G0 X40.810 Y1.239
M3
G0 X38.478 Y1.239
M5
G0 X38.478 Y0.656
M3
G0 X40.810 Y0.656
M5
G0 X41.612 Y0.000
M3
G0 X41.612 Y244.860
M5
G0 X41.757 Y244.860
M3
G0 X41.757 Y53.053
M5
G0 X41.976 Y53.126
M3
G0 X81.620 Y53.126
M5
G0 X81.037 Y52.980
M3
G0 X80.454 Y52.980
M5
G0 X79.944 Y53.053
M3
G0 X79.944 Y55.385
M5
G0 X79.361 Y54.802
M3
G0 X79.361 Y49.555
M5
G0 X79.288 Y49.482
M3
G0 X78.705 Y49.482
M5
G0 X78.705 Y48.899
M3
G0 X78.122 Y48.899
M5
G0 X78.778 Y48.389
M3
G0 X78.778 Y50.721
M5
G0 X79.288 Y50.648
M3
G0 X79.871 Y50.648
M5
G0 X79.944 Y50.138
M3
G0 X79.944 Y52.470
M5
G0 X79.871 Y51.814
M3
G0 X80.454 Y51.814
M5
G0 X80.527 Y51.304
M3
G0 X80.527 Y53.636
M5
G0 X80.527 Y54.219
M3
G0 X80.527 Y55.968
M5
G0 X79.944 Y56.551
M3
G0 X79.944 Y74.624
M5
G0 X80.454 Y74.551
M3
G0 X82.203 Y74.551
M5
G0 X82.786 Y74.551
M3
G0 X84.535 Y74.551
M5
G0 X84.535 Y73.968
M3
G0 X82.786 Y73.968
M5
G0 X83.296 Y73.458
M3
G0 X83.296 Y72.875
M5
G0 X83.369 Y72.802
M3
G0 X81.620 Y72.802
M5
G0 X82.130 Y72.292
M3
G0 X82.130 Y71.126
M5
G0 X82.203 Y71.053
M3
G0 X80.454 Y71.053
M5
G0 X79.871 Y71.053
M3
G0 X78.705 Y71.053
M5
G0 X78.705 Y70.470
M3
G0 X77.539 Y70.470
M5
G0 X78.122 Y69.887
M3
G0 X76.373 Y69.887
M5
G0 X76.883 Y69.377
M3
G0 X76.883 Y68.794
M5
G0 X76.373 Y68.721
M3
G0 X75.207 Y68.721
M5
G0 X75.790 Y68.138
M3
G0 X74.041 Y68.138
M5
G0 X73.458 Y68.138
M3
G0 X72.292 Y68.138
M5
G0 X72.365 Y68.794
M3
G0 X72.365 Y41.976
M5
G0 X71.709 Y41.903
M3
G0 X52.470 Y41.903
M5
G0 X52.397 Y42.559
M3
G0 X52.397 Y43.725
M5
G0 X52.980 Y43.725
M3
G0 X52.980 Y42.559
M5
G0 X51.814 Y42.559
M3
G0 X51.814 Y43.142
M5
G0 X51.231 Y43.142
M3
G0 X51.231 Y43.725
M5
G0 X50.721 Y43.069
M3
G0 X73.458 Y43.069
M5
G0 X73.531 Y42.559
M3
G0 X73.531 Y71.126
M5
G0 X74.114 Y71.126
M3
G0 X74.114 Y49.555
M5
G0 X74.114 Y48.972
M3
G0 X74.114 Y43.142
M5
G0 X74.624 Y42.632
M3
G0 X47.806 Y42.632
M5
G0 X47.879 Y43.142
M3
G0 X47.879 Y83.952
M5
G0 X47.806 Y83.879
M3
G0 X44.308 Y83.879
M5
G0 X44.818 Y83.952
M3
G0 X44.818 Y86.867
M5
G0 X44.891 Y86.794
M3
G0 X42.559 Y86.794
M5
G0 X42.559 Y87.377
M3
G0 X43.725 Y87.377
M5
G0 X43.652 Y86.867
M3
G0 X43.652 Y86.284
M5
G0 X44.235 Y86.867
M3
G0 X44.235 Y85.118
M5
G0 X45.984 Y85.118
M3
G0 X45.984 Y83.952
M5
G0 X47.150 Y83.952
M3
G0 X47.150 Y82.203
M5
G0 X47.733 Y82.203
M3
G0 X47.733 Y83.369
M5
G0 X48.316 Y82.786
M3
G0 X48.316 Y79.288
M5
G0 X48.899 Y78.705
M3
G0 X48.899 Y82.786
M5
G0 X49.482 Y82.786
M3
G0 X49.482 Y82.203
M5
G0 X50.065 Y82.786
M3
G0 X50.065 Y76.956
M5
G0 X50.721 Y76.883
M3
G0 X47.806 Y76.883
M5
G0 X48.389 Y76.300
M3
G0 X50.721 Y76.300
M5
G0 X50.138 Y75.717
M3
G0 X48.389 Y75.717
M5
G0 X48.389 Y75.134
M3
G0 X50.138 Y75.134
M5
G0 X49.555 Y74.551
M3
G0 X48.389 Y74.551
M5
G0 X48.389 Y73.968
M3
G0 X49.555 Y73.968
M5
G0 X49.555 Y73.385
M3
G0 X48.389 Y73.385
M5
G0 X48.389 Y72.802
M3
G0 X49.555 Y72.802
M5
G0 X50.721 Y72.219
M3
G0 X48.389 Y72.219
M5
G0 X48.389 Y71.636
M3
G0 X51.304 Y71.636
M5
G0 X51.960 Y72.292
M3
G0 X51.960 Y40.810
M5
G0 X51.377 Y40.810
M3
G0 X51.377 Y66.462
M5
G0 X51.304 Y66.389
M3
G0 X51.887 Y66.389
M5
G0 X51.814 Y65.879
M3
G0 X51.814 Y64.713
M5
G0 X51.304 Y64.640
M3
G0 X46.640 Y64.640
M5
G0 X46.640 Y64.057
M3
G0 X51.304 Y64.057
M5
G0 X51.231 Y64.713
M3
G0 X51.231 Y65.879
M5
G0 X50.648 Y65.879
M3
G0 X50.648 Y64.713
M5
G0 X50.065 Y64.130
M3
G0 X50.065 Y65.879
M5
G0 X50.721 Y66.389
M3
G0 X47.223 Y66.389
M5
G0 X47.806 Y66.972
M3
G0 X50.138 Y66.972
M5
G0 X50.794 Y67.045
M3
G0 X50.794 Y83.369
M5
G0 X50.211 Y83.369
M3
G0 X50.211 Y0.000
M5
G0 X50.357 Y0.000
M3
G0 X50.357 Y244.860
M5
G0 X50.502 Y244.860
M3
G0 X50.502 Y141.669
M5
G0 X50.211 Y141.669
M3
G0 X50.211 Y142.835
M5
G0 X49.628 Y142.835
M3
G0 X49.628 Y142.252
M5
G0 X49.045 Y142.252
M3
G0 X49.045 Y142.835
M5
G0 X48.753 Y143.418
M3
G0 X48.753 Y139.920
M5
G0 X48.462 Y139.920
M3
G0 X48.462 Y141.086
M5
G0 X48.389 Y141.159
M3
G0 X47.806 Y141.159
M5
G0 X47.879 Y141.086
M3
G0 X47.879 Y140.503
M5
G0 X47.806 Y141.013
M3
G0 X48.972 Y141.013
M5
G0 X49.045 Y141.086
M3
G0 X49.045 Y139.920
M5
G0 X48.753 Y139.337
M3
G0 X48.753 Y95.612
M5
G0 X48.753 Y95.029
M3
G0 X48.753 Y39.061
M5
G0 X48.753 Y38.478
M3
G0 X48.753 Y32.648
M5
G0 X48.972 Y33.012
M3
G0 X43.142 Y33.012
M5
G0 X43.142 Y32.721
M3
G0 X44.891 Y32.721
M5
G0 X44.891 Y32.138
M3
G0 X43.142 Y32.138
M5
G0 X43.142 Y32.429
M3
G0 X49.555 Y32.429
M5
G0 X50.138 Y32.429
M3
G0 X51.887 Y32.429
M5
G0 X51.887 Y33.012
M3
G0 X49.555 Y33.012
M5
G0 X49.555 Y33.595
M3
G0 X51.887 Y33.595
M5
G0 X51.887 Y34.178
M3
G0 X49.555 Y34.178
M5
G0 X49.555 Y34.761
M3
G0 X51.887 Y34.761
M5
G0 X52.470 Y34.761
M3
G0 X53.053 Y34.761
M5
G0 X53.053 Y35.344
M3
G0 X49.555 Y35.344
M5
G0 X49.555 Y35.927
M3
G0 X53.053 Y35.927
M5
G0 X53.053 Y36.510
M3
G0 X49.555 Y36.510
M5
G0 X48.972 Y36.510
M3
G0 X43.142 Y36.510
M5
G0 X43.142 Y36.219
M3
G0 X45.474 Y36.219
M5
G0 X45.474 Y36.802
M3
G0 X43.142 Y36.802
M5
G0 X43.142 Y37.093
M3
G0 X53.053 Y37.093
M5
G0 X53.053 Y37.676
M3
G0 X49.555 Y37.676
M5
G0 X48.972 Y37.676
M3
G0 X8.745 Y37.676
M5
G0 X8.745 Y38.259
M3
G0 X55.968 Y38.259
M5
G0 X56.551 Y38.259
M3
G0 X86.284 Y38.259
M5
G0 X86.284 Y37.676
M3
G0 X56.551 Y37.676
M5
G0 X57.134 Y37.968
M3
G0 X61.215 Y37.968
M5
G0 X61.215 Y37.385
M3
G0 X57.717 Y37.385
M5
G0 X57.717 Y36.802
M3
G0 X61.215 Y36.802
M5
G0 X60.632 Y36.656
M3
G0 X58.883 Y36.656
M5
G0 X58.300 Y36.073
M3
G0 X60.632 Y36.073
M5
G0 X60.632 Y35.490
M3
G0 X58.300 Y35.490
M5
G0 X58.300 Y34.907
M3
G0 X60.632 Y34.907
M5
G0 X60.632 Y34.324
M3
G0 X58.883 Y34.324
M5
G0 X58.883 Y33.741
M3
G0 X60.632 Y33.741
M5
G0 X60.632 Y33.158
M3
G0 X58.883 Y33.158
M5
G0 X59.466 Y32.575
M3
G0 X60.049 Y32.575
M5
G0 X60.632 Y31.992
M3
G0 X59.466 Y31.992
M5
G0 X59.466 Y31.409
M3
G0 X60.632 Y31.409
M5
G0 X60.632 Y30.826
M3
G0 X59.466 Y30.826
M5
G0 X58.883 Y30.243
M3
G0 X60.632 Y30.243
M5
G0 X60.632 Y29.660
M3
G0 X58.883 Y29.660
M5
G0 X59.466 Y29.077
M3
G0 X60.632 Y29.077
M5
G0 X60.632 Y28.494
M3
G0 X59.466 Y28.494
M5
G0 X59.466 Y27.911
M3
G0 X60.049 Y27.911
M5
G0 X60.049 Y27.328
M3
G0 X59.466 Y27.328
M5
G0 X57.717 Y27.474
M3
G0 X62.381 Y27.474
M5
G0 X62.381 Y28.057
M3
G0 X57.717 Y28.057
M5
G0 X57.717 Y28.640
M3
G0 X62.381 Y28.640
M5
G0 X62.381 Y29.223
M3
G0 X57.717 Y29.223
M5
G0 X57.717 Y29.806
M3
G0 X62.381 Y29.806
M5
G0 X62.381 Y30.389
M3
G0 X57.717 Y30.389
M5
G0 X57.498 Y30.316
M3
G0 X57.498 Y0.000
M5
G0 X57.353 Y0.000
M3
G0 X57.353 Y244.860
M5
G0 X57.498 Y244.860
M3
G0 X57.498 Y212.212
M5
G0 X57.717 Y212.139
M3
G0 X58.300 Y212.139
M5
G0 X58.373 Y212.212
M3
G0 X58.373 Y213.961
M5
G0 X58.883 Y214.034
M3
G0 X91.531 Y214.034
M5
G0 X91.531 Y213.451
M3
G0 X60.632 Y213.451
M5
G0 X60.632 Y213.888
M3
G0 X61.215 Y213.888
M5
G0 X61.215 Y214.471
M3
G0 X60.632 Y214.471
M5
G0 X60.705 Y214.544
M3
G0 X60.705 Y204.050
M5
G0 X60.632 Y203.977
M3
G0 X60.049 Y203.977
M5
G0 X59.466 Y203.540
M3
G0 X58.883 Y203.540
M5
G0 X58.883 Y203.394
M3
G0 X59.466 Y203.394
M5
G0 X59.466 Y202.957
M3
G0 X58.883 Y202.957
M5
G0 X58.883 Y202.811
M3
G0 X59.466 Y202.811
M5
G0 X59.466 Y202.374
M3
G0 X58.883 Y202.374
M5
G0 X58.956 Y201.718
M3
G0 X58.956 Y205.799
M5
G0 X58.373 Y206.382
M3
G0 X58.373 Y209.297
M5
G0 X57.717 Y209.224
M3
G0 X57.134 Y209.224
M5
G0 X57.134 Y209.370
M3
G0 X59.466 Y209.370
M5
G0 X59.466 Y209.953
M3
G0 X55.968 Y209.953
M5
G0 X55.968 Y209.807
M3
G0 X56.551 Y209.807
M5
G0 X56.551 Y209.370
M3
G0 X55.968 Y209.370
M5
G0 X55.968 Y209.224
M3
G0 X56.551 Y209.224
M5
G0 X56.551 Y208.787
M3
G0 X55.968 Y208.787
M5
G0 X55.385 Y208.787
M3
G0 X31.482 Y208.787
M5
G0 X31.482 Y208.641
M3
G0 X32.065 Y208.641
M5
G0 X31.992 Y208.131
M3
G0 X31.992 Y206.965
M5
G0 X32.065 Y206.892
M3
G0 X31.482 Y206.892
M5
G0 X31.482 Y207.475
M3
G0 X32.065 Y207.475
M5
G0 X32.065 Y208.058
M3
G0 X31.482 Y208.058
M5
G0 X30.899 Y207.038
M3
G0 X53.636 Y207.038
M5
G0 X53.636 Y207.475
M3
G0 X53.053 Y207.475
M5
G0 X53.126 Y206.382
M3
G0 X53.126 Y209.297
M5
G0 X53.709 Y208.714
M3
G0 X53.709 Y212.795
M5
G0 X53.126 Y212.795
M3
G0 X53.126 Y212.212
M5
G0 X53.053 Y211.556
M3
G0 X52.470 Y211.556
M5
G0 X52.470 Y210.973
M3
G0 X53.053 Y210.973
M5
G0 X53.636 Y210.973
M3
G0 X54.219 Y210.973
M5
G0 X54.219 Y210.390
M3
G0 X53.636 Y210.390
M5
G0 X54.219 Y209.953
M3
G0 X22.737 Y209.953
M5
G0 X22.737 Y209.370
M3
G0 X30.899 Y209.370
M5
G0 X30.826 Y209.880
M3
G0 X30.826 Y210.463
M5
G0 X30.899 Y210.390
M3
G0 X30.316 Y210.390
M5
G0 X30.316 Y209.807
M3
G0 X29.733 Y209.807
M5
G0 X29.806 Y211.046
M3
G0 X29.806 Y206.965
M5
G0 X29.733 Y206.892
M3
G0 X27.984 Y206.892
M5
G0 X27.984 Y206.309
M3
G0 X29.733 Y206.309
M5
G0 X30.316 Y206.455
M3
G0 X22.737 Y206.455
M5
G0 X22.737 Y205.872
M3
G0 X30.316 Y205.872
M5
G0 X30.899 Y205.872
M3
G0 X55.968 Y205.872
M5
G0 X55.968 Y205.289
M3
G0 X25.652 Y205.289
M5
G0 X25.725 Y205.216
M3
G0 X25.725 Y206.965
M5
G0 X25.652 Y207.038
M3
G0 X30.316 Y207.038
M5
G0 X30.316 Y207.621
M3
G0 X25.652 Y207.621
M5
G0 X25.652 Y208.204
M3
G0 X56.551 Y208.204
M5
G0 X56.041 Y207.548
M3
G0 X56.041 Y211.046
M5
G0 X55.458 Y211.046
M3
G0 X55.458 Y213.378
M5
G0 X55.385 Y213.305
M3
G0 X55.968 Y213.305
M5
G0 X56.551 Y214.034
M3
G0 X24.486 Y214.034
M5
G0 X24.559 Y213.961
M3
G0 X24.559 Y216.876
M5
G0 X24.486 Y216.949
M3
G0 X25.652 Y216.949
M5
G0 X25.652 Y217.532
M3
G0 X24.486 Y217.532
M5
G0 X24.486 Y218.115
M3
G0 X89.782 Y218.115
M5
G0 X89.199 Y218.698
M3
G0 X61.798 Y218.698
M5
G0 X62.381 Y218.552
M3
G0 X74.041 Y218.552
M5
G0 X74.041 Y217.969
M3
G0 X62.964 Y217.969
M5
G0 X63.547 Y217.386
M3
G0 X74.041 Y217.386
M5
G0 X73.458 Y216.803
M3
G0 X62.964 Y216.803
M5
G0 X62.964 Y216.220
M3
G0 X73.458 Y216.220
M5
G0 X73.458 Y215.637
M3
G0 X62.964 Y215.637
M5
G0 X62.964 Y215.054
M3
G0 X73.458 Y215.054
M5
G0 X72.292 Y214.471
M3
G0 X62.381 Y214.471
M5
G0 X62.381 Y213.888
M3
G0 X72.292 Y213.888
M5
G0 X72.292 Y213.305
M3
G0 X62.381 Y213.305
M5
G0 X62.381 Y212.722
M3
G0 X71.709 Y212.722
M5
G0 X71.126 Y212.139
M3
G0 X62.964 Y212.139
M5
G0 X63.547 Y211.556
M3
G0 X70.543 Y211.556
M5
G0 X69.960 Y210.973
M3
G0 X63.547 Y210.973
M5
G0 X64.130 Y210.390
M3
G0 X69.960 Y210.390
M5
G0 X69.377 Y209.807
M3
G0 X63.547 Y209.807
M5
G0 X63.547 Y209.224
M3
G0 X68.794 Y209.224
M5
G0 X68.211 Y208.641
M3
G0 X64.130 Y208.641
M5
G0 X64.130 Y208.058
M3
G0 X67.628 Y208.058
M5
G0 X67.045 Y207.475
M3
G0 X64.713 Y207.475
M5
G0 X65.296 Y206.892
M3
G0 X67.045 Y206.892
M5
G0 X70.616 Y206.382
M3
G0 X70.616 Y244.860
M5
G0 X70.762 Y244.860
M3
G0 X70.762 Y190.058
M5
G0 X70.543 Y190.422
M3
G0 X1.166 Y190.422
M5
G0 X1.530 Y190.641
M3
G0 X1.530 Y244.860
M5
G0 X1.385 Y244.860
M3
G0 X1.385 Y0.000
M5
G0 X1.968 Y0.000
M3
G0 X1.968 Y86.867
M5
G0 X1.968 Y88.033
M3
G0 X1.968 Y244.860
M5
G0 X1.749 Y244.641
M3
G0 X0.583 Y244.641
M5
G0 X0.583 Y244.058
M3
G0 X1.749 Y244.058
M5
G0 X1.749 Y243.767
M3
G0 X1.166 Y243.767
M5
G0 X1.166 Y243.184
M3
G0 X1.749 Y243.184
M5
G0 X1.749 Y242.601
M3
G0 X1.166 Y242.601
M5
G0 X1.166 Y242.018
M3
G0 X1.749 Y242.018
M5
G0 X1.749 Y241.435
M3
G0 X1.166 Y241.435
M5
G0 X1.239 Y241.362
M3
G0 X1.239 Y239.613
M5
G0 X1.749 Y239.686
M3
G0 X0.000 Y239.686
M5
G0 X0.000 Y239.394
M3
G0 X5.247 Y239.394
M5
G0 X5.830 Y239.394
M3
G0 X7.579 Y239.394
M5
G0 X7.579 Y238.811
M3
G0 X5.830 Y238.811
M5
G0 X6.413 Y238.520
M3
G0 X7.579 Y238.520
M5
G0 X7.579 Y238.228
M3
G0 X6.413 Y238.228
M5
G0 X6.413 Y237.937
M3
G0 X7.579 Y237.937
M5
G0 X7.579 Y237.354
M3
G0 X6.413 Y237.354
M5
G0 X6.413 Y237.645
M3
G0 X137.588 Y237.645
M5
G0 X137.588 Y237.500
M3
G0 X0.000 Y237.500
M5
G0 X0.000 Y237.645
M3
G0 X4.664 Y237.645
M5
G0 X5.247 Y236.479
M3
G0 X3.498 Y236.479
M5
G0 X3.498 Y235.896
M3
G0 X5.247 Y235.896
M5
G0 X5.466 Y236.115
M3
G0 X5.466 Y244.860
M5
G0 X6.049 Y244.860
M3
G0 X6.049 Y233.200
M5
G0 X5.830 Y232.981
M3
G0 X3.498 Y232.981
M5
G0 X3.498 Y232.398
M3
G0 X5.830 Y232.398
M5
G0 X6.049 Y232.617
M3
G0 X6.049 Y107.272
M5
G0 X5.830 Y107.053
M3
G0 X0.000 Y107.053
M5
G0 X0.000 Y106.908
M3
G0 X137.588 Y106.908
M5
G0 X137.588 Y107.053
M3
G0 X120.681 Y107.053
M5
G0 X120.681 Y106.470
M3
G0 X137.588 Y106.470
M5
G0 X137.588 Y106.325
M3
G0 X0.000 Y106.325
M5
G0 X0.000 Y106.470
M3
G0 X5.830 Y106.470
M5
G0 X6.049 Y106.689
M3
G0 X6.049 Y89.782
M5
G0 X5.466 Y90.365
M3
G0 X5.466 Y103.774
M5
G0 X5.247 Y104.138
M3
G0 X0.000 Y104.138
M5
G0 X0.000 Y103.993
M3
G0 X137.588 Y103.993
M5
G0 X137.588 Y104.138
M3
G0 X120.681 Y104.138
M5
G0 X120.681 Y104.721
M3
G0 X137.588 Y104.721
M5
G0 X137.588 Y104.576
M3
G0 X0.000 Y104.576
M5
G0 X0.000 Y104.721
M3
G0 X5.247 Y104.721
M5
G0 X5.028 Y104.357
M3
G0 X5.028 Y142.252
M5
G0 X5.247 Y142.325
M3
G0 X6.996 Y142.325
M5
G0 X6.996 Y141.742
M3
G0 X8.745 Y141.742
M5
G0 X9.109 Y141.669
M3
G0 X9.109 Y162.657
M5
G0 X9.109 Y163.240
M3
G0 X9.109 Y170.236
M5
G0 X9.328 Y170.309
M3
G0 X9.911 Y170.309
M5
G0 X9.911 Y169.726
M3
G0 X9.328 Y169.726
M5
G0 X9.328 Y169.143
M3
G0 X9.911 Y169.143
M5
G0 X9.911 Y168.560
M3
G0 X8.745 Y168.560
M5
G0 X9.401 Y168.487
M3
G0 X9.401 Y173.734
M5
G0 X9.328 Y173.807
M3
G0 X11.077 Y173.807
M5
G0 X11.077 Y173.224
M3
G0 X9.328 Y173.224
M5
G0 X9.328 Y172.641
M3
G0 X10.494 Y172.641
M5
G0 X9.984 Y172.568
M3
G0 X9.984 Y175.483
M5
G0 X9.401 Y176.066
M3
G0 X9.401 Y183.645
M5
G0 X8.235 Y184.811
M3
G0 X8.235 Y188.309
M5
G0 X8.162 Y188.236
M3
G0 X4.664 Y188.236
M5
G0 X4.664 Y188.382
M3
G0 X8.745 Y188.382
M5
G0 X9.328 Y188.382
M3
G0 X20.988 Y188.382
M5
G0 X20.988 Y187.799
M3
G0 X10.494 Y187.799
M5
G0 X11.077 Y187.216
M3
G0 X11.660 Y187.216
M5
G0 X12.243 Y187.216
M3
G0 X20.988 Y187.216
M5
G0 X20.988 Y186.633
M3
G0 X12.243 Y186.633
M5
G0 X12.899 Y186.560
M3
G0 X12.899 Y189.475
M5
G0 X12.826 Y189.548
M3
G0 X20.988 Y189.548
M5
G0 X20.988 Y188.965
M3
G0 X12.826 Y188.965
M5
G0 X12.243 Y188.965
M3
G0 X9.328 Y188.965
M5
G0 X8.745 Y189.548
M3
G0 X12.243 Y189.548
M5
G0 X12.243 Y190.131
M3
G0 X4.664 Y190.131
M5
G0 X4.737 Y190.641
M3
G0 X4.737 Y198.803
M5
G0 X5.247 Y198.876
M3
G0 X2.915 Y198.876
M5
G0 X2.915 Y198.293
M3
G0 X5.247 Y198.293
M5
G0 X5.830 Y197.710
M3
G0 X2.915 Y197.710
M5
G0 X2.915 Y197.127
M3
G0 X5.830 Y197.127
M5
G0 X5.830 Y196.544
M3
G0 X2.915 Y196.544
M5
G0 X2.988 Y197.054
M3
G0 X2.988 Y209.880
M5
G0 X2.405 Y209.880
M3
G0 X2.405 Y201.135
M5
G0 X1.822 Y200.552
M3
G0 X1.822 Y203.467
M5
G0 X1.749 Y203.540
M3
G0 X4.664 Y203.540
M5
G0 X4.664 Y202.957
M3
G0 X1.749 Y202.957
M5
G0 X1.749 Y202.374
M3
G0 X4.664 Y202.374
M5
G0 X4.664 Y201.791
M3
G0 X1.749 Y201.791
M5
G0 X1.166 Y201.208
M3
G0 X4.664 Y201.208
M5
G0 X4.154 Y201.135
M3
G0 X4.154 Y192.390
M5
G0 X4.081 Y192.463
M3
G0 X8.162 Y192.463
M5
G0 X8.745 Y192.463
M3
G0 X12.243 Y192.463
M5
G0 X12.607 Y192.390
M3
G0 X12.607 Y194.139
M5
G0 X12.826 Y194.212
M3
G0 X20.988 Y194.212
M5
G0 X21.352 Y194.139
M3
G0 X21.352 Y205.799
M5
G0 X21.352 Y206.382
M3
G0 X21.352 Y244.860
M5
G0 X21.207 Y244.860
M3
G0 X21.207 Y0.000
M5
G0 X21.352 Y0.000
M3
G0 X21.352 Y193.556
M5
G0 X20.988 Y193.629
M3
G0 X12.826 Y193.629
M5
G0 X12.826 Y193.046
M3
G0 X20.405 Y193.046
M5
G0 X20.769 Y192.973
M3
G0 X20.769 Y205.799
M5
G0 X20.988 Y205.289
M3
G0 X20.405 Y205.289
M5
G0 X20.186 Y205.799
M3
G0 X20.186 Y191.807
M5
G0 X20.478 Y191.807
M3
G0 X20.478 Y188.892
M5
G0 X20.405 Y188.819
M3
G0 X19.239 Y188.819
M5
G0 X18.729 Y188.309
M3
G0 X18.729 Y178.981
M5
G0 X18.146 Y178.981
M3
G0 X18.146 Y181.313
M5
G0 X18.146 Y181.896
M3
G0 X18.146 Y186.560
M5
G0 X19.239 Y187.070
M3
G0 X19.822 Y187.070
M5
G0 X19.822 Y187.653
M3
G0 X19.239 Y187.653
M5
G0 X19.822 Y188.236
M3
G0 X20.405 Y188.236
M5
G0 X20.405 Y189.402
M3
G0 X19.822 Y189.402
M5
G0 X19.822 Y189.985
M3
G0 X20.405 Y189.985
M5
G0 X19.312 Y190.058
M3
G0 X19.312 Y178.981
M5
G0 X19.822 Y179.491
M3
G0 X20.988 Y179.491
M5
G0 X20.988 Y180.074
M3
G0 X19.822 Y180.074
M5
G0 X19.822 Y180.657
M3
G0 X20.988 Y180.657
M5
G0 X20.405 Y181.240
M3
G0 X19.822 Y181.240
M5
G0 X20.405 Y181.823
M3
G0 X19.239 Y181.823
M5
G0 X19.239 Y182.406
M3
G0 X20.405 Y182.406
M5
G0 X20.478 Y181.896
M3
G0 X20.478 Y160.908
M5
G0 X20.405 Y160.981
M3
G0 X21.571 Y160.981
M5
G0 X21.571 Y160.398
M3
G0 X20.405 Y160.398
M5
G0 X20.405 Y159.815
M3
G0 X21.571 Y159.815
M5
G0 X21.571 Y159.232
M3
G0 X20.405 Y159.232
M5
G0 X20.405 Y158.649
M3
G0 X21.571 Y158.649
M5
G0 X21.061 Y158.576
M3
G0 X21.061 Y163.240
M5
G0 X20.988 Y163.167
M3
G0 X20.405 Y163.167
M5
G0 X20.405 Y162.584
M3
G0 X20.988 Y162.584
M5
G0 X21.571 Y162.730
M3
G0 X19.822 Y162.730
M5
G0 X20.405 Y162.147
M3
G0 X21.571 Y162.147
M5
G0 X21.571 Y161.564
M3
G0 X20.405 Y161.564
M5
G0 X19.020 Y162.074
M3
G0 X19.020 Y244.860
M5
G0 X18.875 Y244.860
M3
G0 X18.875 Y0.000
M5
G0 X19.020 Y0.000
M3
G0 X19.020 Y70.543
M5
G0 X20.186 Y69.960
M3
G0 X20.186 Y56.551
M5
G0 X20.186 Y55.968
M3
G0 X20.186 Y53.053
M5
G0 X20.405 Y53.126
M3
G0 X23.320 Y53.126
M5
G0 X23.320 Y52.543
M3
G0 X20.405 Y52.543
M5
G0 X20.405 Y51.960
M3
G0 X23.320 Y51.960
M5
G0 X23.320 Y51.377
M3
G0 X20.405 Y51.377
M5
G0 X20.186 Y51.304
M3
G0 X20.186 Y46.640
M5
G0 X20.988 Y46.713
M3
G0 X22.737 Y46.713
M5
G0 X23.320 Y47.296
M3
G0 X20.988 Y47.296
M5
G0 X20.405 Y47.879
M3
G0 X23.320 Y47.879
M5
G0 X23.320 Y48.462
M3
G0 X20.405 Y48.462
M5
G0 X20.405 Y49.045
M3
G0 X23.320 Y49.045
M5
G0 X23.320 Y49.628
M3
G0 X20.405 Y49.628
M5
G0 X20.405 Y50.211
M3
G0 X23.320 Y50.211
M5
G0 X22.737 Y50.794
M3
G0 X20.405 Y50.794
M5
G0 X18.073 Y50.794
M3
G0 X17.490 Y50.794
M5
G0 X16.907 Y50.794
M3
G0 X12.826 Y50.794
M5
G0 X12.243 Y50.794
M3
G0 X10.494 Y50.794
M5
G0 X10.494 Y50.648
M3
G0 X11.077 Y50.648
M5
G0 X11.150 Y50.138
M3
G0 X11.150 Y74.041
M5
G0 X11.077 Y74.114
M3
G0 X13.409 Y74.114
M5
G0 X13.409 Y74.697
M3
G0 X13.992 Y74.697
M5
G0 X13.992 Y75.280
M3
G0 X13.409 Y75.280
M5
G0 X12.826 Y75.280
M3
G0 X11.077 Y75.280
M5
G0 X11.077 Y74.697
M3
G0 X12.826 Y74.697
M5
G0 X12.316 Y74.624
M3
G0 X12.316 Y79.288
M5
G0 X12.243 Y79.215
M3
G0 X11.660 Y79.215
M5
G0 X11.150 Y79.288
M3
G0 X11.150 Y74.624
M5
G0 X11.660 Y74.551
M3
G0 X12.243 Y74.551
M5
G0 X12.316 Y74.041
M3
G0 X12.316 Y71.126
M5
G0 X12.826 Y71.199
M3
G0 X10.494 Y71.199
M5
G0 X10.494 Y70.616
M3
G0 X12.826 Y70.616
M5
G0 X12.826 Y70.033
M3
G0 X10.494 Y70.033
M5
G0 X10.494 Y69.450
M3
G0 X12.826 Y69.450
M5
G0 X12.243 Y69.304
M3
G0 X11.660 Y69.304
M5
G0 X11.660 Y68.721
M3
G0 X12.243 Y68.721
M5
G0 X12.243 Y68.138
M3
G0 X11.660 Y68.138
M5
G0 X11.660 Y67.555
M3
G0 X12.243 Y67.555
M5
G0 X12.243 Y67.118
M3
G0 X10.494 Y67.118
M5
G0 X10.275 Y67.045
M3
G0 X10.275 Y66.462
M5
G0 X10.494 Y66.535
M3
G0 X12.243 Y66.535
M5
G0 X12.243 Y66.389
M3
G0 X11.660 Y66.389
M5
G0 X11.660 Y66.972
M3
G0 X12.243 Y66.972
M5
G0 X12.826 Y67.701
M3
G0 X10.494 Y67.701
M5
G0 X10.494 Y68.284
M3
G0 X13.992 Y68.284
M5
G0 X13.992 Y68.867
M3
G0 X10.494 Y68.867
M5
G0 X10.567 Y68.794
M3
G0 X10.567 Y42.559
M5
G0 X11.077 Y42.632
M3
G0 X9.328 Y42.632
M5
G0 X9.328 Y42.486
M3
G0 X9.911 Y42.486
M5
G0 X9.911 Y41.903
M3
G0 X9.328 Y41.903
M5
G0 X9.328 Y42.049
M3
G0 X11.077 Y42.049
M5
G0 X11.660 Y42.049
M3
G0 X18.073 Y42.049
M5
G0 X18.073 Y42.632
M3
G0 X13.992 Y42.632
M5
G0 X14.065 Y42.559
M3
G0 X14.065 Y41.976
M5
G0 X14.065 Y41.393
M3
G0 X14.065 Y39.644
M5
G0 X14.648 Y39.644
M3
G0 X14.648 Y41.393
M5
G0 X14.648 Y41.976
M3
G0 X14.648 Y42.559
M5
G0 X14.575 Y43.215
M3
G0 X12.243 Y43.215
M5
G0 X11.660 Y42.632
M3
G0 X12.826 Y42.632
M5
G0 X13.482 Y42.559
M3
G0 X13.482 Y41.393
M5
G0 X12.899 Y41.976
M3
G0 X12.899 Y40.810
M5
G0 X11.150 Y41.393
M3
G0 X11.150 Y36.729
M5
G0 X10.494 Y36.219
M3
G0 X9.328 Y36.219
M5
G0 X9.328 Y36.073
M3
G0 X9.911 Y36.073
M5
G0 X9.984 Y35.563
M3
G0 X9.984 Y0.000
M5
G0 X10.130 Y0.000
M3
G0 X10.130 Y132.924
M5
G0 X12.243 Y132.705
M3
G0 X58.883 Y132.705
M5
G0 X59.466 Y132.705
M3
G0 X60.632 Y132.705
M5
G0 X60.632 Y132.414
M3
G0 X59.466 Y132.414
M5
G0 X59.466 Y132.122
M3
G0 X60.632 Y132.122
M5
G0 X60.632 Y131.831
M3
G0 X59.466 Y131.831
M5
G0 X59.466 Y131.539
M3
G0 X60.632 Y131.539
M5
G0 X60.632 Y131.248
M3
G0 X59.466 Y131.248
M5
G0 X58.300 Y131.248
M3
G0 X57.717 Y131.248
M5
G0 X57.717 Y131.102
M3
G0 X58.300 Y131.102
M5
G0 X58.300 Y130.665
M3
G0 X57.717 Y130.665
M5
G0 X57.717 Y130.519
M3
G0 X58.300 Y130.519
M5
G0 X58.300 Y130.082
M3
G0 X57.717 Y130.082
M5
G0 X57.717 Y129.936
M3
G0 X58.300 Y129.936
M5
G0 X58.300 Y129.499
M3
G0 X57.717 Y129.499
M5
G0 X57.717 Y129.353
M3
G0 X58.300 Y129.353
M5
G0 X58.300 Y128.770
M3
G0 X57.717 Y128.770
M5
G0 X57.717 Y128.916
M3
G0 X58.883 Y128.916
M5
G0 X58.883 Y129.207
M3
G0 X57.717 Y129.207
M5
G0 X57.134 Y129.207
M3
G0 X12.243 Y129.207
M5
G0 X12.243 Y128.624
M3
G0 X58.883 Y128.624
M5
G0 X58.883 Y128.333
M3
G0 X57.717 Y128.333
M5
G0 X57.717 Y128.041
M3
G0 X58.883 Y128.041
M5
G0 X58.883 Y127.750
M3
G0 X57.717 Y127.750
M5
G0 X57.717 Y127.167
M3
G0 X58.883 Y127.167
M5
G0 X58.883 Y127.021
M3
G0 X57.134 Y127.021
M5
G0 X57.207 Y127.094
M3
G0 X57.207 Y125.928
M5
G0 X56.551 Y126.001
M3
G0 X58.883 Y126.001
M5
G0 X58.664 Y125.928
M3
G0 X58.664 Y134.090
M5
G0 X58.300 Y134.017
M3
G0 X57.717 Y134.017
M5
G0 X57.717 Y134.163
M3
G0 X58.300 Y134.163
M5
G0 X58.300 Y134.600
M3
G0 X57.717 Y134.600
M5
G0 X57.717 Y134.746
M3
G0 X58.300 Y134.746
M5
G0 X58.300 Y135.183
M3
G0 X57.717 Y135.183
M5
G0 X57.717 Y135.329
M3
G0 X58.300 Y135.329
M5
G0 X58.300 Y135.766
M3
G0 X57.717 Y135.766
M5
G0 X57.717 Y135.912
M3
G0 X58.300 Y135.912
M5
G0 X58.300 Y136.349
M3
G0 X57.717 Y136.349
M5
G0 X57.717 Y136.495
M3
G0 X58.300 Y136.495
M5
G0 X58.664 Y136.422
M3
G0 X58.664 Y199.969
M5
G0 X58.883 Y199.896
M3
G0 X59.466 Y199.896
M5
G0 X59.539 Y199.969
M3
G0 X59.539 Y200.552
M5
G0 X58.956 Y200.552
M3
G0 X58.956 Y188.892
M5
G0 X58.373 Y188.892
M3
G0 X58.373 Y199.386
M5
G0 X58.300 Y199.313
M3
G0 X57.717 Y199.313
M5
G0 X58.300 Y199.459
M3
G0 X48.389 Y199.459
M5
G0 X48.389 Y200.042
M3
G0 X48.972 Y200.042
M5
G0 X49.045 Y199.969
M3
G0 X49.045 Y144.001
M5
G0 X48.753 Y144.001
M3
G0 X48.753 Y244.860
M5
G0 X49.045 Y244.860
M3
G0 X49.045 Y201.718
M5
G0 X49.555 Y201.645
M3
G0 X50.138 Y201.645
M5
G0 X50.138 Y201.791
M3
G0 X30.316 Y201.791
M5
G0 X30.316 Y201.208
M3
G0 X23.320 Y201.208
M5
G0 X23.393 Y201.718
M3
G0 X23.393 Y211.046
M5
G0 X23.320 Y211.556
M3
G0 X22.737 Y211.556
M5
G0 X22.227 Y211.046
M3
G0 X22.227 Y222.706
M5
G0 X22.154 Y223.362
M3
G0 X13.409 Y223.362
M5
G0 X13.409 Y222.779
M3
G0 X86.867 Y222.779
M5
G0 X86.867 Y223.362
M3
G0 X22.737 Y223.362
M5
G0 X22.737 Y223.945
M3
G0 X86.284 Y223.945
M5
G0 X87.450 Y222.196
M3
G0 X61.215 Y222.196
M5
G0 X61.288 Y222.123
M3
G0 X61.288 Y220.957
M5
G0 X61.215 Y220.447
M3
G0 X88.616 Y220.447
M5
G0 X88.616 Y219.864
M3
G0 X24.486 Y219.864
M5
G0 X24.486 Y219.281
M3
G0 X88.616 Y219.281
M5
G0 X88.033 Y221.030
M3
G0 X25.069 Y221.030
M5
G0 X25.142 Y221.540
M3
G0 X25.142 Y222.123
M5
G0 X25.652 Y222.050
M3
G0 X26.818 Y222.050
M5
G0 X26.818 Y222.633
M3
G0 X26.235 Y222.633
M5
G0 X26.235 Y223.216
M3
G0 X26.818 Y223.216
M5
G0 X26.818 Y223.799
M3
G0 X26.235 Y223.799
M5
G0 X26.235 Y224.382
M3
G0 X26.818 Y224.382
M5
G0 X26.818 Y224.965
M3
G0 X26.235 Y224.965
M5
G0 X26.235 Y225.548
M3
G0 X27.984 Y225.548
M5
G0 X28.567 Y225.548
M3
G0 X32.065 Y225.548
M5
G0 X32.065 Y224.965
M3
G0 X29.150 Y224.965
M5
G0 X28.640 Y224.455
M3
G0 X28.640 Y227.370
M5
G0 X27.984 Y227.297
M3
G0 X26.235 Y227.297
M5
G0 X26.235 Y226.714
M3
G0 X27.984 Y226.714
M5
G0 X27.984 Y226.131
M3
G0 X26.235 Y226.131
M5
G0 X25.725 Y225.621
M3
G0 X25.725 Y219.791
M5
G0 X26.235 Y219.135
M3
G0 X26.818 Y219.135
M5
G0 X26.891 Y218.625
M3
G0 X26.891 Y212.795
M5
G0 X27.401 Y212.722
M3
G0 X29.150 Y212.722
M5
G0 X29.223 Y212.795
M3
G0 X29.223 Y211.629
M5
G0 X29.806 Y211.629
M3
G0 X29.806 Y212.795
M5
G0 X29.806 Y213.378
M3
G0 X29.806 Y226.787
M5
G0 X29.223 Y226.787
M3
G0 X29.223 Y213.378
M5
G0 X29.150 Y213.305
M3
G0 X27.401 Y213.305
M5
G0 X27.401 Y213.888
M3
G0 X29.150 Y213.888
M5
G0 X29.150 Y214.471
M3
G0 X29.733 Y214.471
M5
G0 X29.150 Y215.054
M3
G0 X31.482 Y215.054
M5
G0 X31.482 Y214.471
M3
G0 X32.065 Y214.471
M5
G0 X32.065 Y213.888
M3
G0 X31.482 Y213.888
M5
G0 X32.648 Y213.888
M3
G0 X33.814 Y213.888
M5
G0 X33.741 Y213.378
M3
G0 X33.741 Y211.629
M5
G0 X33.231 Y211.556
M3
G0 X50.138 Y211.556
M5
G0 X50.138 Y210.973
M3
G0 X33.231 Y210.973
M5
G0 X33.741 Y211.046
M3
G0 X33.741 Y209.880
M5
G0 X33.231 Y209.807
M3
G0 X49.555 Y209.807
M5
G0 X49.555 Y209.224
M3
G0 X33.231 Y209.224
M5
G0 X33.231 Y208.641
M3
G0 X49.555 Y208.641
M5
G0 X48.972 Y208.058
M3
G0 X33.814 Y208.058
M5
G0 X33.814 Y207.475
M3
G0 X48.972 Y207.475
M5
G0 X48.389 Y206.892
M3
G0 X34.980 Y206.892
M5
G0 X34.980 Y206.309
M3
G0 X48.389 Y206.309
M5
G0 X48.389 Y205.726
M3
G0 X34.980 Y205.726
M5
G0 X34.980 Y205.143
M3
G0 X47.806 Y205.143
M5
G0 X48.389 Y204.560
M3
G0 X34.980 Y204.560
M5
G0 X34.980 Y203.977
M3
G0 X47.223 Y203.977
M5
G0 X47.223 Y203.394
M3
G0 X34.980 Y203.394
M5
G0 X35.490 Y203.467
M3
G0 X35.490 Y202.884
M5
G0 X34.980 Y202.811
M3
G0 X47.223 Y202.811
M5
G0 X47.806 Y202.811
M3
G0 X48.389 Y202.811
M5
G0 X48.389 Y203.394
M3
G0 X47.806 Y203.394
M5
G0 X47.806 Y203.977
M3
G0 X48.389 Y203.977
M5
G0 X50.211 Y202.884
M3
G0 X50.211 Y244.860
M5
G0 X49.919 Y244.860
M3
G0 X49.919 Y141.669
M5
G0 X49.919 Y141.086
M3
G0 X49.919 Y137.588
M5
G0 X49.628 Y137.588
M3
G0 X49.628 Y138.754
M5
G0 X50.211 Y138.754
M3
G0 X50.211 Y137.588
M5
G0 X49.919 Y137.005
M3
G0 X49.919 Y95.612
M5
G0 X49.555 Y95.685
M3
G0 X40.227 Y95.685
M5
G0 X40.810 Y96.268
M3
G0 X50.138 Y96.268
M5
G0 X50.502 Y96.195
M3
G0 X50.502 Y137.005
M5
G0 X50.721 Y136.495
M3
G0 X44.891 Y136.495
M5
G0 X44.308 Y136.495
M3
G0 X43.142 Y136.495
M5
G0 X42.923 Y136.422
M3
G0 X42.923 Y50.138
M5
G0 X43.142 Y50.211
M3
G0 X80.454 Y50.211
M5
G0 X80.235 Y49.555
M3
G0 X80.235 Y165.572
M5
G0 X79.652 Y165.572
M3
G0 X79.652 Y48.389
M5
G0 X79.288 Y48.462
M3
G0 X43.142 Y48.462
M5
G0 X43.142 Y48.316
M3
G0 X44.308 Y48.316
M5
G0 X44.381 Y47.806
M3
G0 X44.381 Y88.033
M5
G0 X44.964 Y88.033
M3
G0 X44.964 Y47.223
M5
G0 X45.474 Y47.150
M3
G0 X71.126 Y47.150
M5
G0 X71.709 Y47.733
M3
G0 X45.474 Y47.733
M5
G0 X45.984 Y47.806
M3
G0 X45.984 Y49.555
M5
G0 X46.567 Y48.972
M3
G0 X46.567 Y47.806
M5
G0 X46.640 Y46.567
M3
G0 X50.721 Y46.567
M5
G0 X51.304 Y46.567
M3
G0 X70.543 Y46.567
M5
G0 X70.543 Y45.984
M3
G0 X73.458 Y45.984
M5
G0 X73.458 Y46.567
M3
G0 X75.207 Y46.567
M5
G0 X75.790 Y45.984
M3
G0 X76.373 Y45.984
M5
G0 X76.446 Y45.474
M3
G0 X76.446 Y51.304
M5
G0 X76.446 Y51.887
M3
G0 X76.446 Y71.709
M5
G0 X76.956 Y71.636
M3
G0 X77.539 Y71.636
M5
G0 X77.539 Y72.219
M3
G0 X78.122 Y72.219
M5
G0 X77.612 Y72.292
M3
G0 X77.612 Y59.466
M5
G0 X78.195 Y58.883
M3
G0 X78.195 Y54.219
M5
G0 X77.612 Y53.636
M3
G0 X77.612 Y58.300
M5
G0 X78.195 Y60.049
M3
G0 X78.195 Y72.875
M5
G0 X78.705 Y72.802
M3
G0 X80.454 Y72.802
M5
G0 X81.037 Y73.385
M3
G0 X79.288 Y73.385
M5
G0 X78.778 Y73.458
M3
G0 X78.778 Y61.215
M5
G0 X79.361 Y61.215
M3
G0 X79.361 Y55.968
M5
G0 X78.778 Y54.802
M3
G0 X78.778 Y60.049
M5
G0 X80.527 Y60.049
M3
G0 X80.527 Y57.717
M5
G0 X81.110 Y58.300
M3
G0 X81.110 Y64.130
M5
G0 X80.527 Y64.130
M3
G0 X80.527 Y74.624
M5
G0 X81.037 Y75.134
M3
G0 X85.118 Y75.134
M5
G0 X85.118 Y75.717
M3
G0 X83.952 Y75.717
M5
G0 X83.369 Y75.717
M3
G0 X81.620 Y75.717
M5
G0 X81.693 Y75.790
M3
G0 X81.693 Y67.628
M5
G0 X82.276 Y67.628
M3
G0 X82.276 Y60.049
M5
G0 X83.442 Y60.049
M3
G0 X83.442 Y58.300
M5
G0 X83.952 Y58.373
M3
G0 X37.895 Y58.373
M5
G0 X37.895 Y57.790
M3
G0 X83.952 Y57.790
M5
G0 X84.316 Y57.717
M3
G0 X84.316 Y163.240
M5
G0 X84.535 Y162.730
M3
G0 X23.320 Y162.730
M5
G0 X23.320 Y162.147
M3
G0 X84.535 Y162.147
M5
G0 X85.118 Y161.564
M3
G0 X23.320 Y161.564
M5
G0 X23.393 Y162.074
M3
G0 X23.393 Y196.471
M5
G0 X23.903 Y196.398
M3
G0 X24.486 Y196.398
M5
G0 X24.486 Y195.815
M3
G0 X23.903 Y195.815
M5
G0 X23.903 Y195.232
M3
G0 X24.486 Y195.232
M5
G0 X24.486 Y194.649
M3
G0 X23.320 Y194.649
M5
G0 X23.320 Y194.066
M3
G0 X24.486 Y194.066
M5
G0 X24.559 Y193.556
M3
G0 X24.559 Y183.645
M5
G0 X24.486 Y183.572
M3
G0 X23.320 Y183.572
M5
G0 X22.810 Y183.645
M3
G0 X22.810 Y192.390
M5
G0 X23.320 Y192.317
M3
G0 X23.903 Y192.317
M5
G0 X23.903 Y191.734
M3
G0 X23.320 Y191.734
M5
G0 X23.830 Y191.224
M3
G0 X23.830 Y194.139
M5
G0 X23.903 Y193.483
M3
G0 X23.320 Y193.483
M5
G0 X23.320 Y192.900
M3
G0 X23.903 Y192.900
M5
G0 X24.486 Y192.900
M3
G0 X26.818 Y192.900
M5
G0 X26.891 Y192.973
M3
G0 X26.891 Y203.467
M5
G0 X26.308 Y203.467
M3
G0 X26.308 Y191.807
M5
G0 X26.235 Y192.317
M3
G0 X24.486 Y192.317
M5
G0 X25.069 Y191.734
M3
G0 X25.652 Y191.734
M5
G0 X25.725 Y191.224
M3
G0 X25.725 Y203.467
M5
G0 X25.652 Y204.123
M3
G0 X23.320 Y204.123
M5
G0 X23.101 Y204.633
M3
G0 X23.101 Y200.552
M5
G0 X23.320 Y200.625
M3
G0 X48.972 Y200.625
M5
G0 X48.972 Y200.479
M3
G0 X48.389 Y200.479
M5
G0 X47.879 Y200.552
M3
G0 X47.879 Y244.860
M5
G0 X47.587 Y244.860
M3
G0 X47.587 Y142.252
M5
G0 X47.587 Y141.669
M3
G0 X47.587 Y99.693
M5
G0 X47.587 Y99.110
M3
G0 X47.587 Y21.571
M5
G0 X45.474 Y21.644
M3
G0 X43.142 Y21.644
M5
G0 X43.142 Y21.498
M3
G0 X44.308 Y21.498
M5
G0 X44.308 Y22.081
M3
G0 X43.142 Y22.081
M5
G0 X43.142 Y22.227
M3
G0 X45.474 Y22.227
M5
G0 X45.474 Y22.810
M3
G0 X43.142 Y22.810
M5
G0 X43.142 Y22.664
M3
G0 X44.308 Y22.664
M5
G0 X44.308 Y23.247
M3
G0 X43.142 Y23.247
M5
G0 X43.142 Y23.393
M3
G0 X45.474 Y23.393
M5
G0 X45.474 Y23.976
M3
G0 X43.142 Y23.976
M5
G0 X43.142 Y24.559
M3
G0 X45.474 Y24.559
M5
G0 X45.474 Y25.142
M3
G0 X43.142 Y25.142
M5
G0 X43.142 Y25.725
M3
G0 X45.474 Y25.725
M5
G0 X45.474 Y26.308
M3
G0 X43.142 Y26.308
M5
G0 X43.142 Y26.891
M3
G0 X45.474 Y26.891
M5
G0 X45.474 Y27.474
M3
G0 X43.142 Y27.474
M5
G0 X43.725 Y27.328
M3
G0 X44.308 Y27.328
M5
G0 X44.308 Y26.745
M3
G0 X43.725 Y26.745
M5
G0 X43.725 Y26.162
M3
G0 X44.308 Y26.162
M5
G0 X44.308 Y25.579
M3
G0 X43.725 Y25.579
M5
G0 X43.725 Y24.996
M3
G0 X44.308 Y24.996
M5
G0 X44.308 Y24.413
M3
G0 X43.725 Y24.413
M5
G0 X43.725 Y23.830
M3
G0 X44.308 Y23.830
M5
G0 X44.308 Y20.915
M3
G0 X43.142 Y20.915
M5
G0 X43.142 Y20.769
M3
G0 X49.555 Y20.769
M5
G0 X49.555 Y20.186
M3
G0 X43.142 Y20.186
M5
G0 X43.142 Y19.895
M3
G0 X46.057 Y19.895
M5
G0 X46.057 Y19.312
M3
G0 X43.142 Y19.312
M5
G0 X43.142 Y19.020
M3
G0 X49.555 Y19.020
M5
G0 X49.555 Y19.603
M3
G0 X43.142 Y19.603
M5
G0 X42.559 Y19.603
M3
G0 X8.745 Y19.603
M5
G0 X8.745 Y19.312
M3
G0 X19.239 Y19.312
M5
G0 X19.239 Y19.895
M3
G0 X8.745 Y19.895
M5
G0 X8.745 Y20.186
M3
G0 X42.559 Y20.186
M5
G0 X42.559 Y20.769
M3
G0 X8.745 Y20.769
M5
G0 X8.745 Y20.478
M3
G0 X19.239 Y20.478
M5
G0 X18.729 Y20.405
M3
G0 X18.729 Y16.907
M5
G0 X16.907 Y16.834
M3
G0 X15.741 Y16.834
M5
G0 X15.231 Y16.907
M3
G0 X15.231 Y15.741
M5
G0 X15.741 Y15.668
M3
G0 X16.907 Y15.668
M5
G0 X16.907 Y16.251
M3
G0 X15.741 Y16.251
M5
G0 X15.741 Y15.085
M3
G0 X16.907 Y15.085
M5
G0 X16.907 Y14.502
M3
G0 X15.741 Y14.502
M5
G0 X15.231 Y14.575
M3
G0 X15.231 Y0.000
M5
G0 X15.377 Y0.000
M3
G0 X15.377 Y244.860
M5
G0 X15.231 Y244.860
M3
G0 X15.231 Y243.694
M5
G0 X14.648 Y243.694
M3
G0 X14.648 Y244.860
M5
G0 X14.794 Y244.860
M3
G0 X14.794 Y0.000
M5
G0 X14.939 Y0.000
M3
G0 X14.939 Y244.860
M5
G0 X15.158 Y244.787
M3
G0 X13.992 Y244.787
M5
G0 X14.065 Y244.860
M3
G0 X14.065 Y243.694
M5
G0 X13.992 Y243.184
M3
G0 X26.235 Y243.184
M5
G0 X26.235 Y242.601
M3
G0 X13.992 Y242.601
M5
G0 X14.065 Y242.528
M3
G0 X14.065 Y239.613
M5
G0 X14.065 Y239.030
M3
G0 X14.065 Y237.864
M5
G0 X14.648 Y237.281
M3
G0 X14.648 Y242.528
M5
G0 X15.231 Y242.528
M3
G0 X15.231 Y233.200
M5
G0 X15.741 Y233.127
M3
G0 X16.907 Y233.127
M5
G0 X16.980 Y233.200
M3
G0 X16.980 Y233.783
M5
G0 X16.907 Y233.710
M3
G0 X15.741 Y233.710
M5
G0 X16.397 Y234.366
M3
G0 X16.397 Y211.629
M5
G0 X16.834 Y211.629
M3
G0 X16.834 Y212.212
M5
G0 X16.980 Y211.629
M3
G0 X16.980 Y225.038
M5
G0 X16.907 Y224.965
M3
G0 X15.741 Y224.965
M5
G0 X15.741 Y224.382
M3
G0 X16.907 Y224.382
M5
G0 X16.907 Y223.799
M3
G0 X15.741 Y223.799
M5
G0 X15.231 Y223.872
M3
G0 X15.231 Y222.706
M5
G0 X15.158 Y222.633
M3
G0 X14.575 Y222.633
M5
G0 X14.575 Y222.050
M3
G0 X15.158 Y222.050
M5
G0 X15.158 Y221.467
M3
G0 X14.575 Y221.467
M5
G0 X14.575 Y220.884
M3
G0 X15.158 Y220.884
M5
G0 X15.231 Y220.374
M3
G0 X15.231 Y215.127
M5
G0 X15.741 Y215.054
M3
G0 X17.490 Y215.054
M5
G0 X17.490 Y214.471
M3
G0 X16.324 Y214.471
M5
G0 X16.834 Y214.544
M3
G0 X16.834 Y213.961
M5
G0 X16.324 Y213.888
M3
G0 X17.490 Y213.888
M5
G0 X17.490 Y213.305
M3
G0 X16.324 Y213.305
M5
G0 X15.741 Y212.722
M3
G0 X17.490 Y212.722
M5
G0 X17.563 Y212.795
M3
G0 X17.563 Y218.625
M5
G0 X17.490 Y218.552
M3
G0 X15.741 Y218.552
M5
G0 X15.741 Y217.969
M3
G0 X17.490 Y217.969
M5
G0 X17.490 Y217.386
M3
G0 X15.741 Y217.386
M5
G0 X15.741 Y216.803
M3
G0 X17.490 Y216.803
M5
G0 X17.490 Y216.220
M3
G0 X15.741 Y216.220
M5
G0 X15.741 Y215.637
M3
G0 X17.490 Y215.637
M5
G0 X16.834 Y216.293
M3
G0 X16.834 Y225.621
M5
G0 X16.907 Y225.548
M3
G0 X15.741 Y225.548
M5
G0 X15.741 Y226.131
M3
G0 X16.907 Y226.131
M5
G0 X16.980 Y226.204
M3
G0 X16.980 Y228.536
M5
G0 X16.907 Y228.463
M3
G0 X15.741 Y228.463
M5
G0 X15.231 Y228.536
M3
G0 X15.231 Y229.119
M5
G0 X15.741 Y229.046
M3
G0 X16.907 Y229.046
M5
G0 X16.907 Y229.629
M3
G0 X15.741 Y229.629
M5
G0 X15.741 Y230.212
M3
G0 X16.907 Y230.212
M5
G0 X16.907 Y230.795
M3
G0 X15.741 Y230.795
M5
G0 X15.231 Y230.868
M3
G0 X15.231 Y230.285
M5
G0 X14.065 Y230.285
M3
G0 X14.065 Y228.536
M5
G0 X14.065 Y227.953
M3
G0 X14.065 Y226.787
M5
G0 X14.575 Y226.714
M3
G0 X15.158 Y226.714
M5
G0 X15.231 Y226.787
M3
G0 X15.231 Y224.455
M5
G0 X15.158 Y224.382
M3
G0 X14.575 Y224.382
M5
G0 X14.575 Y223.799
M3
G0 X15.158 Y223.799
M5
G0 X15.158 Y223.216
M3
G0 X14.575 Y223.216
M5
G0 X15.741 Y223.216
M3
G0 X16.907 Y223.216
M5
G0 X16.907 Y222.633
M3
G0 X15.741 Y222.633
M5
G0 X15.741 Y222.050
M3
G0 X17.490 Y222.050
M5
G0 X17.490 Y221.467
M3
G0 X15.741 Y221.467
M5
G0 X15.741 Y220.884
M3
G0 X17.490 Y220.884
M5
G0 X17.490 Y220.301
M3
G0 X15.741 Y220.301
M5
G0 X15.741 Y219.718
M3
G0 X17.490 Y219.718
M5
G0 X17.563 Y219.208
M3
G0 X17.563 Y223.289
M5
G0 X18.729 Y223.289
M3
G0 X18.729 Y216.876
M5
G0 X19.312 Y216.876
M3
G0 X19.312 Y223.872
M5
G0 X19.895 Y223.872
M3
G0 X19.895 Y224.455
M5
G0 X20.478 Y224.455
M3
G0 X20.478 Y216.876
M5
G0 X19.895 Y216.876
M3
G0 X19.895 Y223.289
M5
G0 X18.729 Y224.455
M3
G0 X18.729 Y225.038
M5
G0 X18.146 Y225.038
M3
G0 X18.146 Y216.293
M5
G0 X20.988 Y215.637
M3
G0 X22.737 Y215.637
M5
G0 X22.737 Y215.054
M3
G0 X20.988 Y215.054
M5
G0 X20.988 Y214.471
M3
G0 X21.571 Y214.471
M5
G0 X21.571 Y213.888
M3
G0 X20.988 Y213.888
M5
G0 X20.405 Y213.451
M3
G0 X23.903 Y213.451
M5
G0 X23.903 Y212.868
M3
G0 X20.405 Y212.868
M5
G0 X19.822 Y212.868
M3
G0 X13.992 Y212.868
M5
G0 X13.992 Y212.285
M3
G0 X23.903 Y212.285
M5
G0 X23.903 Y211.702
M3
G0 X13.992 Y211.702
M5
G0 X13.992 Y211.556
M3
G0 X14.575 Y211.556
M5
G0 X14.648 Y211.046
M3
G0 X14.648 Y232.617
M5
G0 X14.065 Y232.617
M3
G0 X14.065 Y230.868
M5
G0 X13.409 Y231.524
M3
G0 X26.235 Y231.524
M5
G0 X26.235 Y232.107
M3
G0 X13.409 Y232.107
M5
G0 X13.992 Y232.690
M3
G0 X26.818 Y232.690
M5
G0 X26.818 Y232.107
M3
G0 X40.810 Y232.107
M5
G0 X40.810 Y232.690
M3
G0 X27.401 Y232.690
M5
G0 X27.401 Y232.544
M3
G0 X27.984 Y232.544
M5
G0 X27.984 Y231.961
M3
G0 X27.401 Y231.961
M5
G0 X27.401 Y231.378
M3
G0 X27.984 Y231.378
M5
G0 X28.640 Y232.034
M3
G0 X28.640 Y237.864
M5
G0 X28.567 Y237.791
M3
G0 X27.984 Y237.791
M5
G0 X27.401 Y237.937
M3
G0 X40.810 Y237.937
M5
G0 X40.810 Y237.354
M3
G0 X27.401 Y237.354
M5
G0 X27.401 Y236.771
M3
G0 X40.810 Y236.771
M5
G0 X40.810 Y236.188
M3
G0 X26.818 Y236.188
M5
G0 X26.818 Y236.771
M3
G0 X26.235 Y236.771
M5
G0 X26.235 Y237.354
M3
G0 X25.069 Y237.354
M5
G0 X25.069 Y236.771
M3
G0 X25.652 Y236.771
M5
G0 X25.652 Y236.188
M3
G0 X25.069 Y236.188
M5
G0 X25.069 Y235.605
M3
G0 X25.652 Y235.605
M5
G0 X26.235 Y235.605
M3
G0 X40.810 Y235.605
M5
G0 X40.810 Y235.022
M3
G0 X25.069 Y235.022
M5
G0 X25.069 Y234.439
M3
G0 X40.810 Y234.439
M5
G0 X41.393 Y234.439
M3
G0 X41.976 Y234.439
M5
G0 X41.976 Y235.022
M3
G0 X41.393 Y235.022
M5
G0 X42.632 Y235.532
M3
G0 X42.632 Y148.082
M5
G0 X42.559 Y148.009
M3
G0 X41.976 Y148.009
M5
G0 X42.049 Y147.499
M3
G0 X42.049 Y157.410
M5
G0 X41.976 Y157.337
M3
G0 X40.810 Y157.337
M5
G0 X40.810 Y156.754
M3
G0 X42.559 Y156.754
M5
G0 X42.559 Y156.171
M3
G0 X40.810 Y156.171
M5
G0 X40.810 Y155.588
M3
G0 X42.559 Y155.588
M5
G0 X42.486 Y155.661
M3
G0 X42.486 Y152.746
M5
G0 X41.976 Y152.673
M3
G0 X46.640 Y152.673
M5
G0 X47.223 Y152.090
M3
G0 X41.976 Y152.090
M5
G0 X41.976 Y151.507
M3
G0 X47.223 Y151.507
M5
G0 X47.223 Y150.924
M3
G0 X41.976 Y150.924
M5
G0 X41.976 Y149.758
M3
G0 X43.142 Y149.758
M5
G0 X43.069 Y150.414
M3
G0 X43.069 Y153.329
M5
G0 X43.142 Y153.839
M3
G0 X41.393 Y153.839
M5
G0 X41.393 Y153.256
M3
G0 X46.057 Y153.256
M5
G0 X46.640 Y153.839
M3
G0 X43.725 Y153.839
M5
G0 X43.142 Y154.422
M3
G0 X46.057 Y154.422
M5
G0 X46.057 Y155.005
M3
G0 X43.142 Y155.005
M5
G0 X42.559 Y155.005
M3
G0 X41.393 Y155.005
M5
G0 X41.393 Y154.422
M3
G0 X42.559 Y154.422
M5
G0 X43.142 Y155.588
M3
G0 X47.223 Y155.588
M5
G0 X47.806 Y156.171
M3
G0 X43.142 Y156.171
M5
G0 X43.142 Y156.754
M3
G0 X47.806 Y156.754
M5
G0 X48.972 Y156.754
M3
G0 X49.555 Y156.754
M5
G0 X50.138 Y157.337
M3
G0 X42.559 Y157.337
M5
G0 X43.069 Y157.410
M3
G0 X43.069 Y160.908
M5
G0 X42.559 Y160.835
M3
G0 X52.470 Y160.835
M5
G0 X51.304 Y161.418
M3
G0 X42.559 Y161.418
M5
G0 X42.559 Y162.001
M3
G0 X46.640 Y162.001
M5
G0 X44.308 Y162.584
M3
G0 X40.810 Y162.584
M5
G0 X40.810 Y162.001
M3
G0 X37.895 Y162.001
M5
G0 X37.895 Y162.584
M3
G0 X40.227 Y162.584
M5
G0 X40.227 Y163.167
M3
G0 X39.061 Y163.167
M5
G0 X39.644 Y163.750
M3
G0 X36.729 Y163.750
M5
G0 X35.563 Y163.750
M3
G0 X34.397 Y163.750
M5
G0 X34.324 Y163.823
M3
G0 X34.324 Y165.572
M5
G0 X34.397 Y165.499
M3
G0 X33.231 Y165.499
M5
G0 X33.231 Y164.916
M3
G0 X34.980 Y164.916
M5
G0 X35.563 Y164.916
M3
G0 X39.061 Y164.916
M5
G0 X39.061 Y164.333
M3
G0 X30.899 Y164.333
M5
G0 X31.409 Y164.406
M3
G0 X31.409 Y163.240
M5
G0 X30.826 Y163.240
M3
G0 X30.826 Y162.657
M5
G0 X30.243 Y162.657
M3
G0 X30.243 Y163.823
M5
G0 X30.316 Y163.750
M3
G0 X27.401 Y163.750
M5
G0 X26.891 Y163.823
M3
G0 X26.891 Y185.394
M5
G0 X26.308 Y184.811
M3
G0 X26.308 Y173.151
M5
G0 X26.818 Y173.078
M3
G0 X27.401 Y173.078
M5
G0 X27.328 Y172.568
M3
G0 X27.328 Y176.649
M5
G0 X27.401 Y176.576
M3
G0 X26.235 Y176.576
M5
G0 X26.235 Y177.159
M3
G0 X27.401 Y177.159
M5
G0 X27.984 Y177.159
M3
G0 X29.150 Y177.159
M5
G0 X29.077 Y177.232
M3
G0 X29.077 Y176.649
M5
G0 X29.150 Y176.576
M3
G0 X27.984 Y176.576
M5
G0 X27.401 Y175.993
M3
G0 X26.235 Y175.993
M5
G0 X26.235 Y175.410
M3
G0 X27.401 Y175.410
M5
G0 X27.401 Y174.827
M3
G0 X26.235 Y174.827
M5
G0 X26.818 Y174.244
M3
G0 X27.401 Y174.244
M5
G0 X27.401 Y173.661
M3
G0 X26.818 Y173.661
M5
G0 X26.818 Y172.495
M3
G0 X30.316 Y172.495
M5
G0 X30.316 Y171.912
M3
G0 X27.984 Y171.912
M5
G0 X27.984 Y171.329
M3
G0 X30.316 Y171.329
M5
G0 X30.243 Y170.819
M3
G0 X30.243 Y176.649
M5
G0 X30.826 Y177.232
M3
G0 X30.826 Y177.815
M5
G0 X30.316 Y178.325
M3
G0 X32.065 Y178.325
M5
G0 X32.065 Y177.742
M3
G0 X27.984 Y177.742
M5
G0 X27.401 Y177.742
M3
G0 X26.235 Y177.742
M5
G0 X26.235 Y178.325
M3
G0 X27.401 Y178.325
M5
G0 X27.328 Y178.398
M3
G0 X27.328 Y180.147
M5
G0 X27.401 Y180.074
M3
G0 X26.818 Y180.074
M5
G0 X26.818 Y179.491
M3
G0 X27.401 Y179.491
M5
G0 X27.474 Y178.981
M3
G0 X27.474 Y190.641
M5
G0 X26.235 Y190.714
M3
G0 X22.154 Y190.714
M5
G0 X22.154 Y190.131
M3
G0 X26.235 Y190.131
M5
G0 X25.652 Y189.985
M3
G0 X22.737 Y189.985
M5
G0 X22.737 Y189.402
M3
G0 X25.069 Y189.402
M5
G0 X25.069 Y188.819
M3
G0 X22.737 Y188.819
M5
G0 X22.154 Y188.965
M3
G0 X25.652 Y188.965
M5
G0 X25.652 Y188.382
M3
G0 X21.571 Y188.382
M5
G0 X21.571 Y187.799
M3
G0 X25.652 Y187.799
M5
G0 X25.652 Y187.216
M3
G0 X21.571 Y187.216
M5
G0 X21.571 Y186.633
M3
G0 X25.652 Y186.633
M5
G0 X26.235 Y186.633
M3
G0 X71.126 Y186.633
M5
G0 X70.907 Y187.143
M3
G0 X70.907 Y137.588
M5
G0 X71.126 Y137.515
M3
G0 X71.709 Y137.515
M5
G0 X71.636 Y137.588
M3
G0 X71.636 Y136.422
M5
G0 X71.709 Y136.349
M3
G0 X71.126 Y136.349
M5
G0 X71.126 Y136.203
M3
G0 X72.292 Y136.203
M5
G0 X72.292 Y135.912
M3
G0 X71.126 Y135.912
M5
G0 X71.126 Y136.495
M3
G0 X72.292 Y136.495
M5
G0 X72.292 Y136.786
M3
G0 X70.543 Y136.786
M5
G0 X70.543 Y137.369
M3
G0 X72.292 Y137.369
M5
G0 X72.073 Y137.588
M3
G0 X72.073 Y124.179
M5
G0 X72.292 Y124.106
M3
G0 X72.875 Y124.106
M5
G0 X72.875 Y124.252
M3
G0 X72.292 Y124.252
M5
G0 X72.292 Y124.689
M3
G0 X72.875 Y124.689
M5
G0 X72.875 Y124.835
M3
G0 X72.292 Y124.835
M5
G0 X72.292 Y125.272
M3
G0 X72.875 Y125.272
M5
G0 X72.875 Y125.126
M3
G0 X71.709 Y125.126
M5
G0 X71.709 Y124.543
M3
G0 X72.875 Y124.543
M5
G0 X73.458 Y123.960
M3
G0 X71.709 Y123.960
M5
G0 X72.292 Y123.669
M3
G0 X72.875 Y123.669
M5
G0 X72.875 Y123.523
M3
G0 X72.292 Y123.523
M5
G0 X72.292 Y123.086
M3
G0 X72.875 Y123.086
M5
G0 X72.875 Y122.940
M3
G0 X72.292 Y122.940
M5
G0 X72.292 Y122.794
M3
G0 X73.458 Y122.794
M5
G0 X73.458 Y122.211
M3
G0 X72.292 Y122.211
M5
G0 X72.292 Y122.357
M3
G0 X72.875 Y122.357
M5
G0 X72.875 Y122.503
M3
G0 X72.292 Y122.503
M5
G0 X72.292 Y121.920
M3
G0 X72.875 Y121.920
M5
G0 X72.875 Y121.774
M3
G0 X72.292 Y121.774
M5
G0 X72.292 Y121.628
M3
G0 X73.458 Y121.628
M5
G0 X73.458 Y121.045
M3
G0 X72.292 Y121.045
M5
G0 X72.292 Y121.191
M3
G0 X72.875 Y121.191
M5
G0 X72.875 Y121.337
M3
G0 X72.292 Y121.337
M5
G0 X72.292 Y120.754
M3
G0 X73.458 Y120.754
M5
G0 X73.458 Y120.462
M3
G0 X72.292 Y120.462
M5
G0 X72.292 Y120.171
M3
G0 X73.458 Y120.171
M5
G0 X73.458 Y119.879
M3
G0 X72.292 Y119.879
M5
G0 X72.292 Y119.588
M3
G0 X73.458 Y119.588
M5
G0 X73.677 Y119.515
M3
G0 X73.677 Y0.000
M5
G0 X73.822 Y0.000
M3
G0 X73.822 Y111.936
M5
G0 X73.458 Y112.009
M3
G0 X40.227 Y112.009
M5
G0 X40.227 Y111.426
M3
G0 X50.138 Y111.426
M5
G0 X50.211 Y111.353
M3
G0 X50.211 Y98.527
M5
G0 X50.138 Y98.017
M3
G0 X96.778 Y98.017
M5
G0 X96.778 Y98.600
M3
G0 X49.555 Y98.600
M5
G0 X49.628 Y99.110
M3
G0 X49.628 Y113.102
M5
G0 X49.555 Y113.175
M3
G0 X72.875 Y113.175
M5
G0 X72.365 Y113.102
M3
G0 X72.365 Y86.284
M5
G0 X72.875 Y86.794
M3
G0 X78.122 Y86.794
M5
G0 X78.705 Y86.794
M3
G0 X79.871 Y86.794
M5
G0 X79.871 Y86.211
M3
G0 X73.458 Y86.211
M5
G0 X72.948 Y85.701
M3
G0 X72.948 Y111.936
M5
G0 X73.458 Y112.300
M3
G0 X11.660 Y112.300
M5
G0 X12.024 Y111.936
M3
G0 X12.024 Y111.353
M5
G0 X11.660 Y111.134
M3
G0 X116.017 Y111.134
M5
G0 X116.600 Y111.717
M3
G0 X11.660 Y111.717
M5
G0 X11.660 Y112.883
M3
G0 X73.458 Y112.883
M5
G0 X73.239 Y112.519
M3
G0 X73.239 Y0.000
M5
G0 X73.094 Y0.000
M3
G0 X73.094 Y127.094
M5
G0 X72.875 Y126.875
M3
G0 X71.709 Y126.875
M5
G0 X71.709 Y126.584
M3
G0 X72.875 Y126.584
M5
G0 X72.875 Y126.292
M3
G0 X71.709 Y126.292
M5
G0 X71.709 Y126.001
M3
G0 X72.875 Y126.001
M5
G0 X72.875 Y125.855
M3
G0 X72.292 Y125.855
M5
G0 X72.292 Y125.418
M3
G0 X72.875 Y125.418
M5
G0 X72.875 Y125.709
M3
G0 X71.709 Y125.709
M5
G0 X71.126 Y125.709
M3
G0 X69.377 Y125.709
M5
G0 X68.794 Y125.709
M3
G0 X67.628 Y125.709
M5
G0 X67.628 Y125.855
M3
G0 X68.211 Y125.855
M5
G0 X68.211 Y126.001
M3
G0 X67.628 Y126.001
M5
G0 X67.628 Y126.438
M3
G0 X68.211 Y126.438
M5
G0 X68.211 Y126.584
M3
G0 X67.628 Y126.584
M5
G0 X68.575 Y125.928
M3
G0 X68.575 Y76.373
M5
G0 X67.992 Y77.539
M3
G0 X67.992 Y118.349
M5
G0 X68.211 Y118.276
M3
G0 X69.377 Y118.276
M5
G0 X69.377 Y118.422
M3
G0 X68.211 Y118.422
M5
G0 X68.284 Y118.932
M3
G0 X68.284 Y117.766
M5
G0 X69.377 Y117.839
M3
G0 X39.644 Y117.839
M5
G0 X39.644 Y119.588
M3
G0 X67.045 Y119.588
M5
G0 X66.535 Y119.515
M3
G0 X66.535 Y121.847
M5
G0 X67.045 Y121.920
M3
G0 X65.879 Y121.920
M5
G0 X65.952 Y121.847
M3
G0 X65.952 Y124.762
M5
G0 X65.879 Y124.689
M3
G0 X65.296 Y124.689
M5
G0 X65.296 Y124.835
M3
G0 X66.462 Y124.835
M5
G0 X66.462 Y124.543
M3
G0 X65.296 Y124.543
M5
G0 X65.296 Y124.252
M3
G0 X66.462 Y124.252
M5
G0 X66.462 Y124.106
M3
G0 X65.879 Y124.106
M5
G0 X65.369 Y124.179
M3
G0 X65.369 Y128.843
M5
G0 X65.296 Y128.770
M3
G0 X64.713 Y128.770
M5
G0 X64.713 Y128.624
M3
G0 X65.879 Y128.624
M5
G0 X65.879 Y128.333
M3
G0 X64.713 Y128.333
M5
G0 X64.713 Y128.041
M3
G0 X65.879 Y128.041
M5
G0 X65.879 Y127.750
M3
G0 X64.713 Y127.750
M5
G0 X64.786 Y127.677
M3
G0 X64.786 Y135.256
M5
G0 X64.713 Y135.183
M3
G0 X64.130 Y135.183
M5
G0 X64.130 Y135.329
M3
G0 X65.296 Y135.329
M5
G0 X65.296 Y135.620
M3
G0 X63.547 Y135.620
M5
G0 X63.547 Y135.037
M3
G0 X65.296 Y135.037
M5
G0 X65.296 Y134.746
M3
G0 X64.130 Y134.746
M5
G0 X64.130 Y134.600
M3
G0 X64.713 Y134.600
M5
G0 X64.130 Y134.454
M3
G0 X65.296 Y134.454
M5
G0 X65.296 Y134.163
M3
G0 X64.130 Y134.163
M5
G0 X64.130 Y133.871
M3
G0 X65.296 Y133.871
M5
G0 X65.296 Y133.580
M3
G0 X64.130 Y133.580
M5
G0 X64.130 Y133.288
M3
G0 X65.296 Y133.288
M5
G0 X65.296 Y133.434
M3
G0 X64.713 Y133.434
M5
G0 X64.130 Y132.997
M3
G0 X65.296 Y132.997
M5
G0 X66.098 Y133.507
M3
G0 X66.098 Y244.860
M5
G0 X66.243 Y244.860
M3
G0 X66.243 Y194.139
M5
G0 X66.681 Y194.139
M3
G0 X66.681 Y244.860
M5
G0 X66.826 Y244.860
M3
G0 X66.826 Y194.139
M5
G0 X67.045 Y194.212
M3
G0 X74.624 Y194.212
M5
G0 X74.624 Y194.795
M3
G0 X65.296 Y194.795
M5
G0 X65.296 Y195.232
M3
G0 X66.462 Y195.232
M5
G0 X66.535 Y194.722
M3
G0 X66.535 Y244.860
M5
G0 X65.952 Y244.860
M3
G0 X65.952 Y194.722
M5
G0 X65.369 Y194.139
M3
G0 X65.369 Y195.305
M5
G0 X65.296 Y195.378
M3
G0 X74.624 Y195.378
M5
G0 X76.373 Y195.378
M3
G0 X83.952 Y195.378
M5
G0 X84.535 Y195.961
M3
G0 X12.826 Y195.961
M5
G0 X12.607 Y195.888
M3
G0 X12.607 Y197.637
M5
G0 X12.826 Y197.127
M3
G0 X61.798 Y197.127
M5
G0 X62.162 Y197.054
M3
G0 X62.162 Y146.333
M5
G0 X62.381 Y146.114
M3
G0 X12.243 Y146.114
M5
G0 X12.243 Y145.531
M3
G0 X60.049 Y145.531
M5
G0 X60.413 Y145.750
M3
G0 X60.413 Y198.803
M5
G0 X60.632 Y198.730
M3
G0 X61.215 Y198.730
M5
G0 X61.142 Y198.803
M3
G0 X61.142 Y198.220
M5
G0 X61.215 Y198.147
M3
G0 X60.632 Y198.147
M5
G0 X60.632 Y198.293
M3
G0 X61.798 Y198.293
M5
G0 X61.798 Y198.584
M3
G0 X0.000 Y198.584
M5
G0 X0.000 Y198.439
M3
G0 X137.588 Y198.439
M5
G0 X137.588 Y198.584
M3
G0 X62.381 Y198.584
M5
G0 X62.381 Y198.876
M3
G0 X85.701 Y198.876
M5
G0 X85.701 Y198.293
M3
G0 X62.964 Y198.293
M5
G0 X62.745 Y198.220
M3
G0 X62.745 Y146.916
M5
G0 X62.454 Y146.916
M3
G0 X62.454 Y148.082
M5
G0 X61.871 Y148.082
M3
G0 X61.871 Y146.916
M5
G0 X61.288 Y146.916
M3
G0 X61.288 Y147.499
M5
G0 X60.705 Y147.499
M3
G0 X60.705 Y146.916
M5
G0 X60.122 Y146.333
M3
G0 X60.122 Y147.499
M5
G0 X59.539 Y147.499
M3
G0 X59.539 Y146.333
M5
G0 X59.466 Y145.240
M3
G0 X45.474 Y145.240
M5
G0 X45.474 Y145.094
M3
G0 X54.802 Y145.094
M5
G0 X53.636 Y145.677
M3
G0 X47.223 Y145.677
M5
G0 X46.640 Y145.677
M3
G0 X46.057 Y145.677
M5
G0 X45.547 Y145.750
M3
G0 X45.547 Y144.001
M5
G0 X45.474 Y143.928
M3
G0 X44.891 Y143.928
M5
G0 X44.891 Y144.074
M3
G0 X46.057 Y144.074
M5
G0 X46.421 Y144.001
M3
G0 X46.421 Y244.860
M5
G0 X46.276 Y244.860
M3
G0 X46.276 Y0.000
M5
G0 X46.421 Y0.000
M3
G0 X46.421 Y9.328
M5
G0 X46.421 Y9.911
M3
G0 X46.421 Y12.243
M5
G0 X46.057 Y11.733
M3
G0 X43.725 Y11.733
M5
G0 X43.725 Y12.316
M3
G0 X45.474 Y12.316
M5
G0 X45.474 Y12.899
M3
G0 X43.142 Y12.899
M5
G0 X43.142 Y13.482
M3
G0 X45.474 Y13.482
M5
G0 X46.057 Y14.065
M3
G0 X43.142 Y14.065
M5
G0 X43.142 Y14.648
M3
G0 X46.057 Y14.648
M5
G0 X46.057 Y15.231
M3
G0 X43.142 Y15.231
M5
G0 X43.142 Y14.939
M3
G0 X53.053 Y14.939
M5
G0 X53.636 Y14.939
M3
G0 X56.551 Y14.939
M5
G0 X57.134 Y14.939
M3
G0 X88.033 Y14.939
M5
G0 X88.616 Y14.939
M3
G0 X137.588 Y14.939
M5
G0 X137.588 Y14.794
M3
G0 X0.000 Y14.794
M5
G0 X0.000 Y14.939
M3
G0 X1.166 Y14.939
M5
G0 X1.749 Y14.939
M3
G0 X3.498 Y14.939
M5
G0 X3.498 Y14.356
M3
G0 X1.749 Y14.356
M5
G0 X0.583 Y14.356
M3
G0 X0.000 Y14.356
M5
G0 X0.000 Y14.211
M3
G0 X137.588 Y14.211
M5
G0 X137.588 Y14.065
M3
G0 X100.859 Y14.065
M5
G0 X100.276 Y13.482
M3
G0 X137.588 Y13.482
M5
G0 X137.588 Y13.628
M3
G0 X0.000 Y13.628
M5
G0 X0.000 Y13.045
M3
G0 X137.588 Y13.045
M5
G0 X137.588 Y12.899
M3
G0 X99.693 Y12.899
M5
G0 X99.110 Y12.316
M3
G0 X137.588 Y12.316
M5
G0 X137.588 Y12.462
M3
G0 X0.000 Y12.462
M5
G0 X0.000 Y11.879
M3
G0 X137.588 Y11.879
M5
G0 X137.588 Y11.733
M3
G0 X135.256 Y11.733
M5
G0 X134.673 Y11.733
M3
G0 X98.527 Y11.733
M5
G0 X97.944 Y11.150
M3
G0 X137.588 Y11.150
M5
G0 X137.588 Y11.296
M3
G0 X0.000 Y11.296
M5
G0 X0.000 Y10.713
M3
G0 X137.588 Y10.713
M5
G0 X137.588 Y10.567
M3
G0 X90.948 Y10.567
M5
G0 X90.948 Y9.984
M3
G0 X137.588 Y9.984
M5
G0 X137.588 Y10.130
M3
G0 X0.000 Y10.130
M5
G0 X1.166 Y10.275
M3
G0 X7.579 Y10.275
M5
G0 X8.162 Y10.275
M3
G0 X53.053 Y10.275
M5
G0 X53.636 Y10.275
M3
G0 X56.551 Y10.275
M5
G0 X57.134 Y10.275
M3
G0 X137.588 Y10.275
M5
G0 X137.588 Y10.858
M3
G0 X57.134 Y10.858
M5
G0 X56.551 Y10.858
M3
G0 X53.636 Y10.858
M5
G0 X53.053 Y10.858
M3
G0 X8.162 Y10.858
M5
G0 X7.579 Y10.858
M3
G0 X1.166 Y10.858
M5
G0 X1.166 Y11.441
M3
G0 X7.579 Y11.441
M5
G0 X8.162 Y11.441
M3
G0 X53.053 Y11.441
M5
G0 X53.636 Y11.441
M3
G0 X56.551 Y11.441
M5
G0 X57.134 Y11.441
M3
G0 X137.588 Y11.441
M5
G0 X137.588 Y12.024
M3
G0 X57.134 Y12.024
M5
G0 X56.551 Y12.024
M3
G0 X53.636 Y12.024
M5
G0 X53.053 Y12.024
M3
G0 X4.664 Y12.024
M5
G0 X4.664 Y12.607
M3
G0 X53.053 Y12.607
M5
G0 X53.636 Y12.607
M3
G0 X56.551 Y12.607
M5
G0 X57.134 Y12.607
M3
G0 X137.588 Y12.607
M5
G0 X137.588 Y13.190
M3
G0 X57.134 Y13.190
M5
G0 X56.551 Y13.190
M3
G0 X53.636 Y13.190
M5
G0 X53.053 Y13.190
M3
G0 X4.664 Y13.190
M5
G0 X4.081 Y13.190
M3
G0 X1.166 Y13.190
M5
G0 X1.166 Y12.607
M3
G0 X4.081 Y12.607
M5
G0 X4.081 Y12.024
M3
G0 X1.166 Y12.024
M5
G0 X0.583 Y13.773
M3
G0 X4.081 Y13.773
M5
G0 X4.664 Y13.773
M3
G0 X53.053 Y13.773
M5
G0 X53.636 Y13.773
M3
G0 X55.968 Y13.773
M5
G0 X56.551 Y14.356
M3
G0 X53.636 Y14.356
M5
G0 X53.053 Y14.356
M3
G0 X5.247 Y14.356
M5
G0 X5.247 Y14.939
M3
G0 X42.559 Y14.939
M5
G0 X42.559 Y15.522
M3
G0 X4.664 Y15.522
M5
G0 X4.664 Y16.105
M3
G0 X42.559 Y16.105
M5
G0 X43.142 Y16.105
M3
G0 X49.555 Y16.105
M5
G0 X49.555 Y15.522
M3
G0 X43.142 Y15.522
M5
G0 X43.142 Y15.814
M3
G0 X46.057 Y15.814
M5
G0 X46.057 Y16.397
M3
G0 X43.142 Y16.397
M5
G0 X43.215 Y16.324
M3
G0 X43.215 Y35.563
M5
G0 X43.142 Y35.636
M3
G0 X45.474 Y35.636
M5
G0 X45.474 Y35.053
M3
G0 X43.142 Y35.053
M5
G0 X43.142 Y34.761
M3
G0 X48.972 Y34.761
M5
G0 X48.972 Y34.178
M3
G0 X43.142 Y34.178
M5
G0 X43.142 Y33.887
M3
G0 X44.891 Y33.887
M5
G0 X44.891 Y34.470
M3
G0 X43.142 Y34.470
M5
G0 X43.725 Y34.324
M3
G0 X44.308 Y34.324
M5
G0 X44.308 Y34.907
M3
G0 X43.725 Y34.907
M5
G0 X43.725 Y35.490
M3
G0 X44.308 Y35.490
M5
G0 X44.308 Y36.073
M3
G0 X43.725 Y36.073
M5
G0 X43.725 Y36.656
M3
G0 X44.308 Y36.656
M5
G0 X44.308 Y37.239
M3
G0 X43.725 Y37.239
M5
G0 X43.215 Y37.312
M3
G0 X43.215 Y88.033
M5
G0 X43.069 Y88.033
M3
G0 X43.069 Y87.450
M5
G0 X43.725 Y87.960
M3
G0 X33.814 Y87.960
M5
G0 X33.231 Y87.960
M3
G0 X30.899 Y87.960
M5
G0 X30.899 Y87.377
M3
G0 X41.976 Y87.377
M5
G0 X41.466 Y88.616
M3
G0 X41.466 Y55.385
M5
G0 X41.393 Y55.458
M3
G0 X82.786 Y55.458
M5
G0 X82.276 Y55.385
M3
G0 X82.276 Y58.300
M5
G0 X81.693 Y58.883
M3
G0 X81.693 Y66.462
M5
G0 X81.110 Y65.296
M3
G0 X81.110 Y75.207
M5
G0 X81.547 Y74.624
M3
G0 X81.547 Y74.041
M5
G0 X81.620 Y73.968
M3
G0 X79.871 Y73.968
M5
G0 X79.361 Y74.041
M3
G0 X79.361 Y62.381
M5
G0 X78.122 Y62.891
M3
G0 X76.956 Y62.891
M5
G0 X76.956 Y62.308
M3
G0 X77.539 Y62.308
M5
G0 X76.956 Y61.725
M3
G0 X76.373 Y61.725
M5
G0 X75.790 Y61.725
M3
G0 X75.207 Y61.725
M5
G0 X75.207 Y61.142
M3
G0 X76.956 Y61.142
M5
G0 X76.373 Y60.559
M3
G0 X75.790 Y60.559
M5
G0 X75.207 Y60.559
M3
G0 X74.624 Y60.559
M5
G0 X74.041 Y61.142
M3
G0 X73.458 Y61.142
M5
G0 X73.458 Y60.559
M3
G0 X72.875 Y60.559
M5
G0 X72.292 Y59.976
M3
G0 X73.458 Y59.976
M5
G0 X72.875 Y59.393
M3
G0 X71.709 Y59.393
M5
G0 X71.709 Y58.810
M3
G0 X72.875 Y58.810
M5
G0 X72.292 Y58.227
M3
G0 X71.126 Y58.227
M5
G0 X70.616 Y58.300
M3
G0 X70.616 Y40.810
M5
G0 X70.543 Y41.320
M3
G0 X53.053 Y41.320
M5
G0 X53.126 Y40.810
M3
G0 X53.126 Y55.385
M5
G0 X53.636 Y54.729
M3
G0 X42.559 Y54.729
M5
G0 X42.559 Y54.146
M3
G0 X55.385 Y54.146
M5
G0 X55.458 Y54.802
M3
G0 X55.458 Y39.061
M5
G0 X55.166 Y39.061
M3
G0 X55.166 Y93.280
M5
G0 X55.385 Y93.207
M3
G0 X64.130 Y93.207
M5
G0 X64.130 Y92.624
M3
G0 X55.385 Y92.624
M5
G0 X55.312 Y92.114
M3
G0 X55.312 Y89.782
M5
G0 X54.802 Y89.709
M3
G0 X58.300 Y89.709
M5
G0 X58.227 Y90.365
M3
G0 X58.227 Y97.944
M5
G0 X58.227 Y99.110
M3
G0 X58.227 Y103.191
M5
G0 X58.810 Y102.025
M3
G0 X58.810 Y100.859
M5
G0 X58.810 Y100.276
M3
G0 X58.810 Y99.693
M5
G0 X59.976 Y99.110
M3
G0 X59.976 Y97.944
M5
G0 X60.049 Y100.203
M3
G0 X64.713 Y100.203
M5
G0 X64.713 Y101.952
M3
G0 X61.798 Y101.952
M5
G0 X61.288 Y102.025
M3
G0 X61.288 Y90.948
M5
G0 X61.871 Y91.531
M3
G0 X61.871 Y118.932
M5
G0 X62.454 Y118.932
M3
G0 X62.454 Y91.531
M5
G0 X62.381 Y92.041
M3
G0 X54.802 Y92.041
M5
G0 X54.802 Y92.187
M3
G0 X99.110 Y92.187
M5
G0 X99.110 Y91.604
M3
G0 X54.219 Y91.604
M5
G0 X54.219 Y90.438
M3
G0 X98.527 Y90.438
M5
G0 X98.527 Y89.855
M3
G0 X67.628 Y89.855
M5
G0 X67.701 Y90.365
M3
G0 X67.701 Y91.531
M5
G0 X67.701 Y92.114
M3
G0 X67.701 Y115.434
M5
G0 X67.118 Y115.434
M3
G0 X67.118 Y90.365
M5
G0 X66.535 Y90.948
M3
G0 X66.535 Y116.017
M5
G0 X66.535 Y116.600
M3
G0 X66.535 Y117.183
M5
G0 X65.952 Y117.183
M3
G0 X65.952 Y90.948
M5
G0 X65.369 Y90.948
M3
G0 X65.369 Y117.766
M5
G0 X64.786 Y117.183
M3
G0 X64.786 Y91.531
M5
G0 X64.203 Y91.531
M3
G0 X64.203 Y118.349
M5
G0 X63.620 Y118.349
M3
G0 X63.620 Y91.531
M5
G0 X63.037 Y91.531
M3
G0 X63.037 Y118.932
M5
G0 X61.798 Y118.276
M3
G0 X46.057 Y118.276
M5
G0 X46.567 Y118.349
M3
G0 X46.567 Y120.098
M5
G0 X45.474 Y119.442
M3
G0 X59.466 Y119.442
M5
G0 X58.300 Y120.025
M3
G0 X44.308 Y120.025
M5
G0 X44.818 Y120.098
M3
G0 X44.818 Y121.264
M5
G0 X44.235 Y121.264
M3
G0 X44.235 Y120.681
M5
G0 X44.308 Y120.608
M3
G0 X57.717 Y120.608
M5
G0 X57.134 Y121.191
M3
G0 X52.470 Y121.191
M5
G0 X52.470 Y121.774
M3
G0 X51.887 Y121.774
M5
G0 X50.721 Y121.191
M3
G0 X43.725 Y121.191
M5
G0 X43.798 Y120.681
M3
G0 X43.798 Y132.341
M5
G0 X43.215 Y132.924
M3
G0 X43.215 Y106.689
M5
G0 X43.142 Y107.199
M3
G0 X55.385 Y107.199
M5
G0 X55.312 Y107.272
M3
G0 X55.312 Y107.855
M5
G0 X55.895 Y107.855
M3
G0 X55.895 Y112.519
M5
G0 X55.312 Y113.102
M3
G0 X55.312 Y109.021
M5
G0 X54.729 Y109.021
M3
G0 X54.729 Y113.685
M5
G0 X54.729 Y114.268
M3
G0 X54.729 Y115.434
M5
G0 X54.146 Y116.017
M3
G0 X54.146 Y110.187
M5
G0 X53.563 Y109.604
M3
G0 X53.563 Y110.770
M5
G0 X53.563 Y111.936
M3
G0 X53.563 Y116.017
M5
G0 X52.980 Y116.600
M3
G0 X52.980 Y112.519
M5
G0 X52.397 Y111.936
M3
G0 X52.397 Y111.353
M5
G0 X51.377 Y110.770
M3
G0 X51.377 Y136.422
M5
G0 X51.304 Y137.078
M3
G0 X53.636 Y137.078
M5
G0 X53.636 Y136.495
M3
G0 X52.470 Y136.495
M5
G0 X53.126 Y136.422
M3
G0 X53.126 Y137.588
M5
G0 X53.053 Y137.515
M3
G0 X52.470 Y137.515
M5
G0 X52.470 Y138.098
M3
G0 X50.721 Y138.098
M5
G0 X50.721 Y138.681
M3
G0 X47.806 Y138.681
M5
G0 X47.879 Y138.171
M3
G0 X47.879 Y139.337
M5
G0 X47.806 Y139.410
M3
G0 X46.640 Y139.410
M5
G0 X45.838 Y139.337
M3
G0 X45.838 Y142.835
M5
G0 X45.474 Y142.908
M3
G0 X44.308 Y142.908
M5
G0 X44.308 Y143.345
M3
G0 X45.474 Y143.345
M5
G0 X45.474 Y143.491
M3
G0 X44.891 Y143.491
M5
G0 X44.381 Y143.418
M3
G0 X44.381 Y142.252
M5
G0 X44.308 Y142.179
M3
G0 X43.142 Y142.179
M5
G0 X43.215 Y142.252
M3
G0 X43.215 Y141.086
M5
G0 X43.142 Y140.576
M3
G0 X38.478 Y140.576
M5
G0 X38.478 Y139.993
M3
G0 X42.559 Y139.993
M5
G0 X42.923 Y139.920
M3
G0 X42.923 Y142.252
M5
G0 X42.340 Y142.252
M3
G0 X42.340 Y244.860
M5
G0 X42.195 Y244.860
M3
G0 X42.195 Y0.000
M5
G0 X41.757 Y0.000
M3
G0 X41.757 Y1.749
M5
G0 X42.340 Y2.915
M3
G0 X42.340 Y6.413
M5
G0 X42.559 Y5.903
M3
G0 X43.142 Y5.903
M5
G0 X43.725 Y5.903
M3
G0 X46.057 Y5.903
M5
G0 X46.057 Y6.486
M3
G0 X43.725 Y6.486
M5
G0 X43.506 Y6.413
M3
G0 X43.506 Y5.247
M5
G0 X43.725 Y5.320
M3
G0 X46.057 Y5.320
M5
G0 X46.057 Y4.737
M3
G0 X43.725 Y4.737
M5
G0 X43.142 Y4.737
M3
G0 X41.976 Y4.737
M5
G0 X42.559 Y5.320
M3
G0 X43.142 Y5.320
M5
G0 X44.308 Y5.174
M3
G0 X44.891 Y5.174
M5
G0 X44.964 Y5.247
M3
G0 X44.964 Y4.664
M5
G0 X44.891 Y4.591
M3
G0 X44.308 Y4.591
M5
G0 X44.308 Y4.008
M3
G0 X44.891 Y4.008
M5
G0 X44.891 Y3.425
M3
G0 X44.308 Y3.425
M5
G0 X44.308 Y2.842
M3
G0 X44.891 Y2.842
M5
G0 X44.964 Y2.332
M3
G0 X44.964 Y0.000
M5
G0 X45.110 Y0.000
M3
G0 X45.110 Y244.860
M5
G0 X45.255 Y244.860
M3
G0 X45.255 Y142.252
M5
G0 X45.474 Y142.325
M3
G0 X53.053 Y142.325
M5
G0 X52.980 Y142.252
M3
G0 X52.980 Y141.669
M5
G0 X53.126 Y141.669
M3
G0 X53.126 Y142.252
M5
G0 X52.543 Y142.252
M3
G0 X52.543 Y141.669
M5
G0 X51.960 Y141.669
M3
G0 X51.960 Y142.252
M5
G0 X52.834 Y142.835
M3
G0 X52.834 Y141.086
M5
G0 X52.834 Y140.503
M3
G0 X52.834 Y95.612
M5
G0 X52.543 Y95.612
M3
G0 X52.543 Y134.673
M5
G0 X52.470 Y134.600
M3
G0 X50.721 Y134.600
M5
G0 X50.721 Y134.017
M3
G0 X52.470 Y134.017
M5
G0 X52.470 Y133.434
M3
G0 X50.721 Y133.434
M5
G0 X50.721 Y132.851
M3
G0 X52.470 Y132.851
M5
G0 X52.470 Y132.268
M3
G0 X50.721 Y132.268
M5
G0 X50.721 Y131.685
M3
G0 X52.470 Y131.685
M5
G0 X52.470 Y131.102
M3
G0 X50.721 Y131.102
M5
G0 X50.721 Y130.519
M3
G0 X53.053 Y130.519
M5
G0 X52.470 Y129.936
M3
G0 X50.721 Y129.936
M5
G0 X50.721 Y129.353
M3
G0 X52.470 Y129.353
M5
G0 X52.470 Y128.770
M3
G0 X50.721 Y128.770
M5
G0 X50.721 Y128.187
M3
G0 X53.053 Y128.187
M5
G0 X53.636 Y127.604
M3
G0 X51.304 Y127.604
M5
G0 X51.304 Y127.021
M3
G0 X53.636 Y127.021
M5
G0 X53.636 Y126.438
M3
G0 X51.887 Y126.438
M5
G0 X51.304 Y125.855
M3
G0 X54.219 Y125.855
M5
G0 X54.219 Y125.272
M3
G0 X51.304 Y125.272
M5
G0 X52.470 Y124.689
M3
G0 X54.802 Y124.689
M5
G0 X54.802 Y124.106
M3
G0 X53.053 Y124.106
M5
G0 X53.053 Y123.523
M3
G0 X55.385 Y123.523
M5
G0 X55.968 Y122.940
M3
G0 X53.053 Y122.940
M5
G0 X53.636 Y122.357
M3
G0 X55.968 Y122.357
M5
G0 X56.551 Y121.774
M3
G0 X54.219 Y121.774
M5
G0 X55.458 Y125.928
M3
G0 X55.458 Y95.029
M5
G0 X55.166 Y95.029
M3
G0 X55.166 Y130.009
M5
G0 X55.385 Y130.082
M3
G0 X56.551 Y130.082
M5
G0 X56.551 Y129.936
M3
G0 X55.968 Y129.936
M5
G0 X55.458 Y130.009
M3
G0 X55.458 Y128.843
M5
G0 X55.968 Y129.353
M3
G0 X56.551 Y129.353
M5
G0 X56.551 Y129.499
M3
G0 X39.061 Y129.499
M5
G0 X39.061 Y128.916
M3
G0 X56.551 Y128.916
M5
G0 X56.332 Y128.260
M3
G0 X56.332 Y244.860
M5
G0 X56.187 Y244.860
M3
G0 X56.187 Y0.000
M5
G0 X56.770 Y0.000
M3
G0 X56.770 Y244.860
M5
G0 X56.915 Y244.860
M3
G0 X56.915 Y201.718
M5
G0 X57.134 Y201.791
M3
G0 X59.466 Y201.791
M5
G0 X59.466 Y201.208
M3
G0 X57.134 Y201.208
M5
G0 X57.207 Y201.135
M3
G0 X57.207 Y188.892
M5
G0 X57.790 Y188.892
M3
G0 X57.790 Y199.969
M5
G0 X58.300 Y200.042
M3
G0 X57.134 Y200.042
M5
G0 X56.624 Y199.969
M3
G0 X56.624 Y186.560
M5
G0 X56.041 Y186.560
M3
G0 X56.041 Y204.633
M5
G0 X55.968 Y204.123
M3
G0 X58.300 Y204.123
M5
G0 X58.300 Y204.560
M3
G0 X57.717 Y204.560
M5
G0 X57.717 Y204.706
M3
G0 X58.300 Y204.706
M5
G0 X58.300 Y205.143
M3
G0 X57.717 Y205.143
M5
G0 X57.717 Y205.289
M3
G0 X60.049 Y205.289
M5
G0 X60.122 Y205.216
M3
G0 X60.122 Y200.552
M5
G0 X60.413 Y200.552
M3
G0 X60.413 Y205.799
M5
G0 X60.632 Y205.872
M3
G0 X88.033 Y205.872
M5
G0 X88.033 Y205.289
M3
G0 X60.632 Y205.289
M5
G0 X60.632 Y205.143
M3
G0 X61.215 Y205.143
M5
G0 X61.142 Y205.216
M3
G0 X61.142 Y204.633
M5
G0 X61.215 Y204.560
M3
G0 X60.632 Y204.560
M5
G0 X59.539 Y205.216
M3
G0 X59.539 Y206.382
M5
G0 X60.049 Y206.455
M3
G0 X56.551 Y206.455
M5
G0 X56.551 Y206.309
M3
G0 X57.134 Y206.309
M5
G0 X57.134 Y205.872
M3
G0 X56.551 Y205.872
M5
G0 X56.551 Y205.726
M3
G0 X57.134 Y205.726
M5
G0 X57.498 Y205.799
M3
G0 X57.498 Y211.629
M5
G0 X57.134 Y211.702
M3
G0 X32.065 Y211.702
M5
G0 X31.482 Y211.119
M3
G0 X24.486 Y211.119
M5
G0 X23.903 Y211.119
M3
G0 X13.409 Y211.119
M5
G0 X13.992 Y210.973
M3
G0 X14.575 Y210.973
M5
G0 X14.648 Y210.463
M3
G0 X14.648 Y209.880
M5
G0 X14.575 Y209.807
M3
G0 X13.992 Y209.807
M5
G0 X15.231 Y209.880
M3
G0 X15.231 Y206.382
M5
G0 X15.158 Y206.455
M3
G0 X19.822 Y206.455
M5
G0 X19.603 Y206.382
M3
G0 X19.603 Y244.860
M5
G0 X19.458 Y244.860
M3
G0 X19.458 Y0.000
M5
G0 X19.603 Y0.000
M3
G0 X19.603 Y55.385
M5
G0 X20.988 Y55.458
M3
G0 X23.320 Y55.458
M5
G0 X23.320 Y54.875
M3
G0 X20.988 Y54.875
M5
G0 X20.988 Y54.292
M3
G0 X23.320 Y54.292
M5
G0 X23.320 Y53.709
M3
G0 X20.988 Y53.709
M5
G0 X20.988 Y56.041
M3
G0 X23.320 Y56.041
M5
G0 X23.320 Y56.624
M3
G0 X20.988 Y56.624
M5
G0 X20.988 Y57.207
M3
G0 X23.320 Y57.207
M5
G0 X23.320 Y57.790
M3
G0 X20.988 Y57.790
M5
G0 X20.988 Y58.373
M3
G0 X23.320 Y58.373
M5
G0 X23.320 Y58.956
M3
G0 X20.988 Y58.956
M5
G0 X20.988 Y59.539
M3
G0 X22.737 Y59.539
M5
G0 X22.737 Y60.122
M3
G0 X20.988 Y60.122
M5
G0 X20.988 Y60.705
M3
G0 X22.154 Y60.705
M5
G0 X22.737 Y60.705
M3
G0 X23.320 Y60.705
M5
G0 X23.903 Y61.288
M3
G0 X20.988 Y61.288
M5
G0 X21.061 Y61.798
M3
G0 X21.061 Y37.312
M5
G0 X20.988 Y37.385
M3
G0 X22.737 Y37.385
M5
G0 X22.737 Y36.802
M3
G0 X20.988 Y36.802
M5
G0 X20.988 Y36.219
M3
G0 X23.320 Y36.219
M5
G0 X23.903 Y35.636
M3
G0 X20.988 Y35.636
M5
G0 X20.988 Y35.053
M3
G0 X23.903 Y35.053
M5
G0 X23.320 Y34.470
M3
G0 X20.988 Y34.470
M5
G0 X20.988 Y33.887
M3
G0 X23.320 Y33.887
M5
G0 X23.320 Y33.304
M3
G0 X20.988 Y33.304
M5
G0 X20.988 Y32.721
M3
G0 X23.320 Y32.721
M5
G0 X23.320 Y32.138
M3
G0 X20.988 Y32.138
M5
G0 X21.571 Y31.555
M3
G0 X22.737 Y31.555
M5
G0 X22.737 Y30.972
M3
G0 X21.571 Y30.972
M5
G0 X21.571 Y30.389
M3
G0 X22.737 Y30.389
M5
G0 X22.737 Y29.806
M3
G0 X21.571 Y29.806
M5
G0 X21.571 Y29.223
M3
G0 X22.737 Y29.223
M5
G0 X22.737 Y28.640
M3
G0 X21.571 Y28.640
M5
G0 X21.571 Y28.057
M3
G0 X22.737 Y28.057
M5
G0 X22.737 Y27.474
M3
G0 X21.571 Y27.474
M5
G0 X21.571 Y26.891
M3
G0 X22.737 Y26.891
M5
G0 X22.737 Y26.308
M3
G0 X21.571 Y26.308
M5
G0 X21.571 Y25.725
M3
G0 X22.737 Y25.725
M5
G0 X22.737 Y25.142
M3
G0 X21.571 Y25.142
M5
G0 X21.571 Y24.559
M3
G0 X22.737 Y24.559
M5
G0 X22.737 Y23.976
M3
G0 X21.571 Y23.976
M5
G0 X21.571 Y23.393
M3
G0 X22.737 Y23.393
M5
G0 X22.737 Y22.810
M3
G0 X21.571 Y22.810
M5
G0 X21.571 Y22.227
M3
G0 X22.737 Y22.227
M5
G0 X22.737 Y21.644
M3
G0 X21.571 Y21.644
M5
G0 X21.571 Y21.061
M3
G0 X22.737 Y21.061
M5
G0 X22.737 Y20.478
M3
G0 X21.571 Y20.478
M5
G0 X21.571 Y19.895
M3
G0 X22.737 Y19.895
M5
G0 X22.737 Y19.312
M3
G0 X21.571 Y19.312
M5
G0 X21.571 Y18.729
M3
G0 X22.737 Y18.729
M5
G0 X22.154 Y18.146
M3
G0 X21.571 Y18.146
M5
G0 X21.571 Y17.563
M3
G0 X22.737 Y17.563
M5
G0 X22.737 Y16.980
M3
G0 X21.571 Y16.980
M5
G0 X21.644 Y17.490
M3
G0 X21.644 Y16.324
M5
G0 X21.571 Y16.397
M3
G0 X22.737 Y16.397
M5
G0 X22.737 Y15.814
M3
G0 X21.571 Y15.814
M5
G0 X21.571 Y15.231
M3
G0 X22.737 Y15.231
M5
G0 X22.737 Y14.648
M3
G0 X21.571 Y14.648
M5
G0 X21.571 Y14.065
M3
G0 X22.737 Y14.065
M5
G0 X23.320 Y13.482
M3
G0 X21.571 Y13.482
M5
G0 X21.571 Y12.899
M3
G0 X22.737 Y12.899
M5
G0 X22.737 Y12.316
M3
G0 X21.571 Y12.316
M5
G0 X21.571 Y11.733
M3
G0 X22.737 Y11.733
M5
G0 X22.737 Y11.150
M3
G0 X21.571 Y11.150
M5
G0 X21.644 Y11.660
M3
G0 X21.644 Y0.000
M5
G0 X21.790 Y0.000
M3
G0 X21.790 Y244.860
M5
G0 X21.935 Y244.860
M3
G0 X21.935 Y206.382
M5
G0 X22.518 Y205.799
M3
G0 X22.518 Y244.860
M5
G0 X22.373 Y244.860
M3
G0 X22.373 Y0.000
M5
G0 X22.518 Y0.000
M3
G0 X22.518 Y205.216
M5
G0 X21.935 Y205.216
M3
G0 X21.935 Y0.000
M5
G0 X20.988 Y0.073
M3
G0 X23.903 Y0.073
M5
G0 X23.684 Y0.000
M3
G0 X23.684 Y244.860
M5
G0 X23.539 Y244.860
M3
G0 X23.539 Y0.000
M5
G0 X23.101 Y0.000
M3
G0 X23.101 Y199.969
M5
G0 X22.810 Y199.386
M3
G0 X22.810 Y197.637
M5
G0 X22.737 Y198.147
M3
G0 X22.154 Y198.147
M5
G0 X22.154 Y198.730
M3
G0 X23.320 Y198.730
M5
G0 X23.393 Y198.220
M3
G0 X23.393 Y199.386
M5
G0 X23.320 Y199.313
M3
G0 X22.154 Y199.313
M5
G0 X21.644 Y199.386
M3
G0 X21.644 Y196.471
M5
G0 X22.227 Y196.471
M3
G0 X22.227 Y199.969
M5
G0 X21.061 Y199.386
M3
G0 X21.061 Y195.888
M5
G0 X20.478 Y195.888
M3
G0 X20.478 Y195.305
M5
G0 X20.478 Y194.722
M3
G0 X20.478 Y194.139
M5
G0 X21.571 Y194.795
M3
G0 X12.826 Y194.795
M5
G0 X12.826 Y195.378
M3
G0 X21.571 Y195.378
M5
G0 X22.154 Y195.378
M3
G0 X64.130 Y195.378
M5
G0 X64.494 Y195.888
M3
G0 X64.494 Y244.860
M5
G0 X64.349 Y244.860
M3
G0 X64.349 Y127.094
M5
G0 X64.713 Y127.167
M3
G0 X65.879 Y127.167
M5
G0 X65.879 Y127.021
M3
G0 X65.296 Y127.021
M5
G0 X65.296 Y126.438
M3
G0 X65.879 Y126.438
M5
G0 X65.806 Y126.511
M3
G0 X65.806 Y125.345
M5
G0 X65.879 Y125.418
M3
G0 X65.296 Y125.418
M5
G0 X65.296 Y125.272
M3
G0 X65.879 Y125.272
M5
G0 X65.879 Y125.855
M3
G0 X65.296 Y125.855
M5
G0 X65.296 Y126.001
M3
G0 X65.879 Y126.001
M5
G0 X66.243 Y125.928
M3
G0 X66.243 Y88.616
M5
G0 X65.660 Y88.616
M3
G0 X65.660 Y120.681
M5
G0 X65.952 Y120.681
M3
G0 X65.952 Y119.515
M5
G0 X66.462 Y120.608
M3
G0 X67.045 Y120.608
M5
G0 X67.045 Y120.754
M3
G0 X66.462 Y120.754
M5
G0 X66.462 Y121.191
M3
G0 X67.045 Y121.191
M5
G0 X67.045 Y121.337
M3
G0 X65.879 Y121.337
M5
G0 X65.879 Y121.045
M3
G0 X67.628 Y121.045
M5
G0 X67.264 Y121.264
M3
G0 X67.264 Y0.000
M5
G0 X67.409 Y0.000
M3
G0 X67.409 Y72.875
M5
G0 X67.992 Y72.875
M3
G0 X67.992 Y0.000
M5
G0 X67.847 Y0.000
M3
G0 X67.847 Y244.860
M5
G0 X67.992 Y244.860
M3
G0 X67.992 Y192.390
M5
G0 X67.701 Y192.390
M3
G0 X67.701 Y194.722
M5
G0 X67.409 Y194.139
M3
G0 X67.409 Y244.860
M5
G0 X67.701 Y244.860
M3
G0 X67.701 Y195.888
M5
G0 X68.867 Y195.888
M3
G0 X68.867 Y244.860
M5
G0 X69.013 Y244.860
M3
G0 X69.013 Y191.807
M5
G0 X68.794 Y192.171
M3
G0 X137.588 Y192.171
M5
G0 X137.588 Y192.026
M3
G0 X0.000 Y192.026
M5
G0 X0.000 Y192.609
M3
G0 X137.588 Y192.609
M5
G0 X137.588 Y192.754
M3
G0 X0.000 Y192.754
M5
G0 X0.583 Y192.463
M3
G0 X2.915 Y192.463
M5
G0 X2.915 Y191.880
M3
G0 X0.583 Y191.880
M5
G0 X0.583 Y192.171
M3
G0 X68.211 Y192.171
M5
G0 X68.430 Y192.390
M3
G0 X68.430 Y244.860
M5
G0 X68.575 Y244.860
M3
G0 X68.575 Y192.390
M5
G0 X68.867 Y192.390
M3
G0 X68.867 Y192.973
M5
G0 X69.450 Y192.973
M3
G0 X69.450 Y192.390
M5
G0 X69.158 Y192.390
M3
G0 X69.158 Y244.860
M5
G0 X69.450 Y244.860
M3
G0 X69.450 Y198.220
M5
G0 X70.033 Y198.220
M3
G0 X70.033 Y199.386
M5
G0 X70.033 Y200.552
M3
G0 X70.033 Y244.860
M5
G0 X69.741 Y244.860
M3
G0 X69.741 Y189.475
M5
G0 X69.960 Y189.548
M3
G0 X69.377 Y189.548
M5
G0 X69.158 Y189.475
M3
G0 X69.158 Y191.224
M5
G0 X69.013 Y191.224
M3
G0 X69.013 Y189.475
M5
G0 X68.794 Y189.256
M3
G0 X1.749 Y189.256
M5
G0 X1.530 Y188.892
M3
G0 X1.530 Y185.977
M5
G0 X1.749 Y186.050
M3
G0 X4.081 Y186.050
M5
G0 X4.154 Y186.560
M3
G0 X4.154 Y188.309
M5
G0 X4.081 Y188.382
M3
G0 X2.915 Y188.382
M5
G0 X2.696 Y188.309
M3
G0 X2.696 Y222.706
M5
G0 X2.915 Y222.779
M3
G0 X4.081 Y222.779
M5
G0 X4.081 Y223.362
M3
G0 X3.498 Y223.362
M5
G0 X2.696 Y223.872
M3
G0 X2.696 Y227.370
M5
G0 X3.279 Y227.953
M3
G0 X3.279 Y183.062
M5
G0 X3.498 Y183.135
M3
G0 X5.830 Y183.135
M5
G0 X5.320 Y183.062
M3
G0 X5.320 Y180.730
M5
G0 X5.903 Y180.147
M3
G0 X5.903 Y177.815
M5
G0 X5.830 Y177.888
M3
G0 X6.996 Y177.888
M5
G0 X6.996 Y177.305
M3
G0 X5.830 Y177.305
M5
G0 X5.830 Y177.596
M3
G0 X87.450 Y177.596
M5
G0 X87.669 Y177.815
M3
G0 X87.669 Y179.564
M5
G0 X87.450 Y179.783
M3
G0 X0.000 Y179.783
M5
G0 X0.000 Y179.928
M3
G0 X4.081 Y179.928
M5
G0 X3.862 Y180.147
M3
G0 X3.862 Y178.398
M5
G0 X4.081 Y178.471
M3
G0 X4.664 Y178.471
M5
G0 X4.445 Y178.981
M3
G0 X4.445 Y176.066
M5
G0 X4.664 Y176.139
M3
G0 X5.247 Y176.139
M5
G0 X5.247 Y176.722
M3
G0 X4.664 Y176.722
M5
G0 X4.737 Y177.232
M3
G0 X4.737 Y173.734
M5
G0 X4.664 Y173.224
M3
G0 X5.830 Y173.224
M5
G0 X5.830 Y172.641
M3
G0 X4.664 Y172.641
M5
G0 X4.664 Y172.058
M3
G0 X5.830 Y172.058
M5
G0 X5.830 Y171.475
M3
G0 X4.664 Y171.475
M5
G0 X4.664 Y170.892
M3
G0 X5.830 Y170.892
M5
G0 X5.830 Y170.746
M3
G0 X5.247 Y170.746
M5
G0 X5.247 Y170.309
M3
G0 X5.830 Y170.309
M5
G0 X5.830 Y170.163
M3
G0 X5.247 Y170.163
M5
G0 X5.247 Y169.726
M3
G0 X5.830 Y169.726
M5
G0 X5.830 Y169.580
M3
G0 X5.247 Y169.580
M5
G0 X5.247 Y169.143
M3
G0 X5.830 Y169.143
M5
G0 X5.830 Y168.997
M3
G0 X5.247 Y168.997
M5
G0 X5.247 Y168.560
M3
G0 X6.413 Y168.560
M5
G0 X5.830 Y168.414
M3
G0 X5.247 Y168.414
M5
G0 X4.445 Y167.904
M3
G0 X4.445 Y158.576
M5
G0 X5.830 Y158.649
M3
G0 X6.413 Y158.649
M5
G0 X6.413 Y158.066
M3
G0 X5.830 Y158.066
M5
G0 X5.830 Y157.483
M3
G0 X6.413 Y157.483
M5
G0 X6.413 Y156.317
M3
G0 X5.830 Y156.317
M5
G0 X5.830 Y155.734
M3
G0 X6.413 Y155.734
M5
G0 X6.413 Y155.151
M3
G0 X5.830 Y155.151
M5
G0 X5.247 Y155.151
M3
G0 X4.664 Y155.151
M5
G0 X4.664 Y154.568
M3
G0 X5.247 Y154.568
M5
G0 X5.247 Y153.985
M3
G0 X4.664 Y153.985
M5
G0 X4.081 Y153.985
M3
G0 X2.332 Y153.985
M5
G0 X2.332 Y153.402
M3
G0 X4.081 Y153.402
M5
G0 X4.081 Y152.819
M3
G0 X2.332 Y152.819
M5
G0 X2.332 Y152.236
M3
G0 X4.081 Y152.236
M5
G0 X4.081 Y151.653
M3
G0 X2.332 Y151.653
M5
G0 X2.332 Y151.070
M3
G0 X4.081 Y151.070
M5
G0 X4.081 Y150.487
M3
G0 X2.332 Y150.487
M5
G0 X2.332 Y149.904
M3
G0 X4.081 Y149.904
M5
G0 X4.081 Y149.321
M3
G0 X2.332 Y149.321
M5
G0 X2.332 Y148.738
M3
G0 X4.081 Y148.738
M5
G0 X4.081 Y148.155
M3
G0 X2.332 Y148.155
M5
G0 X2.332 Y147.572
M3
G0 X4.081 Y147.572
M5
G0 X4.081 Y146.989
M3
G0 X2.332 Y146.989
M5
G0 X2.332 Y146.406
M3
G0 X4.081 Y146.406
M5
G0 X4.081 Y145.823
M3
G0 X2.332 Y145.823
M5
G0 X2.332 Y145.240
M3
G0 X4.081 Y145.240
M5
G0 X4.081 Y144.657
M3
G0 X1.749 Y144.657
M5
G0 X1.749 Y144.074
M3
G0 X4.081 Y144.074
M5
G0 X4.081 Y143.491
M3
G0 X1.749 Y143.491
M5
G0 X1.166 Y143.491
M3
G0 X0.000 Y143.491
M5
G0 X0.000 Y143.637
M3
G0 X137.588 Y143.637
M5
G0 X137.588 Y143.782
M3
G0 X121.847 Y143.782
M5
G0 X121.847 Y143.199
M3
G0 X137.588 Y143.199
M5
G0 X137.588 Y143.054
M3
G0 X0.000 Y143.054
M5
G0 X0.000 Y143.199
M3
G0 X4.664 Y143.199
M5
G0 X4.445 Y143.418
M3
G0 X4.445 Y103.191
M5
G0 X4.081 Y103.264
M3
G0 X0.000 Y103.264
M5
G0 X0.000 Y102.681
M3
G0 X3.498 Y102.681
M5
G0 X3.279 Y102.608
M3
G0 X3.279 Y164.989
M5
G0 X2.915 Y165.062
M3
G0 X1.749 Y165.062
M5
G0 X1.749 Y164.479
M3
G0 X2.915 Y164.479
M5
G0 X2.915 Y163.896
M3
G0 X1.749 Y163.896
M5
G0 X1.749 Y163.313
M3
G0 X2.915 Y163.313
M5
G0 X3.498 Y162.730
M3
G0 X1.749 Y162.730
M5
G0 X1.749 Y162.147
M3
G0 X3.498 Y162.147
M5
G0 X3.498 Y161.564
M3
G0 X1.749 Y161.564
M5
G0 X2.332 Y160.981
M3
G0 X3.498 Y160.981
M5
G0 X2.988 Y160.908
M3
G0 X2.988 Y134.090
M5
G0 X3.571 Y134.673
M3
G0 X3.571 Y146.916
M5
G0 X1.749 Y146.989
M3
G0 X0.000 Y146.989
M5
G0 X0.073 Y146.916
M3
G0 X0.073 Y139.920
M5
G0 X0.000 Y139.993
M3
G0 X5.830 Y139.993
M5
G0 X5.830 Y139.410
M3
G0 X0.000 Y139.410
M5
G0 X0.000 Y139.556
M3
G0 X137.588 Y139.556
M5
G0 X137.588 Y139.701
M3
G0 X121.264 Y139.701
M5
G0 X121.264 Y139.118
M3
G0 X137.588 Y139.118
M5
G0 X137.588 Y138.973
M3
G0 X0.000 Y138.973
M5
G0 X0.000 Y139.118
M3
G0 X8.745 Y139.118
M5
G0 X8.745 Y139.701
M3
G0 X0.000 Y139.701
M5
G0 X0.000 Y140.139
M3
G0 X137.588 Y140.139
M5
G0 X137.588 Y140.284
M3
G0 X121.264 Y140.284
M5
G0 X121.264 Y140.867
M3
G0 X137.588 Y140.867
M5
G0 X137.588 Y140.722
M3
G0 X0.000 Y140.722
M5
G0 X0.000 Y140.867
M3
G0 X8.745 Y140.867
M5
G0 X8.745 Y140.576
M3
G0 X6.996 Y140.576
M5
G0 X7.069 Y140.503
M3
G0 X7.069 Y133.507
M5
G0 X6.996 Y133.434
M3
G0 X6.413 Y133.434
M5
G0 X6.413 Y132.851
M3
G0 X6.996 Y132.851
M5
G0 X6.996 Y132.268
M3
G0 X6.413 Y132.268
M5
G0 X6.413 Y131.685
M3
G0 X6.996 Y131.685
M5
G0 X6.996 Y131.831
M3
G0 X5.247 Y131.831
M5
G0 X5.247 Y131.248
M3
G0 X6.996 Y131.248
M5
G0 X6.996 Y130.665
M3
G0 X4.664 Y130.665
M5
G0 X4.664 Y130.082
M3
G0 X6.996 Y130.082
M5
G0 X6.996 Y129.499
M3
G0 X4.664 Y129.499
M5
G0 X4.664 Y128.916
M3
G0 X6.996 Y128.916
M5
G0 X6.996 Y128.333
M3
G0 X4.664 Y128.333
M5
G0 X4.664 Y127.750
M3
G0 X6.413 Y127.750
M5
G0 X6.413 Y127.167
M3
G0 X4.664 Y127.167
M5
G0 X4.737 Y127.094
M3
G0 X4.737 Y118.932
M5
G0 X5.830 Y119.005
M3
G0 X3.498 Y119.005
M5
G0 X3.498 Y119.588
M3
G0 X5.830 Y119.588
M5
G0 X5.830 Y120.171
M3
G0 X3.498 Y120.171
M5
G0 X3.498 Y120.754
M3
G0 X5.830 Y120.754
M5
G0 X5.830 Y121.337
M3
G0 X3.498 Y121.337
M5
G0 X3.571 Y121.264
M3
G0 X3.571 Y111.936
M5
G0 X4.081 Y112.009
M3
G0 X0.583 Y112.009
M5
G0 X0.583 Y112.592
M3
G0 X4.081 Y112.592
M5
G0 X4.081 Y113.175
M3
G0 X0.583 Y113.175
M5
G0 X0.656 Y113.102
M3
G0 X0.656 Y130.592
M5
G0 X0.000 Y130.665
M3
G0 X3.498 Y130.665
M5
G0 X3.498 Y130.082
M3
G0 X0.000 Y130.082
M5
G0 X0.000 Y129.499
M3
G0 X3.498 Y129.499
M5
G0 X3.498 Y128.916
M3
G0 X0.000 Y128.916
M5
G0 X0.000 Y128.333
M3
G0 X2.915 Y128.333
M5
G0 X2.915 Y127.750
M3
G0 X0.000 Y127.750
M5
G0 X0.000 Y127.167
M3
G0 X2.915 Y127.167
M5
G0 X2.915 Y126.584
M3
G0 X0.000 Y126.584
M5
G0 X0.000 Y126.001
M3
G0 X2.332 Y126.001
M5
G0 X2.332 Y125.418
M3
G0 X0.000 Y125.418
M5
G0 X0.000 Y125.564
M3
G0 X137.588 Y125.564
M5
G0 X137.588 Y125.709
M3
G0 X75.790 Y125.709
M5
G0 X75.790 Y125.418
M3
G0 X76.956 Y125.418
M5
G0 X76.956 Y125.272
M3
G0 X76.373 Y125.272
M5
G0 X76.373 Y124.689
M3
G0 X76.956 Y124.689
M5
G0 X76.956 Y124.835
M3
G0 X75.790 Y124.835
M5
G0 X75.790 Y124.543
M3
G0 X98.527 Y124.543
M5
G0 X98.527 Y124.835
M3
G0 X97.944 Y124.835
M5
G0 X98.017 Y124.762
M3
G0 X98.017 Y125.928
M5
G0 X97.944 Y125.855
M3
G0 X98.527 Y125.855
M5
G0 X98.600 Y125.928
M3
G0 X98.600 Y125.345
M5
G0 X99.110 Y125.418
M3
G0 X97.944 Y125.418
M5
G0 X97.725 Y125.928
M3
G0 X97.725 Y121.264
M5
G0 X98.308 Y121.264
M3
G0 X98.308 Y118.932
M5
G0 X98.308 Y118.349
M3
G0 X98.308 Y117.183
M5
G0 X99.110 Y116.673
M3
G0 X100.276 Y116.673
M5
G0 X100.349 Y116.600
M3
G0 X100.349 Y107.272
M5
G0 X100.276 Y107.345
M3
G0 X101.442 Y107.345
M5
G0 X100.932 Y107.272
M3
G0 X100.932 Y101.442
M5
G0 X100.276 Y100.932
M3
G0 X102.025 Y100.932
M5
G0 X102.025 Y100.349
M3
G0 X103.191 Y100.349
M5
G0 X103.191 Y100.932
M3
G0 X102.608 Y100.932
M5
G0 X102.608 Y99.766
M3
G0 X102.025 Y99.766
M5
G0 X102.608 Y99.183
M3
G0 X100.276 Y99.183
M5
G0 X99.693 Y98.017
M3
G0 X101.442 Y98.017
M5
G0 X100.859 Y97.434
M3
G0 X99.693 Y97.434
M5
G0 X98.891 Y97.944
M3
G0 X98.891 Y27.401
M5
G0 X98.308 Y27.401
M3
G0 X98.308 Y100.859
M5
G0 X98.308 Y101.442
M3
G0 X98.308 Y106.689
M5
G0 X98.308 Y107.272
M3
G0 X98.308 Y110.770
M5
G0 X98.891 Y111.353
M3
G0 X98.891 Y105.523
M5
G0 X99.474 Y106.106
M3
G0 X99.474 Y108.438
M5
G0 X100.276 Y108.511
M3
G0 X101.442 Y108.511
M5
G0 X101.442 Y107.928
M3
G0 X100.276 Y107.928
M5
G0 X100.276 Y106.762
M3
G0 X101.442 Y106.762
M5
G0 X102.025 Y106.179
M3
G0 X100.276 Y106.179
M5
G0 X99.474 Y104.357
M3
G0 X99.474 Y103.774
M5
G0 X98.891 Y103.774
M3
G0 X98.891 Y104.357
M5
G0 X98.891 Y102.608
M3
G0 X98.891 Y102.025
M5
G0 X95.612 Y102.098
M3
G0 X47.223 Y102.098
M5
G0 X47.223 Y101.515
M3
G0 X79.288 Y101.515
M5
G0 X79.361 Y101.442
M3
G0 X79.361 Y75.207
M5
G0 X79.288 Y74.114
M3
G0 X90.948 Y74.114
M5
G0 X91.531 Y74.114
M3
G0 X92.114 Y74.114
M5
G0 X92.478 Y74.041
M3
G0 X92.478 Y74.624
M5
G0 X92.114 Y74.697
M3
G0 X91.531 Y74.697
M5
G0 X90.948 Y74.697
M3
G0 X71.126 Y74.697
M5
G0 X71.126 Y74.114
M3
G0 X78.705 Y74.114
M5
G0 X77.539 Y75.134
M3
G0 X75.207 Y75.134
M5
G0 X75.207 Y75.717
M3
G0 X77.539 Y75.717
M5
G0 X77.466 Y76.373
M3
G0 X77.466 Y78.122
M5
G0 X76.883 Y77.539
M3
G0 X76.883 Y76.956
M5
G0 X78.049 Y76.956
M3
G0 X78.049 Y77.539
M5
G0 X78.705 Y76.883
M3
G0 X75.207 Y76.883
M5
G0 X75.207 Y76.300
M3
G0 X78.705 Y76.300
M5
G0 X79.288 Y77.466
M3
G0 X75.790 Y77.466
M5
G0 X75.790 Y78.049
M3
G0 X79.288 Y78.049
M5
G0 X79.871 Y78.049
M3
G0 X80.454 Y78.049
M5
G0 X81.037 Y78.632
M3
G0 X75.790 Y78.632
M5
G0 X75.790 Y79.215
M3
G0 X80.454 Y79.215
M5
G0 X81.037 Y79.215
M3
G0 X81.620 Y79.215
M5
G0 X81.037 Y79.798
M3
G0 X75.790 Y79.798
M5
G0 X75.790 Y80.381
M3
G0 X81.037 Y80.381
M5
G0 X81.037 Y80.964
M3
G0 X75.207 Y80.964
M5
G0 X75.207 Y81.547
M3
G0 X81.620 Y81.547
M5
G0 X81.620 Y82.130
M3
G0 X75.207 Y82.130
M5
G0 X75.207 Y82.713
M3
G0 X79.288 Y82.713
M5
G0 X79.871 Y82.713
M3
G0 X81.620 Y82.713
M5
G0 X81.620 Y83.296
M3
G0 X79.871 Y83.296
M5
G0 X79.288 Y83.296
M3
G0 X75.207 Y83.296
M5
G0 X75.717 Y83.369
M3
G0 X75.717 Y83.952
M5
G0 X74.624 Y83.879
M3
G0 X79.288 Y83.879
M5
G0 X79.871 Y83.879
M3
G0 X81.620 Y83.879
M5
G0 X82.203 Y84.462
M3
G0 X80.454 Y84.462
M5
G0 X80.454 Y85.045
M3
G0 X82.203 Y85.045
M5
G0 X82.203 Y85.628
M3
G0 X80.454 Y85.628
M5
G0 X79.871 Y85.628
M3
G0 X74.041 Y85.628
M5
G0 X74.041 Y85.045
M3
G0 X79.871 Y85.045
M5
G0 X78.705 Y84.462
M3
G0 X74.624 Y84.462
M5
G0 X76.300 Y82.786
M3
G0 X76.300 Y88.033
M5
G0 X76.883 Y88.033
M3
G0 X76.883 Y88.616
M5
G0 X77.466 Y89.782
M3
G0 X77.466 Y85.701
M5
G0 X76.883 Y85.701
M3
G0 X76.883 Y81.620
M5
G0 X77.466 Y81.037
M3
G0 X77.466 Y83.952
M5
G0 X78.632 Y83.952
M3
G0 X78.632 Y84.535
M5
G0 X78.049 Y82.786
M3
G0 X78.049 Y87.450
M5
G0 X78.122 Y87.377
M3
G0 X72.292 Y87.377
M5
G0 X71.782 Y86.867
M3
G0 X71.782 Y92.697
M5
G0 X71.199 Y92.697
M3
G0 X71.199 Y87.450
M5
G0 X71.709 Y87.960
M3
G0 X80.454 Y87.960
M5
G0 X80.454 Y87.377
M3
G0 X78.705 Y87.377
M5
G0 X80.454 Y88.543
M3
G0 X73.458 Y88.543
M5
G0 X72.875 Y89.126
M3
G0 X80.454 Y89.126
M5
G0 X80.454 Y89.709
M3
G0 X72.875 Y89.709
M5
G0 X73.458 Y90.292
M3
G0 X81.037 Y90.292
M5
G0 X81.620 Y90.292
M3
G0 X82.786 Y90.292
M5
G0 X82.713 Y89.782
M3
G0 X82.713 Y92.114
M5
G0 X83.369 Y92.041
M3
G0 X74.041 Y92.041
M5
G0 X74.041 Y91.458
M3
G0 X73.458 Y91.458
M5
G0 X73.458 Y90.875
M3
G0 X81.037 Y90.875
M5
G0 X81.620 Y90.875
M3
G0 X83.369 Y90.875
M5
G0 X83.442 Y90.948
M3
G0 X83.442 Y144.584
M5
G0 X84.025 Y144.584
M3
G0 X84.025 Y85.701
M5
G0 X84.025 Y85.118
M3
G0 X84.025 Y64.130
M5
G0 X84.025 Y63.547
M3
G0 X84.025 Y62.381
M5
G0 X84.608 Y61.798
M3
G0 X84.608 Y61.215
M5
G0 X84.025 Y61.215
M3
G0 X84.025 Y59.466
M5
G0 X84.535 Y59.539
M3
G0 X60.632 Y59.539
M5
G0 X60.049 Y59.539
M3
G0 X56.551 Y59.539
M5
G0 X55.968 Y59.539
M3
G0 X37.895 Y59.539
M5
G0 X37.895 Y58.956
M3
G0 X55.968 Y58.956
M5
G0 X57.134 Y58.956
M3
G0 X84.535 Y58.956
M5
G0 X84.899 Y58.883
M3
G0 X84.899 Y163.240
M5
G0 X85.482 Y162.657
M3
G0 X85.482 Y60.632
M5
G0 X85.701 Y60.413
M3
G0 X9.911 Y60.413
M5
G0 X10.494 Y60.559
M3
G0 X11.077 Y60.559
M5
G0 X11.660 Y60.559
M3
G0 X12.243 Y60.559
M5
G0 X12.243 Y59.976
M3
G0 X11.660 Y59.976
M5
G0 X11.660 Y59.393
M3
G0 X12.243 Y59.393
M5
G0 X12.243 Y58.810
M3
G0 X11.660 Y58.810
M5
G0 X11.660 Y58.227
M3
G0 X12.243 Y58.227
M5
G0 X12.316 Y58.300
M3
G0 X12.316 Y61.215
M5
G0 X12.826 Y61.288
M3
G0 X10.494 Y61.288
M5
G0 X10.494 Y60.705
M3
G0 X12.826 Y60.705
M5
G0 X12.826 Y60.122
M3
G0 X10.494 Y60.122
M5
G0 X10.494 Y59.539
M3
G0 X12.826 Y59.539
M5
G0 X12.826 Y58.956
M3
G0 X10.494 Y58.956
M5
G0 X10.494 Y58.373
M3
G0 X12.826 Y58.373
M5
G0 X12.826 Y57.790
M3
G0 X10.494 Y57.790
M5
G0 X10.494 Y57.207
M3
G0 X12.826 Y57.207
M5
G0 X13.409 Y57.207
M3
G0 X13.992 Y57.207
M5
G0 X14.575 Y57.207
M3
G0 X17.490 Y57.207
M5
G0 X17.490 Y57.790
M3
G0 X14.575 Y57.790
M5
G0 X14.575 Y58.373
M3
G0 X16.907 Y58.373
M5
G0 X16.907 Y58.956
M3
G0 X14.575 Y58.956
M5
G0 X14.575 Y59.539
M3
G0 X16.907 Y59.539
M5
G0 X16.907 Y60.122
M3
G0 X14.575 Y60.122
M5
G0 X14.648 Y60.632
M3
G0 X14.648 Y44.891
M5
G0 X15.158 Y45.401
M3
G0 X16.324 Y45.401
M5
G0 X16.251 Y45.474
M3
G0 X16.251 Y44.308
M5
G0 X16.324 Y44.235
M3
G0 X15.741 Y44.235
M5
G0 X15.231 Y44.308
M3
G0 X15.231 Y178.398
M5
G0 X15.741 Y175.993
M3
G0 X16.907 Y175.993
M5
G0 X16.907 Y175.410
M3
G0 X15.741 Y175.410
M5
G0 X15.741 Y174.827
M3
G0 X16.907 Y174.827
M5
G0 X16.907 Y174.244
M3
G0 X15.741 Y174.244
M5
G0 X15.741 Y173.661
M3
G0 X16.907 Y173.661
M5
G0 X16.834 Y173.734
M3
G0 X16.834 Y199.386
M5
G0 X16.980 Y200.552
M3
G0 X16.980 Y171.985
M5
G0 X16.907 Y171.912
M3
G0 X15.741 Y171.912
M5
G0 X15.741 Y171.329
M3
G0 X16.907 Y171.329
M5
G0 X16.907 Y170.746
M3
G0 X15.741 Y170.746
M5
G0 X15.741 Y170.163
M3
G0 X16.907 Y170.163
M5
G0 X16.907 Y170.309
M3
G0 X11.077 Y170.309
M5
G0 X11.077 Y170.892
M3
G0 X17.490 Y170.892
M5
G0 X17.854 Y170.819
M3
G0 X17.854 Y205.799
M5
G0 X18.146 Y205.799
M3
G0 X18.146 Y202.884
M5
G0 X17.563 Y202.884
M3
G0 X17.563 Y205.216
M5
G0 X17.271 Y205.216
M3
G0 X17.271 Y99.110
M5
G0 X16.907 Y99.183
M3
G0 X14.575 Y99.183
M5
G0 X14.575 Y99.766
M3
G0 X16.907 Y99.766
M5
G0 X16.907 Y100.349
M3
G0 X14.575 Y100.349
M5
G0 X14.648 Y100.276
M3
G0 X14.648 Y102.608
M5
G0 X14.575 Y102.681
M3
G0 X16.907 Y102.681
M5
G0 X16.907 Y102.098
M3
G0 X14.575 Y102.098
M5
G0 X14.575 Y101.515
M3
G0 X16.907 Y101.515
M5
G0 X16.397 Y101.442
M3
G0 X16.397 Y104.357
M5
G0 X16.324 Y104.284
M3
G0 X15.158 Y104.284
M5
G0 X15.158 Y103.701
M3
G0 X16.324 Y103.701
M5
G0 X16.324 Y103.118
M3
G0 X15.158 Y103.118
M5
G0 X15.158 Y102.535
M3
G0 X16.324 Y102.535
M5
G0 X16.324 Y101.952
M3
G0 X15.158 Y101.952
M5
G0 X15.158 Y101.369
M3
G0 X16.324 Y101.369
M5
G0 X16.324 Y100.786
M3
G0 X15.158 Y100.786
M5
G0 X15.158 Y100.203
M3
G0 X16.324 Y100.203
M5
G0 X16.324 Y99.620
M3
G0 X15.158 Y99.620
M5
G0 X15.158 Y99.037
M3
G0 X16.324 Y99.037
M5
G0 X16.324 Y98.454
M3
G0 X15.158 Y98.454
M5
G0 X15.158 Y97.871
M3
G0 X16.324 Y97.871
M5
G0 X16.324 Y97.434
M3
G0 X14.575 Y97.434
M5
G0 X14.648 Y97.944
M3
G0 X14.648 Y92.114
M5
G0 X14.575 Y92.187
M3
G0 X16.907 Y92.187
M5
G0 X16.907 Y91.604
M3
G0 X14.575 Y91.604
M5
G0 X14.575 Y91.021
M3
G0 X16.907 Y91.021
M5
G0 X16.907 Y90.438
M3
G0 X14.575 Y90.438
M5
G0 X14.648 Y90.365
M3
G0 X14.648 Y83.952
M5
G0 X14.575 Y84.025
M3
G0 X17.490 Y84.025
M5
G0 X17.490 Y83.442
M3
G0 X14.575 Y83.442
M5
G0 X14.575 Y82.859
M3
G0 X17.490 Y82.859
M5
G0 X17.490 Y82.276
M3
G0 X14.575 Y82.276
M5
G0 X14.575 Y81.693
M3
G0 X17.490 Y81.693
M5
G0 X17.490 Y81.110
M3
G0 X14.575 Y81.110
M5
G0 X14.575 Y80.527
M3
G0 X17.490 Y80.527
M5
G0 X17.490 Y79.944
M3
G0 X14.575 Y79.944
M5
G0 X14.575 Y79.361
M3
G0 X17.490 Y79.361
M5
G0 X17.490 Y78.778
M3
G0 X14.575 Y78.778
M5
G0 X14.575 Y78.195
M3
G0 X17.490 Y78.195
M5
G0 X17.490 Y77.612
M3
G0 X14.575 Y77.612
M5
G0 X13.992 Y77.612
M3
G0 X13.409 Y77.612
M5
G0 X13.409 Y78.195
M3
G0 X13.992 Y78.195
M5
G0 X13.992 Y78.778
M3
G0 X13.409 Y78.778
M5
G0 X13.409 Y79.361
M3
G0 X13.992 Y79.361
M5
G0 X13.992 Y79.944
M3
G0 X13.409 Y79.944
M5
G0 X12.826 Y79.361
M3
G0 X11.077 Y79.361
M5
G0 X11.077 Y78.778
M3
G0 X12.826 Y78.778
M5
G0 X12.826 Y78.195
M3
G0 X11.077 Y78.195
M5
G0 X11.077 Y77.612
M3
G0 X12.826 Y77.612
M5
G0 X12.826 Y77.029
M3
G0 X11.077 Y77.029
M5
G0 X11.077 Y76.446
M3
G0 X12.826 Y76.446
M5
G0 X12.826 Y75.863
M3
G0 X11.077 Y75.863
M5
G0 X11.660 Y76.300
M3
G0 X12.243 Y76.300
M5
G0 X12.243 Y76.883
M3
G0 X11.660 Y76.883
M5
G0 X11.660 Y77.466
M3
G0 X12.243 Y77.466
M5
G0 X12.243 Y78.049
M3
G0 X11.660 Y78.049
M5
G0 X11.660 Y78.632
M3
G0 X12.243 Y78.632
M5
G0 X12.243 Y79.944
M3
G0 X11.077 Y79.944
M5
G0 X9.911 Y80.818
M3
G0 X64.713 Y80.818
M5
G0 X64.713 Y81.110
M3
G0 X24.486 Y81.110
M5
G0 X24.486 Y80.527
M3
G0 X61.798 Y80.527
M5
G0 X61.798 Y79.944
M3
G0 X60.632 Y79.944
M5
G0 X60.413 Y79.871
M3
G0 X60.413 Y124.762
M5
G0 X60.632 Y124.835
M3
G0 X61.798 Y124.835
M5
G0 X61.798 Y124.252
M3
G0 X39.644 Y124.252
M5
G0 X39.644 Y124.835
M3
G0 X58.300 Y124.835
M5
G0 X57.717 Y125.418
M3
G0 X39.644 Y125.418
M5
G0 X39.644 Y126.001
M3
G0 X55.968 Y126.001
M5
G0 X56.551 Y127.167
M3
G0 X39.644 Y127.167
M5
G0 X39.644 Y126.584
M3
G0 X58.883 Y126.584
M5
G0 X58.883 Y126.875
M3
G0 X12.243 Y126.875
M5
G0 X12.243 Y126.292
M3
G0 X59.466 Y126.292
M5
G0 X59.466 Y126.875
M3
G0 X61.215 Y126.875
M5
G0 X61.215 Y126.584
M3
G0 X60.049 Y126.584
M5
G0 X60.049 Y127.167
M3
G0 X60.632 Y127.167
M5
G0 X60.632 Y126.438
M3
G0 X61.215 Y126.438
M5
G0 X61.579 Y125.928
M3
G0 X61.579 Y123.596
M5
G0 X61.798 Y123.377
M3
G0 X12.243 Y123.377
M5
G0 X12.243 Y122.794
M3
G0 X64.713 Y122.794
M5
G0 X64.932 Y122.430
M3
G0 X64.932 Y0.000
M5
G0 X65.077 Y0.000
M3
G0 X65.077 Y72.875
M5
G0 X65.660 Y72.875
M3
G0 X65.660 Y0.000
M5
G0 X65.515 Y0.000
M3
G0 X65.515 Y121.264
M5
G0 X65.296 Y121.045
M3
G0 X12.243 Y121.045
M5
G0 X12.607 Y121.264
M3
G0 X12.607 Y34.980
M5
G0 X13.482 Y34.980
M3
G0 X13.482 Y36.146
M5
G0 X14.648 Y36.729
M3
G0 X14.648 Y35.563
M5
G0 X15.231 Y35.563
M3
G0 X15.231 Y41.393
M5
G0 X15.158 Y43.215
M3
G0 X19.239 Y43.215
M5
G0 X19.239 Y43.798
M3
G0 X18.656 Y43.798
M5
G0 X17.490 Y43.798
M3
G0 X13.992 Y43.798
M5
G0 X13.409 Y44.381
M3
G0 X11.660 Y44.381
M5
G0 X11.077 Y44.381
M3
G0 X9.328 Y44.381
M5
G0 X9.328 Y44.672
M3
G0 X79.288 Y44.672
M5
G0 X79.288 Y44.089
M3
G0 X9.328 Y44.089
M5
G0 X9.328 Y43.798
M3
G0 X12.826 Y43.798
M5
G0 X12.316 Y44.308
M3
G0 X12.316 Y45.474
M5
G0 X11.150 Y46.057
M3
G0 X11.150 Y49.555
M5
G0 X11.077 Y49.482
M3
G0 X10.494 Y49.482
M5
G0 X10.494 Y48.899
M3
G0 X11.077 Y48.899
M5
G0 X11.077 Y48.316
M3
G0 X10.494 Y48.316
M5
G0 X10.494 Y47.733
M3
G0 X11.077 Y47.733
M5
G0 X11.077 Y47.150
M3
G0 X10.494 Y47.150
M5
G0 X10.494 Y46.567
M3
G0 X11.077 Y46.567
M5
G0 X11.077 Y45.984
M3
G0 X10.494 Y45.984
M5
G0 X10.494 Y45.401
M3
G0 X9.911 Y45.401
M5
G0 X9.911 Y44.818
M3
G0 X11.077 Y44.818
M5
G0 X11.077 Y44.964
M3
G0 X9.328 Y44.964
M5
G0 X9.328 Y45.255
M3
G0 X78.705 Y45.255
M5
G0 X79.288 Y45.838
M3
G0 X9.328 Y45.838
M5
G0 X9.328 Y46.421
M3
G0 X85.701 Y46.421
M5
G0 X85.701 Y45.838
M3
G0 X79.871 Y45.838
M5
G0 X79.871 Y45.255
M3
G0 X85.701 Y45.255
M5
G0 X85.701 Y44.672
M3
G0 X80.454 Y44.672
M5
G0 X80.454 Y44.089
M3
G0 X85.701 Y44.089
M5
G0 X85.701 Y43.506
M3
G0 X80.454 Y43.506
M5
G0 X80.454 Y42.923
M3
G0 X85.701 Y42.923
M5
G0 X85.701 Y42.340
M3
G0 X80.454 Y42.340
M5
G0 X80.454 Y41.757
M3
G0 X85.701 Y41.757
M5
G0 X85.701 Y41.174
M3
G0 X79.871 Y41.174
M5
G0 X79.871 Y40.591
M3
G0 X85.701 Y40.591
M5
G0 X85.701 Y40.008
M3
G0 X79.871 Y40.008
M5
G0 X79.871 Y39.425
M3
G0 X85.701 Y39.425
M5
G0 X85.701 Y38.842
M3
G0 X79.871 Y38.842
M5
G0 X79.288 Y38.842
M3
G0 X54.219 Y38.842
M5
G0 X53.636 Y39.425
M3
G0 X79.288 Y39.425
M5
G0 X79.288 Y40.008
M3
G0 X47.223 Y40.008
M5
G0 X46.640 Y40.008
M3
G0 X4.664 Y40.008
M5
G0 X4.664 Y39.425
M3
G0 X8.162 Y39.425
M5
G0 X7.943 Y39.644
M3
G0 X7.943 Y40.227
M5
G0 X7.360 Y40.227
M3
G0 X7.360 Y39.644
M5
G0 X8.162 Y38.842
M3
G0 X4.664 Y38.842
M5
G0 X4.664 Y38.259
M3
G0 X8.162 Y38.259
M5
G0 X8.162 Y37.676
M3
G0 X5.247 Y37.676
M5
G0 X5.247 Y37.093
M3
G0 X42.559 Y37.093
M5
G0 X42.559 Y36.510
M3
G0 X5.247 Y36.510
M5
G0 X5.247 Y35.927
M3
G0 X42.559 Y35.927
M5
G0 X42.559 Y35.344
M3
G0 X5.247 Y35.344
M5
G0 X4.081 Y34.761
M3
G0 X42.559 Y34.761
M5
G0 X42.559 Y34.178
M3
G0 X4.081 Y34.178
M5
G0 X4.081 Y33.595
M3
G0 X42.559 Y33.595
M5
G0 X43.142 Y33.595
M3
G0 X48.972 Y33.595
M5
G0 X50.138 Y33.304
M3
G0 X50.721 Y33.304
M5
G0 X50.721 Y33.887
M3
G0 X50.138 Y33.887
M5
G0 X50.138 Y34.470
M3
G0 X50.721 Y34.470
M5
G0 X50.721 Y35.053
M3
G0 X50.138 Y35.053
M5
G0 X50.138 Y35.636
M3
G0 X50.721 Y35.636
M5
G0 X50.721 Y36.219
M3
G0 X50.138 Y36.219
M5
G0 X50.138 Y36.802
M3
G0 X50.721 Y36.802
M5
G0 X50.721 Y37.385
M3
G0 X50.138 Y37.385
M5
G0 X50.138 Y37.968
M3
G0 X50.721 Y37.968
M5
G0 X50.721 Y38.551
M3
G0 X50.138 Y38.551
M5
G0 X50.138 Y39.134
M3
G0 X50.721 Y39.134
M5
G0 X50.721 Y39.717
M3
G0 X50.138 Y39.717
M5
G0 X50.138 Y40.300
M3
G0 X50.721 Y40.300
M5
G0 X50.138 Y40.883
M3
G0 X72.292 Y40.883
M5
G0 X72.875 Y40.883
M3
G0 X74.041 Y40.883
M5
G0 X73.458 Y40.300
M3
G0 X71.709 Y40.300
M5
G0 X71.126 Y40.300
M3
G0 X52.470 Y40.300
M5
G0 X52.251 Y40.227
M3
G0 X52.251 Y93.863
M5
G0 X52.470 Y93.353
M3
G0 X53.053 Y93.353
M5
G0 X53.053 Y93.936
M3
G0 X54.219 Y93.936
M5
G0 X54.219 Y94.519
M3
G0 X53.636 Y94.519
M5
G0 X53.709 Y95.029
M3
G0 X53.709 Y130.009
M5
G0 X54.802 Y130.082
M3
G0 X39.061 Y130.082
M5
G0 X39.644 Y130.665
M3
G0 X54.802 Y130.665
M5
G0 X54.802 Y130.956
M3
G0 X12.243 Y130.956
M5
G0 X12.243 Y130.373
M3
G0 X56.551 Y130.373
M5
G0 X56.551 Y130.519
M3
G0 X55.968 Y130.519
M5
G0 X55.968 Y131.102
M3
G0 X56.551 Y131.102
M5
G0 X56.551 Y130.956
M3
G0 X55.385 Y130.956
M5
G0 X55.385 Y130.665
M3
G0 X56.551 Y130.665
M5
G0 X56.551 Y131.248
M3
G0 X55.385 Y131.248
M5
G0 X55.385 Y131.539
M3
G0 X56.551 Y131.539
M5
G0 X56.551 Y131.685
M3
G0 X55.968 Y131.685
M5
G0 X55.385 Y131.831
M3
G0 X56.551 Y131.831
M5
G0 X57.717 Y131.831
M3
G0 X58.300 Y131.831
M5
G0 X58.300 Y131.685
M3
G0 X57.717 Y131.685
M5
G0 X57.717 Y132.268
M3
G0 X58.300 Y132.268
M5
G0 X58.300 Y132.414
M3
G0 X57.717 Y132.414
M5
G0 X57.717 Y132.851
M3
G0 X58.300 Y132.851
M5
G0 X58.300 Y132.997
M3
G0 X57.717 Y132.997
M5
G0 X57.717 Y133.434
M3
G0 X58.300 Y133.434
M5
G0 X58.300 Y133.580
M3
G0 X57.717 Y133.580
M5
G0 X58.883 Y133.288
M3
G0 X12.243 Y133.288
M5
G0 X12.243 Y133.871
M3
G0 X60.632 Y133.871
M5
G0 X60.632 Y133.580
M3
G0 X59.466 Y133.580
M5
G0 X59.466 Y133.434
M3
G0 X60.049 Y133.434
M5
G0 X60.049 Y132.851
M3
G0 X59.466 Y132.851
M5
G0 X59.466 Y132.997
M3
G0 X60.632 Y132.997
M5
G0 X60.632 Y133.288
M3
G0 X59.466 Y133.288
M5
G0 X59.466 Y134.017
M3
G0 X60.049 Y134.017
M5
G0 X60.049 Y134.600
M3
G0 X59.466 Y134.600
M5
G0 X59.466 Y134.746
M3
G0 X60.632 Y134.746
M5
G0 X60.632 Y135.037
M3
G0 X12.243 Y135.037
M5
G0 X12.243 Y134.454
M3
G0 X60.632 Y134.454
M5
G0 X60.632 Y134.163
M3
G0 X59.466 Y134.163
M5
G0 X59.466 Y135.183
M3
G0 X60.049 Y135.183
M5
G0 X60.049 Y135.766
M3
G0 X59.466 Y135.766
M5
G0 X59.466 Y135.912
M3
G0 X60.632 Y135.912
M5
G0 X60.632 Y136.203
M3
G0 X12.243 Y136.203
M5
G0 X12.243 Y135.620
M3
G0 X60.632 Y135.620
M5
G0 X60.632 Y135.329
M3
G0 X59.466 Y135.329
M5
G0 X59.466 Y136.349
M3
G0 X60.049 Y136.349
M5
G0 X60.049 Y136.932
M3
G0 X59.466 Y136.932
M5
G0 X59.466 Y137.078
M3
G0 X60.632 Y137.078
M5
G0 X60.632 Y137.369
M3
G0 X11.660 Y137.369
M5
G0 X11.660 Y137.952
M3
G0 X60.632 Y137.952
M5
G0 X60.632 Y137.661
M3
G0 X59.466 Y137.661
M5
G0 X59.466 Y137.515
M3
G0 X60.049 Y137.515
M5
G0 X60.049 Y138.098
M3
G0 X59.466 Y138.098
M5
G0 X59.466 Y138.244
M3
G0 X60.632 Y138.244
M5
G0 X61.215 Y138.535
M3
G0 X62.964 Y138.535
M5
G0 X62.964 Y138.244
M3
G0 X61.798 Y138.244
M5
G0 X61.798 Y138.098
M3
G0 X62.381 Y138.098
M5
G0 X62.454 Y138.171
M3
G0 X62.454 Y143.418
M5
G0 X62.381 Y142.908
M3
G0 X63.547 Y142.908
M5
G0 X63.547 Y143.345
M3
G0 X62.964 Y143.345
M5
G0 X62.964 Y142.762
M3
G0 X62.381 Y142.762
M5
G0 X62.381 Y142.325
M3
G0 X63.547 Y142.325
M5
G0 X63.547 Y142.033
M3
G0 X45.474 Y142.033
M5
G0 X45.474 Y141.742
M3
G0 X46.640 Y141.742
M5
G0 X47.004 Y141.669
M3
G0 X47.004 Y244.860
M5
G0 X46.859 Y244.860
M3
G0 X46.859 Y0.000
M5
G0 X47.004 Y0.000
M3
G0 X47.004 Y2.915
M5
G0 X47.004 Y3.498
M3
G0 X47.004 Y5.830
M5
G0 X46.057 Y7.069
M3
G0 X43.725 Y7.069
M5
G0 X43.725 Y7.652
M3
G0 X45.474 Y7.652
M5
G0 X45.474 Y8.235
M3
G0 X43.725 Y8.235
M5
G0 X43.506 Y8.162
M3
G0 X43.506 Y139.337
M5
G0 X42.923 Y139.337
M3
G0 X42.923 Y137.005
M5
G0 X43.215 Y137.005
M3
G0 X43.215 Y135.839
M5
G0 X42.632 Y135.839
M3
G0 X42.632 Y107.272
M5
G0 X43.142 Y107.782
M3
G0 X55.968 Y107.782
M5
G0 X56.478 Y108.438
M3
G0 X56.478 Y111.353
M5
G0 X56.478 Y113.685
M3
G0 X56.478 Y114.268
M5
G0 X55.895 Y114.268
M3
G0 X55.895 Y113.685
M5
G0 X52.397 Y113.102
M3
G0 X52.397 Y116.600
M5
G0 X51.814 Y116.600
M3
G0 X51.814 Y113.685
M5
G0 X51.231 Y114.268
M3
G0 X51.231 Y114.851
M5
G0 X51.231 Y115.434
M3
G0 X51.231 Y117.766
M5
G0 X50.648 Y117.766
M3
G0 X50.648 Y116.600
M5
G0 X50.648 Y116.017
M3
G0 X50.648 Y115.434
M5
G0 X50.065 Y116.017
M3
G0 X50.065 Y117.183
M5
G0 X49.482 Y116.600
M3
G0 X49.482 Y118.349
M5
G0 X48.899 Y117.766
M3
G0 X48.899 Y116.600
M5
G0 X49.482 Y116.017
M3
G0 X49.482 Y114.851
M5
G0 X48.972 Y114.778
M3
G0 X61.215 Y114.778
M5
G0 X61.215 Y115.361
M3
G0 X48.972 Y115.361
M5
G0 X48.462 Y114.851
M3
G0 X48.462 Y133.507
M5
G0 X49.045 Y135.839
M3
G0 X49.045 Y113.685
M5
G0 X48.972 Y113.175
M3
G0 X40.227 Y113.175
M5
G0 X40.227 Y112.592
M3
G0 X72.875 Y112.592
M5
G0 X71.782 Y112.519
M3
G0 X71.782 Y93.280
M5
G0 X71.199 Y93.280
M3
G0 X71.199 Y111.936
M5
G0 X71.199 Y113.102
M3
G0 X71.199 Y114.268
M5
G0 X71.709 Y114.341
M3
G0 X40.227 Y114.341
M5
G0 X40.227 Y113.758
M3
G0 X72.292 Y113.758
M5
G0 X72.656 Y113.685
M3
G0 X72.656 Y0.000
M5
G0 X72.511 Y0.000
M3
G0 X72.511 Y114.268
M5
G0 X72.292 Y114.632
M3
G0 X11.660 Y114.632
M5
G0 X11.660 Y114.049
M3
G0 X116.600 Y114.049
M5
G0 X116.600 Y113.466
M3
G0 X11.660 Y113.466
M5
G0 X11.660 Y115.215
M3
G0 X71.709 Y115.215
M5
G0 X71.709 Y114.924
M3
G0 X48.389 Y114.924
M5
G0 X47.806 Y114.924
M3
G0 X40.227 Y114.924
M5
G0 X40.227 Y115.507
M3
G0 X71.709 Y115.507
M5
G0 X71.709 Y115.798
M3
G0 X11.660 Y115.798
M5
G0 X11.660 Y116.381
M3
G0 X71.709 Y116.381
M5
G0 X71.709 Y116.090
M3
G0 X70.543 Y116.090
M5
G0 X70.324 Y116.017
M3
G0 X70.324 Y0.000
M5
G0 X70.179 Y0.000
M3
G0 X70.179 Y116.600
M5
G0 X70.543 Y116.673
M3
G0 X71.709 Y116.673
M5
G0 X71.709 Y116.964
M3
G0 X70.543 Y116.964
M5
G0 X70.543 Y117.256
M3
G0 X71.709 Y117.256
M5
G0 X71.709 Y117.547
M3
G0 X70.543 Y117.547
M5
G0 X70.543 Y117.839
M3
G0 X71.709 Y117.839
M5
G0 X71.709 Y118.130
M3
G0 X70.543 Y118.130
M5
G0 X70.543 Y118.276
M3
G0 X71.126 Y118.276
M5
G0 X71.126 Y118.422
M3
G0 X70.543 Y118.422
M5
G0 X70.543 Y118.859
M3
G0 X71.126 Y118.859
M5
G0 X71.126 Y119.005
M3
G0 X70.543 Y119.005
M5
G0 X69.960 Y118.713
M3
G0 X71.709 Y118.713
M5
G0 X72.292 Y118.130
M3
G0 X74.041 Y118.130
M5
G0 X74.041 Y117.547
M3
G0 X72.292 Y117.547
M5
G0 X71.199 Y117.183
M3
G0 X71.199 Y114.851
M5
G0 X72.073 Y114.268
M3
G0 X72.073 Y0.000
M5
G0 X71.928 Y0.000
M3
G0 X71.928 Y116.017
M5
G0 X72.511 Y115.434
M3
G0 X72.511 Y244.860
M5
G0 X72.656 Y244.860
M3
G0 X72.656 Y188.309
M5
G0 X72.292 Y188.382
M3
G0 X71.126 Y188.382
M5
G0 X71.199 Y188.309
M3
G0 X71.199 Y188.892
M5
G0 X71.126 Y189.111
M3
G0 X137.588 Y189.111
M5
G0 X137.588 Y189.256
M3
G0 X92.114 Y189.256
M5
G0 X92.478 Y189.475
M3
G0 X92.478 Y187.143
M5
G0 X92.478 Y186.560
M3
G0 X92.478 Y183.645
M5
G0 X92.478 Y183.062
M3
G0 X92.478 Y181.896
M5
G0 X90.948 Y181.969
M3
G0 X90.365 Y181.969
M5
G0 X90.365 Y182.552
M3
G0 X89.782 Y182.552
M5
G0 X89.782 Y183.135
M3
G0 X90.365 Y183.135
M5
G0 X90.365 Y183.718
M3
G0 X90.948 Y183.718
M5
G0 X90.948 Y184.301
M3
G0 X90.365 Y184.301
M5
G0 X90.365 Y186.050
M3
G0 X91.531 Y186.050
M5
G0 X91.531 Y186.633
M3
G0 X90.948 Y186.633
M5
G0 X90.729 Y187.143
M3
G0 X90.729 Y163.240
M5
G0 X90.729 Y162.657
M3
G0 X90.729 Y161.491
M5
G0 X89.782 Y161.272
M3
G0 X96.195 Y161.272
M5
G0 X96.195 Y161.855
M3
G0 X89.782 Y161.855
M5
G0 X89.563 Y160.908
M3
G0 X89.563 Y160.325
M5
G0 X89.782 Y160.398
M3
G0 X88.033 Y160.398
M5
G0 X88.106 Y160.325
M3
G0 X88.106 Y160.908
M5
G0 X88.033 Y160.835
M3
G0 X89.199 Y160.835
M5
G0 X88.980 Y160.908
M3
G0 X88.980 Y159.742
M5
G0 X88.980 Y159.159
M3
G0 X88.980 Y157.993
M5
G0 X89.563 Y157.993
M3
G0 X89.563 Y158.576
M5
G0 X90.146 Y159.159
M3
G0 X90.146 Y159.742
M5
G0 X89.782 Y159.523
M3
G0 X95.612 Y159.523
M5
G0 X95.612 Y158.940
M3
G0 X0.000 Y158.940
M5
G0 X0.000 Y158.357
M3
G0 X96.195 Y158.357
M5
G0 X96.778 Y157.774
M3
G0 X0.000 Y157.774
M5
G0 X0.000 Y157.629
M3
G0 X137.588 Y157.629
M5
G0 X137.588 Y157.774
M3
G0 X120.681 Y157.774
M5
G0 X120.681 Y158.357
M3
G0 X137.588 Y158.357
M5
G0 X137.588 Y158.212
M3
G0 X0.000 Y158.212
M5
G0 X0.000 Y157.191
M3
G0 X96.778 Y157.191
M5
G0 X96.778 Y156.608
M3
G0 X93.280 Y156.608
M5
G0 X93.280 Y156.025
M3
G0 X96.778 Y156.025
M5
G0 X97.361 Y155.442
M3
G0 X0.000 Y155.442
M5
G0 X0.000 Y155.297
M3
G0 X137.588 Y155.297
M5
G0 X137.588 Y155.442
M3
G0 X121.847 Y155.442
M5
G0 X121.847 Y156.025
M3
G0 X137.588 Y156.025
M5
G0 X137.588 Y155.880
M3
G0 X0.000 Y155.880
M5
G0 X0.000 Y156.025
M3
G0 X92.697 Y156.025
M5
G0 X92.697 Y156.608
M3
G0 X0.000 Y156.608
M5
G0 X0.000 Y156.463
M3
G0 X137.588 Y156.463
M5
G0 X137.588 Y156.608
M3
G0 X121.847 Y156.608
M5
G0 X121.264 Y157.191
M3
G0 X137.588 Y157.191
M5
G0 X137.588 Y157.046
M3
G0 X0.000 Y157.046
M5
G0 X0.000 Y154.859
M3
G0 X90.948 Y154.859
M5
G0 X90.948 Y154.276
M3
G0 X0.000 Y154.276
M5
G0 X0.000 Y154.131
M3
G0 X137.588 Y154.131
M5
G0 X137.588 Y154.276
M3
G0 X122.430 Y154.276
M5
G0 X122.430 Y153.693
M3
G0 X137.588 Y153.693
M5
G0 X137.588 Y153.548
M3
G0 X0.000 Y153.548
M5
G0 X0.000 Y153.693
M3
G0 X11.077 Y153.693
M5
G0 X11.077 Y153.402
M3
G0 X9.328 Y153.402
M5
G0 X9.401 Y153.329
M3
G0 X9.401 Y147.499
M5
G0 X9.328 Y147.426
M3
G0 X8.745 Y147.426
M5
G0 X8.745 Y146.843
M3
G0 X9.328 Y146.843
M5
G0 X9.911 Y146.697
M3
G0 X0.000 Y146.697
M5
G0 X0.000 Y146.552
M3
G0 X137.588 Y146.552
M5
G0 X137.588 Y146.697
M3
G0 X123.013 Y146.697
M5
G0 X123.013 Y148.446
M3
G0 X137.588 Y148.446
M5
G0 X137.588 Y148.301
M3
G0 X0.000 Y148.301
M5
G0 X0.000 Y148.446
M3
G0 X10.494 Y148.446
M5
G0 X10.713 Y148.665
M3
G0 X10.713 Y244.860
M5
G0 X10.567 Y244.860
M3
G0 X10.567 Y244.277
M5
G0 X10.494 Y244.350
M3
G0 X11.660 Y244.350
M5
G0 X11.150 Y244.277
M3
G0 X11.150 Y242.528
M5
G0 X11.077 Y242.601
M3
G0 X11.660 Y242.601
M5
G0 X12.243 Y242.601
M3
G0 X13.409 Y242.601
M5
G0 X13.409 Y243.184
M3
G0 X12.243 Y243.184
M5
G0 X11.660 Y243.184
M3
G0 X11.077 Y243.184
M5
G0 X10.858 Y242.528
M3
G0 X10.858 Y244.860
M5
G0 X11.296 Y244.860
M3
G0 X11.296 Y129.426
M5
G0 X11.296 Y128.843
M3
G0 X11.296 Y0.000
M5
G0 X11.441 Y0.000
M3
G0 X11.441 Y97.944
M5
G0 X11.660 Y97.434
M3
G0 X12.243 Y97.434
M5
G0 X12.243 Y96.851
M3
G0 X11.660 Y96.851
M5
G0 X11.660 Y96.268
M3
G0 X12.243 Y96.268
M5
G0 X12.243 Y95.685
M3
G0 X11.660 Y95.685
M5
G0 X11.660 Y95.102
M3
G0 X12.243 Y95.102
M5
G0 X12.243 Y94.519
M3
G0 X11.660 Y94.519
M5
G0 X11.660 Y93.936
M3
G0 X12.243 Y93.936
M5
G0 X12.243 Y93.353
M3
G0 X11.660 Y93.353
M5
G0 X11.660 Y92.770
M3
G0 X12.243 Y92.770
M5
G0 X12.243 Y92.187
M3
G0 X11.660 Y92.187
M5
G0 X11.660 Y91.604
M3
G0 X12.243 Y91.604
M5
G0 X12.243 Y89.855
M3
G0 X11.660 Y89.855
M5
G0 X11.660 Y89.272
M3
G0 X12.243 Y89.272
M5
G0 X12.243 Y88.689
M3
G0 X11.660 Y88.689
M5
G0 X9.328 Y88.397
M3
G0 X8.745 Y88.397
M5
G0 X8.745 Y87.814
M3
G0 X9.328 Y87.814
M5
G0 X9.328 Y87.231
M3
G0 X8.745 Y87.231
M5
G0 X8.745 Y86.648
M3
G0 X9.328 Y86.648
M5
G0 X8.745 Y86.065
M3
G0 X9.911 Y86.065
M5
G0 X9.911 Y85.482
M3
G0 X8.745 Y85.482
M5
G0 X8.745 Y84.899
M3
G0 X9.328 Y84.899
M5
G0 X9.328 Y84.316
M3
G0 X8.745 Y84.316
M5
G0 X8.745 Y83.733
M3
G0 X9.328 Y83.733
M5
G0 X9.328 Y83.150
M3
G0 X8.745 Y83.150
M5
G0 X8.745 Y82.567
M3
G0 X9.328 Y82.567
M5
G0 X9.328 Y81.984
M3
G0 X8.745 Y81.984
M5
G0 X8.745 Y81.401
M3
G0 X9.328 Y81.401
M5
G0 X9.328 Y80.818
M3
G0 X8.745 Y80.818
M5
G0 X8.745 Y80.235
M3
G0 X9.328 Y80.235
M5
G0 X9.328 Y79.652
M3
G0 X8.745 Y79.652
M5
G0 X9.109 Y79.288
M3
G0 X9.109 Y78.122
M5
G0 X9.328 Y77.903
M3
G0 X8.745 Y77.903
M5
G0 X8.745 Y78.486
M3
G0 X9.328 Y78.486
M5
G0 X9.328 Y79.069
M3
G0 X8.745 Y79.069
M5
G0 X8.745 Y77.320
M3
G0 X9.328 Y77.320
M5
G0 X9.328 Y76.737
M3
G0 X8.745 Y76.737
M5
G0 X8.745 Y76.154
M3
G0 X9.328 Y76.154
M5
G0 X9.328 Y75.571
M3
G0 X8.745 Y75.571
M5
G0 X8.745 Y74.988
M3
G0 X9.328 Y74.988
M5
G0 X9.109 Y74.624
M3
G0 X9.109 Y74.041
M5
G0 X9.328 Y73.822
M3
G0 X8.162 Y73.822
M5
G0 X8.162 Y74.405
M3
G0 X9.328 Y74.405
M5
G0 X9.911 Y74.988
M3
G0 X111.353 Y74.988
M5
G0 X111.353 Y74.405
M3
G0 X10.494 Y74.405
M5
G0 X10.494 Y73.822
M3
G0 X111.353 Y73.822
M5
G0 X111.353 Y73.239
M3
G0 X9.911 Y73.239
M5
G0 X9.911 Y72.656
M3
G0 X111.353 Y72.656
M5
G0 X111.936 Y72.073
M3
G0 X9.911 Y72.073
M5
G0 X9.911 Y71.490
M3
G0 X111.936 Y71.490
M5
G0 X111.936 Y70.907
M3
G0 X9.911 Y70.907
M5
G0 X9.911 Y70.324
M3
G0 X111.936 Y70.324
M5
G0 X111.936 Y69.741
M3
G0 X9.911 Y69.741
M5
G0 X9.328 Y69.741
M3
G0 X8.745 Y69.741
M5
G0 X8.745 Y69.158
M3
G0 X9.328 Y69.158
M5
G0 X9.328 Y70.324
M3
G0 X8.162 Y70.324
M5
G0 X8.745 Y70.907
M3
G0 X9.328 Y70.907
M5
G0 X10.494 Y71.782
M3
G0 X12.826 Y71.782
M5
G0 X12.826 Y72.219
M3
G0 X12.243 Y72.219
M5
G0 X12.243 Y72.802
M3
G0 X12.826 Y72.802
M5
G0 X12.826 Y72.948
M3
G0 X10.494 Y72.948
M5
G0 X10.494 Y72.365
M3
G0 X12.826 Y72.365
M5
G0 X12.826 Y73.531
M3
G0 X10.494 Y73.531
M5
G0 X9.328 Y73.239
M3
G0 X8.745 Y73.239
M5
G0 X8.745 Y72.656
M3
G0 X9.328 Y72.656
M5
G0 X11.660 Y73.968
M3
G0 X12.243 Y73.968
M5
G0 X14.575 Y74.114
M3
G0 X17.490 Y74.114
M5
G0 X17.490 Y73.531
M3
G0 X14.575 Y73.531
M5
G0 X14.575 Y72.948
M3
G0 X17.490 Y72.948
M5
G0 X17.490 Y72.365
M3
G0 X14.575 Y72.365
M5
G0 X14.575 Y71.782
M3
G0 X17.490 Y71.782
M5
G0 X17.490 Y71.199
M3
G0 X14.575 Y71.199
M5
G0 X14.575 Y70.616
M3
G0 X17.490 Y70.616
M5
G0 X17.490 Y70.033
M3
G0 X14.575 Y70.033
M5
G0 X14.575 Y69.450
M3
G0 X17.490 Y69.450
M5
G0 X17.490 Y68.867
M3
G0 X14.575 Y68.867
M5
G0 X14.575 Y68.284
M3
G0 X17.490 Y68.284
M5
G0 X17.490 Y67.701
M3
G0 X14.575 Y67.701
M5
G0 X14.575 Y67.118
M3
G0 X17.490 Y67.118
M5
G0 X17.490 Y66.535
M3
G0 X14.575 Y66.535
M5
G0 X14.575 Y65.952
M3
G0 X17.490 Y65.952
M5
G0 X17.490 Y65.369
M3
G0 X14.575 Y65.369
M5
G0 X14.575 Y64.786
M3
G0 X17.490 Y64.786
M5
G0 X17.490 Y64.203
M3
G0 X14.575 Y64.203
M5
G0 X14.575 Y63.620
M3
G0 X17.490 Y63.620
M5
G0 X17.490 Y63.037
M3
G0 X14.575 Y63.037
M5
G0 X13.992 Y63.037
M3
G0 X12.826 Y63.037
M5
G0 X12.826 Y63.620
M3
G0 X13.409 Y63.620
M5
G0 X12.826 Y64.203
M3
G0 X13.992 Y64.203
M5
G0 X13.992 Y64.786
M3
G0 X12.826 Y64.786
M5
G0 X12.826 Y65.369
M3
G0 X13.409 Y65.369
M5
G0 X13.409 Y65.952
M3
G0 X13.992 Y65.952
M5
G0 X13.992 Y66.535
M3
G0 X13.409 Y66.535
M5
G0 X12.243 Y65.952
M3
G0 X10.494 Y65.952
M5
G0 X10.494 Y65.369
M3
G0 X12.243 Y65.369
M5
G0 X12.243 Y64.786
M3
G0 X10.494 Y64.786
M5
G0 X10.275 Y65.296
M3
G0 X10.275 Y0.000
M5
G0 X9.692 Y0.000
M3
G0 X9.692 Y46.640
M5
G0 X9.911 Y46.713
M3
G0 X18.656 Y46.713
M5
G0 X18.656 Y47.296
M3
G0 X9.911 Y47.296
M5
G0 X9.692 Y47.223
M3
G0 X9.692 Y47.806
M5
G0 X9.911 Y47.879
M3
G0 X18.073 Y47.879
M5
G0 X18.073 Y48.462
M3
G0 X9.911 Y48.462
M5
G0 X9.692 Y48.389
M3
G0 X9.692 Y49.555
M5
G0 X9.911 Y49.628
M3
G0 X12.243 Y49.628
M5
G0 X12.243 Y50.211
M3
G0 X9.911 Y50.211
M5
G0 X9.692 Y50.138
M3
G0 X9.692 Y50.721
M5
G0 X9.328 Y50.502
M3
G0 X86.284 Y50.502
M5
G0 X86.284 Y49.919
M3
G0 X9.328 Y49.919
M5
G0 X9.328 Y49.336
M3
G0 X86.284 Y49.336
M5
G0 X86.284 Y48.753
M3
G0 X9.328 Y48.753
M5
G0 X9.328 Y48.170
M3
G0 X86.284 Y48.170
M5
G0 X85.701 Y47.587
M3
G0 X9.328 Y47.587
M5
G0 X9.328 Y47.004
M3
G0 X85.701 Y47.004
M5
G0 X84.316 Y46.640
M3
G0 X84.316 Y48.972
M5
G0 X83.733 Y47.806
M3
G0 X83.733 Y50.138
M5
G0 X83.733 Y50.721
M3
G0 X83.733 Y52.470
M5
G0 X83.150 Y53.053
M3
G0 X83.150 Y47.223
M5
G0 X82.567 Y46.640
M3
G0 X82.567 Y164.406
M5
G0 X82.567 Y164.989
M3
G0 X82.567 Y167.321
M5
G0 X81.984 Y167.904
M3
G0 X81.984 Y165.572
M5
G0 X80.818 Y165.572
M3
G0 X80.818 Y166.155
M5
G0 X80.235 Y166.155
M3
G0 X80.235 Y167.321
M5
G0 X80.818 Y167.321
M3
G0 X80.818 Y166.738
M5
G0 X81.401 Y166.738
M3
G0 X81.401 Y169.070
M5
G0 X77.903 Y169.070
M3
G0 X77.903 Y106.106
M5
G0 X77.903 Y105.523
M3
G0 X77.903 Y44.891
M5
G0 X77.539 Y45.547
M3
G0 X45.474 Y45.547
M5
G0 X44.891 Y44.964
M3
G0 X43.142 Y44.964
M5
G0 X43.142 Y44.818
M3
G0 X44.308 Y44.818
M5
G0 X45.547 Y46.640
M3
G0 X45.547 Y86.284
M5
G0 X46.130 Y86.867
M3
G0 X46.130 Y87.450
M5
G0 X46.713 Y87.450
M3
G0 X46.713 Y86.867
M5
G0 X47.296 Y86.867
M3
G0 X47.296 Y87.450
M5
G0 X47.806 Y88.106
M3
G0 X46.640 Y88.106
M5
G0 X45.474 Y88.106
M3
G0 X23.903 Y88.106
M5
G0 X23.903 Y88.689
M3
G0 X44.308 Y88.689
M5
G0 X43.798 Y88.033
M3
G0 X43.798 Y9.911
M5
G0 X44.308 Y9.838
M3
G0 X44.891 Y9.838
M5
G0 X44.964 Y9.911
M3
G0 X44.964 Y9.328
M5
G0 X44.891 Y9.255
M3
G0 X44.308 Y9.255
M5
G0 X44.308 Y8.672
M3
G0 X44.891 Y8.672
M5
G0 X44.964 Y8.745
M3
G0 X44.964 Y6.996
M5
G0 X44.891 Y6.923
M3
G0 X44.308 Y6.923
M5
G0 X44.308 Y6.340
M3
G0 X44.891 Y6.340
M5
G0 X44.891 Y5.757
M3
G0 X44.308 Y5.757
M5
G0 X43.725 Y4.154
M3
G0 X46.057 Y4.154
M5
G0 X46.057 Y3.571
M3
G0 X43.725 Y3.571
M5
G0 X43.725 Y2.988
M3
G0 X46.057 Y2.988
M5
G0 X46.057 Y2.405
M3
G0 X43.725 Y2.405
M5
G0 X43.725 Y1.822
M3
G0 X46.057 Y1.822
M5
G0 X46.057 Y1.239
M3
G0 X43.725 Y1.239
M5
G0 X43.506 Y1.166
M3
G0 X43.506 Y0.583
M5
G0 X43.725 Y0.656
M3
G0 X46.057 Y0.656
M5
G0 X46.057 Y0.073
M3
G0 X43.725 Y0.073
M5
G0 X43.944 Y0.000
M3
G0 X43.944 Y244.860
M5
G0 X44.089 Y244.860
M3
G0 X44.089 Y144.001
M5
G0 X43.725 Y144.074
M3
G0 X37.895 Y144.074
M5
G0 X37.312 Y144.657
M3
G0 X41.976 Y144.657
M5
G0 X42.049 Y145.167
M3
G0 X42.049 Y146.916
M5
G0 X42.559 Y146.843
M3
G0 X43.142 Y146.843
M5
G0 X43.215 Y146.333
M3
G0 X43.215 Y190.058
M5
G0 X43.142 Y189.985
M3
G0 X37.312 Y189.985
M5
G0 X37.312 Y189.402
M3
G0 X51.887 Y189.402
M5
G0 X51.887 Y188.819
M3
G0 X37.312 Y188.819
M5
G0 X37.822 Y188.892
M3
G0 X37.822 Y214.544
M5
G0 X36.656 Y214.544
M3
G0 X36.656 Y218.625
M5
G0 X36.656 Y219.208
M3
G0 X36.656 Y224.455
M5
G0 X37.239 Y223.872
M3
G0 X37.239 Y220.374
M5
G0 X37.312 Y220.301
M3
G0 X32.648 Y220.301
M5
G0 X32.648 Y219.718
M3
G0 X37.312 Y219.718
M5
G0 X37.312 Y219.135
M3
G0 X32.648 Y219.135
M5
G0 X32.648 Y218.552
M3
G0 X37.312 Y218.552
M5
G0 X37.312 Y217.969
M3
G0 X32.648 Y217.969
M5
G0 X32.648 Y217.386
M3
G0 X37.312 Y217.386
M5
G0 X37.895 Y217.386
M3
G0 X53.053 Y217.386
M5
G0 X53.053 Y216.803
M3
G0 X32.648 Y216.803
M5
G0 X32.648 Y216.220
M3
G0 X52.470 Y216.220
M5
G0 X52.470 Y215.637
M3
G0 X32.648 Y215.637
M5
G0 X32.648 Y215.054
M3
G0 X51.887 Y215.054
M5
G0 X51.231 Y215.127
M3
G0 X51.231 Y214.544
M5
G0 X51.304 Y214.471
M3
G0 X34.397 Y214.471
M5
G0 X34.397 Y213.888
M3
G0 X51.304 Y213.888
M5
G0 X51.377 Y213.961
M3
G0 X51.377 Y213.378
M5
G0 X51.304 Y213.305
M3
G0 X32.648 Y213.305
M5
G0 X32.648 Y212.722
M3
G0 X50.721 Y212.722
M5
G0 X50.721 Y212.139
M3
G0 X33.231 Y212.139
M5
G0 X33.231 Y210.390
M3
G0 X50.138 Y210.390
M5
G0 X50.794 Y211.629
M3
G0 X50.794 Y244.860
M5
G0 X51.377 Y244.860
M3
G0 X51.377 Y214.544
M5
G0 X50.648 Y214.544
M3
G0 X50.648 Y213.961
M5
G0 X50.065 Y213.961
M3
G0 X50.065 Y214.544
M5
G0 X51.377 Y212.212
M3
G0 X51.377 Y208.131
M5
G0 X50.794 Y208.131
M3
G0 X50.794 Y205.216
M5
G0 X51.960 Y204.050
M3
G0 X51.960 Y202.884
M5
G0 X51.304 Y202.811
M3
G0 X50.721 Y202.811
M5
G0 X50.721 Y201.791
M3
G0 X51.887 Y201.791
M5
G0 X51.377 Y201.718
M3
G0 X51.377 Y144.001
M5
G0 X51.231 Y144.001
M3
G0 X51.231 Y144.584
M5
G0 X51.814 Y144.584
M3
G0 X51.814 Y144.001
M5
G0 X52.397 Y144.001
M3
G0 X52.397 Y144.584
M5
G0 X52.980 Y144.584
M3
G0 X52.980 Y144.001
M5
G0 X52.834 Y143.418
M3
G0 X52.834 Y244.860
M5
G0 X53.126 Y244.860
M3
G0 X53.126 Y216.293
M5
G0 X53.126 Y215.710
M3
G0 X53.126 Y215.127
M5
G0 X53.126 Y214.544
M3
G0 X53.126 Y213.378
M5
G0 X53.709 Y213.961
M3
G0 X53.709 Y214.544
M5
G0 X53.636 Y214.471
M3
G0 X54.219 Y214.471
M5
G0 X54.292 Y213.961
M3
G0 X54.292 Y215.127
M5
G0 X53.709 Y215.127
M3
G0 X53.709 Y216.293
M5
G0 X54.219 Y216.220
M3
G0 X55.385 Y216.220
M5
G0 X55.458 Y215.710
M3
G0 X55.458 Y216.876
M5
G0 X55.385 Y216.949
M3
G0 X26.235 Y216.949
M5
G0 X26.235 Y216.803
M3
G0 X27.401 Y216.803
M5
G0 X27.984 Y216.803
M3
G0 X28.567 Y216.803
M5
G0 X28.567 Y217.386
M3
G0 X27.984 Y217.386
M5
G0 X27.984 Y217.969
M3
G0 X28.567 Y217.969
M5
G0 X28.567 Y218.552
M3
G0 X27.984 Y218.552
M5
G0 X27.984 Y219.135
M3
G0 X28.567 Y219.135
M5
G0 X29.150 Y219.135
M3
G0 X31.482 Y219.135
M5
G0 X31.409 Y218.625
M3
G0 X31.409 Y215.710
M5
G0 X31.482 Y215.637
M3
G0 X29.150 Y215.637
M5
G0 X28.567 Y215.637
M3
G0 X27.984 Y215.637
M5
G0 X27.984 Y215.054
M3
G0 X28.567 Y215.054
M5
G0 X28.567 Y214.471
M3
G0 X27.984 Y214.471
M5
G0 X27.474 Y214.544
M3
G0 X27.474 Y209.880
M5
G0 X26.891 Y209.297
M3
G0 X26.891 Y211.046
M5
G0 X26.818 Y211.556
M3
G0 X26.235 Y211.556
M5
G0 X26.235 Y212.139
M3
G0 X25.652 Y212.139
M5
G0 X25.652 Y212.722
M3
G0 X26.235 Y212.722
M5
G0 X26.308 Y212.795
M3
G0 X26.308 Y209.297
M5
G0 X25.725 Y209.297
M3
G0 X25.725 Y209.880
M5
G0 X25.142 Y209.880
M3
G0 X25.142 Y218.042
M5
G0 X24.486 Y218.698
M3
G0 X55.968 Y218.698
M5
G0 X56.041 Y219.208
M3
G0 X56.041 Y244.860
M5
G0 X55.458 Y244.860
M3
G0 X55.458 Y220.374
M5
G0 X55.385 Y220.301
M3
G0 X52.470 Y220.301
M5
G0 X53.053 Y219.718
M3
G0 X54.219 Y219.718
M5
G0 X54.802 Y219.135
M3
G0 X53.053 Y219.135
M5
G0 X52.470 Y219.135
M3
G0 X51.887 Y219.135
M5
G0 X51.304 Y219.135
M3
G0 X37.895 Y219.135
M5
G0 X37.895 Y219.718
M3
G0 X44.308 Y219.718
M5
G0 X44.308 Y220.301
M3
G0 X37.895 Y220.301
M5
G0 X37.895 Y220.884
M3
G0 X32.648 Y220.884
M5
G0 X32.648 Y221.467
M3
G0 X37.895 Y221.467
M5
G0 X38.478 Y221.467
M3
G0 X43.725 Y221.467
M5
G0 X43.725 Y222.050
M3
G0 X38.478 Y222.050
M5
G0 X37.895 Y222.050
M3
G0 X32.648 Y222.050
M5
G0 X32.648 Y222.633
M3
G0 X37.895 Y222.633
M5
G0 X38.478 Y222.633
M3
G0 X44.308 Y222.633
M5
G0 X44.308 Y223.216
M3
G0 X38.478 Y223.216
M5
G0 X37.895 Y223.216
M3
G0 X32.648 Y223.216
M5
G0 X32.065 Y223.216
M3
G0 X30.316 Y223.216
M5
G0 X30.316 Y222.633
M3
G0 X31.482 Y222.633
M5
G0 X31.482 Y222.050
M3
G0 X30.316 Y222.050
M5
G0 X30.826 Y220.957
M3
G0 X30.826 Y217.459
M5
G0 X30.243 Y218.042
M3
G0 X30.243 Y219.208
M5
G0 X29.150 Y218.552
M3
G0 X31.482 Y218.552
M5
G0 X32.065 Y217.969
M3
G0 X29.150 Y217.969
M5
G0 X29.733 Y217.386
M3
G0 X32.065 Y217.386
M5
G0 X32.065 Y216.803
M3
G0 X29.150 Y216.803
M5
G0 X27.984 Y216.220
M3
G0 X32.065 Y216.220
M5
G0 X30.826 Y216.293
M3
G0 X30.826 Y215.710
M5
G0 X32.648 Y214.471
M3
G0 X33.814 Y214.471
M5
G0 X36.073 Y215.127
M3
G0 X36.073 Y222.706
M5
G0 X36.073 Y223.872
M3
G0 X36.073 Y225.621
M5
G0 X35.563 Y225.548
M3
G0 X37.895 Y225.548
M5
G0 X37.895 Y224.965
M3
G0 X33.231 Y224.965
M5
G0 X32.721 Y225.038
M3
G0 X32.721 Y200.552
M5
G0 X32.065 Y201.062
M3
G0 X30.899 Y201.062
M5
G0 X30.899 Y201.208
M3
G0 X50.138 Y201.208
M5
G0 X50.138 Y201.062
M3
G0 X49.555 Y201.062
M5
G0 X49.555 Y200.625
M3
G0 X51.887 Y200.625
M5
G0 X52.470 Y200.625
M3
G0 X53.636 Y200.625
M5
G0 X53.709 Y200.552
M3
G0 X53.709 Y143.418
M5
G0 X53.417 Y143.418
M3
G0 X53.417 Y244.860
M5
G0 X53.272 Y244.860
M3
G0 X53.272 Y0.000
M5
G0 X53.855 Y0.000
M3
G0 X53.855 Y244.860
M5
G0 X54.000 Y244.860
M3
G0 X54.000 Y143.418
M5
G0 X54.292 Y143.418
M3
G0 X54.292 Y203.467
M5
G0 X54.219 Y203.540
M3
G0 X30.316 Y203.540
M5
G0 X30.316 Y202.957
M3
G0 X53.636 Y202.957
M5
G0 X53.126 Y202.884
M3
G0 X53.126 Y204.050
M5
G0 X52.543 Y204.050
M3
G0 X52.543 Y206.382
M5
G0 X53.709 Y205.799
M3
G0 X53.709 Y204.050
M5
G0 X54.219 Y204.123
M3
G0 X30.316 Y204.123
M5
G0 X30.316 Y204.706
M3
G0 X53.053 Y204.706
M5
G0 X53.636 Y204.706
M3
G0 X54.219 Y204.706
M5
G0 X54.219 Y205.143
M3
G0 X53.636 Y205.143
M5
G0 X54.292 Y205.799
M3
G0 X54.292 Y208.714
M5
G0 X54.875 Y208.131
M3
G0 X54.875 Y211.629
M5
G0 X54.802 Y210.973
M3
G0 X55.385 Y210.973
M5
G0 X55.385 Y210.390
M3
G0 X54.802 Y210.390
M5
G0 X54.802 Y209.953
M3
G0 X55.385 Y209.953
M5
G0 X55.385 Y209.807
M3
G0 X54.802 Y209.807
M5
G0 X55.385 Y209.370
M3
G0 X31.482 Y209.370
M5
G0 X32.065 Y209.807
M3
G0 X32.648 Y209.807
M5
G0 X34.324 Y209.880
M3
G0 X34.324 Y210.463
M5
G0 X34.907 Y209.880
M3
G0 X34.907 Y211.046
M5
G0 X35.490 Y211.046
M3
G0 X35.490 Y209.880
M5
G0 X36.656 Y209.880
M3
G0 X36.656 Y197.637
M5
G0 X36.073 Y197.054
M3
G0 X36.073 Y211.046
M5
G0 X36.656 Y210.463
M3
G0 X36.656 Y212.795
M5
G0 X37.239 Y211.629
M3
G0 X37.239 Y194.722
M5
G0 X36.656 Y195.305
M3
G0 X36.656 Y195.888
M5
G0 X38.988 Y195.888
M3
G0 X38.988 Y205.216
M5
G0 X38.988 Y205.799
M3
G0 X38.988 Y208.131
M5
G0 X38.988 Y209.297
M3
G0 X38.988 Y221.540
M5
G0 X38.478 Y220.884
M3
G0 X44.308 Y220.884
M5
G0 X45.474 Y219.718
M3
G0 X51.304 Y219.718
M5
G0 X51.304 Y220.301
M3
G0 X46.057 Y220.301
M5
G0 X48.389 Y220.884
M3
G0 X51.304 Y220.884
M5
G0 X51.887 Y221.467
M3
G0 X48.972 Y221.467
M5
G0 X50.138 Y222.050
M3
G0 X51.304 Y222.050
M5
G0 X51.887 Y222.050
M3
G0 X52.470 Y222.050
M5
G0 X53.053 Y221.467
M3
G0 X53.636 Y221.467
M5
G0 X53.636 Y222.050
M3
G0 X54.219 Y222.050
M5
G0 X54.219 Y222.633
M3
G0 X55.385 Y222.633
M5
G0 X55.385 Y222.050
M3
G0 X56.551 Y222.050
M5
G0 X57.134 Y221.467
M3
G0 X55.385 Y221.467
M5
G0 X55.968 Y220.884
M3
G0 X54.219 Y220.884
M5
G0 X55.385 Y219.718
M3
G0 X57.134 Y219.718
M5
G0 X57.134 Y220.301
M3
G0 X61.215 Y220.301
M5
G0 X61.288 Y220.374
M3
G0 X61.288 Y219.208
M5
G0 X60.705 Y219.208
M3
G0 X60.705 Y220.374
M5
G0 X60.122 Y220.374
M3
G0 X60.122 Y219.208
M5
G0 X60.122 Y218.625
M3
G0 X60.122 Y217.459
M5
G0 X60.122 Y216.876
M3
G0 X60.122 Y216.293
M5
G0 X60.632 Y216.220
M3
G0 X61.798 Y216.220
M5
G0 X60.705 Y215.710
M3
G0 X60.705 Y216.876
M5
G0 X60.632 Y216.803
M3
G0 X55.968 Y216.803
M5
G0 X56.041 Y216.876
M3
G0 X56.041 Y216.293
M5
G0 X56.624 Y216.293
M3
G0 X56.624 Y216.876
M5
G0 X57.134 Y216.949
M3
G0 X60.632 Y216.949
M5
G0 X59.539 Y216.876
M3
G0 X59.539 Y216.293
M5
G0 X58.956 Y216.293
M3
G0 X58.956 Y216.876
M5
G0 X58.810 Y216.876
M3
G0 X58.810 Y216.293
M5
G0 X58.373 Y216.293
M3
G0 X58.373 Y216.876
M5
G0 X58.227 Y216.876
M3
G0 X58.227 Y216.293
M5
G0 X57.790 Y216.293
M3
G0 X57.790 Y216.876
M5
G0 X57.207 Y216.876
M3
G0 X57.207 Y216.293
M5
G0 X57.207 Y215.710
M3
G0 X57.207 Y214.544
M5
G0 X57.134 Y214.034
M3
G0 X57.717 Y214.034
M5
G0 X57.790 Y214.544
M3
G0 X57.790 Y215.710
M5
G0 X57.717 Y215.783
M3
G0 X24.486 Y215.783
M5
G0 X24.486 Y216.366
M3
G0 X90.948 Y216.366
M5
G0 X90.948 Y215.783
M3
G0 X58.300 Y215.783
M5
G0 X58.373 Y215.710
M3
G0 X58.373 Y214.544
M5
G0 X58.956 Y214.544
M3
G0 X58.956 Y215.127
M5
G0 X59.539 Y215.127
M3
G0 X59.539 Y214.544
M5
G0 X60.122 Y213.961
M3
G0 X60.122 Y215.127
M5
G0 X60.049 Y215.200
M3
G0 X55.385 Y215.200
M5
G0 X55.458 Y215.127
M3
G0 X55.458 Y214.544
M5
G0 X56.041 Y214.544
M3
G0 X56.041 Y215.127
M5
G0 X56.624 Y215.127
M3
G0 X56.624 Y214.544
M5
G0 X57.717 Y212.868
M3
G0 X58.883 Y212.868
M5
G0 X58.883 Y212.285
M3
G0 X57.717 Y212.285
M5
G0 X57.790 Y212.795
M3
G0 X57.790 Y209.880
M5
G0 X57.207 Y209.880
M3
G0 X57.207 Y206.965
M5
G0 X57.717 Y207.038
M3
G0 X55.385 Y207.038
M5
G0 X54.802 Y207.038
M3
G0 X54.219 Y207.038
M5
G0 X54.219 Y207.475
M3
G0 X54.802 Y207.475
M5
G0 X55.458 Y208.131
M3
G0 X55.458 Y205.216
M5
G0 X54.875 Y205.216
M3
G0 X54.875 Y202.884
M5
G0 X54.802 Y202.811
M3
G0 X54.219 Y202.811
M5
G0 X54.219 Y202.957
M3
G0 X55.385 Y202.957
M5
G0 X55.385 Y202.374
M3
G0 X56.551 Y202.374
M5
G0 X56.551 Y202.228
M3
G0 X55.968 Y202.228
M5
G0 X55.968 Y201.645
M3
G0 X56.551 Y201.645
M5
G0 X56.551 Y201.791
M3
G0 X55.385 Y201.791
M5
G0 X55.385 Y201.208
M3
G0 X56.551 Y201.208
M5
G0 X56.551 Y200.625
M3
G0 X55.385 Y200.625
M5
G0 X55.458 Y200.552
M3
G0 X55.458 Y184.811
M5
G0 X52.470 Y184.738
M3
G0 X50.721 Y184.738
M5
G0 X50.721 Y184.155
M3
G0 X52.470 Y184.155
M5
G0 X52.470 Y183.572
M3
G0 X50.721 Y183.572
M5
G0 X50.211 Y184.228
M3
G0 X50.211 Y200.552
M5
G0 X50.138 Y199.896
M3
G0 X53.636 Y199.896
M5
G0 X54.219 Y199.896
M3
G0 X54.802 Y199.896
M5
G0 X54.802 Y199.313
M3
G0 X55.385 Y199.313
M5
G0 X55.385 Y198.730
M3
G0 X54.802 Y198.730
M5
G0 X54.802 Y198.147
M3
G0 X55.385 Y198.147
M5
G0 X54.802 Y197.564
M3
G0 X46.640 Y197.564
M5
G0 X47.733 Y197.637
M3
G0 X47.733 Y194.722
M5
G0 X47.150 Y193.556
M3
G0 X47.150 Y196.471
M5
G0 X46.567 Y195.305
M3
G0 X46.567 Y194.139
M5
G0 X45.984 Y194.139
M3
G0 X45.984 Y191.807
M5
G0 X45.984 Y191.224
M3
G0 X45.984 Y190.641
M5
G0 X45.401 Y190.641
M3
G0 X45.401 Y183.645
M5
G0 X44.818 Y184.228
M3
G0 X44.818 Y182.479
M5
G0 X45.401 Y182.479
M3
G0 X45.401 Y181.896
M5
G0 X44.818 Y181.313
M3
G0 X44.818 Y177.232
M5
G0 X44.818 Y176.649
M3
G0 X44.818 Y174.900
M5
G0 X45.401 Y174.900
M3
G0 X45.401 Y175.483
M5
G0 X46.567 Y175.483
M3
G0 X46.567 Y174.317
M5
G0 X46.640 Y174.244
M3
G0 X46.057 Y174.244
M5
G0 X47.223 Y174.244
M3
G0 X57.134 Y174.244
M5
G0 X55.385 Y173.661
M3
G0 X60.632 Y173.661
M5
G0 X60.632 Y173.078
M3
G0 X62.381 Y173.078
M5
G0 X61.288 Y171.985
M3
G0 X61.288 Y177.232
M5
G0 X60.705 Y177.232
M3
G0 X60.705 Y171.985
M5
G0 X64.203 Y170.819
M3
G0 X64.203 Y175.483
M5
G0 X64.786 Y175.483
M3
G0 X64.786 Y170.819
M5
G0 X65.369 Y170.819
M3
G0 X65.369 Y176.066
M5
G0 X64.786 Y176.066
M3
G0 X64.786 Y177.232
M5
G0 X64.203 Y177.232
M3
G0 X64.203 Y176.066
M5
G0 X65.952 Y174.900
M3
G0 X65.952 Y170.819
M5
G0 X66.535 Y170.819
M3
G0 X66.535 Y172.568
M5
G0 X67.118 Y172.568
M3
G0 X67.118 Y170.819
M5
G0 X67.701 Y170.819
M3
G0 X67.701 Y171.985
M5
G0 X68.284 Y171.402
M3
G0 X68.284 Y170.236
M5
G0 X68.867 Y170.236
M3
G0 X68.867 Y170.819
M5
G0 X69.450 Y170.819
M3
G0 X69.450 Y170.236
M5
G0 X72.292 Y170.892
M3
G0 X19.239 Y170.892
M5
G0 X19.239 Y170.309
M3
G0 X72.875 Y170.309
M5
G0 X72.875 Y171.475
M3
G0 X18.656 Y171.475
M5
G0 X17.490 Y171.475
M3
G0 X11.077 Y171.475
M5
G0 X11.077 Y172.058
M3
G0 X72.875 Y172.058
M5
G0 X71.709 Y172.641
M3
G0 X12.243 Y172.641
M5
G0 X11.660 Y172.641
M3
G0 X11.077 Y172.641
M5
G0 X10.494 Y172.058
M3
G0 X9.328 Y172.058
M5
G0 X9.328 Y171.912
M3
G0 X9.911 Y171.912
M5
G0 X9.911 Y171.329
M3
G0 X9.328 Y171.329
M5
G0 X9.328 Y171.475
M3
G0 X10.494 Y171.475
M5
G0 X9.911 Y170.892
M3
G0 X9.328 Y170.892
M5
G0 X8.745 Y171.183
M3
G0 X95.029 Y171.183
M5
G0 X95.029 Y170.600
M3
G0 X8.745 Y170.600
M5
G0 X7.579 Y171.475
M3
G0 X6.996 Y171.475
M5
G0 X6.996 Y172.058
M3
G0 X7.579 Y172.058
M5
G0 X9.328 Y172.495
M3
G0 X9.911 Y172.495
M5
G0 X10.567 Y174.317
M3
G0 X10.567 Y177.232
M5
G0 X11.733 Y177.232
M3
G0 X11.733 Y179.564
M5
G0 X12.243 Y179.637
M3
G0 X8.745 Y179.637
M5
G0 X8.745 Y179.928
M3
G0 X87.450 Y179.928
M5
G0 X87.814 Y180.147
M3
G0 X87.814 Y181.313
M5
G0 X87.523 Y181.313
M3
G0 X87.523 Y180.730
M5
G0 X87.231 Y181.313
M3
G0 X87.231 Y176.066
M5
G0 X87.450 Y175.847
M3
G0 X0.000 Y175.847
M5
G0 X0.000 Y175.702
M3
G0 X88.033 Y175.702
M5
G0 X87.814 Y174.900
M3
G0 X87.814 Y174.317
M5
G0 X87.523 Y174.317
M3
G0 X87.523 Y174.900
M5
G0 X86.867 Y176.722
M3
G0 X88.616 Y176.722
M5
G0 X88.616 Y177.451
M3
G0 X137.588 Y177.451
M5
G0 X137.588 Y177.596
M3
G0 X96.195 Y177.596
M5
G0 X96.195 Y177.013
M3
G0 X137.588 Y177.013
M5
G0 X137.588 Y176.868
M3
G0 X0.000 Y176.868
M5
G0 X0.000 Y177.013
M3
G0 X5.247 Y177.013
M5
G0 X5.830 Y177.013
M3
G0 X94.446 Y177.013
M5
G0 X94.446 Y177.596
M3
G0 X88.616 Y177.596
M5
G0 X88.616 Y178.179
M3
G0 X94.446 Y178.179
M5
G0 X95.612 Y178.179
M3
G0 X137.588 Y178.179
M5
G0 X137.588 Y178.034
M3
G0 X0.000 Y178.034
M5
G0 X0.000 Y178.179
M3
G0 X8.162 Y178.179
M5
G0 X8.745 Y178.179
M3
G0 X87.450 Y178.179
M5
G0 X87.523 Y178.398
M3
G0 X87.523 Y178.981
M5
G0 X87.450 Y178.908
M3
G0 X88.033 Y178.908
M5
G0 X88.106 Y178.981
M3
G0 X88.106 Y178.398
M5
G0 X88.397 Y178.398
M3
G0 X88.397 Y178.981
M5
G0 X88.616 Y178.471
M3
G0 X86.867 Y178.471
M5
G0 X86.284 Y179.054
M3
G0 X85.701 Y179.054
M5
G0 X85.482 Y179.564
M3
G0 X85.482 Y166.155
M5
G0 X84.899 Y166.738
M3
G0 X84.899 Y177.232
M5
G0 X83.150 Y178.981
M3
G0 X83.150 Y179.564
M5
G0 X82.567 Y179.564
M3
G0 X82.567 Y181.896
M5
G0 X82.422 Y181.896
M3
G0 X82.422 Y0.000
M5
G0 X82.567 Y0.000
M3
G0 X82.567 Y36.146
M5
G0 X81.984 Y34.980
M3
G0 X81.984 Y30.899
M5
G0 X81.984 Y26.818
M3
G0 X81.984 Y26.235
M5
G0 X86.284 Y26.016
M3
G0 X57.134 Y26.016
M5
G0 X57.134 Y25.433
M3
G0 X86.284 Y25.433
M5
G0 X86.284 Y24.850
M3
G0 X57.134 Y24.850
M5
G0 X57.134 Y24.267
M3
G0 X86.284 Y24.267
M5
G0 X86.284 Y23.684
M3
G0 X57.134 Y23.684
M5
G0 X57.134 Y23.101
M3
G0 X86.284 Y23.101
M5
G0 X86.284 Y22.518
M3
G0 X57.134 Y22.518
M5
G0 X57.134 Y21.935
M3
G0 X86.284 Y21.935
M5
G0 X86.284 Y21.352
M3
G0 X57.134 Y21.352
M5
G0 X57.134 Y20.769
M3
G0 X86.284 Y20.769
M5
G0 X86.065 Y20.988
M3
G0 X86.065 Y0.000
M5
G0 X85.920 Y0.000
M3
G0 X85.920 Y244.860
M5
G0 X86.065 Y244.860
M3
G0 X86.065 Y191.224
M5
G0 X86.648 Y191.224
M3
G0 X86.648 Y244.860
M5
G0 X86.503 Y244.860
M3
G0 X86.503 Y37.312
M5
G0 X86.503 Y36.729
M3
G0 X86.503 Y0.000
M5
G0 X86.648 Y0.000
M3
G0 X86.648 Y15.158
M5
G0 X86.284 Y15.231
M3
G0 X83.952 Y15.231
M5
G0 X83.952 Y14.648
M3
G0 X86.284 Y14.648
M5
G0 X86.284 Y14.065
M3
G0 X83.369 Y14.065
M5
G0 X83.952 Y13.482
M3
G0 X86.284 Y13.482
M5
G0 X86.284 Y12.899
M3
G0 X83.952 Y12.899
M5
G0 X83.952 Y12.316
M3
G0 X86.867 Y12.316
M5
G0 X86.867 Y11.733
M3
G0 X83.952 Y11.733
M5
G0 X83.369 Y11.150
M3
G0 X86.867 Y11.150
M5
G0 X86.867 Y10.567
M3
G0 X83.369 Y10.567
M5
G0 X83.369 Y9.984
M3
G0 X86.284 Y9.984
M5
G0 X86.284 Y9.401
M3
G0 X82.786 Y9.401
M5
G0 X82.786 Y8.818
M3
G0 X86.284 Y8.818
M5
G0 X86.284 Y8.235
M3
G0 X82.786 Y8.235
M5
G0 X82.786 Y7.652
M3
G0 X86.867 Y7.652
M5
G0 X87.450 Y7.069
M3
G0 X82.203 Y7.069
M5
G0 X82.203 Y6.486
M3
G0 X87.450 Y6.486
M5
G0 X87.450 Y5.903
M3
G0 X82.203 Y5.903
M5
G0 X82.203 Y5.320
M3
G0 X87.450 Y5.320
M5
G0 X87.450 Y4.737
M3
G0 X82.203 Y4.737
M5
G0 X82.203 Y4.154
M3
G0 X87.450 Y4.154
M5
G0 X87.450 Y3.571
M3
G0 X82.203 Y3.571
M5
G0 X82.203 Y2.988
M3
G0 X87.450 Y2.988
M5
G0 X87.450 Y2.405
M3
G0 X82.203 Y2.405
M5
G0 X81.620 Y2.405
M3
G0 X79.871 Y2.405
M5
G0 X79.871 Y1.822
M3
G0 X81.620 Y1.822
M5
G0 X82.203 Y1.822
M3
G0 X88.033 Y1.822
M5
G0 X88.033 Y1.239
M3
G0 X82.203 Y1.239
M5
G0 X81.620 Y1.239
M3
G0 X79.871 Y1.239
M5
G0 X79.288 Y0.656
M3
G0 X81.620 Y0.656
M5
G0 X82.203 Y0.656
M3
G0 X88.033 Y0.656
M5
G0 X87.450 Y0.510
M3
G0 X85.118 Y0.510
M5
G0 X85.191 Y0.000
M3
G0 X85.191 Y9.911
M5
G0 X84.608 Y9.911
M3
G0 X84.608 Y0.000
M5
G0 X84.754 Y0.000
M3
G0 X84.754 Y244.860
M5
G0 X84.899 Y244.860
M3
G0 X84.899 Y190.641
M5
G0 X85.482 Y190.641
M3
G0 X85.482 Y244.860
M5
G0 X85.337 Y244.860
M3
G0 X85.337 Y181.896
M5
G0 X85.482 Y181.896
M3
G0 X85.482 Y188.309
M5
G0 X84.899 Y188.892
M3
G0 X84.899 Y180.730
M5
G0 X85.118 Y181.094
M3
G0 X83.952 Y181.094
M5
G0 X84.171 Y181.313
M3
G0 X84.171 Y0.000
M5
G0 X84.316 Y0.000
M3
G0 X84.316 Y39.061
M5
G0 X84.899 Y39.061
M3
G0 X84.899 Y0.000
M5
G0 X85.337 Y0.000
M3
G0 X85.337 Y180.730
M5
G0 X85.701 Y181.094
M3
G0 X86.284 Y181.094
M5
G0 X86.065 Y181.313
M3
G0 X86.065 Y180.730
M5
G0 X86.065 Y180.147
M3
G0 X86.065 Y166.738
M5
G0 X88.033 Y166.811
M3
G0 X88.616 Y166.811
M5
G0 X89.199 Y167.540
M3
G0 X137.588 Y167.540
M5
G0 X137.588 Y167.685
M3
G0 X114.851 Y167.685
M5
G0 X113.685 Y168.268
M3
G0 X112.519 Y168.268
M5
G0 X112.519 Y168.851
M3
G0 X113.685 Y168.851
M5
G0 X111.936 Y169.434
M3
G0 X137.588 Y169.434
M5
G0 X137.588 Y169.289
M3
G0 X0.000 Y169.289
M5
G0 X0.000 Y169.434
M3
G0 X6.413 Y169.434
M5
G0 X6.413 Y170.017
M3
G0 X2.915 Y170.017
M5
G0 X2.988 Y170.236
M3
G0 X2.988 Y172.568
M5
G0 X2.405 Y172.568
M3
G0 X2.405 Y177.815
M5
G0 X2.915 Y177.888
M3
G0 X0.000 Y177.888
M5
G0 X0.000 Y177.305
M3
G0 X2.915 Y177.305
M5
G0 X2.915 Y176.722
M3
G0 X0.000 Y176.722
M5
G0 X0.000 Y176.139
M3
G0 X2.915 Y176.139
M5
G0 X2.915 Y175.556
M3
G0 X1.166 Y175.556
M5
G0 X0.583 Y175.556
M3
G0 X0.000 Y175.556
M5
G0 X0.000 Y174.973
M3
G0 X0.583 Y174.973
M5
G0 X0.583 Y174.390
M3
G0 X0.000 Y174.390
M5
G0 X0.000 Y173.807
M3
G0 X0.583 Y173.807
M5
G0 X0.583 Y173.224
M3
G0 X1.166 Y173.224
M5
G0 X0.656 Y173.151
M3
G0 X0.656 Y172.568
M5
G0 X0.583 Y172.058
M3
G0 X1.749 Y172.058
M5
G0 X1.749 Y172.349
M3
G0 X0.000 Y172.349
M5
G0 X0.000 Y172.204
M3
G0 X137.588 Y172.204
M5
G0 X137.588 Y172.349
M3
G0 X97.944 Y172.349
M5
G0 X97.361 Y172.932
M3
G0 X137.588 Y172.932
M5
G0 X137.588 Y172.787
M3
G0 X0.000 Y172.787
M5
G0 X0.000 Y172.932
M3
G0 X95.029 Y172.932
M5
G0 X92.478 Y173.151
M3
G0 X92.478 Y174.317
M5
G0 X92.478 Y174.900
M3
G0 X92.478 Y178.981
M5
G0 X91.531 Y178.471
M3
G0 X90.365 Y178.471
M5
G0 X90.365 Y177.888
M3
G0 X91.531 Y177.888
M5
G0 X91.531 Y177.305
M3
G0 X90.365 Y177.305
M5
G0 X89.782 Y176.722
M3
G0 X92.114 Y176.722
M5
G0 X90.948 Y179.054
M3
G0 X90.365 Y179.054
M5
G0 X90.365 Y179.637
M3
G0 X90.948 Y179.637
M5
G0 X88.616 Y179.928
M3
G0 X137.588 Y179.928
M5
G0 X137.588 Y179.783
M3
G0 X88.033 Y179.783
M5
G0 X87.814 Y178.981
M3
G0 X87.814 Y178.398
M5
G0 X86.867 Y179.637
M3
G0 X86.284 Y179.637
M5
G0 X84.316 Y180.147
M3
G0 X84.316 Y180.730
M5
G0 X83.733 Y180.730
M3
G0 X83.733 Y180.147
M5
G0 X83.150 Y180.730
M3
G0 X83.150 Y244.860
M5
G0 X83.005 Y244.860
M3
G0 X83.005 Y0.000
M5
G0 X83.150 Y0.000
M3
G0 X83.150 Y37.312
M5
G0 X83.733 Y37.895
M3
G0 X83.733 Y0.000
M5
G0 X83.588 Y0.000
M3
G0 X83.588 Y244.860
M5
G0 X83.733 Y244.860
M3
G0 X83.733 Y191.224
M5
G0 X83.733 Y190.641
M3
G0 X83.733 Y182.479
M5
G0 X83.952 Y182.260
M3
G0 X82.786 Y182.260
M5
G0 X82.786 Y181.969
M3
G0 X83.369 Y181.969
M5
G0 X83.369 Y181.677
M3
G0 X8.162 Y181.677
M5
G0 X8.162 Y181.969
M3
G0 X12.243 Y181.969
M5
G0 X12.243 Y181.386
M3
G0 X8.745 Y181.386
M5
G0 X8.818 Y181.313
M3
G0 X8.818 Y186.560
M5
G0 X8.745 Y186.487
M3
G0 X8.162 Y186.487
M5
G0 X8.162 Y187.070
M3
G0 X8.745 Y187.070
M5
G0 X9.328 Y186.633
M3
G0 X5.830 Y186.633
M5
G0 X5.903 Y187.143
M3
G0 X5.903 Y194.139
M5
G0 X6.486 Y194.139
M3
G0 X6.486 Y193.556
M5
G0 X7.069 Y192.973
M3
G0 X7.069 Y192.390
M5
G0 X7.652 Y191.807
M3
G0 X7.652 Y191.224
M5
G0 X8.235 Y191.224
M3
G0 X8.235 Y190.641
M5
G0 X8.745 Y191.297
M3
G0 X4.081 Y191.297
M5
G0 X4.081 Y191.880
M3
G0 X8.745 Y191.880
M5
G0 X9.328 Y191.880
M3
G0 X12.243 Y191.880
M5
G0 X12.243 Y191.297
M3
G0 X9.328 Y191.297
M5
G0 X8.745 Y193.046
M3
G0 X12.243 Y193.046
M5
G0 X11.660 Y193.629
M3
G0 X8.745 Y193.629
M5
G0 X8.745 Y194.212
M3
G0 X11.077 Y194.212
M5
G0 X11.660 Y194.795
M3
G0 X8.162 Y194.795
M5
G0 X8.162 Y195.378
M3
G0 X11.660 Y195.378
M5
G0 X11.660 Y195.961
M3
G0 X9.328 Y195.961
M5
G0 X8.745 Y195.961
M3
G0 X7.579 Y195.961
M5
G0 X8.162 Y196.544
M3
G0 X11.660 Y196.544
M5
G0 X11.660 Y197.127
M3
G0 X8.745 Y197.127
M5
G0 X8.745 Y197.710
M3
G0 X11.660 Y197.710
M5
G0 X11.660 Y198.293
M3
G0 X8.162 Y198.293
M5
G0 X8.162 Y198.876
M3
G0 X9.328 Y198.876
M5
G0 X8.745 Y199.459
M3
G0 X8.162 Y199.459
M5
G0 X8.162 Y200.042
M3
G0 X8.745 Y200.042
M5
G0 X8.745 Y200.625
M3
G0 X8.162 Y200.625
M5
G0 X8.162 Y201.208
M3
G0 X7.579 Y201.208
M5
G0 X7.579 Y201.791
M3
G0 X8.162 Y201.791
M5
G0 X9.328 Y201.208
M3
G0 X10.494 Y201.208
M5
G0 X10.567 Y201.135
M3
G0 X10.567 Y199.386
M5
G0 X10.494 Y198.876
M3
G0 X11.660 Y198.876
M5
G0 X12.243 Y199.459
M3
G0 X9.911 Y199.459
M5
G0 X9.984 Y199.969
M3
G0 X9.984 Y201.718
M5
G0 X9.911 Y201.645
M3
G0 X10.494 Y201.645
M5
G0 X10.494 Y201.062
M3
G0 X9.911 Y201.062
M5
G0 X9.911 Y200.625
M3
G0 X12.243 Y200.625
M5
G0 X12.243 Y200.042
M3
G0 X9.911 Y200.042
M5
G0 X10.494 Y200.479
M3
G0 X11.077 Y200.479
M5
G0 X10.858 Y201.135
M3
G0 X10.858 Y152.746
M5
G0 X11.077 Y152.527
M3
G0 X0.000 Y152.527
M5
G0 X0.000 Y152.382
M3
G0 X137.588 Y152.382
M5
G0 X137.588 Y152.527
M3
G0 X123.013 Y152.527
M5
G0 X123.013 Y151.944
M3
G0 X137.588 Y151.944
M5
G0 X137.588 Y151.799
M3
G0 X0.000 Y151.799
M5
G0 X0.000 Y151.944
M3
G0 X11.077 Y151.944
M5
G0 X11.077 Y151.361
M3
G0 X0.000 Y151.361
M5
G0 X0.000 Y151.216
M3
G0 X137.588 Y151.216
M5
G0 X137.588 Y151.361
M3
G0 X123.013 Y151.361
M5
G0 X123.013 Y149.612
M3
G0 X137.588 Y149.612
M5
G0 X137.588 Y149.467
M3
G0 X0.000 Y149.467
M5
G0 X0.000 Y149.612
M3
G0 X10.494 Y149.612
M5
G0 X10.275 Y149.248
M3
G0 X10.275 Y205.799
M5
G0 X11.077 Y205.580
M3
G0 X0.000 Y205.580
M5
G0 X0.000 Y205.435
M3
G0 X137.588 Y205.435
M5
G0 X137.588 Y205.580
M3
G0 X11.660 Y205.580
M5
G0 X11.660 Y205.289
M3
G0 X12.243 Y205.289
M5
G0 X12.607 Y205.216
M3
G0 X12.607 Y204.633
M5
G0 X12.826 Y204.706
M3
G0 X11.660 Y204.706
M5
G0 X11.441 Y204.050
M3
G0 X11.441 Y202.884
M5
G0 X11.077 Y203.540
M3
G0 X8.745 Y203.540
M5
G0 X9.401 Y203.467
M3
G0 X9.401 Y201.135
M5
G0 X11.441 Y201.135
M3
G0 X11.441 Y154.495
M5
G0 X12.024 Y154.495
M3
G0 X12.024 Y157.410
M5
G0 X12.243 Y157.483
M3
G0 X12.826 Y157.483
M5
G0 X12.826 Y156.900
M3
G0 X12.243 Y156.900
M5
G0 X11.660 Y156.900
M3
G0 X8.745 Y156.900
M5
G0 X8.745 Y156.317
M3
G0 X12.826 Y156.317
M5
G0 X12.826 Y156.171
M3
G0 X12.243 Y156.171
M5
G0 X11.733 Y156.244
M3
G0 X11.733 Y155.078
M5
G0 X11.150 Y155.078
M3
G0 X11.150 Y156.827
M5
G0 X11.077 Y156.754
M3
G0 X10.494 Y156.754
M5
G0 X10.494 Y157.337
M3
G0 X11.077 Y157.337
M5
G0 X11.660 Y157.483
M3
G0 X9.328 Y157.483
M5
G0 X9.328 Y158.066
M3
G0 X9.911 Y158.066
M5
G0 X9.911 Y158.649
M3
G0 X9.328 Y158.649
M5
G0 X9.401 Y158.576
M3
G0 X9.401 Y159.159
M5
G0 X9.328 Y159.232
M3
G0 X9.911 Y159.232
M5
G0 X10.494 Y159.232
M3
G0 X11.660 Y159.232
M5
G0 X11.660 Y158.649
M3
G0 X10.494 Y158.649
M5
G0 X10.494 Y158.503
M3
G0 X11.077 Y158.503
M5
G0 X11.150 Y158.576
M3
G0 X11.150 Y162.074
M5
G0 X11.077 Y162.147
M3
G0 X12.243 Y162.147
M5
G0 X12.243 Y161.564
M3
G0 X11.077 Y161.564
M5
G0 X11.077 Y160.981
M3
G0 X12.243 Y160.981
M5
G0 X12.024 Y160.325
M3
G0 X12.024 Y222.123
M5
G0 X12.607 Y222.123
M3
G0 X12.607 Y209.880
M5
G0 X10.494 Y209.078
M3
G0 X137.588 Y209.078
M5
G0 X137.588 Y208.933
M3
G0 X0.000 Y208.933
M5
G0 X0.000 Y209.078
M3
G0 X9.911 Y209.078
M5
G0 X8.745 Y209.953
M3
G0 X7.579 Y209.953
M5
G0 X7.579 Y210.244
M3
G0 X137.588 Y210.244
M5
G0 X137.588 Y210.099
M3
G0 X0.000 Y210.099
M5
G0 X0.000 Y210.244
M3
G0 X6.996 Y210.244
M5
G0 X7.579 Y210.536
M3
G0 X8.162 Y210.536
M5
G0 X7.652 Y210.463
M3
G0 X7.652 Y211.046
M5
G0 X7.579 Y211.119
M3
G0 X8.162 Y211.119
M5
G0 X8.526 Y211.046
M3
G0 X8.526 Y180.730
M5
G0 X8.745 Y180.803
M3
G0 X12.243 Y180.803
M5
G0 X12.243 Y180.220
M3
G0 X8.745 Y180.220
M5
G0 X8.162 Y180.511
M3
G0 X137.588 Y180.511
M5
G0 X137.588 Y180.366
M3
G0 X0.000 Y180.366
M5
G0 X0.000 Y180.511
M3
G0 X7.579 Y180.511
M5
G0 X8.162 Y181.094
M3
G0 X83.369 Y181.094
M5
G0 X83.369 Y181.386
M3
G0 X82.786 Y181.386
M5
G0 X82.859 Y181.313
M3
G0 X82.859 Y181.896
M5
G0 X82.203 Y182.115
M3
G0 X83.952 Y182.115
M5
G0 X84.171 Y182.479
M3
G0 X84.171 Y244.860
M5
G0 X84.316 Y244.860
M3
G0 X84.316 Y190.058
M5
G0 X84.316 Y189.475
M3
G0 X84.316 Y183.062
M5
G0 X83.952 Y183.135
M3
G0 X83.369 Y183.135
M5
G0 X82.786 Y183.426
M3
G0 X137.588 Y183.426
M5
G0 X137.588 Y183.281
M3
G0 X80.454 Y183.281
M5
G0 X80.454 Y183.426
M3
G0 X82.203 Y183.426
M5
G0 X81.984 Y183.645
M3
G0 X81.984 Y244.860
M5
G0 X81.839 Y244.860
M3
G0 X81.839 Y183.062
M5
G0 X81.620 Y183.135
M3
G0 X81.037 Y183.135
M5
G0 X80.818 Y183.062
M3
G0 X80.818 Y181.896
M5
G0 X80.527 Y181.896
M3
G0 X80.527 Y182.479
M5
G0 X80.454 Y182.552
M3
G0 X81.620 Y182.552
M5
G0 X81.620 Y182.843
M3
G0 X7.579 Y182.843
M5
G0 X6.996 Y182.843
M3
G0 X0.000 Y182.843
M5
G0 X0.000 Y182.698
M3
G0 X82.203 Y182.698
M5
G0 X82.422 Y183.062
M3
G0 X82.422 Y244.860
M5
G0 X82.567 Y244.860
M3
G0 X82.567 Y183.645
M5
G0 X82.786 Y183.718
M3
G0 X81.037 Y183.718
M5
G0 X80.818 Y184.228
M3
G0 X80.818 Y244.860
M5
G0 X80.673 Y244.860
M3
G0 X80.673 Y0.000
M5
G0 X80.818 Y0.000
M3
G0 X80.818 Y20.405
M5
G0 X80.235 Y21.571
M3
G0 X80.235 Y0.000
M5
G0 X80.090 Y0.000
M3
G0 X80.090 Y183.062
M5
G0 X79.507 Y183.062
M3
G0 X79.507 Y0.000
M5
G0 X79.652 Y0.000
M3
G0 X79.652 Y22.154
M5
G0 X78.122 Y18.146
M3
G0 X77.539 Y18.146
M5
G0 X78.122 Y17.563
M3
G0 X76.956 Y17.563
M5
G0 X76.956 Y16.980
M3
G0 X78.705 Y16.980
M5
G0 X78.705 Y16.397
M3
G0 X76.373 Y16.397
M5
G0 X76.373 Y15.814
M3
G0 X78.705 Y15.814
M5
G0 X78.122 Y15.231
M3
G0 X76.373 Y15.231
M5
G0 X75.790 Y14.648
M3
G0 X78.122 Y14.648
M5
G0 X78.122 Y14.065
M3
G0 X75.790 Y14.065
M5
G0 X76.373 Y13.482
M3
G0 X76.956 Y13.482
M5
G0 X72.875 Y14.065
M3
G0 X57.717 Y14.065
M5
G0 X57.717 Y13.482
M3
G0 X72.292 Y13.482
M5
G0 X72.292 Y12.899
M3
G0 X57.717 Y12.899
M5
G0 X57.717 Y12.316
M3
G0 X72.292 Y12.316
M5
G0 X72.292 Y11.733
M3
G0 X57.717 Y11.733
M5
G0 X57.717 Y11.150
M3
G0 X72.292 Y11.150
M5
G0 X71.709 Y10.567
M3
G0 X57.717 Y10.567
M5
G0 X57.717 Y10.421
M3
G0 X61.798 Y10.421
M5
G0 X61.871 Y11.077
M3
G0 X61.871 Y4.664
M5
G0 X61.288 Y4.664
M3
G0 X61.288 Y11.660
M5
G0 X60.705 Y11.077
M3
G0 X60.705 Y0.000
M5
G0 X60.632 Y0.510
M3
G0 X58.300 Y0.510
M5
G0 X58.373 Y0.000
M3
G0 X58.373 Y38.478
M5
G0 X58.956 Y38.478
M3
G0 X58.956 Y0.000
M5
G0 X58.810 Y0.000
M3
G0 X58.810 Y1.166
M5
G0 X58.300 Y1.093
M3
G0 X60.632 Y1.093
M5
G0 X60.632 Y1.676
M3
G0 X58.300 Y1.676
M5
G0 X58.300 Y2.259
M3
G0 X60.632 Y2.259
M5
G0 X60.632 Y2.842
M3
G0 X58.300 Y2.842
M5
G0 X58.300 Y3.425
M3
G0 X60.632 Y3.425
M5
G0 X60.632 Y4.008
M3
G0 X57.717 Y4.008
M5
G0 X57.717 Y4.154
M3
G0 X72.875 Y4.154
M5
G0 X72.875 Y3.571
M3
G0 X57.717 Y3.571
M5
G0 X57.717 Y2.988
M3
G0 X73.458 Y2.988
M5
G0 X73.458 Y2.405
M3
G0 X57.717 Y2.405
M5
G0 X57.717 Y1.822
M3
G0 X73.458 Y1.822
M5
G0 X73.458 Y1.239
M3
G0 X62.964 Y1.239
M5
G0 X62.381 Y1.239
M3
G0 X57.717 Y1.239
M5
G0 X57.717 Y0.656
M3
G0 X61.798 Y0.656
M5
G0 X61.798 Y0.073
M3
G0 X57.717 Y0.073
M5
G0 X57.790 Y0.000
M3
G0 X57.790 Y54.219
M5
G0 X58.373 Y54.219
M3
G0 X58.373 Y39.061
M5
G0 X58.300 Y39.571
M3
G0 X57.717 Y39.571
M5
G0 X57.207 Y39.061
M3
G0 X57.207 Y54.219
M5
G0 X56.624 Y54.219
M3
G0 X56.624 Y39.061
M5
G0 X56.332 Y39.061
M3
G0 X56.332 Y83.952
M5
G0 X56.624 Y83.952
M3
G0 X56.624 Y79.288
M5
G0 X58.883 Y79.215
M3
G0 X59.466 Y79.215
M5
G0 X59.539 Y78.705
M3
G0 X59.539 Y78.122
M5
G0 X60.049 Y78.195
M3
G0 X24.486 Y78.195
M5
G0 X24.486 Y77.612
M3
G0 X60.632 Y77.612
M5
G0 X60.632 Y78.195
M3
G0 X61.215 Y78.195
M5
G0 X61.215 Y79.361
M3
G0 X61.798 Y79.361
M5
G0 X60.049 Y79.361
M3
G0 X23.320 Y79.361
M5
G0 X23.903 Y79.944
M3
G0 X60.049 Y79.944
M5
G0 X60.049 Y78.778
M3
G0 X24.486 Y78.778
M5
G0 X25.652 Y78.632
M3
G0 X26.235 Y78.632
M5
G0 X26.235 Y78.049
M3
G0 X25.652 Y78.049
M5
G0 X25.652 Y77.466
M3
G0 X26.235 Y77.466
M5
G0 X26.235 Y76.883
M3
G0 X25.652 Y76.883
M5
G0 X25.652 Y76.300
M3
G0 X26.235 Y76.300
M5
G0 X26.235 Y75.717
M3
G0 X25.652 Y75.717
M5
G0 X25.652 Y75.134
M3
G0 X26.235 Y75.134
M5
G0 X26.235 Y74.551
M3
G0 X25.652 Y74.551
M5
G0 X25.652 Y73.968
M3
G0 X26.235 Y73.968
M5
G0 X26.235 Y73.385
M3
G0 X25.652 Y73.385
M5
G0 X26.308 Y72.292
M3
G0 X26.308 Y81.037
M5
G0 X26.235 Y80.964
M3
G0 X25.652 Y80.964
M5
G0 X25.652 Y81.547
M3
G0 X25.069 Y81.547
M5
G0 X25.069 Y82.130
M3
G0 X25.652 Y82.130
M5
G0 X25.652 Y82.713
M3
G0 X25.069 Y82.713
M5
G0 X25.069 Y83.296
M3
G0 X25.652 Y83.296
M5
G0 X25.652 Y83.879
M3
G0 X25.069 Y83.879
M5
G0 X26.308 Y83.952
M3
G0 X26.308 Y84.535
M5
G0 X26.891 Y83.952
M3
G0 X26.891 Y83.369
M5
G0 X28.567 Y83.296
M3
G0 X29.150 Y83.296
M5
G0 X29.733 Y83.296
M3
G0 X30.316 Y83.296
M5
G0 X30.899 Y83.296
M3
G0 X33.814 Y83.296
M5
G0 X33.814 Y83.879
M3
G0 X30.899 Y83.879
M5
G0 X30.316 Y83.879
M3
G0 X29.733 Y83.879
M5
G0 X29.150 Y84.462
M3
G0 X28.567 Y84.462
M5
G0 X27.474 Y85.118
M3
G0 X27.474 Y89.782
M5
G0 X28.567 Y91.458
M3
G0 X30.316 Y91.458
M5
G0 X30.316 Y90.875
M3
G0 X29.150 Y90.875
M5
G0 X28.567 Y92.041
M3
G0 X30.316 Y92.041
M5
G0 X30.899 Y92.041
M3
G0 X33.814 Y92.041
M5
G0 X33.814 Y91.458
M3
G0 X30.899 Y91.458
M5
G0 X30.899 Y90.875
M3
G0 X33.814 Y90.875
M5
G0 X34.397 Y90.875
M3
G0 X37.312 Y90.875
M5
G0 X37.239 Y90.365
M3
G0 X37.239 Y89.199
M5
G0 X36.656 Y89.199
M3
G0 X36.656 Y85.118
M5
G0 X37.239 Y85.118
M3
G0 X37.239 Y88.616
M5
G0 X37.822 Y89.782
M3
G0 X37.822 Y82.786
M5
G0 X37.239 Y83.369
M3
G0 X37.239 Y83.952
M5
G0 X36.073 Y83.952
M3
G0 X36.073 Y83.369
M5
G0 X35.490 Y83.952
M3
G0 X35.490 Y86.867
M5
G0 X36.073 Y87.450
M3
G0 X36.073 Y85.118
M5
G0 X37.239 Y82.203
M3
G0 X37.239 Y81.037
M5
G0 X36.729 Y80.964
M3
G0 X44.891 Y80.964
M5
G0 X44.891 Y80.381
M3
G0 X36.729 Y80.381
M5
G0 X37.822 Y80.454
M3
G0 X37.822 Y78.705
M5
G0 X38.405 Y77.539
M3
G0 X38.405 Y80.454
M5
G0 X38.988 Y79.871
M3
G0 X38.988 Y76.956
M5
G0 X40.737 Y76.373
M3
G0 X40.737 Y78.122
M5
G0 X41.320 Y78.122
M3
G0 X41.320 Y74.624
M5
G0 X41.903 Y74.624
M3
G0 X41.903 Y74.041
M5
G0 X42.486 Y74.041
M3
G0 X42.486 Y75.207
M5
G0 X41.903 Y75.207
M3
G0 X41.903 Y76.956
M5
G0 X43.069 Y76.373
M3
G0 X43.069 Y81.037
M5
G0 X43.652 Y79.288
M3
G0 X43.652 Y75.790
M5
G0 X43.652 Y74.624
M3
G0 X43.652 Y73.458
M5
G0 X44.235 Y72.875
M3
G0 X44.235 Y74.041
M5
G0 X44.235 Y74.624
M3
G0 X44.235 Y78.122
M5
G0 X44.818 Y77.539
M3
G0 X44.818 Y74.624
M5
G0 X45.401 Y73.458
M3
G0 X45.401 Y76.373
M5
G0 X46.057 Y76.300
M3
G0 X36.729 Y76.300
M5
G0 X36.729 Y75.717
M3
G0 X46.057 Y75.717
M5
G0 X45.984 Y75.207
M3
G0 X45.984 Y71.126
M5
G0 X46.640 Y71.053
M3
G0 X38.478 Y71.053
M5
G0 X38.478 Y70.470
M3
G0 X46.640 Y70.470
M5
G0 X46.057 Y69.887
M3
G0 X38.478 Y69.887
M5
G0 X38.478 Y69.304
M3
G0 X46.057 Y69.304
M5
G0 X45.474 Y68.721
M3
G0 X46.640 Y68.721
M5
G0 X46.640 Y68.138
M3
G0 X46.057 Y68.138
M5
G0 X46.057 Y67.555
M3
G0 X46.640 Y67.555
M5
G0 X47.806 Y67.555
M3
G0 X50.721 Y67.555
M5
G0 X50.648 Y68.211
M3
G0 X50.648 Y68.794
M5
G0 X50.648 Y69.377
M3
G0 X50.648 Y69.960
M5
G0 X51.231 Y69.960
M3
G0 X51.231 Y68.211
M5
G0 X52.543 Y68.794
M3
G0 X52.543 Y67.045
M5
G0 X53.126 Y67.045
M3
G0 X53.126 Y69.377
M5
G0 X53.126 Y69.960
M3
G0 X53.126 Y71.709
M5
G0 X52.543 Y71.709
M3
G0 X52.543 Y69.960
M5
G0 X53.053 Y70.470
M3
G0 X48.389 Y70.470
M5
G0 X48.389 Y71.053
M3
G0 X52.470 Y71.053
M5
G0 X52.980 Y68.211
M3
G0 X52.980 Y67.628
M5
G0 X52.543 Y66.462
M3
G0 X52.543 Y64.130
M5
G0 X52.397 Y65.296
M3
G0 X52.397 Y65.879
M5
G0 X50.794 Y66.462
M3
G0 X50.794 Y41.393
M5
G0 X50.138 Y41.466
M3
G0 X74.624 Y41.466
M5
G0 X74.041 Y42.049
M3
G0 X75.207 Y42.049
M5
G0 X75.207 Y42.632
M3
G0 X75.790 Y42.632
M5
G0 X76.737 Y42.559
M3
G0 X76.737 Y37.312
M5
G0 X75.207 Y37.385
M3
G0 X72.292 Y37.385
M5
G0 X72.875 Y37.968
M3
G0 X75.207 Y37.968
M5
G0 X75.207 Y38.551
M3
G0 X72.292 Y38.551
M5
G0 X71.709 Y37.968
M3
G0 X70.543 Y37.968
M5
G0 X70.543 Y37.385
M3
G0 X69.960 Y37.385
M5
G0 X69.960 Y36.802
M3
G0 X75.207 Y36.802
M5
G0 X75.207 Y36.219
M3
G0 X69.960 Y36.219
M5
G0 X69.960 Y35.636
M3
G0 X75.207 Y35.636
M5
G0 X74.624 Y35.053
M3
G0 X69.960 Y35.053
M5
G0 X69.960 Y34.470
M3
G0 X74.624 Y34.470
M5
G0 X74.624 Y33.887
M3
G0 X70.543 Y33.887
M5
G0 X70.543 Y33.304
M3
G0 X74.624 Y33.304
M5
G0 X74.624 Y32.721
M3
G0 X70.543 Y32.721
M5
G0 X69.960 Y32.138
M3
G0 X74.624 Y32.138
M5
G0 X74.624 Y31.555
M3
G0 X69.960 Y31.555
M5
G0 X69.377 Y30.972
M3
G0 X74.624 Y30.972
M5
G0 X74.624 Y30.389
M3
G0 X69.377 Y30.389
M5
G0 X68.794 Y29.806
M3
G0 X74.624 Y29.806
M5
G0 X74.624 Y29.223
M3
G0 X68.794 Y29.223
M5
G0 X68.794 Y28.640
M3
G0 X74.624 Y28.640
M5
G0 X74.624 Y28.057
M3
G0 X68.794 Y28.057
M5
G0 X68.794 Y27.474
M3
G0 X74.041 Y27.474
M5
G0 X74.041 Y26.891
M3
G0 X68.211 Y26.891
M5
G0 X67.628 Y26.891
M3
G0 X65.296 Y26.891
M5
G0 X65.296 Y26.308
M3
G0 X74.041 Y26.308
M5
G0 X74.041 Y25.725
M3
G0 X65.296 Y25.725
M5
G0 X65.296 Y25.142
M3
G0 X74.041 Y25.142
M5
G0 X74.041 Y24.559
M3
G0 X65.296 Y24.559
M5
G0 X65.296 Y23.976
M3
G0 X73.458 Y23.976
M5
G0 X73.458 Y23.393
M3
G0 X65.296 Y23.393
M5
G0 X64.130 Y23.393
M3
G0 X57.717 Y23.393
M5
G0 X57.717 Y23.976
M3
G0 X64.130 Y23.976
M5
G0 X63.547 Y24.559
M3
G0 X57.717 Y24.559
M5
G0 X57.717 Y25.142
M3
G0 X63.547 Y25.142
M5
G0 X62.964 Y25.725
M3
G0 X57.717 Y25.725
M5
G0 X57.717 Y26.308
M3
G0 X62.964 Y26.308
M5
G0 X62.381 Y26.891
M3
G0 X57.717 Y26.891
M5
G0 X57.134 Y26.599
M3
G0 X86.284 Y26.599
M5
G0 X86.284 Y27.182
M3
G0 X57.134 Y27.182
M5
G0 X57.134 Y27.765
M3
G0 X86.284 Y27.765
M5
G0 X86.284 Y28.348
M3
G0 X57.134 Y28.348
M5
G0 X57.134 Y28.931
M3
G0 X86.284 Y28.931
M5
G0 X86.284 Y29.514
M3
G0 X57.134 Y29.514
M5
G0 X57.134 Y30.097
M3
G0 X86.284 Y30.097
M5
G0 X86.284 Y30.680
M3
G0 X57.134 Y30.680
M5
G0 X57.134 Y31.263
M3
G0 X86.284 Y31.263
M5
G0 X86.284 Y31.846
M3
G0 X57.134 Y31.846
M5
G0 X57.498 Y31.482
M3
G0 X57.498 Y32.648
M5
G0 X57.717 Y32.721
M3
G0 X62.381 Y32.721
M5
G0 X62.381 Y32.138
M3
G0 X57.717 Y32.138
M5
G0 X57.717 Y31.555
M3
G0 X62.381 Y31.555
M5
G0 X62.381 Y30.972
M3
G0 X57.717 Y30.972
M5
G0 X57.134 Y32.429
M3
G0 X86.284 Y32.429
M5
G0 X86.284 Y33.012
M3
G0 X57.134 Y33.012
M5
G0 X57.134 Y33.595
M3
G0 X86.284 Y33.595
M5
G0 X86.284 Y34.178
M3
G0 X57.134 Y34.178
M5
G0 X57.498 Y33.814
M3
G0 X57.498 Y127.094
M5
G0 X56.915 Y127.094
M3
G0 X56.915 Y38.478
M5
G0 X57.134 Y38.551
M3
G0 X61.215 Y38.551
M5
G0 X60.122 Y38.478
M3
G0 X60.122 Y15.158
M5
G0 X60.705 Y16.324
M3
G0 X60.705 Y37.312
M5
G0 X61.798 Y36.219
M3
G0 X57.717 Y36.219
M5
G0 X57.717 Y35.636
M3
G0 X61.798 Y35.636
M5
G0 X61.798 Y35.053
M3
G0 X57.717 Y35.053
M5
G0 X57.717 Y34.470
M3
G0 X62.381 Y34.470
M5
G0 X62.381 Y33.887
M3
G0 X57.717 Y33.887
M5
G0 X57.717 Y33.304
M3
G0 X62.381 Y33.304
M5
G0 X61.288 Y32.648
M3
G0 X61.288 Y31.482
M5
G0 X64.713 Y31.555
M3
G0 X65.296 Y31.555
M5
G0 X65.296 Y32.138
M3
G0 X64.713 Y32.138
M5
G0 X64.713 Y33.304
M3
G0 X65.296 Y33.304
M5
G0 X65.296 Y33.887
M3
G0 X64.713 Y33.887
M5
G0 X64.130 Y34.470
M3
G0 X65.296 Y34.470
M5
G0 X65.296 Y35.053
M3
G0 X64.130 Y35.053
M5
G0 X64.130 Y35.636
M3
G0 X65.296 Y35.636
M5
G0 X64.713 Y36.219
M3
G0 X64.130 Y36.219
M5
G0 X64.130 Y36.802
M3
G0 X64.713 Y36.802
M5
G0 X65.296 Y37.385
M3
G0 X63.547 Y37.385
M5
G0 X64.130 Y37.968
M3
G0 X65.879 Y37.968
M5
G0 X65.223 Y39.061
M3
G0 X65.223 Y39.644
M5
G0 X65.223 Y40.227
M3
G0 X65.223 Y48.389
M5
G0 X65.296 Y50.648
M3
G0 X73.458 Y50.648
M5
G0 X73.458 Y51.231
M3
G0 X72.292 Y51.231
M5
G0 X71.709 Y51.231
M3
G0 X65.296 Y51.231
M5
G0 X64.713 Y51.814
M3
G0 X43.142 Y51.814
M5
G0 X43.142 Y52.397
M3
G0 X64.713 Y52.397
M5
G0 X64.130 Y50.648
M3
G0 X43.142 Y50.648
M5
G0 X42.340 Y50.721
M3
G0 X42.340 Y135.839
M5
G0 X42.559 Y135.912
M3
G0 X53.636 Y135.912
M5
G0 X53.126 Y135.256
M3
G0 X53.126 Y134.090
M5
G0 X53.636 Y134.163
M3
G0 X39.061 Y134.163
M5
G0 X39.061 Y134.746
M3
G0 X52.470 Y134.746
M5
G0 X52.470 Y135.183
M3
G0 X50.721 Y135.183
M5
G0 X50.211 Y136.422
M3
G0 X50.211 Y111.936
M5
G0 X50.138 Y112.446
M3
G0 X41.976 Y112.446
M5
G0 X41.976 Y111.863
M3
G0 X49.555 Y111.863
M5
G0 X49.482 Y112.519
M3
G0 X49.482 Y109.604
M5
G0 X49.482 Y109.021
M3
G0 X49.482 Y106.106
M5
G0 X50.065 Y106.106
M3
G0 X50.065 Y110.770
M5
G0 X50.138 Y111.280
M3
G0 X41.976 Y111.280
M5
G0 X42.559 Y110.697
M3
G0 X51.304 Y110.697
M5
G0 X51.304 Y110.114
M3
G0 X42.559 Y110.114
M5
G0 X42.559 Y109.531
M3
G0 X53.053 Y109.531
M5
G0 X53.636 Y109.531
M3
G0 X65.879 Y109.531
M5
G0 X66.462 Y108.948
M3
G0 X42.559 Y108.948
M5
G0 X43.142 Y108.365
M3
G0 X66.462 Y108.365
M5
G0 X67.628 Y109.531
M3
G0 X71.126 Y109.531
M5
G0 X71.709 Y108.948
M3
G0 X68.211 Y108.948
M5
G0 X68.794 Y108.365
M3
G0 X71.709 Y108.365
M5
G0 X72.875 Y108.365
M3
G0 X73.458 Y108.365
M5
G0 X73.458 Y107.782
M3
G0 X69.377 Y107.782
M5
G0 X68.211 Y106.616
M3
G0 X55.968 Y106.616
M5
G0 X55.385 Y106.616
M3
G0 X44.308 Y106.616
M5
G0 X43.798 Y106.106
M3
G0 X43.798 Y119.515
M5
G0 X43.652 Y119.515
M3
G0 X43.652 Y118.932
M5
G0 X43.652 Y118.349
M3
G0 X43.652 Y107.272
M5
G0 X44.818 Y108.438
M3
G0 X44.818 Y109.604
M5
G0 X45.401 Y109.604
M3
G0 X45.401 Y107.272
M5
G0 X45.401 Y106.689
M3
G0 X45.401 Y106.106
M5
G0 X44.891 Y106.033
M3
G0 X69.377 Y106.033
M5
G0 X69.960 Y105.450
M3
G0 X61.215 Y105.450
M5
G0 X61.142 Y105.523
M3
G0 X61.142 Y106.689
M5
G0 X60.559 Y106.106
M3
G0 X60.559 Y107.272
M5
G0 X61.725 Y106.106
M3
G0 X61.725 Y105.523
M5
G0 X62.308 Y105.523
M3
G0 X62.308 Y104.357
M5
G0 X61.798 Y104.284
M3
G0 X64.130 Y104.284
M5
G0 X64.130 Y103.701
M3
G0 X61.798 Y103.701
M5
G0 X61.798 Y103.118
M3
G0 X64.713 Y103.118
M5
G0 X64.713 Y102.535
M3
G0 X61.798 Y102.535
M5
G0 X60.632 Y101.952
M3
G0 X60.049 Y101.952
M5
G0 X60.122 Y102.608
M3
G0 X60.122 Y89.782
M5
G0 X58.883 Y90.292
M3
G0 X54.802 Y90.292
M5
G0 X54.219 Y89.855
M3
G0 X64.713 Y89.855
M5
G0 X65.077 Y89.199
M3
G0 X65.077 Y121.264
M5
G0 X64.494 Y121.264
M3
G0 X64.494 Y88.616
M5
G0 X64.494 Y87.450
M3
G0 X64.494 Y81.037
M5
G0 X63.911 Y81.037
M3
G0 X63.911 Y125.928
M5
G0 X64.130 Y125.709
M3
G0 X62.381 Y125.709
M5
G0 X62.454 Y125.928
M3
G0 X62.454 Y134.673
M5
G0 X62.381 Y134.600
M3
G0 X61.798 Y134.600
M5
G0 X61.798 Y134.746
M3
G0 X62.964 Y134.746
M5
G0 X62.964 Y135.037
M3
G0 X61.215 Y135.037
M5
G0 X61.215 Y134.454
M3
G0 X62.964 Y134.454
M5
G0 X62.964 Y134.163
M3
G0 X61.798 Y134.163
M5
G0 X61.798 Y134.017
M3
G0 X62.381 Y134.017
M5
G0 X62.381 Y133.434
M3
G0 X61.798 Y133.434
M5
G0 X61.798 Y133.580
M3
G0 X62.964 Y133.580
M5
G0 X62.964 Y133.871
M3
G0 X61.215 Y133.871
M5
G0 X61.215 Y133.288
M3
G0 X62.964 Y133.288
M5
G0 X62.964 Y132.997
M3
G0 X61.798 Y132.997
M5
G0 X61.798 Y132.851
M3
G0 X62.381 Y132.851
M5
G0 X62.381 Y132.268
M3
G0 X62.964 Y132.268
M5
G0 X62.964 Y132.122
M3
G0 X61.798 Y132.122
M5
G0 X61.798 Y131.831
M3
G0 X62.964 Y131.831
M5
G0 X62.964 Y131.685
M3
G0 X62.381 Y131.685
M5
G0 X62.381 Y131.102
M3
G0 X62.964 Y131.102
M5
G0 X62.964 Y130.956
M3
G0 X61.798 Y130.956
M5
G0 X61.798 Y130.665
M3
G0 X62.964 Y130.665
M5
G0 X62.964 Y130.519
M3
G0 X62.381 Y130.519
M5
G0 X62.381 Y129.936
M3
G0 X62.964 Y129.936
M5
G0 X62.964 Y130.082
M3
G0 X61.798 Y130.082
M5
G0 X61.871 Y130.009
M3
G0 X61.871 Y141.086
M5
G0 X61.798 Y141.159
M3
G0 X62.964 Y141.159
M5
G0 X62.964 Y141.013
M3
G0 X62.381 Y141.013
M5
G0 X62.381 Y141.596
M3
G0 X62.964 Y141.596
M5
G0 X62.891 Y141.669
M3
G0 X62.891 Y142.252
M5
G0 X62.964 Y142.179
M3
G0 X62.381 Y142.179
M5
G0 X62.162 Y142.252
M3
G0 X62.162 Y128.260
M5
G0 X62.381 Y128.187
M3
G0 X62.964 Y128.187
M5
G0 X62.891 Y128.260
M3
G0 X62.891 Y129.426
M5
G0 X62.964 Y129.353
M3
G0 X62.381 Y129.353
M5
G0 X62.381 Y128.916
M3
G0 X62.964 Y128.916
M5
G0 X62.964 Y128.770
M3
G0 X62.381 Y128.770
M5
G0 X62.381 Y128.333
M3
G0 X62.964 Y128.333
M5
G0 X63.328 Y128.843
M3
G0 X63.328 Y82.786
M5
G0 X62.745 Y82.786
M3
G0 X62.745 Y123.013
M5
G0 X62.964 Y123.377
M3
G0 X64.713 Y123.377
M5
G0 X64.494 Y123.596
M3
G0 X64.494 Y121.847
M5
G0 X64.713 Y122.211
M3
G0 X12.243 Y122.211
M5
G0 X12.826 Y122.503
M3
G0 X13.409 Y122.503
M5
G0 X13.409 Y123.086
M3
G0 X12.826 Y123.086
M5
G0 X12.826 Y123.669
M3
G0 X13.409 Y123.669
M5
G0 X13.409 Y124.252
M3
G0 X12.826 Y124.252
M5
G0 X12.826 Y124.835
M3
G0 X13.409 Y124.835
M5
G0 X14.575 Y124.835
M3
G0 X16.907 Y124.835
M5
G0 X16.907 Y124.252
M3
G0 X14.575 Y124.252
M5
G0 X14.575 Y123.669
M3
G0 X16.907 Y123.669
M5
G0 X16.907 Y123.086
M3
G0 X14.575 Y123.086
M5
G0 X14.575 Y122.503
M3
G0 X16.907 Y122.503
M5
G0 X16.907 Y121.920
M3
G0 X14.575 Y121.920
M5
G0 X15.741 Y121.774
M3
G0 X16.324 Y121.774
M5
G0 X16.324 Y122.357
M3
G0 X15.741 Y122.357
M5
G0 X15.741 Y122.940
M3
G0 X16.324 Y122.940
M5
G0 X16.324 Y123.523
M3
G0 X15.741 Y123.523
M5
G0 X15.741 Y124.106
M3
G0 X16.324 Y124.106
M5
G0 X16.324 Y124.689
M3
G0 X15.741 Y124.689
M5
G0 X15.741 Y125.272
M3
G0 X16.324 Y125.272
M5
G0 X16.324 Y125.855
M3
G0 X15.741 Y125.855
M5
G0 X15.741 Y126.438
M3
G0 X16.324 Y126.438
M5
G0 X16.324 Y127.021
M3
G0 X15.741 Y127.021
M5
G0 X15.741 Y127.604
M3
G0 X16.324 Y127.604
M5
G0 X16.324 Y128.187
M3
G0 X15.741 Y128.187
M5
G0 X15.741 Y128.770
M3
G0 X16.324 Y128.770
M5
G0 X16.324 Y129.353
M3
G0 X15.741 Y129.353
M5
G0 X15.741 Y129.936
M3
G0 X16.324 Y129.936
M5
G0 X16.324 Y130.519
M3
G0 X15.741 Y130.519
M5
G0 X16.324 Y131.102
M3
G0 X15.158 Y131.102
M5
G0 X15.158 Y131.685
M3
G0 X16.324 Y131.685
M5
G0 X16.324 Y132.268
M3
G0 X15.158 Y132.268
M5
G0 X15.158 Y132.851
M3
G0 X16.324 Y132.851
M5
G0 X16.324 Y133.434
M3
G0 X15.158 Y133.434
M5
G0 X14.575 Y133.580
M3
G0 X16.907 Y133.580
M5
G0 X16.907 Y132.997
M3
G0 X14.575 Y132.997
M5
G0 X14.575 Y132.414
M3
G0 X16.907 Y132.414
M5
G0 X16.907 Y131.831
M3
G0 X14.575 Y131.831
M5
G0 X14.575 Y131.248
M3
G0 X16.907 Y131.248
M5
G0 X16.907 Y130.665
M3
G0 X14.575 Y130.665
M5
G0 X14.575 Y130.082
M3
G0 X16.907 Y130.082
M5
G0 X16.907 Y129.499
M3
G0 X14.575 Y129.499
M5
G0 X14.575 Y128.916
M3
G0 X16.907 Y128.916
M5
G0 X16.907 Y128.333
M3
G0 X14.575 Y128.333
M5
G0 X14.575 Y127.750
M3
G0 X16.907 Y127.750
M5
G0 X16.907 Y127.167
M3
G0 X14.575 Y127.167
M5
G0 X14.575 Y126.584
M3
G0 X16.907 Y126.584
M5
G0 X16.907 Y126.001
M3
G0 X14.575 Y126.001
M5
G0 X14.575 Y125.418
M3
G0 X16.907 Y125.418
M5
G0 X18.437 Y121.264
M3
G0 X18.437 Y132.924
M5
G0 X19.020 Y132.341
M3
G0 X19.020 Y134.090
M5
G0 X19.020 Y135.256
M3
G0 X19.020 Y140.503
M5
G0 X18.437 Y139.920
M3
G0 X18.437 Y139.337
M5
G0 X18.437 Y138.754
M3
G0 X18.437 Y135.256
M5
G0 X17.490 Y134.746
M3
G0 X14.575 Y134.746
M5
G0 X14.575 Y134.163
M3
G0 X17.490 Y134.163
M5
G0 X16.324 Y134.017
M3
G0 X15.741 Y134.017
M5
G0 X15.741 Y134.600
M3
G0 X16.324 Y134.600
M5
G0 X16.324 Y135.183
M3
G0 X15.741 Y135.183
M5
G0 X15.741 Y135.766
M3
G0 X16.324 Y135.766
M5
G0 X16.324 Y136.349
M3
G0 X15.741 Y136.349
M5
G0 X15.741 Y136.932
M3
G0 X16.324 Y136.932
M5
G0 X16.324 Y137.515
M3
G0 X15.741 Y137.515
M5
G0 X15.741 Y138.098
M3
G0 X16.324 Y138.098
M5
G0 X16.324 Y138.681
M3
G0 X15.741 Y138.681
M5
G0 X15.741 Y139.264
M3
G0 X16.324 Y139.264
M5
G0 X16.324 Y139.847
M3
G0 X15.741 Y139.847
M5
G0 X15.741 Y140.430
M3
G0 X16.324 Y140.430
M5
G0 X16.324 Y141.013
M3
G0 X15.741 Y141.013
M5
G0 X15.741 Y141.596
M3
G0 X16.324 Y141.596
M5
G0 X16.324 Y142.179
M3
G0 X15.741 Y142.179
M5
G0 X15.741 Y142.762
M3
G0 X16.324 Y142.762
M5
G0 X16.324 Y143.345
M3
G0 X15.741 Y143.345
M5
G0 X15.741 Y143.928
M3
G0 X16.324 Y143.928
M5
G0 X16.324 Y144.511
M3
G0 X15.741 Y144.511
M5
G0 X15.741 Y145.094
M3
G0 X16.324 Y145.094
M5
G0 X16.324 Y145.677
M3
G0 X15.741 Y145.677
M5
G0 X15.741 Y146.260
M3
G0 X16.324 Y146.260
M5
G0 X16.324 Y146.843
M3
G0 X15.741 Y146.843
M5
G0 X15.741 Y147.426
M3
G0 X16.324 Y147.426
M5
G0 X16.324 Y148.009
M3
G0 X15.741 Y148.009
M5
G0 X16.324 Y148.592
M3
G0 X15.158 Y148.592
M5
G0 X14.575 Y148.738
M3
G0 X16.907 Y148.738
M5
G0 X16.907 Y148.155
M3
G0 X14.575 Y148.155
M5
G0 X14.575 Y147.572
M3
G0 X16.907 Y147.572
M5
G0 X16.907 Y146.989
M3
G0 X14.575 Y146.989
M5
G0 X14.575 Y146.406
M3
G0 X16.907 Y146.406
M5
G0 X16.907 Y145.823
M3
G0 X14.575 Y145.823
M5
G0 X14.575 Y145.240
M3
G0 X16.907 Y145.240
M5
G0 X16.907 Y144.657
M3
G0 X14.575 Y144.657
M5
G0 X14.575 Y144.074
M3
G0 X16.907 Y144.074
M5
G0 X16.907 Y143.491
M3
G0 X14.575 Y143.491
M5
G0 X14.575 Y142.908
M3
G0 X16.907 Y142.908
M5
G0 X16.907 Y142.325
M3
G0 X14.575 Y142.325
M5
G0 X14.575 Y141.742
M3
G0 X16.907 Y141.742
M5
G0 X16.907 Y141.159
M3
G0 X14.575 Y141.159
M5
G0 X14.575 Y140.576
M3
G0 X16.907 Y140.576
M5
G0 X16.907 Y139.993
M3
G0 X14.575 Y139.993
M5
G0 X14.575 Y139.410
M3
G0 X16.907 Y139.410
M5
G0 X16.907 Y138.827
M3
G0 X14.575 Y138.827
M5
G0 X14.575 Y138.244
M3
G0 X16.907 Y138.244
M5
G0 X16.907 Y137.661
M3
G0 X14.575 Y137.661
M5
G0 X14.575 Y137.078
M3
G0 X16.907 Y137.078
M5
G0 X16.907 Y136.495
M3
G0 X14.575 Y136.495
M5
G0 X14.575 Y135.912
M3
G0 X16.907 Y135.912
M5
G0 X16.907 Y135.329
M3
G0 X14.575 Y135.329
M5
G0 X13.409 Y134.746
M3
G0 X12.826 Y134.746
M5
G0 X12.826 Y134.163
M3
G0 X13.409 Y134.163
M5
G0 X13.409 Y133.580
M3
G0 X12.826 Y133.580
M5
G0 X12.826 Y132.997
M3
G0 X13.409 Y132.997
M5
G0 X13.409 Y132.414
M3
G0 X12.826 Y132.414
M5
G0 X12.243 Y129.790
M3
G0 X56.551 Y129.790
M5
G0 X57.134 Y129.790
M3
G0 X58.883 Y129.790
M5
G0 X57.498 Y130.592
M3
G0 X57.498 Y142.835
M5
G0 X58.081 Y142.835
M3
G0 X58.081 Y0.000
M5
G0 X57.936 Y0.000
M3
G0 X57.936 Y244.860
M5
G0 X58.081 Y244.860
M3
G0 X58.081 Y144.584
M5
G0 X58.300 Y144.511
M3
G0 X59.466 Y144.511
M5
G0 X59.466 Y144.657
M3
G0 X58.300 Y144.657
M5
G0 X58.300 Y145.094
M3
G0 X58.883 Y145.094
M5
G0 X59.466 Y144.948
M3
G0 X12.243 Y144.948
M5
G0 X12.243 Y144.365
M3
G0 X93.280 Y144.365
M5
G0 X93.061 Y144.001
M3
G0 X93.061 Y145.750
M5
G0 X94.446 Y144.365
M3
G0 X108.438 Y144.365
M5
G0 X108.438 Y143.782
M3
G0 X58.300 Y143.782
M5
G0 X58.300 Y143.491
M3
G0 X59.466 Y143.491
M5
G0 X59.830 Y143.418
M3
G0 X59.830 Y144.001
M5
G0 X59.466 Y144.074
M3
G0 X58.300 Y144.074
M5
G0 X57.717 Y143.782
M3
G0 X10.494 Y143.782
M5
G0 X10.494 Y143.491
M3
G0 X11.077 Y143.491
M5
G0 X11.441 Y143.418
M3
G0 X11.441 Y148.082
M5
G0 X11.660 Y148.155
M3
G0 X12.243 Y148.155
M5
G0 X12.243 Y148.738
M3
G0 X11.660 Y148.738
M5
G0 X11.733 Y148.665
M3
G0 X11.733 Y149.248
M5
G0 X11.660 Y149.321
M3
G0 X12.243 Y149.321
M5
G0 X12.243 Y149.904
M3
G0 X11.660 Y149.904
M5
G0 X11.077 Y150.195
M3
G0 X107.272 Y150.195
M5
G0 X107.272 Y149.612
M3
G0 X11.077 Y149.612
M5
G0 X11.077 Y149.029
M3
G0 X107.272 Y149.029
M5
G0 X107.272 Y148.446
M3
G0 X11.077 Y148.446
M5
G0 X11.077 Y147.863
M3
G0 X107.272 Y147.863
M5
G0 X108.657 Y147.499
M3
G0 X108.657 Y0.000
M5
G0 X108.802 Y0.000
M3
G0 X108.802 Y27.401
M5
G0 X108.802 Y27.984
M3
G0 X108.802 Y81.620
M5
G0 X108.219 Y82.203
M3
G0 X108.219 Y0.000
M5
G0 X108.074 Y0.000
M3
G0 X108.074 Y158.576
M5
G0 X106.689 Y158.357
M3
G0 X99.110 Y158.357
M5
G0 X99.110 Y157.774
M3
G0 X106.689 Y157.774
M5
G0 X106.689 Y157.191
M3
G0 X99.110 Y157.191
M5
G0 X99.110 Y156.608
M3
G0 X106.689 Y156.608
M5
G0 X107.272 Y156.025
M3
G0 X99.110 Y156.025
M5
G0 X98.527 Y155.442
M3
G0 X107.272 Y155.442
M5
G0 X107.272 Y154.859
M3
G0 X98.527 Y154.859
M5
G0 X98.527 Y154.276
M3
G0 X107.272 Y154.276
M5
G0 X107.272 Y153.693
M3
G0 X92.697 Y153.693
M5
G0 X92.697 Y153.110
M3
G0 X107.272 Y153.110
M5
G0 X107.272 Y152.527
M3
G0 X11.660 Y152.527
M5
G0 X11.660 Y151.944
M3
G0 X107.272 Y151.944
M5
G0 X107.272 Y151.361
M3
G0 X11.660 Y151.361
M5
G0 X11.660 Y150.778
M3
G0 X107.272 Y150.778
M5
G0 X104.940 Y151.070
M3
G0 X100.859 Y151.070
M5
G0 X101.442 Y151.653
M3
G0 X104.940 Y151.653
M5
G0 X104.940 Y152.236
M3
G0 X101.442 Y152.236
M5
G0 X102.025 Y152.819
M3
G0 X104.940 Y152.819
M5
G0 X104.940 Y153.402
M3
G0 X102.025 Y153.402
M5
G0 X102.608 Y153.985
M3
G0 X104.940 Y153.985
M5
G0 X104.940 Y154.568
M3
G0 X102.608 Y154.568
M5
G0 X103.191 Y155.151
M3
G0 X104.357 Y155.151
M5
G0 X104.357 Y155.734
M3
G0 X103.191 Y155.734
M5
G0 X103.774 Y156.317
M3
G0 X104.357 Y156.317
M5
G0 X105.887 Y156.244
M3
G0 X105.887 Y139.337
M5
G0 X105.304 Y138.754
M3
G0 X105.304 Y159.742
M5
G0 X106.689 Y159.523
M3
G0 X99.110 Y159.523
M5
G0 X99.110 Y158.940
M3
G0 X106.689 Y158.940
M5
G0 X106.689 Y160.106
M3
G0 X99.110 Y160.106
M5
G0 X99.110 Y160.689
M3
G0 X106.689 Y160.689
M5
G0 X106.689 Y161.272
M3
G0 X98.527 Y161.272
M5
G0 X98.527 Y161.855
M3
G0 X106.689 Y161.855
M5
G0 X106.689 Y162.438
M3
G0 X98.527 Y162.438
M5
G0 X98.527 Y163.021
M3
G0 X106.689 Y163.021
M5
G0 X107.272 Y163.604
M3
G0 X98.527 Y163.604
M5
G0 X98.527 Y164.187
M3
G0 X107.855 Y164.187
M5
G0 X107.855 Y164.770
M3
G0 X98.527 Y164.770
M5
G0 X98.527 Y165.353
M3
G0 X108.438 Y165.353
M5
G0 X108.438 Y165.936
M3
G0 X98.527 Y165.936
M5
G0 X98.527 Y166.519
M3
G0 X109.021 Y166.519
M5
G0 X109.604 Y167.102
M3
G0 X97.944 Y167.102
M5
G0 X97.944 Y167.685
M3
G0 X109.604 Y167.685
M5
G0 X110.187 Y168.268
M3
G0 X97.944 Y168.268
M5
G0 X97.944 Y168.851
M3
G0 X110.187 Y168.851
M5
G0 X110.770 Y169.434
M3
G0 X97.944 Y169.434
M5
G0 X97.944 Y170.017
M3
G0 X110.770 Y170.017
M5
G0 X110.770 Y170.600
M3
G0 X97.944 Y170.600
M5
G0 X100.640 Y169.070
M3
G0 X100.640 Y160.908
M5
G0 X100.640 Y155.078
M3
G0 X100.640 Y117.183
M5
G0 X100.859 Y116.673
M3
G0 X104.357 Y116.673
M5
G0 X104.357 Y117.256
M3
G0 X102.025 Y117.256
M5
G0 X102.098 Y117.183
M3
G0 X102.098 Y116.600
M5
G0 X101.515 Y116.600
M3
G0 X101.515 Y116.017
M5
G0 X100.932 Y116.017
M3
G0 X100.932 Y116.600
M5
G0 X100.640 Y116.600
M3
G0 X100.640 Y27.984
M5
G0 X101.223 Y27.984
M3
G0 X101.223 Y184.228
M5
G0 X101.806 Y185.394
M3
G0 X101.806 Y27.984
M5
G0 X102.389 Y27.401
M3
G0 X102.389 Y97.944
M5
G0 X102.972 Y97.944
M3
G0 X102.972 Y27.401
M5
G0 X103.555 Y27.984
M3
G0 X103.555 Y109.021
M5
G0 X102.025 Y109.094
M3
G0 X100.276 Y109.094
M5
G0 X99.693 Y111.426
M3
G0 X100.859 Y111.426
M5
G0 X101.442 Y111.426
M3
G0 X102.608 Y111.426
M5
G0 X102.025 Y112.009
M3
G0 X103.191 Y112.009
M5
G0 X103.774 Y112.592
M3
G0 X99.693 Y112.592
M5
G0 X99.693 Y112.446
M3
G0 X100.276 Y112.446
M5
G0 X100.276 Y113.029
M3
G0 X99.693 Y113.029
M5
G0 X99.693 Y113.175
M3
G0 X102.608 Y113.175
M5
G0 X103.191 Y113.175
M3
G0 X104.357 Y113.175
M5
G0 X103.774 Y113.758
M3
G0 X99.110 Y113.758
M5
G0 X99.110 Y114.341
M3
G0 X103.191 Y114.341
M5
G0 X103.774 Y114.924
M3
G0 X99.110 Y114.924
M5
G0 X99.183 Y115.434
M3
G0 X99.183 Y116.600
M5
G0 X99.183 Y117.766
M3
G0 X99.183 Y119.515
M5
G0 X98.891 Y119.515
M3
G0 X98.891 Y118.349
M5
G0 X99.110 Y118.422
M3
G0 X102.025 Y118.422
M5
G0 X102.025 Y119.005
M3
G0 X99.110 Y119.005
M5
G0 X99.693 Y119.588
M3
G0 X102.025 Y119.588
M5
G0 X100.349 Y120.098
M3
G0 X100.349 Y118.349
M5
G0 X100.859 Y117.839
M3
G0 X99.110 Y117.839
M5
G0 X99.474 Y120.098
M3
G0 X99.474 Y111.936
M5
G0 X99.693 Y112.009
M3
G0 X100.859 Y112.009
M5
G0 X100.276 Y113.612
M3
G0 X99.693 Y113.612
M5
G0 X99.693 Y114.195
M3
G0 X100.276 Y114.195
M5
G0 X98.308 Y114.268
M3
G0 X98.308 Y113.685
M5
G0 X97.142 Y114.268
M3
G0 X97.142 Y0.000
M5
G0 X96.997 Y0.000
M3
G0 X96.997 Y130.592
M5
G0 X97.142 Y130.592
M3
G0 X97.142 Y123.013
M5
G0 X98.308 Y123.596
M3
G0 X98.308 Y121.847
M5
G0 X98.746 Y122.430
M3
G0 X98.746 Y0.000
M5
G0 X98.891 Y0.000
M3
G0 X98.891 Y15.158
M5
G0 X98.308 Y15.158
M3
G0 X98.308 Y0.000
M5
G0 X98.163 Y0.000
M3
G0 X98.163 Y125.928
M5
G0 X98.308 Y125.928
M3
G0 X98.308 Y124.179
M5
G0 X98.527 Y123.960
M3
G0 X75.790 Y123.960
M5
G0 X75.790 Y124.252
M3
G0 X76.956 Y124.252
M5
G0 X76.956 Y124.106
M3
G0 X76.373 Y124.106
M5
G0 X76.373 Y123.669
M3
G0 X76.956 Y123.669
M5
G0 X76.373 Y123.086
M3
G0 X91.531 Y123.086
M5
G0 X91.531 Y122.503
M3
G0 X76.373 Y122.503
M5
G0 X75.790 Y123.377
M3
G0 X137.588 Y123.377
M5
G0 X137.588 Y123.232
M3
G0 X0.000 Y123.232
M5
G0 X0.000 Y123.377
M3
G0 X7.579 Y123.377
M5
G0 X7.579 Y123.960
M3
G0 X0.000 Y123.960
M5
G0 X0.000 Y123.815
M3
G0 X137.588 Y123.815
M5
G0 X137.588 Y123.960
M3
G0 X99.693 Y123.960
M5
G0 X99.329 Y124.179
M3
G0 X99.329 Y0.000
M5
G0 X99.474 Y0.000
M3
G0 X99.474 Y15.158
M5
G0 X100.057 Y15.741
M3
G0 X100.057 Y0.000
M5
G0 X99.912 Y0.000
M3
G0 X99.912 Y244.860
M5
G0 X100.057 Y244.860
M3
G0 X100.057 Y229.702
M5
G0 X100.276 Y229.775
M3
G0 X105.523 Y229.775
M5
G0 X104.940 Y230.358
M3
G0 X100.276 Y230.358
M5
G0 X100.276 Y230.941
M3
G0 X104.357 Y230.941
M5
G0 X103.774 Y231.524
M3
G0 X99.693 Y231.524
M5
G0 X99.693 Y232.107
M3
G0 X103.774 Y232.107
M5
G0 X103.774 Y232.690
M3
G0 X99.693 Y232.690
M5
G0 X99.693 Y233.273
M3
G0 X103.191 Y233.273
M5
G0 X103.191 Y233.856
M3
G0 X99.693 Y233.856
M5
G0 X99.693 Y234.439
M3
G0 X103.191 Y234.439
M5
G0 X103.191 Y235.022
M3
G0 X99.110 Y235.022
M5
G0 X99.110 Y235.605
M3
G0 X102.608 Y235.605
M5
G0 X102.608 Y236.188
M3
G0 X99.110 Y236.188
M5
G0 X98.527 Y236.771
M3
G0 X102.608 Y236.771
M5
G0 X102.608 Y237.354
M3
G0 X98.527 Y237.354
M5
G0 X98.527 Y237.937
M3
G0 X103.191 Y237.937
M5
G0 X103.191 Y238.520
M3
G0 X98.527 Y238.520
M5
G0 X98.527 Y239.103
M3
G0 X103.774 Y239.103
M5
G0 X103.774 Y239.686
M3
G0 X97.944 Y239.686
M5
G0 X97.944 Y240.269
M3
G0 X103.774 Y240.269
M5
G0 X104.357 Y240.852
M3
G0 X97.944 Y240.852
M5
G0 X97.944 Y241.435
M3
G0 X99.110 Y241.435
M5
G0 X99.110 Y242.018
M3
G0 X97.944 Y242.018
M5
G0 X100.276 Y242.018
M3
G0 X104.940 Y242.018
M5
G0 X104.940 Y241.435
M3
G0 X100.276 Y241.435
M5
G0 X100.859 Y242.601
M3
G0 X105.523 Y242.601
M5
G0 X105.523 Y243.184
M3
G0 X101.442 Y243.184
M5
G0 X101.442 Y243.767
M3
G0 X105.523 Y243.767
M5
G0 X105.523 Y244.350
M3
G0 X101.442 Y244.350
M5
G0 X101.223 Y244.860
M3
G0 X101.223 Y192.390
M5
G0 X100.640 Y192.390
M3
G0 X100.640 Y214.544
M5
G0 X100.859 Y214.617
M3
G0 X137.588 Y214.617
M5
G0 X137.588 Y214.763
M3
G0 X0.000 Y214.763
M5
G0 X0.000 Y214.908
M3
G0 X8.162 Y214.908
M5
G0 X8.745 Y214.908
M3
G0 X137.588 Y214.908
M5
G0 X137.588 Y215.200
M3
G0 X100.859 Y215.200
M5
G0 X100.859 Y215.783
M3
G0 X137.588 Y215.783
M5
G0 X137.588 Y215.929
M3
G0 X0.000 Y215.929
M5
G0 X0.000 Y216.074
M3
G0 X137.588 Y216.074
M5
G0 X137.588 Y216.366
M3
G0 X100.859 Y216.366
M5
G0 X100.859 Y216.949
M3
G0 X137.588 Y216.949
M5
G0 X137.588 Y217.095
M3
G0 X0.000 Y217.095
M5
G0 X0.000 Y217.240
M3
G0 X8.162 Y217.240
M5
G0 X8.745 Y217.240
M3
G0 X137.588 Y217.240
M5
G0 X137.588 Y217.532
M3
G0 X100.859 Y217.532
M5
G0 X100.859 Y218.115
M3
G0 X124.179 Y218.115
M5
G0 X123.596 Y218.698
M3
G0 X100.859 Y218.698
M5
G0 X100.859 Y219.281
M3
G0 X122.430 Y219.281
M5
G0 X121.847 Y219.864
M3
G0 X100.859 Y219.864
M5
G0 X100.859 Y220.447
M3
G0 X121.264 Y220.447
M5
G0 X120.681 Y221.030
M3
G0 X100.859 Y221.030
M5
G0 X100.859 Y221.613
M3
G0 X120.098 Y221.613
M5
G0 X119.515 Y222.196
M3
G0 X100.859 Y222.196
M5
G0 X100.859 Y222.779
M3
G0 X118.932 Y222.779
M5
G0 X118.932 Y223.362
M3
G0 X100.859 Y223.362
M5
G0 X100.932 Y223.872
M3
G0 X100.932 Y230.868
M5
G0 X101.515 Y230.868
M3
G0 X101.515 Y221.540
M5
G0 X102.098 Y221.540
M3
G0 X102.098 Y229.702
M5
G0 X101.442 Y229.046
M3
G0 X100.859 Y229.046
M5
G0 X100.859 Y228.463
M3
G0 X101.442 Y228.463
M5
G0 X101.442 Y227.880
M3
G0 X100.859 Y227.880
M5
G0 X100.859 Y227.297
M3
G0 X101.442 Y227.297
M5
G0 X100.859 Y226.277
M3
G0 X109.604 Y226.277
M5
G0 X108.438 Y226.860
M3
G0 X100.276 Y226.860
M5
G0 X100.057 Y226.787
M3
G0 X100.057 Y228.536
M5
G0 X100.276 Y228.609
M3
G0 X106.689 Y228.609
M5
G0 X107.272 Y228.026
M3
G0 X100.276 Y228.026
M5
G0 X100.349 Y228.536
M3
G0 X100.349 Y233.200
M5
G0 X98.891 Y233.783
M3
G0 X98.891 Y219.208
M5
G0 X98.308 Y219.208
M3
G0 X98.308 Y244.860
M5
G0 X98.163 Y244.860
M3
G0 X98.163 Y129.426
M5
G0 X98.308 Y129.426
M3
G0 X98.308 Y144.584
M5
G0 X97.725 Y143.418
M3
G0 X97.725 Y142.835
M5
G0 X97.142 Y142.835
M3
G0 X97.142 Y143.418
M5
G0 X96.559 Y143.418
M3
G0 X96.559 Y142.252
M5
G0 X95.976 Y142.252
M3
G0 X95.976 Y144.001
M5
G0 X95.393 Y144.001
M3
G0 X95.393 Y144.584
M5
G0 X94.810 Y144.001
M3
G0 X94.810 Y143.418
M5
G0 X94.446 Y143.491
M3
G0 X93.863 Y143.491
M5
G0 X93.644 Y143.418
M3
G0 X93.644 Y141.669
M5
G0 X94.227 Y141.669
M3
G0 X94.227 Y139.920
M5
G0 X94.446 Y140.284
M3
G0 X68.794 Y140.284
M5
G0 X68.211 Y140.284
M3
G0 X66.462 Y140.284
M5
G0 X66.462 Y139.993
M3
G0 X67.628 Y139.993
M5
G0 X67.992 Y139.920
M3
G0 X67.992 Y145.167
M5
G0 X68.211 Y145.094
M3
G0 X68.794 Y145.094
M5
G0 X68.721 Y144.584
M3
G0 X68.721 Y144.001
M5
G0 X68.794 Y144.074
M3
G0 X67.628 Y144.074
M5
G0 X67.628 Y143.928
M3
G0 X68.794 Y143.928
M5
G0 X68.794 Y143.491
M3
G0 X67.628 Y143.491
M5
G0 X67.701 Y144.584
M3
G0 X67.701 Y141.086
M5
G0 X68.211 Y141.159
M3
G0 X67.045 Y141.159
M5
G0 X66.462 Y141.450
M3
G0 X94.446 Y141.450
M5
G0 X94.810 Y141.669
M3
G0 X94.810 Y142.835
M5
G0 X94.446 Y142.908
M3
G0 X93.280 Y142.908
M5
G0 X94.227 Y142.835
M3
G0 X94.227 Y144.001
M5
G0 X95.393 Y142.835
M3
G0 X95.393 Y141.669
M5
G0 X95.612 Y141.450
M3
G0 X112.519 Y141.450
M5
G0 X112.519 Y142.033
M3
G0 X64.130 Y142.033
M5
G0 X64.130 Y141.450
M3
G0 X65.879 Y141.450
M5
G0 X65.879 Y141.742
M3
G0 X64.713 Y141.742
M5
G0 X64.713 Y141.596
M3
G0 X65.296 Y141.596
M5
G0 X65.223 Y141.669
M3
G0 X65.223 Y141.086
M5
G0 X65.296 Y141.013
M3
G0 X64.713 Y141.013
M5
G0 X64.130 Y140.867
M3
G0 X65.879 Y140.867
M5
G0 X65.879 Y140.284
M3
G0 X64.130 Y140.284
M5
G0 X63.547 Y140.284
M3
G0 X11.660 Y140.284
M5
G0 X11.660 Y140.867
M3
G0 X43.725 Y140.867
M5
G0 X43.725 Y141.159
M3
G0 X41.976 Y141.159
M5
G0 X42.049 Y141.086
M3
G0 X42.049 Y139.920
M5
G0 X41.976 Y139.847
M3
G0 X41.393 Y139.847
M5
G0 X40.883 Y139.920
M3
G0 X40.883 Y138.171
M5
G0 X41.393 Y138.244
M3
G0 X39.061 Y138.244
M5
G0 X39.061 Y137.661
M3
G0 X41.393 Y137.661
M5
G0 X41.976 Y137.661
M3
G0 X43.142 Y137.661
M5
G0 X42.632 Y137.588
M3
G0 X42.632 Y138.754
M5
G0 X42.559 Y138.681
M3
G0 X43.725 Y138.681
M5
G0 X43.798 Y138.754
M3
G0 X43.798 Y139.920
M5
G0 X44.308 Y139.993
M3
G0 X46.057 Y139.993
M5
G0 X45.474 Y139.118
M3
G0 X62.964 Y139.118
M5
G0 X62.964 Y138.827
M3
G0 X61.798 Y138.827
M5
G0 X61.798 Y138.681
M3
G0 X62.381 Y138.681
M5
G0 X62.381 Y139.264
M3
G0 X61.798 Y139.264
M5
G0 X61.798 Y139.410
M3
G0 X62.964 Y139.410
M5
G0 X62.964 Y139.993
M3
G0 X61.798 Y139.993
M5
G0 X61.798 Y139.847
M3
G0 X62.381 Y139.847
M5
G0 X61.798 Y140.430
M3
G0 X62.964 Y140.430
M5
G0 X62.964 Y140.576
M3
G0 X61.798 Y140.576
M5
G0 X60.996 Y140.503
M3
G0 X60.996 Y199.969
M5
G0 X61.215 Y199.896
M3
G0 X61.798 Y199.896
M5
G0 X61.871 Y199.386
M3
G0 X61.871 Y220.374
M5
G0 X61.871 Y220.957
M3
G0 X61.871 Y222.123
M5
G0 X61.871 Y222.706
M3
G0 X61.871 Y223.289
M5
G0 X62.454 Y223.289
M3
G0 X62.454 Y222.706
M5
G0 X62.454 Y222.123
M3
G0 X62.454 Y199.386
M5
G0 X62.162 Y199.386
M3
G0 X62.162 Y244.860
M5
G0 X62.017 Y244.860
M3
G0 X62.017 Y126.511
M5
G0 X62.381 Y126.584
M3
G0 X63.547 Y126.584
M5
G0 X63.547 Y126.438
M3
G0 X62.964 Y126.438
M5
G0 X62.964 Y127.021
M3
G0 X63.547 Y127.021
M5
G0 X63.547 Y127.167
M3
G0 X62.381 Y127.167
M5
G0 X62.381 Y126.875
M3
G0 X63.547 Y126.875
M5
G0 X63.547 Y127.458
M3
G0 X62.381 Y127.458
M5
G0 X61.798 Y128.041
M3
G0 X63.547 Y128.041
M5
G0 X63.547 Y128.624
M3
G0 X61.798 Y128.624
M5
G0 X61.798 Y129.207
M3
G0 X63.547 Y129.207
M5
G0 X64.130 Y129.207
M3
G0 X65.879 Y129.207
M5
G0 X65.879 Y128.916
M3
G0 X64.713 Y128.916
M5
G0 X64.713 Y129.499
M3
G0 X65.879 Y129.499
M5
G0 X65.879 Y129.790
M3
G0 X64.130 Y129.790
M5
G0 X63.547 Y129.790
M3
G0 X61.798 Y129.790
M5
G0 X61.798 Y129.499
M3
G0 X62.964 Y129.499
M5
G0 X63.547 Y130.373
M3
G0 X61.798 Y130.373
M5
G0 X61.215 Y130.373
M3
G0 X57.134 Y130.373
M5
G0 X56.551 Y128.041
M3
G0 X12.243 Y128.041
M5
G0 X12.243 Y127.458
M3
G0 X58.883 Y127.458
M5
G0 X59.466 Y128.041
M3
G0 X61.215 Y128.041
M5
G0 X61.434 Y127.677
M3
G0 X61.434 Y0.000
M5
G0 X61.579 Y0.000
M3
G0 X61.579 Y71.126
M5
G0 X59.466 Y71.199
M3
G0 X37.895 Y71.199
M5
G0 X37.895 Y70.616
M3
G0 X59.466 Y70.616
M5
G0 X59.466 Y70.033
M3
G0 X37.895 Y70.033
M5
G0 X37.895 Y69.450
M3
G0 X59.466 Y69.450
M5
G0 X58.883 Y68.867
M3
G0 X37.895 Y68.867
M5
G0 X37.312 Y68.867
M3
G0 X24.486 Y68.867
M5
G0 X25.069 Y69.304
M3
G0 X25.652 Y69.304
M5
G0 X25.652 Y69.887
M3
G0 X25.069 Y69.887
M5
G0 X25.069 Y70.470
M3
G0 X25.652 Y70.470
M5
G0 X25.652 Y71.053
M3
G0 X25.069 Y71.053
M5
G0 X25.069 Y71.636
M3
G0 X25.652 Y71.636
M5
G0 X23.903 Y69.450
M3
G0 X20.988 Y69.450
M5
G0 X20.988 Y68.867
M3
G0 X23.320 Y68.867
M5
G0 X22.737 Y68.284
M3
G0 X20.988 Y68.284
M5
G0 X20.988 Y70.033
M3
G0 X22.737 Y70.033
M5
G0 X22.737 Y70.616
M3
G0 X20.988 Y70.616
M5
G0 X20.988 Y71.199
M3
G0 X22.737 Y71.199
M5
G0 X22.737 Y71.782
M3
G0 X20.988 Y71.782
M5
G0 X20.988 Y72.365
M3
G0 X22.737 Y72.365
M5
G0 X22.737 Y72.948
M3
G0 X20.988 Y72.948
M5
G0 X20.988 Y73.531
M3
G0 X22.737 Y73.531
M5
G0 X22.154 Y74.114
M3
G0 X20.988 Y74.114
M5
G0 X20.405 Y74.697
M3
G0 X22.154 Y74.697
M5
G0 X22.154 Y75.280
M3
G0 X20.405 Y75.280
M5
G0 X20.405 Y75.863
M3
G0 X21.571 Y75.863
M5
G0 X21.571 Y76.446
M3
G0 X20.405 Y76.446
M5
G0 X20.186 Y76.956
M3
G0 X20.186 Y74.624
M5
G0 X19.603 Y74.624
M3
G0 X19.603 Y76.956
M5
G0 X20.405 Y77.029
M3
G0 X21.571 Y77.029
M5
G0 X21.571 Y77.612
M3
G0 X20.988 Y77.612
M5
G0 X20.988 Y78.195
M3
G0 X21.571 Y78.195
M5
G0 X21.571 Y78.778
M3
G0 X20.988 Y78.778
M5
G0 X17.490 Y77.029
M3
G0 X14.575 Y77.029
M5
G0 X14.575 Y76.446
M3
G0 X17.490 Y76.446
M5
G0 X17.490 Y75.863
M3
G0 X14.575 Y75.863
M5
G0 X14.575 Y75.280
M3
G0 X17.490 Y75.280
M5
G0 X17.490 Y74.697
M3
G0 X14.575 Y74.697
M5
G0 X15.158 Y74.551
M3
G0 X16.907 Y74.551
M5
G0 X16.907 Y73.968
M3
G0 X15.158 Y73.968
M5
G0 X15.158 Y73.385
M3
G0 X16.324 Y73.385
M5
G0 X16.324 Y72.802
M3
G0 X15.158 Y72.802
M5
G0 X15.158 Y72.219
M3
G0 X16.324 Y72.219
M5
G0 X16.324 Y71.636
M3
G0 X15.158 Y71.636
M5
G0 X15.158 Y71.053
M3
G0 X16.324 Y71.053
M5
G0 X16.324 Y70.470
M3
G0 X15.158 Y70.470
M5
G0 X15.158 Y69.887
M3
G0 X16.324 Y69.887
M5
G0 X16.907 Y69.304
M3
G0 X15.158 Y69.304
M5
G0 X15.158 Y68.721
M3
G0 X16.907 Y68.721
M5
G0 X16.907 Y68.138
M3
G0 X15.158 Y68.138
M5
G0 X15.158 Y67.555
M3
G0 X16.907 Y67.555
M5
G0 X16.907 Y66.972
M3
G0 X15.158 Y66.972
M5
G0 X15.158 Y66.389
M3
G0 X16.907 Y66.389
M5
G0 X16.324 Y65.806
M3
G0 X15.158 Y65.806
M5
G0 X15.158 Y65.223
M3
G0 X16.907 Y65.223
M5
G0 X16.980 Y65.296
M3
G0 X16.980 Y61.798
M5
G0 X16.907 Y62.308
M3
G0 X15.158 Y62.308
M5
G0 X15.158 Y61.725
M3
G0 X16.324 Y61.725
M5
G0 X16.251 Y61.798
M3
G0 X16.251 Y60.632
M5
G0 X16.324 Y60.559
M3
G0 X15.158 Y60.559
M5
G0 X15.158 Y61.142
M3
G0 X16.324 Y61.142
M5
G0 X16.324 Y59.976
M3
G0 X15.158 Y59.976
M5
G0 X15.158 Y59.393
M3
G0 X16.324 Y59.393
M5
G0 X16.324 Y58.810
M3
G0 X15.158 Y58.810
M5
G0 X15.158 Y58.227
M3
G0 X16.324 Y58.227
M5
G0 X16.324 Y57.644
M3
G0 X15.158 Y57.644
M5
G0 X15.158 Y57.061
M3
G0 X16.324 Y57.061
M5
G0 X16.324 Y56.478
M3
G0 X15.158 Y56.478
M5
G0 X15.158 Y55.895
M3
G0 X16.324 Y55.895
M5
G0 X16.324 Y55.312
M3
G0 X15.158 Y55.312
M5
G0 X15.158 Y54.729
M3
G0 X16.324 Y54.729
M5
G0 X16.251 Y54.802
M3
G0 X16.251 Y54.219
M5
G0 X16.324 Y54.146
M3
G0 X15.158 Y54.146
M5
G0 X15.158 Y53.563
M3
G0 X16.324 Y53.563
M5
G0 X16.324 Y52.980
M3
G0 X15.158 Y52.980
M5
G0 X15.158 Y52.397
M3
G0 X16.324 Y52.397
M5
G0 X16.324 Y51.814
M3
G0 X15.158 Y51.814
M5
G0 X15.158 Y51.231
M3
G0 X16.324 Y51.231
M5
G0 X16.324 Y50.648
M3
G0 X15.158 Y50.648
M5
G0 X15.158 Y50.065
M3
G0 X16.324 Y50.065
M5
G0 X16.324 Y49.482
M3
G0 X15.158 Y49.482
M5
G0 X15.158 Y48.899
M3
G0 X16.324 Y48.899
M5
G0 X16.324 Y48.316
M3
G0 X15.158 Y48.316
M5
G0 X15.158 Y47.733
M3
G0 X16.324 Y47.733
M5
G0 X16.251 Y47.223
M3
G0 X16.251 Y46.057
M5
G0 X16.324 Y45.984
M3
G0 X14.575 Y45.984
M5
G0 X15.158 Y46.567
M3
G0 X16.324 Y46.567
M5
G0 X16.324 Y47.150
M3
G0 X15.158 Y47.150
M5
G0 X15.668 Y47.223
M3
G0 X15.668 Y46.640
M5
G0 X15.668 Y46.057
M3
G0 X15.668 Y45.474
M5
G0 X15.741 Y44.818
M3
G0 X16.907 Y44.818
M5
G0 X16.980 Y43.725
M3
G0 X16.980 Y43.142
M5
G0 X16.397 Y43.142
M3
G0 X16.397 Y90.365
M5
G0 X16.324 Y90.292
M3
G0 X15.158 Y90.292
M5
G0 X15.158 Y89.709
M3
G0 X16.324 Y89.709
M5
G0 X16.324 Y89.126
M3
G0 X15.158 Y89.126
M5
G0 X15.158 Y88.543
M3
G0 X16.324 Y88.543
M5
G0 X16.324 Y87.960
M3
G0 X15.158 Y87.960
M5
G0 X15.158 Y87.377
M3
G0 X16.324 Y87.377
M5
G0 X16.324 Y86.794
M3
G0 X15.158 Y86.794
M5
G0 X15.158 Y86.211
M3
G0 X16.324 Y86.211
M5
G0 X16.324 Y85.628
M3
G0 X15.158 Y85.628
M5
G0 X15.158 Y85.045
M3
G0 X16.324 Y85.045
M5
G0 X16.324 Y84.462
M3
G0 X15.158 Y84.462
M5
G0 X15.158 Y83.879
M3
G0 X16.324 Y83.879
M5
G0 X16.324 Y83.296
M3
G0 X15.158 Y83.296
M5
G0 X15.158 Y82.713
M3
G0 X16.324 Y82.713
M5
G0 X16.324 Y82.130
M3
G0 X15.158 Y82.130
M5
G0 X15.158 Y81.547
M3
G0 X16.324 Y81.547
M5
G0 X16.324 Y80.964
M3
G0 X15.158 Y80.964
M5
G0 X15.158 Y80.381
M3
G0 X16.324 Y80.381
M5
G0 X16.324 Y79.798
M3
G0 X15.158 Y79.798
M5
G0 X15.158 Y79.215
M3
G0 X16.324 Y79.215
M5
G0 X16.324 Y78.632
M3
G0 X15.158 Y78.632
M5
G0 X15.158 Y78.049
M3
G0 X16.324 Y78.049
M5
G0 X16.324 Y77.466
M3
G0 X15.158 Y77.466
M5
G0 X15.158 Y76.883
M3
G0 X16.907 Y76.883
M5
G0 X16.324 Y76.300
M3
G0 X15.158 Y76.300
M5
G0 X15.158 Y75.717
M3
G0 X16.324 Y75.717
M5
G0 X16.324 Y75.134
M3
G0 X15.158 Y75.134
M5
G0 X10.494 Y76.737
M3
G0 X111.353 Y76.737
M5
G0 X111.353 Y77.320
M3
G0 X10.494 Y77.320
M5
G0 X10.494 Y77.903
M3
G0 X111.353 Y77.903
M5
G0 X109.968 Y79.871
M3
G0 X109.968 Y0.000
M5
G0 X109.823 Y0.000
M3
G0 X109.823 Y146.916
M5
G0 X110.406 Y146.333
M3
G0 X110.406 Y0.000
M5
G0 X110.551 Y0.000
M3
G0 X110.551 Y69.960
M5
G0 X109.604 Y70.033
M3
G0 X105.523 Y70.033
M5
G0 X105.523 Y69.450
M3
G0 X109.604 Y69.450
M5
G0 X109.604 Y68.867
M3
G0 X105.523 Y68.867
M5
G0 X105.523 Y68.284
M3
G0 X109.604 Y68.284
M5
G0 X109.604 Y67.701
M3
G0 X105.523 Y67.701
M5
G0 X105.523 Y67.118
M3
G0 X109.604 Y67.118
M5
G0 X109.604 Y66.535
M3
G0 X105.523 Y66.535
M5
G0 X105.523 Y65.952
M3
G0 X109.604 Y65.952
M5
G0 X109.604 Y65.369
M3
G0 X105.523 Y65.369
M5
G0 X105.523 Y64.786
M3
G0 X109.604 Y64.786
M5
G0 X109.604 Y64.203
M3
G0 X105.523 Y64.203
M5
G0 X104.940 Y63.620
M3
G0 X109.604 Y63.620
M5
G0 X109.604 Y63.037
M3
G0 X104.940 Y63.037
M5
G0 X104.940 Y62.454
M3
G0 X107.272 Y62.454
M5
G0 X107.272 Y61.871
M3
G0 X104.940 Y61.871
M5
G0 X105.523 Y61.288
M3
G0 X107.272 Y61.288
M5
G0 X107.272 Y60.705
M3
G0 X105.523 Y60.705
M5
G0 X105.523 Y60.122
M3
G0 X106.689 Y60.122
M5
G0 X106.689 Y59.539
M3
G0 X105.523 Y59.539
M5
G0 X104.940 Y58.956
M3
G0 X106.106 Y58.956
M5
G0 X106.106 Y58.373
M3
G0 X104.940 Y58.373
M5
G0 X104.940 Y57.790
M3
G0 X106.106 Y57.790
M5
G0 X106.106 Y57.207
M3
G0 X104.940 Y57.207
M5
G0 X104.940 Y56.624
M3
G0 X106.106 Y56.624
M5
G0 X106.106 Y56.041
M3
G0 X104.940 Y56.041
M5
G0 X104.940 Y55.458
M3
G0 X105.523 Y55.458
M5
G0 X105.523 Y54.875
M3
G0 X104.357 Y54.875
M5
G0 X106.470 Y51.887
M3
G0 X106.470 Y86.284
M5
G0 X107.053 Y86.284
M3
G0 X107.053 Y29.733
M5
G0 X106.470 Y30.316
M3
G0 X106.470 Y51.304
M5
G0 X105.887 Y51.304
M3
G0 X105.887 Y87.450
M5
G0 X104.721 Y88.033
M3
G0 X104.721 Y28.567
M5
G0 X105.304 Y28.567
M3
G0 X105.304 Y88.616
M5
G0 X104.138 Y88.033
M3
G0 X104.138 Y28.567
M5
G0 X103.191 Y29.806
M3
G0 X102.025 Y29.806
M5
G0 X101.442 Y30.389
M3
G0 X103.191 Y30.389
M5
G0 X103.774 Y30.972
M3
G0 X101.442 Y30.972
M5
G0 X100.276 Y30.972
M3
G0 X90.948 Y30.972
M5
G0 X90.948 Y30.389
M3
G0 X99.693 Y30.389
M5
G0 X99.110 Y29.806
M3
G0 X90.948 Y29.806
M5
G0 X90.948 Y29.223
M3
G0 X96.778 Y29.223
M5
G0 X96.195 Y28.640
M3
G0 X90.948 Y28.640
M5
G0 X90.948 Y28.057
M3
G0 X96.195 Y28.057
M5
G0 X95.612 Y27.474
M3
G0 X90.948 Y27.474
M5
G0 X90.948 Y26.891
M3
G0 X95.612 Y26.891
M5
G0 X95.612 Y26.308
M3
G0 X90.948 Y26.308
M5
G0 X90.948 Y25.725
M3
G0 X95.612 Y25.725
M5
G0 X95.612 Y25.142
M3
G0 X90.948 Y25.142
M5
G0 X90.948 Y24.559
M3
G0 X96.195 Y24.559
M5
G0 X96.195 Y23.976
M3
G0 X90.948 Y23.976
M5
G0 X90.948 Y23.393
M3
G0 X96.195 Y23.393
M5
G0 X96.778 Y22.810
M3
G0 X90.948 Y22.810
M5
G0 X90.948 Y22.227
M3
G0 X96.778 Y22.227
M5
G0 X96.778 Y21.644
M3
G0 X90.948 Y21.644
M5
G0 X90.948 Y21.061
M3
G0 X96.778 Y21.061
M5
G0 X96.778 Y20.478
M3
G0 X90.948 Y20.478
M5
G0 X90.948 Y19.895
M3
G0 X96.778 Y19.895
M5
G0 X96.778 Y19.312
M3
G0 X90.948 Y19.312
M5
G0 X90.948 Y18.729
M3
G0 X96.778 Y18.729
M5
G0 X96.195 Y18.146
M3
G0 X90.948 Y18.146
M5
G0 X90.948 Y17.563
M3
G0 X96.195 Y17.563
M5
G0 X96.195 Y16.980
M3
G0 X90.948 Y16.980
M5
G0 X90.948 Y16.397
M3
G0 X96.195 Y16.397
M5
G0 X95.612 Y15.814
M3
G0 X90.948 Y15.814
M5
G0 X90.948 Y15.231
M3
G0 X95.612 Y15.231
M5
G0 X95.612 Y14.648
M3
G0 X90.948 Y14.648
M5
G0 X90.948 Y14.065
M3
G0 X95.612 Y14.065
M5
G0 X95.612 Y13.482
M3
G0 X90.948 Y13.482
M5
G0 X90.948 Y12.899
M3
G0 X95.612 Y12.899
M5
G0 X95.612 Y12.316
M3
G0 X90.948 Y12.316
M5
G0 X90.948 Y11.733
M3
G0 X95.612 Y11.733
M5
G0 X95.612 Y11.150
M3
G0 X90.948 Y11.150
M5
G0 X90.948 Y9.401
M3
G0 X114.851 Y9.401
M5
G0 X115.434 Y9.401
M3
G0 X121.847 Y9.401
M5
G0 X122.430 Y9.401
M3
G0 X137.588 Y9.401
M5
G0 X137.588 Y7.652
M3
G0 X90.948 Y7.652
M5
G0 X90.948 Y7.069
M3
G0 X137.588 Y7.069
M5
G0 X137.078 Y6.996
M3
G0 X137.078 Y0.000
M5
G0 X137.224 Y0.000
M3
G0 X137.224 Y244.860
M5
G0 X137.369 Y244.860
M3
G0 X137.369 Y188.309
M5
G0 X137.588 Y188.090
M3
G0 X90.948 Y188.090
M5
G0 X91.312 Y187.726
M3
G0 X91.312 Y160.325
M5
G0 X90.729 Y160.325
M3
G0 X90.729 Y159.742
M5
G0 X90.729 Y159.159
M3
G0 X90.729 Y158.576
M5
G0 X90.729 Y157.993
M3
G0 X90.729 Y156.827
M5
G0 X88.980 Y156.827
M3
G0 X88.980 Y156.244
M5
G0 X88.980 Y155.661
M3
G0 X88.980 Y68.211
M5
G0 X89.199 Y67.992
M3
G0 X9.911 Y67.992
M5
G0 X9.911 Y67.409
M3
G0 X89.199 Y67.409
M5
G0 X89.199 Y66.826
M3
G0 X9.911 Y66.826
M5
G0 X9.911 Y66.243
M3
G0 X88.616 Y66.243
M5
G0 X88.616 Y65.660
M3
G0 X9.911 Y65.660
M5
G0 X9.911 Y65.077
M3
G0 X137.588 Y65.077
M5
G0 X137.588 Y64.932
M3
G0 X0.000 Y64.932
M5
G0 X0.000 Y64.349
M3
G0 X137.588 Y64.349
M5
G0 X137.588 Y64.494
M3
G0 X9.911 Y64.494
M5
G0 X9.911 Y63.911
M3
G0 X137.588 Y63.911
M5
G0 X137.588 Y63.766
M3
G0 X0.000 Y63.766
M5
G0 X0.000 Y63.183
M3
G0 X137.588 Y63.183
M5
G0 X137.588 Y63.328
M3
G0 X9.911 Y63.328
M5
G0 X9.911 Y62.745
M3
G0 X137.588 Y62.745
M5
G0 X137.588 Y62.600
M3
G0 X0.000 Y62.600
M5
G0 X0.000 Y62.017
M3
G0 X137.588 Y62.017
M5
G0 X137.588 Y62.162
M3
G0 X9.911 Y62.162
M5
G0 X9.911 Y61.579
M3
G0 X86.284 Y61.579
M5
G0 X86.065 Y61.798
M3
G0 X86.065 Y160.325
M5
G0 X86.065 Y160.908
M3
G0 X86.065 Y162.074
M5
G0 X84.535 Y160.981
M3
G0 X23.903 Y160.981
M5
G0 X23.903 Y160.398
M3
G0 X41.393 Y160.398
M5
G0 X40.883 Y160.325
M3
G0 X40.883 Y143.418
M5
G0 X41.393 Y143.345
M3
G0 X41.976 Y143.345
M5
G0 X42.559 Y142.908
M3
G0 X38.478 Y142.908
M5
G0 X38.478 Y142.325
M3
G0 X41.976 Y142.325
M5
G0 X41.976 Y141.742
M3
G0 X38.478 Y141.742
M5
G0 X38.478 Y141.159
M3
G0 X41.393 Y141.159
M5
G0 X40.883 Y141.086
M3
G0 X40.883 Y142.835
M5
G0 X40.300 Y142.252
M3
G0 X40.300 Y140.503
M5
G0 X41.393 Y140.430
M3
G0 X42.559 Y140.430
M5
G0 X42.632 Y140.503
M3
G0 X42.632 Y141.669
M5
G0 X42.559 Y141.596
M3
G0 X43.725 Y141.596
M5
G0 X43.798 Y141.669
M3
G0 X43.798 Y142.835
M5
G0 X43.725 Y142.762
M3
G0 X44.891 Y142.762
M5
G0 X44.964 Y142.835
M3
G0 X44.964 Y145.167
M5
G0 X44.891 Y145.240
M3
G0 X43.142 Y145.240
M5
G0 X42.559 Y145.240
M3
G0 X38.478 Y145.240
M5
G0 X40.300 Y145.167
M3
G0 X40.300 Y145.750
M5
G0 X40.300 Y146.916
M3
G0 X40.300 Y148.082
M5
G0 X40.300 Y148.665
M3
G0 X40.300 Y150.414
M5
G0 X40.300 Y151.580
M3
G0 X40.300 Y181.896
M5
G0 X40.227 Y181.823
M3
G0 X38.478 Y181.823
M5
G0 X38.478 Y181.240
M3
G0 X49.555 Y181.240
M5
G0 X49.555 Y180.657
M3
G0 X38.478 Y180.657
M5
G0 X38.478 Y180.074
M3
G0 X49.555 Y180.074
M5
G0 X50.138 Y180.074
M3
G0 X52.470 Y180.074
M5
G0 X51.887 Y179.491
M3
G0 X38.478 Y179.491
M5
G0 X38.988 Y179.564
M3
G0 X38.988 Y178.398
M5
G0 X38.405 Y178.398
M3
G0 X38.405 Y177.815
M5
G0 X37.822 Y177.815
M3
G0 X37.822 Y174.900
M5
G0 X37.239 Y174.900
M3
G0 X37.239 Y176.649
M5
G0 X36.729 Y177.159
M3
G0 X41.393 Y177.159
M5
G0 X41.976 Y177.159
M3
G0 X50.721 Y177.159
M5
G0 X50.721 Y177.742
M3
G0 X37.312 Y177.742
M5
G0 X36.802 Y177.815
M3
G0 X36.802 Y159.742
M5
G0 X36.219 Y160.325
M3
G0 X36.219 Y244.860
M5
G0 X36.365 Y244.860
M3
G0 X36.365 Y0.000
M5
G0 X36.510 Y0.000
M3
G0 X36.510 Y244.860
M5
G0 X36.948 Y244.860
M3
G0 X36.948 Y0.000
M5
G0 X37.093 Y0.000
M3
G0 X37.093 Y30.316
M5
G0 X37.093 Y30.899
M3
G0 X37.093 Y244.860
M5
G0 X37.531 Y244.860
M3
G0 X37.531 Y0.000
M5
G0 X37.676 Y0.000
M3
G0 X37.676 Y37.312
M5
G0 X38.478 Y36.802
M3
G0 X40.810 Y36.802
M5
G0 X40.810 Y36.219
M3
G0 X38.478 Y36.219
M5
G0 X38.478 Y36.073
M3
G0 X39.061 Y36.073
M5
G0 X39.061 Y35.490
M3
G0 X38.478 Y35.490
M5
G0 X38.478 Y35.636
M3
G0 X40.810 Y35.636
M5
G0 X41.174 Y36.146
M3
G0 X41.174 Y33.814
M5
G0 X40.810 Y33.887
M3
G0 X38.478 Y33.887
M5
G0 X38.478 Y33.741
M3
G0 X39.061 Y33.741
M5
G0 X39.061 Y33.158
M3
G0 X38.478 Y33.158
M5
G0 X38.478 Y33.304
M3
G0 X39.644 Y33.304
M5
G0 X39.644 Y32.721
M3
G0 X38.478 Y32.721
M5
G0 X38.478 Y32.575
M3
G0 X39.061 Y32.575
M5
G0 X39.061 Y31.992
M3
G0 X38.478 Y31.992
M5
G0 X38.478 Y32.138
M3
G0 X39.644 Y32.138
M5
G0 X39.644 Y31.555
M3
G0 X38.478 Y31.555
M5
G0 X38.478 Y31.409
M3
G0 X39.061 Y31.409
M5
G0 X39.061 Y30.826
M3
G0 X38.478 Y30.826
M5
G0 X38.478 Y30.972
M3
G0 X39.644 Y30.972
M5
G0 X39.644 Y30.389
M3
G0 X38.478 Y30.389
M5
G0 X38.478 Y30.243
M3
G0 X39.061 Y30.243
M5
G0 X39.061 Y29.660
M3
G0 X38.478 Y29.660
M5
G0 X38.478 Y29.806
M3
G0 X39.644 Y29.806
M5
G0 X39.644 Y29.223
M3
G0 X38.478 Y29.223
M5
G0 X38.478 Y29.077
M3
G0 X39.061 Y29.077
M5
G0 X39.061 Y28.494
M3
G0 X38.478 Y28.494
M5
G0 X38.478 Y28.640
M3
G0 X39.644 Y28.640
M5
G0 X39.644 Y28.057
M3
G0 X38.478 Y28.057
M5
G0 X38.478 Y27.911
M3
G0 X39.061 Y27.911
M5
G0 X39.061 Y27.328
M3
G0 X38.478 Y27.328
M5
G0 X38.478 Y27.474
M3
G0 X39.644 Y27.474
M5
G0 X39.644 Y26.891
M3
G0 X38.478 Y26.891
M5
G0 X38.478 Y26.745
M3
G0 X39.061 Y26.745
M5
G0 X39.061 Y26.162
M3
G0 X38.478 Y26.162
M5
G0 X38.478 Y26.308
M3
G0 X39.644 Y26.308
M5
G0 X39.644 Y25.725
M3
G0 X38.478 Y25.725
M5
G0 X38.478 Y25.579
M3
G0 X39.061 Y25.579
M5
G0 X39.061 Y24.996
M3
G0 X38.478 Y24.996
M5
G0 X38.478 Y25.142
M3
G0 X39.644 Y25.142
M5
G0 X39.644 Y24.559
M3
G0 X38.478 Y24.559
M5
G0 X38.478 Y24.413
M3
G0 X39.061 Y24.413
M5
G0 X39.061 Y23.830
M3
G0 X38.478 Y23.830
M5
G0 X38.478 Y23.976
M3
G0 X39.644 Y23.976
M5
G0 X39.644 Y23.393
M3
G0 X38.478 Y23.393
M5
G0 X36.729 Y23.393
M3
G0 X34.980 Y23.393
M5
G0 X34.761 Y23.320
M3
G0 X34.761 Y244.860
M5
G0 X34.616 Y244.860
M3
G0 X34.616 Y0.000
M5
G0 X34.761 Y0.000
M3
G0 X34.761 Y14.575
M5
G0 X34.980 Y14.648
M3
G0 X36.729 Y14.648
M5
G0 X36.729 Y14.065
M3
G0 X34.980 Y14.065
M5
G0 X34.980 Y13.482
M3
G0 X37.312 Y13.482
M5
G0 X37.312 Y12.899
M3
G0 X34.980 Y12.899
M5
G0 X34.980 Y12.316
M3
G0 X36.729 Y12.316
M5
G0 X36.729 Y11.733
M3
G0 X34.980 Y11.733
M5
G0 X34.980 Y11.150
M3
G0 X37.312 Y11.150
M5
G0 X37.312 Y10.567
M3
G0 X34.980 Y10.567
M5
G0 X34.980 Y9.984
M3
G0 X37.312 Y9.984
M5
G0 X37.312 Y9.401
M3
G0 X34.980 Y9.401
M5
G0 X34.980 Y8.818
M3
G0 X37.312 Y8.818
M5
G0 X37.312 Y8.235
M3
G0 X34.980 Y8.235
M5
G0 X34.980 Y7.652
M3
G0 X37.312 Y7.652
M5
G0 X37.312 Y7.069
M3
G0 X34.980 Y7.069
M5
G0 X34.980 Y6.486
M3
G0 X37.312 Y6.486
M5
G0 X37.312 Y5.903
M3
G0 X34.980 Y5.903
M5
G0 X38.478 Y5.903
M3
G0 X40.227 Y5.903
M5
G0 X40.227 Y6.486
M3
G0 X38.478 Y6.486
M5
G0 X38.478 Y7.069
M3
G0 X40.227 Y7.069
M5
G0 X40.227 Y7.652
M3
G0 X38.478 Y7.652
M5
G0 X38.478 Y8.235
M3
G0 X40.227 Y8.235
M5
G0 X40.810 Y8.818
M3
G0 X38.478 Y8.818
M5
G0 X38.478 Y9.401
M3
G0 X40.227 Y9.401
M5
G0 X40.227 Y9.984
M3
G0 X38.478 Y9.984
M5
G0 X38.478 Y10.567
M3
G0 X40.227 Y10.567
M5
G0 X40.227 Y11.150
M3
G0 X38.478 Y11.150
M5
G0 X38.478 Y11.733
M3
G0 X40.227 Y11.733
M5
G0 X40.227 Y12.316
M3
G0 X38.478 Y12.316
M5
G0 X38.478 Y12.899
M3
G0 X40.227 Y12.899
M5
G0 X40.227 Y13.482
M3
G0 X38.478 Y13.482
M5
G0 X38.478 Y14.065
M3
G0 X40.227 Y14.065
M5
G0 X40.227 Y14.648
M3
G0 X38.478 Y14.648
M5
G0 X38.478 Y15.231
M3
G0 X40.227 Y15.231
M5
G0 X42.559 Y16.688
M3
G0 X4.664 Y16.688
M5
G0 X4.664 Y17.271
M3
G0 X5.830 Y17.271
M5
G0 X5.830 Y17.854
M3
G0 X5.247 Y17.854
M5
G0 X5.247 Y18.437
M3
G0 X8.162 Y18.437
M5
G0 X8.162 Y19.020
M3
G0 X4.081 Y19.020
M5
G0 X4.081 Y19.603
M3
G0 X8.162 Y19.603
M5
G0 X8.162 Y20.186
M3
G0 X4.081 Y20.186
M5
G0 X3.498 Y20.769
M3
G0 X8.162 Y20.769
M5
G0 X8.162 Y21.352
M3
G0 X3.498 Y21.352
M5
G0 X2.915 Y21.352
M3
G0 X0.000 Y21.352
M5
G0 X0.000 Y21.207
M3
G0 X137.588 Y21.207
M5
G0 X137.588 Y21.352
M3
G0 X89.199 Y21.352
M5
G0 X89.199 Y21.935
M3
G0 X137.588 Y21.935
M5
G0 X137.588 Y21.790
M3
G0 X0.000 Y21.790
M5
G0 X0.000 Y21.935
M3
G0 X8.162 Y21.935
M5
G0 X8.162 Y22.518
M3
G0 X6.413 Y22.518
M5
G0 X6.413 Y23.101
M3
G0 X8.162 Y23.101
M5
G0 X8.745 Y22.518
M3
G0 X49.555 Y22.518
M5
G0 X50.138 Y25.142
M3
G0 X51.304 Y25.142
M5
G0 X51.304 Y25.725
M3
G0 X50.138 Y25.725
M5
G0 X50.138 Y26.016
M3
G0 X53.053 Y26.016
M5
G0 X53.053 Y26.599
M3
G0 X50.138 Y26.599
M5
G0 X50.138 Y26.308
M3
G0 X51.304 Y26.308
M5
G0 X51.304 Y26.891
M3
G0 X50.138 Y26.891
M5
G0 X50.138 Y27.182
M3
G0 X51.887 Y27.182
M5
G0 X51.887 Y27.765
M3
G0 X50.138 Y27.765
M5
G0 X50.138 Y27.474
M3
G0 X51.304 Y27.474
M5
G0 X51.304 Y28.057
M3
G0 X50.138 Y28.057
M5
G0 X50.138 Y28.348
M3
G0 X51.887 Y28.348
M5
G0 X51.887 Y28.931
M3
G0 X50.138 Y28.931
M5
G0 X50.138 Y28.640
M3
G0 X51.304 Y28.640
M5
G0 X52.470 Y28.348
M3
G0 X53.053 Y28.348
M5
G0 X53.053 Y27.765
M3
G0 X52.470 Y27.765
M5
G0 X52.470 Y27.182
M3
G0 X53.053 Y27.182
M5
G0 X53.053 Y28.931
M3
G0 X52.470 Y28.931
M5
G0 X52.470 Y29.514
M3
G0 X53.053 Y29.514
M5
G0 X53.053 Y30.097
M3
G0 X52.470 Y30.097
M5
G0 X51.304 Y31.555
M3
G0 X50.138 Y31.555
M5
G0 X50.138 Y32.138
M3
G0 X51.304 Y32.138
M5
G0 X51.304 Y32.721
M3
G0 X50.138 Y32.721
M5
G0 X48.972 Y35.344
M3
G0 X43.142 Y35.344
M5
G0 X43.142 Y35.927
M3
G0 X48.972 Y35.927
M5
G0 X47.806 Y37.385
M3
G0 X47.223 Y37.385
M5
G0 X47.296 Y37.312
M3
G0 X47.296 Y39.061
M5
G0 X47.223 Y39.134
M3
G0 X47.806 Y39.134
M5
G0 X47.806 Y38.551
M3
G0 X47.223 Y38.551
M5
G0 X47.223 Y37.968
M3
G0 X48.389 Y37.968
M5
G0 X47.223 Y40.591
M3
G0 X79.288 Y40.591
M5
G0 X79.288 Y41.174
M3
G0 X8.745 Y41.174
M5
G0 X8.162 Y41.174
M3
G0 X6.996 Y41.174
M5
G0 X6.413 Y41.174
M3
G0 X5.247 Y41.174
M5
G0 X4.664 Y41.174
M3
G0 X4.081 Y41.174
M5
G0 X4.081 Y41.757
M3
G0 X6.413 Y41.757
M5
G0 X6.996 Y41.757
M3
G0 X8.162 Y41.757
M5
G0 X8.162 Y42.340
M3
G0 X6.996 Y42.340
M5
G0 X6.996 Y42.923
M3
G0 X8.162 Y42.923
M5
G0 X8.162 Y43.506
M3
G0 X6.996 Y43.506
M5
G0 X6.996 Y44.089
M3
G0 X8.162 Y44.089
M5
G0 X7.579 Y44.672
M3
G0 X6.996 Y44.672
M5
G0 X5.830 Y44.672
M3
G0 X4.664 Y44.672
M5
G0 X4.664 Y45.255
M3
G0 X5.830 Y45.255
M5
G0 X5.830 Y45.838
M3
G0 X4.664 Y45.838
M5
G0 X4.664 Y46.421
M3
G0 X5.830 Y46.421
M5
G0 X5.830 Y47.004
M3
G0 X4.664 Y47.004
M5
G0 X4.664 Y47.587
M3
G0 X8.162 Y47.587
M5
G0 X8.162 Y47.004
M3
G0 X6.996 Y47.004
M5
G0 X8.162 Y48.170
M3
G0 X4.664 Y48.170
M5
G0 X5.247 Y48.753
M3
G0 X6.413 Y48.753
M5
G0 X7.579 Y48.753
M3
G0 X8.745 Y48.753
M5
G0 X8.745 Y49.336
M3
G0 X7.579 Y49.336
M5
G0 X7.943 Y49.555
M3
G0 X7.943 Y48.389
M5
G0 X8.162 Y49.919
M3
G0 X7.579 Y49.919
M5
G0 X7.579 Y51.085
M3
G0 X8.162 Y51.085
M5
G0 X8.964 Y51.304
M3
G0 X8.964 Y137.005
M5
G0 X8.745 Y137.369
M3
G0 X0.000 Y137.369
M5
G0 X0.000 Y137.224
M3
G0 X137.588 Y137.224
M5
G0 X137.588 Y137.369
M3
G0 X120.681 Y137.369
M5
G0 X120.681 Y136.786
M3
G0 X137.588 Y136.786
M5
G0 X137.588 Y136.641
M3
G0 X0.000 Y136.641
M5
G0 X0.000 Y136.786
M3
G0 X8.162 Y136.786
M5
G0 X8.162 Y136.495
M3
G0 X6.413 Y136.495
M5
G0 X6.413 Y137.078
M3
G0 X8.162 Y137.078
M5
G0 X7.652 Y137.005
M3
G0 X7.652 Y143.418
M5
G0 X7.579 Y143.491
M3
G0 X9.328 Y143.491
M5
G0 X9.328 Y143.782
M3
G0 X0.000 Y143.782
M5
G0 X0.000 Y144.074
M3
G0 X1.166 Y144.074
M5
G0 X1.166 Y144.657
M3
G0 X0.000 Y144.657
M5
G0 X0.000 Y145.240
M3
G0 X1.166 Y145.240
M5
G0 X1.166 Y145.823
M3
G0 X0.000 Y145.823
M5
G0 X0.000 Y146.406
M3
G0 X1.166 Y146.406
M5
G0 X1.749 Y147.572
M3
G0 X0.000 Y147.572
M5
G0 X0.000 Y148.155
M3
G0 X1.749 Y148.155
M5
G0 X1.749 Y148.738
M3
G0 X0.000 Y148.738
M5
G0 X0.000 Y148.884
M3
G0 X137.588 Y148.884
M5
G0 X137.588 Y149.029
M3
G0 X123.013 Y149.029
M5
G0 X124.543 Y150.414
M3
G0 X124.543 Y180.730
M5
G0 X125.126 Y180.147
M3
G0 X125.126 Y0.000
M5
G0 X124.981 Y0.000
M3
G0 X124.981 Y244.860
M5
G0 X125.126 Y244.860
M3
G0 X125.126 Y194.722
M5
G0 X124.543 Y194.722
M3
G0 X124.543 Y244.860
M5
G0 X124.398 Y244.860
M3
G0 X124.398 Y0.000
M5
G0 X124.543 Y0.000
M3
G0 X124.543 Y144.584
M5
G0 X123.960 Y144.001
M3
G0 X123.960 Y131.758
M5
G0 X123.960 Y130.592
M3
G0 X123.960 Y0.000
M5
G0 X123.815 Y0.000
M3
G0 X123.815 Y244.860
M5
G0 X123.960 Y244.860
M3
G0 X123.960 Y194.722
M5
G0 X123.960 Y193.556
M3
G0 X123.960 Y192.973
M5
G0 X123.377 Y192.973
M3
G0 X123.377 Y244.860
M5
G0 X123.232 Y244.860
M3
G0 X123.232 Y0.000
M5
G0 X123.377 Y0.000
M3
G0 X123.377 Y128.843
M5
G0 X124.762 Y128.916
M3
G0 X137.588 Y128.916
M5
G0 X137.588 Y128.333
M3
G0 X124.762 Y128.333
M5
G0 X124.762 Y127.750
M3
G0 X137.588 Y127.750
M5
G0 X137.588 Y127.167
M3
G0 X124.762 Y127.167
M5
G0 X124.762 Y126.584
M3
G0 X137.588 Y126.584
M5
G0 X137.588 Y126.001
M3
G0 X124.179 Y126.001
M5
G0 X123.596 Y125.418
M3
G0 X137.588 Y125.418
M5
G0 X137.588 Y124.835
M3
G0 X123.596 Y124.835
M5
G0 X123.013 Y124.252
M3
G0 X137.588 Y124.252
M5
G0 X137.588 Y123.669
M3
G0 X123.013 Y123.669
M5
G0 X122.430 Y123.086
M3
G0 X137.588 Y123.086
M5
G0 X137.588 Y122.503
M3
G0 X122.430 Y122.503
M5
G0 X122.430 Y121.920
M3
G0 X137.588 Y121.920
M5
G0 X137.588 Y121.337
M3
G0 X122.430 Y121.337
M5
G0 X123.086 Y121.264
M3
G0 X123.086 Y91.531
M5
G0 X123.669 Y90.948
M3
G0 X123.669 Y123.013
M5
G0 X124.762 Y122.357
M3
G0 X129.426 Y122.357
M5
G0 X130.592 Y121.774
M3
G0 X124.762 Y121.774
M5
G0 X124.762 Y121.191
M3
G0 X130.592 Y121.191
M5
G0 X131.175 Y120.608
M3
G0 X124.762 Y120.608
M5
G0 X124.179 Y120.025
M3
G0 X131.758 Y120.025
M5
G0 X131.758 Y119.442
M3
G0 X124.179 Y119.442
M5
G0 X124.179 Y118.859
M3
G0 X131.758 Y118.859
M5
G0 X131.758 Y118.276
M3
G0 X124.179 Y118.276
M5
G0 X124.179 Y117.693
M3
G0 X131.758 Y117.693
M5
G0 X131.175 Y117.110
M3
G0 X124.179 Y117.110
M5
G0 X124.179 Y116.527
M3
G0 X126.511 Y116.527
M5
G0 X125.928 Y115.944
M3
G0 X124.762 Y115.944
M5
G0 X124.762 Y115.361
M3
G0 X125.345 Y115.361
M5
G0 X122.503 Y114.851
M3
G0 X122.503 Y119.515
M5
G0 X121.847 Y119.588
M3
G0 X137.588 Y119.588
M5
G0 X137.588 Y119.734
M3
G0 X0.000 Y119.734
M5
G0 X0.000 Y119.879
M3
G0 X7.579 Y119.879
M5
G0 X7.579 Y119.296
M3
G0 X0.000 Y119.296
M5
G0 X0.000 Y119.151
M3
G0 X137.588 Y119.151
M5
G0 X137.588 Y119.296
M3
G0 X74.624 Y119.296
M5
G0 X74.624 Y119.005
M3
G0 X91.531 Y119.005
M5
G0 X91.531 Y118.422
M3
G0 X74.624 Y118.422
M5
G0 X74.624 Y118.130
M3
G0 X137.588 Y118.130
M5
G0 X137.588 Y117.985
M3
G0 X0.000 Y117.985
M5
G0 X0.000 Y118.130
M3
G0 X7.579 Y118.130
M5
G0 X7.579 Y117.547
M3
G0 X0.000 Y117.547
M5
G0 X0.000 Y117.402
M3
G0 X137.588 Y117.402
M5
G0 X137.588 Y117.547
M3
G0 X74.624 Y117.547
M5
G0 X74.624 Y117.256
M3
G0 X91.531 Y117.256
M5
G0 X92.114 Y116.673
M3
G0 X74.624 Y116.673
M5
G0 X74.697 Y116.600
M3
G0 X74.697 Y114.851
M5
G0 X74.624 Y114.924
M3
G0 X92.114 Y114.924
M5
G0 X92.114 Y115.507
M3
G0 X74.624 Y115.507
M5
G0 X74.624 Y116.090
M3
G0 X92.114 Y116.090
M5
G0 X92.114 Y117.839
M3
G0 X74.624 Y117.839
M5
G0 X74.624 Y116.964
M3
G0 X137.588 Y116.964
M5
G0 X137.588 Y116.819
M3
G0 X0.000 Y116.819
M5
G0 X0.000 Y116.964
M3
G0 X6.996 Y116.964
M5
G0 X6.777 Y116.600
M3
G0 X6.777 Y118.349
M5
G0 X6.413 Y117.839
M3
G0 X0.000 Y117.839
M5
G0 X0.000 Y117.256
M3
G0 X6.413 Y117.256
M5
G0 X6.413 Y116.673
M3
G0 X5.830 Y116.673
M5
G0 X4.664 Y116.673
M3
G0 X0.583 Y116.673
M5
G0 X0.583 Y116.090
M3
G0 X4.664 Y116.090
M5
G0 X4.664 Y115.507
M3
G0 X0.583 Y115.507
M5
G0 X0.583 Y114.924
M3
G0 X4.664 Y114.924
M5
G0 X5.247 Y114.924
M3
G0 X6.413 Y114.924
M5
G0 X6.413 Y115.507
M3
G0 X5.247 Y115.507
M5
G0 X4.154 Y115.434
M3
G0 X4.154 Y123.013
M5
G0 X4.081 Y123.086
M3
G0 X5.830 Y123.086
M5
G0 X5.830 Y122.503
M3
G0 X4.081 Y122.503
M5
G0 X4.664 Y122.357
M3
G0 X5.247 Y122.357
M5
G0 X5.247 Y121.774
M3
G0 X4.081 Y121.774
M5
G0 X3.498 Y121.920
M3
G0 X5.830 Y121.920
M5
G0 X5.320 Y121.264
M3
G0 X5.320 Y131.175
M5
G0 X5.830 Y131.102
M3
G0 X6.413 Y131.102
M5
G0 X7.579 Y132.122
M3
G0 X0.000 Y132.122
M5
G0 X0.000 Y131.977
M3
G0 X137.588 Y131.977
M5
G0 X137.588 Y132.122
M3
G0 X120.098 Y132.122
M5
G0 X120.681 Y133.871
M3
G0 X137.588 Y133.871
M5
G0 X137.588 Y133.726
M3
G0 X97.361 Y133.726
M5
G0 X97.361 Y133.871
M3
G0 X104.357 Y133.871
M5
G0 X104.357 Y134.454
M3
G0 X72.875 Y134.454
M5
G0 X72.875 Y135.037
M3
G0 X104.357 Y135.037
M5
G0 X104.940 Y135.620
M3
G0 X96.778 Y135.620
M5
G0 X96.851 Y135.256
M3
G0 X96.851 Y134.673
M5
G0 X96.778 Y134.163
M3
G0 X95.612 Y134.163
M5
G0 X95.685 Y134.090
M3
G0 X95.685 Y135.256
M5
G0 X95.612 Y135.329
M3
G0 X95.029 Y135.329
M5
G0 X95.029 Y135.912
M3
G0 X95.612 Y135.912
M5
G0 X95.612 Y136.058
M3
G0 X0.000 Y136.058
M5
G0 X0.000 Y136.203
M3
G0 X8.162 Y136.203
M5
G0 X8.162 Y135.912
M3
G0 X5.830 Y135.912
M5
G0 X5.830 Y135.329
M3
G0 X7.579 Y135.329
M5
G0 X7.579 Y135.183
M3
G0 X6.996 Y135.183
M5
G0 X7.579 Y134.746
M3
G0 X5.830 Y134.746
M5
G0 X5.830 Y134.163
M3
G0 X7.579 Y134.163
M5
G0 X7.579 Y133.580
M3
G0 X5.830 Y133.580
M5
G0 X5.903 Y134.090
M3
G0 X5.903 Y125.928
M5
G0 X6.413 Y126.001
M3
G0 X4.664 Y126.001
M5
G0 X4.664 Y126.584
M3
G0 X6.413 Y126.584
M5
G0 X7.360 Y126.511
M3
G0 X7.360 Y125.928
M5
G0 X7.579 Y125.709
M3
G0 X0.000 Y125.709
M5
G0 X0.000 Y124.835
M3
G0 X2.332 Y124.835
M5
G0 X2.332 Y124.252
M3
G0 X0.000 Y124.252
M5
G0 X0.000 Y123.669
M3
G0 X2.332 Y123.669
M5
G0 X2.332 Y123.086
M3
G0 X0.000 Y123.086
M5
G0 X0.000 Y122.503
M3
G0 X2.332 Y122.503
M5
G0 X2.332 Y121.920
M3
G0 X0.000 Y121.920
M5
G0 X0.000 Y121.337
M3
G0 X2.332 Y121.337
M5
G0 X2.915 Y120.754
M3
G0 X0.000 Y120.754
M5
G0 X0.000 Y120.171
M3
G0 X2.915 Y120.171
M5
G0 X2.915 Y119.588
M3
G0 X0.000 Y119.588
M5
G0 X0.073 Y120.098
M3
G0 X0.073 Y131.758
M5
G0 X0.000 Y131.831
M3
G0 X4.081 Y131.831
M5
G0 X4.081 Y132.414
M3
G0 X0.000 Y132.414
M5
G0 X0.000 Y132.997
M3
G0 X4.664 Y132.997
M5
G0 X4.664 Y133.580
M3
G0 X0.000 Y133.580
M5
G0 X0.000 Y133.726
M3
G0 X96.778 Y133.726
M5
G0 X96.997 Y133.507
M3
G0 X96.997 Y131.758
M5
G0 X97.142 Y131.758
M3
G0 X97.142 Y132.924
M5
G0 X97.361 Y132.851
M3
G0 X96.195 Y132.851
M5
G0 X96.268 Y132.924
M3
G0 X96.268 Y131.758
M5
G0 X96.195 Y131.831
M3
G0 X97.361 Y131.831
M5
G0 X97.580 Y131.758
M3
G0 X97.580 Y244.860
M5
G0 X97.725 Y244.860
M3
G0 X97.725 Y212.795
M5
G0 X97.725 Y212.212
M3
G0 X97.725 Y211.046
M5
G0 X97.142 Y211.046
M3
G0 X97.142 Y244.860
M5
G0 X96.997 Y244.860
M3
G0 X96.997 Y134.090
M5
G0 X96.559 Y134.090
M3
G0 X96.559 Y135.256
M5
G0 X96.778 Y135.183
M3
G0 X96.195 Y135.183
M5
G0 X96.268 Y135.256
M3
G0 X96.268 Y134.673
M5
G0 X96.414 Y134.090
M3
G0 X96.414 Y135.839
M5
G0 X96.778 Y136.058
M3
G0 X137.588 Y136.058
M5
G0 X137.588 Y136.203
M3
G0 X120.681 Y136.203
M5
G0 X120.681 Y135.620
M3
G0 X137.588 Y135.620
M5
G0 X137.588 Y135.475
M3
G0 X0.000 Y135.475
M5
G0 X0.000 Y135.620
M3
G0 X8.162 Y135.620
M5
G0 X7.579 Y135.766
M3
G0 X6.413 Y135.766
M5
G0 X6.996 Y136.349
M3
G0 X7.579 Y136.349
M5
G0 X7.579 Y136.932
M3
G0 X6.996 Y136.932
M5
G0 X6.996 Y137.515
M3
G0 X7.579 Y137.515
M5
G0 X7.579 Y138.098
M3
G0 X6.996 Y138.098
M5
G0 X6.996 Y138.681
M3
G0 X8.162 Y138.681
M5
G0 X8.162 Y138.827
M3
G0 X6.413 Y138.827
M5
G0 X6.413 Y138.244
M3
G0 X8.162 Y138.244
M5
G0 X8.526 Y138.171
M3
G0 X8.526 Y166.738
M5
G0 X8.745 Y166.811
M3
G0 X9.911 Y166.811
M5
G0 X9.328 Y166.228
M3
G0 X8.745 Y166.228
M5
G0 X8.235 Y166.155
M3
G0 X8.235 Y164.406
M5
G0 X8.745 Y164.479
M3
G0 X7.579 Y164.479
M5
G0 X7.360 Y164.406
M3
G0 X7.360 Y177.232
M5
G0 X6.486 Y177.232
M3
G0 X6.486 Y175.483
M5
G0 X5.247 Y175.556
M3
G0 X4.664 Y175.556
M5
G0 X4.664 Y174.973
M3
G0 X5.247 Y174.973
M5
G0 X5.320 Y173.734
M3
G0 X5.320 Y163.823
M5
G0 X5.247 Y163.896
M3
G0 X6.413 Y163.896
M5
G0 X6.413 Y163.313
M3
G0 X5.247 Y163.313
M5
G0 X5.247 Y162.730
M3
G0 X6.413 Y162.730
M5
G0 X6.413 Y163.021
M3
G0 X0.000 Y163.021
M5
G0 X0.000 Y162.876
M3
G0 X137.588 Y162.876
M5
G0 X137.588 Y163.021
M3
G0 X114.268 Y163.021
M5
G0 X114.268 Y162.438
M3
G0 X137.588 Y162.438
M5
G0 X137.588 Y162.293
M3
G0 X0.000 Y162.293
M5
G0 X0.000 Y162.438
M3
G0 X6.413 Y162.438
M5
G0 X6.413 Y162.147
M3
G0 X5.247 Y162.147
M5
G0 X5.247 Y161.564
M3
G0 X6.413 Y161.564
M5
G0 X6.413 Y160.981
M3
G0 X5.247 Y160.981
M5
G0 X4.664 Y160.981
M3
G0 X4.081 Y160.981
M5
G0 X3.862 Y161.491
M3
G0 X3.862 Y102.608
M5
G0 X2.988 Y102.608
M3
G0 X2.988 Y104.940
M5
G0 X3.571 Y104.940
M3
G0 X3.571 Y103.774
M5
G0 X3.498 Y104.284
M3
G0 X2.332 Y104.284
M5
G0 X1.749 Y104.867
M3
G0 X1.166 Y104.867
M5
G0 X1.166 Y105.450
M3
G0 X1.749 Y105.450
M5
G0 X1.166 Y106.033
M3
G0 X2.332 Y106.033
M5
G0 X2.332 Y106.616
M3
G0 X1.166 Y106.616
M5
G0 X0.656 Y106.689
M3
G0 X0.656 Y99.693
M5
G0 X1.166 Y99.766
M3
G0 X0.000 Y99.766
M5
G0 X0.000 Y99.183
M3
G0 X1.166 Y99.183
M5
G0 X1.166 Y98.600
M3
G0 X0.000 Y98.600
M5
G0 X0.000 Y98.746
M3
G0 X137.588 Y98.746
M5
G0 X137.588 Y98.891
M3
G0 X120.681 Y98.891
M5
G0 X120.681 Y98.308
M3
G0 X137.588 Y98.308
M5
G0 X137.588 Y98.163
M3
G0 X0.000 Y98.163
M5
G0 X0.000 Y98.308
M3
G0 X1.166 Y98.308
M5
G0 X1.749 Y98.891
M3
G0 X0.000 Y98.891
M5
G0 X0.000 Y97.434
M3
G0 X0.583 Y97.434
M5
G0 X0.583 Y96.851
M3
G0 X0.000 Y96.851
M5
G0 X0.000 Y96.559
M3
G0 X1.166 Y96.559
M5
G0 X1.166 Y95.976
M3
G0 X0.000 Y95.976
M5
G0 X0.000 Y95.831
M3
G0 X137.588 Y95.831
M5
G0 X137.588 Y95.976
M3
G0 X120.681 Y95.976
M5
G0 X120.681 Y95.393
M3
G0 X137.588 Y95.393
M5
G0 X137.588 Y95.248
M3
G0 X0.000 Y95.248
M5
G0 X0.000 Y95.393
M3
G0 X0.583 Y95.393
M5
G0 X0.364 Y95.612
M3
G0 X0.364 Y151.580
M5
G0 X0.583 Y151.653
M3
G0 X1.749 Y151.653
M5
G0 X1.749 Y151.070
M3
G0 X0.583 Y151.070
M5
G0 X0.583 Y150.487
M3
G0 X1.749 Y150.487
M5
G0 X1.749 Y149.904
M3
G0 X0.583 Y149.904
M5
G0 X0.583 Y149.321
M3
G0 X1.749 Y149.321
M5
G0 X0.000 Y149.029
M3
G0 X10.494 Y149.029
M5
G0 X9.911 Y149.758
M3
G0 X9.328 Y149.758
M5
G0 X9.328 Y150.341
M3
G0 X9.911 Y150.341
M5
G0 X9.911 Y149.904
M3
G0 X7.579 Y149.904
M5
G0 X7.579 Y149.321
M3
G0 X8.162 Y149.321
M5
G0 X8.162 Y148.738
M3
G0 X7.579 Y148.738
M5
G0 X6.996 Y149.904
M3
G0 X5.830 Y149.904
M5
G0 X5.830 Y150.487
M3
G0 X6.996 Y150.487
M5
G0 X6.413 Y151.070
M3
G0 X5.830 Y151.070
M5
G0 X5.830 Y151.653
M3
G0 X6.413 Y151.653
M5
G0 X6.413 Y152.236
M3
G0 X5.830 Y152.236
M5
G0 X5.830 Y152.819
M3
G0 X6.413 Y152.819
M5
G0 X6.413 Y153.402
M3
G0 X5.830 Y153.402
M5
G0 X5.830 Y153.985
M3
G0 X6.413 Y153.985
M5
G0 X6.413 Y154.568
M3
G0 X5.830 Y154.568
M5
G0 X4.081 Y154.568
M3
G0 X2.332 Y154.568
M5
G0 X1.749 Y154.568
M3
G0 X1.166 Y154.568
M5
G0 X1.166 Y153.985
M3
G0 X1.749 Y153.985
M5
G0 X1.749 Y153.402
M3
G0 X1.166 Y153.402
M5
G0 X1.166 Y152.819
M3
G0 X1.749 Y152.819
M5
G0 X1.749 Y152.236
M3
G0 X1.166 Y152.236
M5
G0 X0.000 Y152.965
M3
G0 X137.588 Y152.965
M5
G0 X137.588 Y153.110
M3
G0 X122.430 Y153.110
M5
G0 X120.900 Y152.746
M3
G0 X120.900 Y244.860
M5
G0 X121.045 Y244.860
M3
G0 X121.045 Y170.236
M5
G0 X120.462 Y170.236
M3
G0 X120.462 Y244.860
M5
G0 X120.317 Y244.860
M3
G0 X120.317 Y153.912
M5
G0 X122.430 Y154.859
M3
G0 X137.588 Y154.859
M5
G0 X137.588 Y154.714
M3
G0 X0.000 Y154.714
M5
G0 X0.000 Y153.110
M3
G0 X11.077 Y153.110
M5
G0 X11.660 Y153.110
M3
G0 X92.114 Y153.110
M5
G0 X92.114 Y153.693
M3
G0 X11.660 Y153.693
M5
G0 X12.024 Y153.912
M3
G0 X12.024 Y147.499
M5
G0 X11.660 Y145.823
M3
G0 X11.077 Y145.823
M5
G0 X10.494 Y144.948
M3
G0 X11.660 Y144.948
M5
G0 X11.660 Y144.657
M3
G0 X11.077 Y144.657
M5
G0 X11.077 Y144.074
M3
G0 X10.494 Y144.074
M5
G0 X10.494 Y144.365
M3
G0 X11.660 Y144.365
M5
G0 X10.567 Y143.418
M3
G0 X10.567 Y142.252
M5
G0 X10.494 Y142.325
M3
G0 X11.077 Y142.325
M5
G0 X11.077 Y142.033
M3
G0 X9.911 Y142.033
M5
G0 X9.911 Y141.450
M3
G0 X11.077 Y141.450
M5
G0 X11.077 Y141.159
M3
G0 X10.494 Y141.159
M5
G0 X10.275 Y141.086
M3
G0 X10.275 Y137.588
M5
G0 X10.494 Y137.369
M3
G0 X9.328 Y137.369
M5
G0 X9.328 Y136.786
M3
G0 X9.911 Y136.786
M5
G0 X9.911 Y136.203
M3
G0 X9.328 Y136.203
M5
G0 X9.692 Y135.256
M3
G0 X9.692 Y138.171
M5
G0 X9.328 Y137.952
M3
G0 X10.494 Y137.952
M5
G0 X10.494 Y138.535
M3
G0 X9.328 Y138.535
M5
G0 X8.745 Y137.952
M3
G0 X0.000 Y137.952
M5
G0 X0.000 Y137.807
M3
G0 X137.588 Y137.807
M5
G0 X137.588 Y137.952
M3
G0 X121.264 Y137.952
M5
G0 X121.264 Y138.535
M3
G0 X137.588 Y138.535
M5
G0 X137.588 Y138.390
M3
G0 X96.195 Y138.390
M5
G0 X96.559 Y138.171
M3
G0 X96.559 Y137.005
M5
G0 X96.195 Y136.786
M3
G0 X72.875 Y136.786
M5
G0 X72.875 Y136.495
M3
G0 X74.041 Y136.495
M5
G0 X74.041 Y136.349
M3
G0 X73.458 Y136.349
M5
G0 X73.458 Y135.912
M3
G0 X74.041 Y135.912
M5
G0 X74.041 Y135.766
M3
G0 X73.458 Y135.766
M5
G0 X73.458 Y135.329
M3
G0 X74.041 Y135.329
M5
G0 X73.968 Y135.256
M3
G0 X73.968 Y134.673
M5
G0 X74.041 Y134.600
M3
G0 X73.458 Y134.600
M5
G0 X73.458 Y134.746
M3
G0 X74.624 Y134.746
M5
G0 X75.207 Y134.746
M3
G0 X89.199 Y134.746
M5
G0 X89.782 Y132.997
M3
G0 X75.207 Y132.997
M5
G0 X75.207 Y132.414
M3
G0 X89.782 Y132.414
M5
G0 X89.782 Y131.831
M3
G0 X75.790 Y131.831
M5
G0 X75.790 Y131.685
M3
G0 X76.373 Y131.685
M5
G0 X76.373 Y131.102
M3
G0 X75.790 Y131.102
M5
G0 X75.790 Y131.248
M3
G0 X90.365 Y131.248
M5
G0 X90.365 Y130.665
M3
G0 X75.790 Y130.665
M5
G0 X75.790 Y130.519
M3
G0 X76.373 Y130.519
M5
G0 X76.300 Y130.592
M3
G0 X76.300 Y132.341
M5
G0 X76.373 Y132.268
M3
G0 X75.790 Y132.268
M5
G0 X75.790 Y132.851
M3
G0 X76.373 Y132.851
M5
G0 X76.373 Y133.434
M3
G0 X75.790 Y133.434
M5
G0 X75.790 Y134.017
M3
G0 X76.373 Y134.017
M5
G0 X76.446 Y134.090
M3
G0 X76.446 Y165.572
M5
G0 X75.863 Y166.155
M3
G0 X75.863 Y126.511
M5
G0 X75.790 Y126.584
M3
G0 X76.956 Y126.584
M5
G0 X76.956 Y126.001
M3
G0 X75.790 Y126.001
M5
G0 X75.790 Y126.292
M3
G0 X97.944 Y126.292
M5
G0 X97.725 Y126.511
M3
G0 X97.725 Y128.260
M5
G0 X97.580 Y128.260
M3
G0 X97.580 Y0.000
M5
G0 X97.725 Y0.000
M3
G0 X97.725 Y23.903
M5
G0 X95.102 Y23.320
M3
G0 X95.102 Y20.405
M5
G0 X94.519 Y20.405
M3
G0 X94.519 Y23.320
M5
G0 X93.936 Y23.320
M3
G0 X93.936 Y24.486
M5
G0 X92.187 Y23.320
M3
G0 X92.187 Y25.652
M5
G0 X90.146 Y26.235
M3
G0 X90.146 Y29.733
M5
G0 X89.199 Y29.514
M3
G0 X137.588 Y29.514
M5
G0 X137.588 Y29.369
M3
G0 X0.000 Y29.369
M5
G0 X0.000 Y29.514
M3
G0 X2.915 Y29.514
M5
G0 X2.915 Y28.931
M3
G0 X0.000 Y28.931
M5
G0 X0.000 Y28.786
M3
G0 X137.588 Y28.786
M5
G0 X137.588 Y28.931
M3
G0 X89.199 Y28.931
M5
G0 X89.199 Y28.348
M3
G0 X137.588 Y28.348
M5
G0 X137.588 Y28.203
M3
G0 X0.000 Y28.203
M5
G0 X0.000 Y28.348
M3
G0 X2.915 Y28.348
M5
G0 X3.498 Y27.765
M3
G0 X0.000 Y27.765
M5
G0 X0.000 Y27.620
M3
G0 X137.588 Y27.620
M5
G0 X137.588 Y27.765
M3
G0 X89.199 Y27.765
M5
G0 X89.199 Y27.182
M3
G0 X137.588 Y27.182
M5
G0 X137.588 Y27.037
M3
G0 X0.000 Y27.037
M5
G0 X0.000 Y27.182
M3
G0 X3.498 Y27.182
M5
G0 X4.664 Y27.182
M3
G0 X8.162 Y27.182
M5
G0 X8.162 Y26.599
M3
G0 X0.000 Y26.599
M5
G0 X0.000 Y26.454
M3
G0 X137.588 Y26.454
M5
G0 X137.588 Y26.599
M3
G0 X89.199 Y26.599
M5
G0 X89.199 Y26.016
M3
G0 X137.588 Y26.016
M5
G0 X137.588 Y25.871
M3
G0 X0.000 Y25.871
M5
G0 X0.000 Y26.016
M3
G0 X8.162 Y26.016
M5
G0 X8.162 Y25.433
M3
G0 X0.000 Y25.433
M5
G0 X0.000 Y25.288
M3
G0 X137.588 Y25.288
M5
G0 X137.588 Y25.433
M3
G0 X89.199 Y25.433
M5
G0 X89.199 Y24.850
M3
G0 X137.588 Y24.850
M5
G0 X137.588 Y24.705
M3
G0 X0.000 Y24.705
M5
G0 X0.000 Y24.850
M3
G0 X8.162 Y24.850
M5
G0 X7.360 Y25.069
M3
G0 X7.360 Y35.563
M5
G0 X7.943 Y34.980
M3
G0 X7.943 Y28.567
M5
G0 X8.162 Y28.348
M3
G0 X6.996 Y28.348
M5
G0 X6.996 Y28.931
M3
G0 X8.162 Y28.931
M5
G0 X8.745 Y28.931
M3
G0 X42.559 Y28.931
M5
G0 X42.559 Y28.348
M3
G0 X8.745 Y28.348
M5
G0 X8.745 Y27.474
M3
G0 X18.656 Y27.474
M5
G0 X18.656 Y26.891
M3
G0 X8.745 Y26.891
M5
G0 X8.745 Y26.599
M3
G0 X49.555 Y26.599
M5
G0 X49.555 Y27.182
M3
G0 X8.745 Y27.182
M5
G0 X8.745 Y26.308
M3
G0 X18.656 Y26.308
M5
G0 X20.769 Y23.320
M3
G0 X20.769 Y21.571
M5
G0 X16.907 Y22.081
M3
G0 X16.324 Y22.081
M5
G0 X14.065 Y23.903
M3
G0 X14.065 Y25.069
M5
G0 X8.745 Y26.016
M3
G0 X49.555 Y26.016
M5
G0 X54.219 Y23.976
M3
G0 X54.802 Y23.976
M5
G0 X57.717 Y22.810
M3
G0 X73.458 Y22.810
M5
G0 X73.458 Y22.227
M3
G0 X57.717 Y22.227
M5
G0 X57.717 Y21.644
M3
G0 X73.458 Y21.644
M5
G0 X73.458 Y21.061
M3
G0 X57.717 Y21.061
M5
G0 X57.717 Y20.478
M3
G0 X73.458 Y20.478
M5
G0 X73.458 Y19.895
M3
G0 X57.717 Y19.895
M5
G0 X57.717 Y19.312
M3
G0 X72.875 Y19.312
M5
G0 X72.875 Y18.729
M3
G0 X57.717 Y18.729
M5
G0 X57.717 Y18.146
M3
G0 X72.875 Y18.146
M5
G0 X72.875 Y17.563
M3
G0 X57.717 Y17.563
M5
G0 X57.717 Y16.980
M3
G0 X72.875 Y16.980
M5
G0 X72.875 Y16.397
M3
G0 X57.717 Y16.397
M5
G0 X57.717 Y15.814
M3
G0 X72.875 Y15.814
M5
G0 X72.875 Y15.231
M3
G0 X57.717 Y15.231
M5
G0 X57.717 Y14.648
M3
G0 X72.875 Y14.648
M5
G0 X71.199 Y17.490
M3
G0 X71.199 Y18.656
M5
G0 X70.616 Y18.656
M3
G0 X70.616 Y17.490
M5
G0 X69.450 Y18.656
M3
G0 X69.450 Y15.741
M5
G0 X68.867 Y15.158
M3
G0 X68.867 Y18.073
M5
G0 X68.284 Y18.073
M3
G0 X68.284 Y15.158
M5
G0 X67.701 Y15.158
M3
G0 X67.701 Y18.073
M5
G0 X67.118 Y18.656
M3
G0 X67.118 Y15.158
M5
G0 X66.535 Y15.158
M3
G0 X66.535 Y18.656
M5
G0 X65.952 Y18.656
M3
G0 X65.952 Y15.741
M5
G0 X65.369 Y17.490
M3
G0 X65.369 Y18.656
M5
G0 X61.288 Y19.239
M3
G0 X61.288 Y21.571
M5
G0 X60.632 Y20.915
M3
G0 X58.883 Y20.915
M5
G0 X58.883 Y21.498
M3
G0 X60.049 Y21.498
M5
G0 X60.049 Y22.081
M3
G0 X59.466 Y22.081
M5
G0 X59.466 Y22.664
M3
G0 X60.049 Y22.664
M5
G0 X60.049 Y23.247
M3
G0 X59.466 Y23.247
M5
G0 X59.466 Y20.332
M3
G0 X60.049 Y20.332
M5
G0 X60.049 Y19.749
M3
G0 X59.466 Y19.749
M5
G0 X59.466 Y19.166
M3
G0 X60.049 Y19.166
M5
G0 X60.049 Y18.583
M3
G0 X58.883 Y18.583
M5
G0 X58.883 Y18.000
M3
G0 X60.049 Y18.000
M5
G0 X60.049 Y17.417
M3
G0 X58.883 Y17.417
M5
G0 X58.883 Y16.834
M3
G0 X60.049 Y16.834
M5
G0 X57.134 Y16.688
M3
G0 X86.867 Y16.688
M5
G0 X86.867 Y17.271
M3
G0 X57.134 Y17.271
M5
G0 X56.551 Y17.271
M3
G0 X53.636 Y17.271
M5
G0 X53.053 Y17.271
M3
G0 X50.138 Y17.271
M5
G0 X50.138 Y16.980
M3
G0 X51.887 Y16.980
M5
G0 X51.887 Y17.563
M3
G0 X50.138 Y17.563
M5
G0 X50.138 Y17.854
M3
G0 X53.053 Y17.854
M5
G0 X53.636 Y17.854
M3
G0 X55.968 Y17.854
M5
G0 X57.134 Y17.854
M3
G0 X86.867 Y17.854
M5
G0 X86.867 Y18.437
M3
G0 X57.134 Y18.437
M5
G0 X57.134 Y19.020
M3
G0 X86.867 Y19.020
M5
G0 X86.867 Y19.603
M3
G0 X57.134 Y19.603
M5
G0 X57.134 Y20.186
M3
G0 X86.867 Y20.186
M5
G0 X85.701 Y19.895
M3
G0 X85.118 Y19.895
M5
G0 X85.118 Y19.312
M3
G0 X85.701 Y19.312
M5
G0 X85.701 Y18.729
M3
G0 X85.118 Y18.729
M5
G0 X85.118 Y18.146
M3
G0 X85.701 Y18.146
M5
G0 X85.701 Y17.563
M3
G0 X84.535 Y17.563
M5
G0 X84.535 Y16.980
M3
G0 X86.284 Y16.980
M5
G0 X86.284 Y16.397
M3
G0 X83.952 Y16.397
M5
G0 X83.952 Y15.814
M3
G0 X86.284 Y15.814
M5
G0 X87.450 Y16.105
M3
G0 X57.134 Y16.105
M5
G0 X57.134 Y15.522
M3
G0 X88.033 Y15.522
M5
G0 X89.199 Y15.522
M3
G0 X137.588 Y15.522
M5
G0 X137.588 Y15.668
M3
G0 X135.839 Y15.668
M5
G0 X135.256 Y15.668
M3
G0 X132.924 Y15.668
M5
G0 X132.341 Y16.251
M3
G0 X137.588 Y16.251
M5
G0 X137.588 Y16.105
M3
G0 X89.199 Y16.105
M5
G0 X89.199 Y16.688
M3
G0 X137.588 Y16.688
M5
G0 X137.588 Y16.543
M3
G0 X0.000 Y16.543
M5
G0 X0.000 Y16.688
M3
G0 X2.332 Y16.688
M5
G0 X2.332 Y16.105
M3
G0 X0.000 Y16.105
M5
G0 X0.000 Y15.960
M3
G0 X137.588 Y15.960
M5
G0 X137.588 Y15.814
M3
G0 X102.025 Y15.814
M5
G0 X102.025 Y15.231
M3
G0 X137.588 Y15.231
M5
G0 X137.588 Y15.377
M3
G0 X0.000 Y15.377
M5
G0 X0.000 Y15.522
M3
G0 X2.332 Y15.522
M5
G0 X2.332 Y17.271
M3
G0 X0.000 Y17.271
M5
G0 X0.000 Y17.126
M3
G0 X137.588 Y17.126
M5
G0 X137.588 Y17.271
M3
G0 X89.199 Y17.271
M5
G0 X89.199 Y17.854
M3
G0 X137.588 Y17.854
M5
G0 X137.588 Y17.709
M3
G0 X0.000 Y17.709
M5
G0 X0.000 Y17.854
M3
G0 X2.332 Y17.854
M5
G0 X2.332 Y18.437
M3
G0 X0.000 Y18.437
M5
G0 X0.000 Y18.292
M3
G0 X137.588 Y18.292
M5
G0 X137.588 Y18.437
M3
G0 X89.199 Y18.437
M5
G0 X89.199 Y19.020
M3
G0 X137.588 Y19.020
M5
G0 X137.588 Y18.875
M3
G0 X0.000 Y18.875
M5
G0 X0.000 Y19.020
M3
G0 X2.915 Y19.020
M5
G0 X2.915 Y19.603
M3
G0 X0.000 Y19.603
M5
G0 X0.000 Y19.458
M3
G0 X137.588 Y19.458
M5
G0 X137.588 Y19.603
M3
G0 X89.199 Y19.603
M5
G0 X89.199 Y20.186
M3
G0 X137.588 Y20.186
M5
G0 X137.588 Y20.041
M3
G0 X0.000 Y20.041
M5
G0 X0.000 Y20.186
M3
G0 X2.332 Y20.186
M5
G0 X2.332 Y20.769
M3
G0 X0.000 Y20.769
M5
G0 X0.000 Y20.624
M3
G0 X137.588 Y20.624
M5
G0 X137.588 Y20.769
M3
G0 X89.199 Y20.769
M5
G0 X89.199 Y22.518
M3
G0 X137.588 Y22.518
M5
G0 X137.588 Y22.373
M3
G0 X0.000 Y22.373
M5
G0 X0.000 Y22.518
M3
G0 X5.830 Y22.518
M5
G0 X5.830 Y23.101
M3
G0 X0.000 Y23.101
M5
G0 X0.000 Y22.956
M3
G0 X137.588 Y22.956
M5
G0 X137.588 Y23.101
M3
G0 X89.199 Y23.101
M5
G0 X93.353 Y17.490
M3
G0 X93.353 Y9.328
M5
G0 X93.353 Y8.162
M3
G0 X93.353 Y0.000
M5
G0 X93.061 Y0.000
M3
G0 X93.061 Y75.790
M5
G0 X93.061 Y76.373
M3
G0 X93.061 Y132.924
M5
G0 X93.644 Y132.924
M3
G0 X93.644 Y134.090
M5
G0 X94.227 Y133.507
M3
G0 X94.227 Y134.673
M5
G0 X95.612 Y135.620
M3
G0 X72.875 Y135.620
M5
G0 X73.239 Y135.256
M3
G0 X73.239 Y187.143
M5
G0 X73.677 Y187.726
M3
G0 X73.677 Y125.928
M5
G0 X74.041 Y126.001
M3
G0 X75.207 Y126.001
M5
G0 X75.426 Y125.928
M3
G0 X75.426 Y124.179
M5
G0 X75.207 Y124.252
M3
G0 X74.041 Y124.252
M5
G0 X74.041 Y123.960
M3
G0 X75.207 Y123.960
M5
G0 X75.207 Y123.669
M3
G0 X74.041 Y123.669
M5
G0 X74.041 Y123.377
M3
G0 X75.207 Y123.377
M5
G0 X75.207 Y122.794
M3
G0 X74.041 Y122.794
M5
G0 X74.041 Y122.503
M3
G0 X75.207 Y122.503
M5
G0 X75.207 Y122.357
M3
G0 X74.624 Y122.357
M5
G0 X74.041 Y122.211
M3
G0 X75.207 Y122.211
M5
G0 X74.697 Y124.179
M3
G0 X74.697 Y118.932
M5
G0 X74.624 Y118.713
M3
G0 X137.588 Y118.713
M5
G0 X137.588 Y118.568
M3
G0 X0.000 Y118.568
M5
G0 X0.000 Y118.713
M3
G0 X7.579 Y118.713
M5
G0 X8.162 Y118.713
M3
G0 X8.745 Y118.713
M5
G0 X8.745 Y118.130
M3
G0 X8.162 Y118.130
M5
G0 X8.162 Y117.547
M3
G0 X8.745 Y117.547
M5
G0 X6.996 Y116.381
M3
G0 X0.000 Y116.381
M5
G0 X0.000 Y116.236
M3
G0 X137.588 Y116.236
M5
G0 X137.588 Y116.381
M3
G0 X74.624 Y116.381
M5
G0 X75.280 Y116.600
M3
G0 X75.280 Y117.183
M5
G0 X75.863 Y116.600
M3
G0 X75.863 Y118.349
M5
G0 X76.446 Y119.515
M3
G0 X76.446 Y116.600
M5
G0 X78.705 Y116.527
M3
G0 X82.786 Y116.527
M5
G0 X82.786 Y115.944
M3
G0 X79.288 Y115.944
M5
G0 X79.288 Y115.361
M3
G0 X82.786 Y115.361
M5
G0 X82.786 Y114.778
M3
G0 X79.288 Y114.778
M5
G0 X79.288 Y114.195
M3
G0 X82.786 Y114.195
M5
G0 X82.786 Y113.612
M3
G0 X79.288 Y113.612
M5
G0 X79.288 Y113.029
M3
G0 X82.203 Y113.029
M5
G0 X82.203 Y112.446
M3
G0 X79.288 Y112.446
M5
G0 X79.288 Y111.863
M3
G0 X80.454 Y111.863
M5
G0 X80.454 Y111.280
M3
G0 X78.705 Y111.280
M5
G0 X78.705 Y110.697
M3
G0 X79.871 Y110.697
M5
G0 X79.871 Y110.114
M3
G0 X78.705 Y110.114
M5
G0 X79.288 Y109.531
M3
G0 X79.871 Y109.531
M5
G0 X79.871 Y108.948
M3
G0 X79.288 Y108.948
M5
G0 X79.288 Y108.365
M3
G0 X79.871 Y108.365
M5
G0 X79.871 Y107.782
M3
G0 X79.288 Y107.782
M5
G0 X78.122 Y107.782
M3
G0 X76.956 Y107.782
M5
G0 X76.956 Y107.928
M3
G0 X94.446 Y107.928
M5
G0 X94.446 Y107.345
M3
G0 X76.956 Y107.345
M5
G0 X76.737 Y107.855
M3
G0 X76.737 Y43.142
M5
G0 X77.320 Y43.725
M3
G0 X77.320 Y105.523
M5
G0 X76.956 Y106.179
M3
G0 X40.227 Y106.179
M5
G0 X40.227 Y108.511
M3
G0 X75.790 Y108.511
M5
G0 X75.790 Y108.219
M3
G0 X11.660 Y108.219
M5
G0 X11.660 Y109.385
M3
G0 X116.017 Y109.385
M5
G0 X116.017 Y107.636
M3
G0 X76.373 Y107.636
M5
G0 X76.956 Y108.511
M3
G0 X94.446 Y108.511
M5
G0 X93.863 Y109.094
M3
G0 X40.227 Y109.094
M5
G0 X40.227 Y110.843
M3
G0 X75.207 Y110.843
M5
G0 X74.988 Y110.770
M3
G0 X74.988 Y111.936
M5
G0 X75.207 Y112.009
M3
G0 X92.697 Y112.009
M5
G0 X92.697 Y112.592
M3
G0 X75.207 Y112.592
M5
G0 X76.446 Y111.936
M3
G0 X76.446 Y109.021
M5
G0 X75.207 Y108.948
M3
G0 X74.624 Y108.948
M5
G0 X74.697 Y109.021
M3
G0 X74.697 Y72.292
M5
G0 X74.114 Y72.292
M3
G0 X74.114 Y78.122
M5
G0 X73.531 Y76.956
M3
G0 X73.531 Y72.292
M5
G0 X72.948 Y71.709
M3
G0 X72.948 Y74.041
M5
G0 X72.365 Y72.875
M3
G0 X72.365 Y71.126
M5
G0 X72.948 Y70.543
M3
G0 X72.948 Y42.559
M5
G0 X72.875 Y42.486
M3
G0 X51.304 Y42.486
M5
G0 X50.065 Y43.725
M3
G0 X50.065 Y44.891
M5
G0 X50.065 Y45.474
M3
G0 X50.065 Y47.223
M5
G0 X49.482 Y47.223
M3
G0 X49.482 Y46.057
M5
G0 X48.899 Y46.057
M3
G0 X48.899 Y46.640
M5
G0 X48.316 Y46.057
M3
G0 X48.316 Y45.474
M5
G0 X47.733 Y45.474
M3
G0 X47.733 Y46.057
M5
G0 X47.223 Y45.984
M3
G0 X69.960 Y45.984
M5
G0 X68.721 Y46.640
M3
G0 X68.721 Y47.223
M5
G0 X68.721 Y47.806
M3
G0 X68.721 Y48.972
M5
G0 X68.138 Y48.389
M3
G0 X68.138 Y46.640
M5
G0 X69.887 Y49.555
M3
G0 X69.887 Y50.721
M5
G0 X70.470 Y50.721
M3
G0 X70.470 Y50.138
M5
G0 X71.053 Y50.721
M3
G0 X71.053 Y51.304
M5
G0 X71.636 Y51.887
M3
G0 X71.636 Y52.470
M5
G0 X72.219 Y52.470
M3
G0 X72.219 Y53.636
M5
G0 X72.292 Y52.980
M3
G0 X67.045 Y52.980
M5
G0 X67.045 Y52.397
M3
G0 X72.292 Y52.397
M5
G0 X72.875 Y52.397
M3
G0 X74.041 Y52.397
M5
G0 X74.041 Y51.814
M3
G0 X66.462 Y51.814
M5
G0 X68.721 Y51.304
M3
G0 X68.721 Y53.636
M5
G0 X69.304 Y54.219
M3
G0 X69.304 Y52.470
M5
G0 X69.887 Y53.636
M3
G0 X69.887 Y54.219
M5
G0 X68.794 Y54.729
M3
G0 X71.709 Y54.729
M5
G0 X71.709 Y55.312
M3
G0 X69.377 Y55.312
M5
G0 X69.450 Y55.968
M3
G0 X69.450 Y40.227
M5
G0 X69.960 Y40.737
M3
G0 X54.219 Y40.737
M5
G0 X54.729 Y40.810
M3
G0 X54.729 Y41.976
M5
G0 X54.729 Y42.559
M3
G0 X54.729 Y43.725
M5
G0 X54.146 Y43.725
M3
G0 X54.146 Y41.393
M5
G0 X53.563 Y41.393
M3
G0 X53.563 Y44.308
M5
G0 X53.563 Y44.891
M3
G0 X53.563 Y46.057
M5
G0 X52.980 Y46.057
M3
G0 X52.980 Y45.474
M5
G0 X52.397 Y45.474
M3
G0 X52.397 Y47.223
M5
G0 X51.814 Y47.223
M3
G0 X51.814 Y46.057
M5
G0 X52.980 Y47.223
M3
G0 X52.980 Y50.721
M5
G0 X52.980 Y51.304
M3
G0 X52.980 Y53.636
M5
G0 X53.563 Y53.636
M3
G0 X53.563 Y51.304
M5
G0 X53.563 Y50.721
M3
G0 X53.563 Y47.223
M5
G0 X54.146 Y47.223
M3
G0 X54.146 Y50.721
M5
G0 X54.729 Y50.721
M3
G0 X54.729 Y47.223
M5
G0 X54.729 Y46.640
M3
G0 X54.729 Y44.891
M5
G0 X55.312 Y44.891
M3
G0 X55.312 Y53.053
M5
G0 X55.895 Y53.053
M3
G0 X55.895 Y44.891
M5
G0 X56.478 Y44.308
M3
G0 X56.478 Y46.057
M5
G0 X57.061 Y46.057
M3
G0 X57.061 Y43.725
M5
G0 X57.644 Y43.725
M3
G0 X57.644 Y46.057
M5
G0 X57.644 Y46.640
M3
G0 X57.644 Y52.470
M5
G0 X57.061 Y52.470
M3
G0 X57.061 Y46.640
M5
G0 X56.478 Y47.223
M3
G0 X56.478 Y53.053
M5
G0 X54.729 Y53.053
M3
G0 X54.729 Y51.304
M5
G0 X54.146 Y51.887
M3
G0 X54.146 Y53.636
M5
G0 X54.875 Y54.802
M3
G0 X54.875 Y39.644
M5
G0 X54.000 Y39.644
M3
G0 X54.000 Y134.673
M5
G0 X54.219 Y134.600
M3
G0 X54.802 Y134.600
M5
G0 X54.802 Y134.163
M3
G0 X54.219 Y134.163
M5
G0 X54.219 Y134.017
M3
G0 X54.802 Y134.017
M5
G0 X53.636 Y133.580
M3
G0 X39.644 Y133.580
M5
G0 X40.810 Y133.434
M3
G0 X41.976 Y133.434
M5
G0 X41.976 Y132.851
M3
G0 X40.810 Y132.851
M5
G0 X40.810 Y132.268
M3
G0 X41.976 Y132.268
M5
G0 X41.976 Y131.685
M3
G0 X40.810 Y131.685
M5
G0 X40.810 Y131.102
M3
G0 X41.976 Y131.102
M5
G0 X42.559 Y130.519
M3
G0 X40.810 Y130.519
M5
G0 X40.810 Y129.936
M3
G0 X42.559 Y129.936
M5
G0 X43.142 Y129.353
M3
G0 X40.810 Y129.353
M5
G0 X40.810 Y128.770
M3
G0 X43.142 Y128.770
M5
G0 X43.725 Y128.187
M3
G0 X40.810 Y128.187
M5
G0 X40.810 Y127.604
M3
G0 X43.725 Y127.604
M5
G0 X44.308 Y127.021
M3
G0 X40.810 Y127.021
M5
G0 X40.810 Y126.438
M3
G0 X44.308 Y126.438
M5
G0 X44.891 Y125.855
M3
G0 X41.393 Y125.855
M5
G0 X41.903 Y125.928
M3
G0 X41.903 Y116.600
M5
G0 X41.393 Y116.527
M3
G0 X46.640 Y116.527
M5
G0 X46.640 Y116.090
M3
G0 X40.227 Y116.090
M5
G0 X40.883 Y116.600
M3
G0 X40.883 Y137.005
M5
G0 X41.393 Y136.932
M3
G0 X41.976 Y136.932
M5
G0 X42.049 Y137.005
M3
G0 X42.049 Y138.171
M5
G0 X42.340 Y138.754
M3
G0 X42.340 Y136.422
M5
G0 X41.976 Y136.495
M3
G0 X39.061 Y136.495
M5
G0 X39.061 Y137.078
M3
G0 X42.559 Y137.078
M5
G0 X42.559 Y137.515
M3
G0 X41.976 Y137.515
M5
G0 X41.466 Y137.005
M3
G0 X41.466 Y111.936
M5
G0 X42.486 Y111.936
M3
G0 X42.486 Y121.264
M5
G0 X43.142 Y121.191
M3
G0 X41.393 Y121.191
M5
G0 X41.393 Y120.608
M3
G0 X43.142 Y120.608
M5
G0 X43.069 Y120.681
M3
G0 X43.069 Y117.183
M5
G0 X43.069 Y116.600
M3
G0 X43.069 Y109.604
M5
G0 X44.235 Y111.936
M3
G0 X44.235 Y118.932
M5
G0 X44.891 Y118.859
M3
G0 X41.393 Y118.859
M5
G0 X41.393 Y118.276
M3
G0 X44.891 Y118.276
M5
G0 X44.964 Y118.349
M3
G0 X44.964 Y104.940
M5
G0 X45.474 Y105.450
M3
G0 X60.632 Y105.450
M5
G0 X61.798 Y104.867
M3
G0 X69.960 Y104.867
M5
G0 X70.543 Y104.284
M3
G0 X64.713 Y104.284
M5
G0 X64.713 Y103.701
M3
G0 X71.126 Y103.701
M5
G0 X71.709 Y103.118
M3
G0 X65.296 Y103.118
M5
G0 X65.296 Y102.535
M3
G0 X71.709 Y102.535
M5
G0 X72.292 Y101.952
M3
G0 X65.296 Y101.952
M5
G0 X67.045 Y101.369
M3
G0 X69.377 Y101.369
M5
G0 X69.377 Y100.786
M3
G0 X67.628 Y100.786
M5
G0 X67.628 Y100.203
M3
G0 X68.794 Y100.203
M5
G0 X69.960 Y101.369
M3
G0 X72.875 Y101.369
M5
G0 X72.875 Y100.786
M3
G0 X72.292 Y100.786
M5
G0 X71.709 Y100.786
M3
G0 X70.543 Y100.786
M5
G0 X73.458 Y100.203
M3
G0 X74.041 Y100.203
M5
G0 X75.207 Y100.203
M3
G0 X76.373 Y100.203
M5
G0 X75.790 Y98.454
M3
G0 X82.203 Y98.454
M5
G0 X82.130 Y97.944
M3
G0 X82.130 Y95.029
M5
G0 X81.547 Y94.446
M3
G0 X81.547 Y97.944
M5
G0 X80.964 Y97.944
M3
G0 X80.964 Y96.778
M5
G0 X80.964 Y96.195
M3
G0 X80.964 Y94.446
M5
G0 X80.381 Y94.446
M3
G0 X80.381 Y96.195
M5
G0 X79.798 Y96.195
M3
G0 X79.798 Y92.697
M5
G0 X79.215 Y92.697
M3
G0 X79.215 Y89.782
M5
G0 X78.632 Y92.114
M3
G0 X78.632 Y94.446
M5
G0 X78.049 Y93.863
M3
G0 X78.049 Y92.114
M5
G0 X77.466 Y92.697
M3
G0 X77.466 Y93.280
M5
G0 X79.215 Y93.280
M3
G0 X79.215 Y95.029
M5
G0 X78.632 Y96.195
M3
G0 X78.632 Y96.778
M5
G0 X80.381 Y97.361
M3
G0 X80.381 Y97.944
M5
G0 X80.454 Y99.037
M3
G0 X85.701 Y99.037
M5
G0 X85.118 Y98.454
M3
G0 X83.369 Y98.454
M5
G0 X83.296 Y97.361
M3
G0 X83.296 Y96.195
M5
G0 X83.879 Y96.195
M3
G0 X83.879 Y97.361
M5
G0 X82.713 Y97.361
M3
G0 X82.713 Y96.195
M5
G0 X82.276 Y97.944
M3
G0 X82.276 Y68.211
M5
G0 X82.203 Y69.304
M3
G0 X81.620 Y69.304
M5
G0 X81.620 Y69.887
M3
G0 X79.288 Y69.887
M5
G0 X78.705 Y69.304
M3
G0 X80.454 Y69.304
M5
G0 X80.454 Y68.721
M3
G0 X78.122 Y68.721
M5
G0 X77.539 Y68.138
M3
G0 X78.705 Y68.138
M5
G0 X78.122 Y67.555
M3
G0 X76.373 Y67.555
M5
G0 X76.956 Y66.972
M3
G0 X75.207 Y66.972
M5
G0 X74.624 Y66.972
M3
G0 X71.126 Y66.972
M5
G0 X71.126 Y66.389
M3
G0 X74.041 Y66.389
M5
G0 X74.041 Y65.806
M3
G0 X75.790 Y65.806
M5
G0 X76.373 Y66.389
M3
G0 X74.624 Y66.389
M5
G0 X74.551 Y67.045
M3
G0 X74.551 Y67.628
M5
G0 X75.207 Y67.555
M3
G0 X71.709 Y67.555
M5
G0 X71.199 Y67.628
M3
G0 X71.199 Y60.049
M5
G0 X71.782 Y60.049
M3
G0 X71.782 Y41.393
M5
G0 X71.199 Y41.393
M3
G0 X71.199 Y58.883
M5
G0 X70.616 Y58.883
M3
G0 X70.616 Y67.628
M5
G0 X70.033 Y67.628
M3
G0 X70.033 Y58.300
M5
G0 X70.033 Y57.134
M3
G0 X70.033 Y40.810
M5
G0 X68.867 Y39.644
M3
G0 X68.867 Y55.968
M5
G0 X68.867 Y56.551
M3
G0 X68.867 Y63.547
M5
G0 X69.377 Y63.474
M3
G0 X69.960 Y63.474
M5
G0 X69.960 Y64.057
M3
G0 X70.543 Y64.057
M5
G0 X71.126 Y63.474
M3
G0 X73.458 Y63.474
M5
G0 X74.624 Y64.057
M3
G0 X71.709 Y64.057
M5
G0 X72.292 Y64.640
M3
G0 X69.960 Y64.640
M5
G0 X69.960 Y65.223
M3
G0 X72.292 Y65.223
M5
G0 X72.875 Y64.640
M3
G0 X74.624 Y64.640
M5
G0 X74.624 Y65.223
M3
G0 X73.458 Y65.223
M5
G0 X72.875 Y65.806
M3
G0 X70.543 Y65.806
M5
G0 X71.053 Y65.296
M3
G0 X71.053 Y64.713
M5
G0 X69.450 Y65.296
M3
G0 X69.450 Y57.134
M5
G0 X69.960 Y56.478
M3
G0 X73.458 Y56.478
M5
G0 X72.875 Y55.895
M3
G0 X69.960 Y55.895
M5
G0 X70.543 Y57.061
M3
G0 X72.292 Y57.061
M5
G0 X72.875 Y57.061
M3
G0 X74.041 Y57.061
M5
G0 X74.624 Y57.644
M3
G0 X72.875 Y57.644
M5
G0 X72.292 Y57.644
M3
G0 X71.126 Y57.644
M5
G0 X73.458 Y58.227
M3
G0 X74.624 Y58.227
M5
G0 X74.624 Y58.810
M3
G0 X74.041 Y58.810
M5
G0 X75.207 Y59.393
M3
G0 X75.790 Y59.393
M5
G0 X75.790 Y59.976
M3
G0 X75.207 Y59.976
M5
G0 X75.280 Y58.300
M3
G0 X75.280 Y71.126
M5
G0 X74.697 Y71.709
M3
G0 X74.697 Y50.721
M5
G0 X74.697 Y50.138
M3
G0 X74.697 Y43.725
M5
G0 X74.624 Y43.652
M3
G0 X49.555 Y43.652
M5
G0 X49.628 Y43.142
M3
G0 X49.628 Y83.369
M5
G0 X49.045 Y83.369
M3
G0 X49.045 Y43.142
M5
G0 X48.462 Y43.142
M3
G0 X48.462 Y83.952
M5
G0 X46.713 Y85.118
M3
G0 X46.713 Y45.474
M5
G0 X47.223 Y45.401
M3
G0 X74.041 Y45.401
M5
G0 X73.458 Y44.818
M3
G0 X75.207 Y44.818
M5
G0 X75.280 Y44.308
M3
G0 X75.280 Y50.721
M5
G0 X75.280 Y51.304
M3
G0 X75.280 Y54.219
M5
G0 X75.207 Y54.729
M3
G0 X74.624 Y54.729
M5
G0 X74.624 Y54.146
M3
G0 X74.041 Y54.146
M5
G0 X74.041 Y53.563
M3
G0 X74.624 Y53.563
M5
G0 X74.041 Y52.980
M3
G0 X73.458 Y52.980
M5
G0 X74.624 Y51.814
M3
G0 X75.207 Y51.814
M5
G0 X75.207 Y52.980
M3
G0 X75.790 Y52.980
M5
G0 X75.280 Y54.802
M3
G0 X75.280 Y57.717
M5
G0 X75.207 Y55.895
M3
G0 X75.790 Y55.895
M5
G0 X73.458 Y55.312
M3
G0 X72.292 Y55.312
M5
G0 X72.292 Y54.729
M3
G0 X73.458 Y54.729
M5
G0 X78.778 Y53.636
M3
G0 X78.778 Y51.304
M5
G0 X79.871 Y51.231
M3
G0 X80.454 Y51.231
M5
G0 X81.037 Y51.960
M3
G0 X42.559 Y51.960
M5
G0 X43.652 Y53.053
M3
G0 X43.652 Y57.134
M5
G0 X43.069 Y55.968
M3
G0 X43.069 Y60.049
M5
G0 X43.069 Y60.632
M3
G0 X43.069 Y61.798
M5
G0 X44.891 Y61.725
M3
G0 X50.721 Y61.725
M5
G0 X50.721 Y62.308
M3
G0 X44.891 Y62.308
M5
G0 X45.474 Y62.891
M3
G0 X50.138 Y62.891
M5
G0 X50.138 Y63.474
M3
G0 X45.474 Y63.474
M5
G0 X45.474 Y64.057
M3
G0 X46.057 Y64.057
M5
G0 X47.733 Y64.130
M3
G0 X47.733 Y62.381
M5
G0 X47.150 Y61.798
M3
G0 X47.150 Y60.632
M5
G0 X46.567 Y60.632
M3
G0 X46.567 Y54.219
M5
G0 X45.401 Y54.219
M3
G0 X45.401 Y52.470
M5
G0 X46.567 Y52.470
M3
G0 X46.567 Y51.304
M5
G0 X47.150 Y51.304
M3
G0 X47.150 Y52.470
M5
G0 X47.150 Y53.053
M3
G0 X47.150 Y59.466
M5
G0 X47.733 Y60.049
M3
G0 X47.733 Y51.304
M5
G0 X48.316 Y49.555
M3
G0 X48.316 Y60.632
M5
G0 X48.899 Y61.215
M3
G0 X48.899 Y49.555
M5
G0 X49.482 Y50.138
M3
G0 X49.482 Y57.134
M5
G0 X50.065 Y57.134
M3
G0 X50.065 Y52.470
M5
G0 X50.648 Y53.053
M3
G0 X50.648 Y55.385
M5
G0 X51.231 Y54.802
M3
G0 X51.231 Y53.053
M5
G0 X51.231 Y51.887
M3
G0 X51.231 Y50.138
M5
G0 X51.231 Y49.555
M3
G0 X51.231 Y48.972
M5
G0 X50.648 Y48.972
M3
G0 X50.648 Y49.555
M5
G0 X50.648 Y50.721
M3
G0 X50.648 Y51.887
M5
G0 X50.065 Y51.304
M3
G0 X50.065 Y50.721
M5
G0 X51.814 Y50.721
M3
G0 X51.814 Y54.219
M5
G0 X52.397 Y54.219
M3
G0 X52.397 Y50.721
M5
G0 X52.397 Y49.555
M3
G0 X52.397 Y48.389
M5
G0 X51.814 Y48.389
M3
G0 X51.814 Y49.555
M5
G0 X54.146 Y46.640
M3
G0 X54.146 Y45.474
M5
G0 X55.312 Y43.725
M3
G0 X55.312 Y42.559
M5
G0 X55.312 Y41.976
M3
G0 X55.312 Y40.810
M5
G0 X55.895 Y40.810
M3
G0 X55.895 Y43.725
M5
G0 X56.478 Y42.559
M3
G0 X56.478 Y40.810
M5
G0 X57.061 Y40.810
M3
G0 X57.061 Y42.559
M5
G0 X57.644 Y42.559
M3
G0 X57.644 Y40.810
M5
G0 X58.227 Y40.227
M3
G0 X58.227 Y41.393
M5
G0 X58.227 Y41.976
M3
G0 X58.227 Y42.559
M5
G0 X58.227 Y43.725
M3
G0 X58.227 Y46.057
M5
G0 X58.810 Y46.057
M3
G0 X58.810 Y43.725
M5
G0 X59.393 Y43.725
M3
G0 X59.393 Y46.057
M5
G0 X58.227 Y46.640
M3
G0 X58.227 Y47.806
M5
G0 X58.227 Y48.972
M3
G0 X58.227 Y53.053
M5
G0 X58.956 Y54.219
M3
G0 X58.956 Y39.061
M5
G0 X59.539 Y39.061
M3
G0 X59.539 Y54.219
M5
G0 X60.122 Y54.802
M3
G0 X60.122 Y39.644
M5
G0 X60.705 Y39.644
M3
G0 X60.705 Y55.385
M5
G0 X64.130 Y57.061
M3
G0 X65.296 Y57.061
M5
G0 X65.369 Y56.551
M3
G0 X65.369 Y67.045
M5
G0 X65.296 Y67.118
M3
G0 X62.381 Y67.118
M5
G0 X62.381 Y66.535
M3
G0 X88.033 Y66.535
M5
G0 X88.033 Y67.118
M3
G0 X65.879 Y67.118
M5
G0 X65.879 Y66.972
M3
G0 X67.045 Y66.972
M5
G0 X67.045 Y67.555
M3
G0 X66.462 Y67.555
M5
G0 X65.806 Y66.462
M3
G0 X65.806 Y65.879
M5
G0 X66.462 Y65.223
M3
G0 X67.628 Y65.223
M5
G0 X67.555 Y65.296
M3
G0 X67.555 Y65.879
M5
G0 X68.211 Y65.806
M3
G0 X64.713 Y65.806
M5
G0 X64.130 Y66.389
M3
G0 X68.211 Y66.389
M5
G0 X68.284 Y65.879
M3
G0 X68.284 Y68.794
M5
G0 X68.867 Y68.794
M3
G0 X68.867 Y67.045
M5
G0 X69.450 Y67.628
M3
G0 X69.450 Y66.462
M5
G0 X68.284 Y65.296
M3
G0 X68.284 Y64.713
M5
G0 X67.045 Y64.057
M3
G0 X63.547 Y64.057
M5
G0 X63.037 Y63.547
M3
G0 X63.037 Y65.296
M5
G0 X62.454 Y65.296
M3
G0 X62.454 Y64.130
M5
G0 X62.964 Y64.640
M3
G0 X65.296 Y64.640
M5
G0 X65.223 Y64.130
M3
G0 X65.223 Y63.547
M5
G0 X64.640 Y63.547
M3
G0 X64.640 Y64.130
M5
G0 X64.130 Y63.474
M3
G0 X67.045 Y63.474
M5
G0 X67.045 Y62.891
M3
G0 X65.879 Y62.891
M5
G0 X65.806 Y62.964
M3
G0 X65.806 Y64.130
M5
G0 X66.389 Y63.547
M3
G0 X66.389 Y62.964
M5
G0 X65.879 Y62.308
M3
G0 X67.045 Y62.308
M5
G0 X66.462 Y61.142
M3
G0 X65.879 Y61.142
M5
G0 X65.879 Y59.976
M3
G0 X65.296 Y59.976
M5
G0 X65.296 Y59.393
M3
G0 X65.879 Y59.393
M5
G0 X65.879 Y58.810
M3
G0 X64.713 Y58.810
M5
G0 X64.713 Y58.227
M3
G0 X65.296 Y58.227
M5
G0 X65.296 Y57.644
M3
G0 X64.130 Y57.644
M5
G0 X63.620 Y59.466
M3
G0 X63.620 Y39.061
M5
G0 X63.547 Y38.551
M3
G0 X67.045 Y38.551
M5
G0 X66.389 Y39.644
M3
G0 X66.389 Y40.227
M5
G0 X65.806 Y40.227
M3
G0 X65.806 Y39.644
M5
G0 X64.203 Y39.061
M3
G0 X64.203 Y60.632
M5
G0 X64.130 Y61.871
M3
G0 X85.701 Y61.871
M5
G0 X85.701 Y61.288
M3
G0 X60.632 Y61.288
M5
G0 X60.049 Y60.122
M3
G0 X56.551 Y60.122
M5
G0 X55.968 Y61.288
M3
G0 X37.895 Y61.288
M5
G0 X37.312 Y61.288
M3
G0 X24.486 Y61.288
M5
G0 X24.486 Y60.705
M3
G0 X37.312 Y60.705
M5
G0 X37.312 Y61.871
M3
G0 X24.486 Y61.871
M5
G0 X23.903 Y61.871
M3
G0 X20.988 Y61.871
M5
G0 X20.988 Y62.454
M3
G0 X23.320 Y62.454
M5
G0 X23.320 Y63.037
M3
G0 X20.988 Y63.037
M5
G0 X20.988 Y63.620
M3
G0 X23.903 Y63.620
M5
G0 X24.486 Y63.037
M3
G0 X37.312 Y63.037
M5
G0 X37.312 Y62.454
M3
G0 X24.486 Y62.454
M5
G0 X24.559 Y62.964
M3
G0 X24.559 Y60.632
M5
G0 X24.486 Y59.539
M3
G0 X37.312 Y59.539
M5
G0 X37.312 Y58.956
M3
G0 X24.486 Y58.956
M5
G0 X24.486 Y58.373
M3
G0 X37.312 Y58.373
M5
G0 X37.312 Y57.790
M3
G0 X24.486 Y57.790
M5
G0 X24.486 Y57.207
M3
G0 X37.312 Y57.207
M5
G0 X37.312 Y56.624
M3
G0 X24.486 Y56.624
M5
G0 X24.486 Y56.041
M3
G0 X37.312 Y56.041
M5
G0 X37.312 Y55.458
M3
G0 X24.486 Y55.458
M5
G0 X24.486 Y54.875
M3
G0 X36.729 Y54.875
M5
G0 X36.729 Y54.292
M3
G0 X23.903 Y54.292
M5
G0 X24.486 Y53.709
M3
G0 X37.312 Y53.709
M5
G0 X36.729 Y53.126
M3
G0 X24.486 Y53.126
M5
G0 X24.486 Y52.543
M3
G0 X36.729 Y52.543
M5
G0 X36.729 Y51.960
M3
G0 X24.486 Y51.960
M5
G0 X24.486 Y51.377
M3
G0 X36.729 Y51.377
M5
G0 X36.729 Y50.794
M3
G0 X24.486 Y50.794
M5
G0 X24.486 Y50.211
M3
G0 X36.729 Y50.211
M5
G0 X36.729 Y49.628
M3
G0 X24.486 Y49.628
M5
G0 X24.486 Y49.045
M3
G0 X36.729 Y49.045
M5
G0 X36.729 Y48.462
M3
G0 X24.486 Y48.462
M5
G0 X24.486 Y47.879
M3
G0 X37.312 Y47.879
M5
G0 X37.895 Y47.879
M3
G0 X39.644 Y47.879
M5
G0 X39.644 Y47.296
M3
G0 X37.895 Y47.296
M5
G0 X38.478 Y47.150
M3
G0 X39.061 Y47.150
M5
G0 X39.134 Y47.223
M3
G0 X39.134 Y48.389
M5
G0 X39.644 Y48.462
M3
G0 X37.895 Y48.462
M5
G0 X37.895 Y49.045
M3
G0 X39.644 Y49.045
M5
G0 X39.644 Y49.628
M3
G0 X37.895 Y49.628
M5
G0 X37.895 Y50.211
M3
G0 X39.644 Y50.211
M5
G0 X40.227 Y50.794
M3
G0 X37.895 Y50.794
M5
G0 X35.636 Y51.304
M3
G0 X35.636 Y48.972
M5
G0 X35.563 Y48.899
M3
G0 X34.980 Y48.899
M5
G0 X34.980 Y48.316
M3
G0 X35.563 Y48.316
M5
G0 X35.563 Y47.733
M3
G0 X34.980 Y47.733
M5
G0 X34.980 Y47.150
M3
G0 X35.563 Y47.150
M5
G0 X34.980 Y46.130
M3
G0 X37.312 Y46.130
M5
G0 X37.312 Y45.547
M3
G0 X34.980 Y45.547
M5
G0 X34.980 Y44.964
M3
G0 X37.312 Y44.964
M5
G0 X36.729 Y44.381
M3
G0 X34.980 Y44.381
M5
G0 X34.980 Y44.235
M3
G0 X35.563 Y44.235
M5
G0 X35.636 Y43.725
M3
G0 X35.636 Y34.980
M5
G0 X35.563 Y35.490
M3
G0 X34.980 Y35.490
M5
G0 X34.397 Y35.636
M3
G0 X36.729 Y35.636
M5
G0 X36.729 Y35.053
M3
G0 X34.397 Y35.053
M5
G0 X34.397 Y34.470
M3
G0 X36.729 Y34.470
M5
G0 X36.729 Y33.887
M3
G0 X34.397 Y33.887
M5
G0 X34.397 Y33.304
M3
G0 X36.729 Y33.304
M5
G0 X36.729 Y32.721
M3
G0 X34.397 Y32.721
M5
G0 X34.397 Y32.138
M3
G0 X36.729 Y32.138
M5
G0 X36.729 Y31.555
M3
G0 X34.397 Y31.555
M5
G0 X34.397 Y30.972
M3
G0 X36.146 Y30.972
M5
G0 X36.146 Y30.389
M3
G0 X34.397 Y30.389
M5
G0 X34.397 Y29.806
M3
G0 X36.146 Y29.806
M5
G0 X35.563 Y29.660
M3
G0 X34.980 Y29.660
M5
G0 X34.980 Y30.243
M3
G0 X35.563 Y30.243
M5
G0 X35.563 Y30.826
M3
G0 X34.980 Y30.826
M5
G0 X34.397 Y29.223
M3
G0 X36.729 Y29.223
M5
G0 X36.729 Y28.640
M3
G0 X34.980 Y28.640
M5
G0 X34.980 Y28.494
M3
G0 X35.563 Y28.494
M5
G0 X35.563 Y29.077
M3
G0 X34.980 Y29.077
M5
G0 X34.980 Y28.057
M3
G0 X37.312 Y28.057
M5
G0 X36.729 Y27.474
M3
G0 X34.980 Y27.474
M5
G0 X34.980 Y26.891
M3
G0 X36.729 Y26.891
M5
G0 X36.729 Y26.308
M3
G0 X34.980 Y26.308
M5
G0 X34.980 Y25.725
M3
G0 X36.729 Y25.725
M5
G0 X36.729 Y25.142
M3
G0 X34.980 Y25.142
M5
G0 X34.980 Y24.559
M3
G0 X36.729 Y24.559
M5
G0 X36.729 Y23.976
M3
G0 X34.980 Y23.976
M5
G0 X35.636 Y23.320
M3
G0 X35.636 Y0.000
M5
G0 X35.782 Y0.000
M3
G0 X35.782 Y244.860
M5
G0 X35.927 Y244.860
M3
G0 X35.927 Y0.000
M5
G0 X35.344 Y0.000
M3
G0 X35.344 Y244.860
M5
G0 X35.199 Y244.860
M3
G0 X35.199 Y0.000
M5
G0 X35.053 Y0.000
M3
G0 X35.053 Y107.272
M5
G0 X34.397 Y107.199
M3
G0 X30.899 Y107.199
M5
G0 X30.899 Y106.616
M3
G0 X34.397 Y106.616
M5
G0 X34.980 Y106.033
M3
G0 X30.899 Y106.033
M5
G0 X30.316 Y106.033
M3
G0 X27.984 Y106.033
M5
G0 X27.984 Y105.450
M3
G0 X30.316 Y105.450
M5
G0 X30.316 Y104.867
M3
G0 X27.984 Y104.867
M5
G0 X27.984 Y104.284
M3
G0 X30.316 Y104.284
M5
G0 X30.316 Y103.701
M3
G0 X27.984 Y103.701
M5
G0 X27.984 Y103.118
M3
G0 X30.316 Y103.118
M5
G0 X30.316 Y102.535
M3
G0 X27.984 Y102.535
M5
G0 X27.984 Y101.952
M3
G0 X30.316 Y101.952
M5
G0 X30.316 Y101.369
M3
G0 X27.984 Y101.369
M5
G0 X27.984 Y100.786
M3
G0 X30.316 Y100.786
M5
G0 X30.316 Y100.203
M3
G0 X27.984 Y100.203
M5
G0 X27.984 Y99.620
M3
G0 X30.316 Y99.620
M5
G0 X30.899 Y99.620
M3
G0 X33.814 Y99.620
M5
G0 X33.814 Y100.203
M3
G0 X30.899 Y100.203
M5
G0 X30.899 Y100.786
M3
G0 X33.814 Y100.786
M5
G0 X34.397 Y100.786
M3
G0 X35.563 Y100.786
M5
G0 X35.563 Y100.203
M3
G0 X34.397 Y100.203
M5
G0 X34.397 Y101.369
M3
G0 X35.563 Y101.369
M5
G0 X35.563 Y101.952
M3
G0 X34.397 Y101.952
M5
G0 X33.814 Y101.952
M3
G0 X30.899 Y101.952
M5
G0 X30.899 Y101.369
M3
G0 X33.814 Y101.369
M5
G0 X33.814 Y102.535
M3
G0 X30.899 Y102.535
M5
G0 X30.899 Y103.118
M3
G0 X34.980 Y103.118
M5
G0 X34.980 Y103.701
M3
G0 X30.899 Y103.701
M5
G0 X30.899 Y104.284
M3
G0 X34.980 Y104.284
M5
G0 X34.324 Y104.940
M3
G0 X34.324 Y105.523
M5
G0 X33.158 Y107.272
M3
G0 X33.158 Y107.855
M5
G0 X33.814 Y107.782
M3
G0 X30.899 Y107.782
M5
G0 X30.899 Y108.365
M3
G0 X33.814 Y108.365
M5
G0 X33.814 Y108.948
M3
G0 X30.899 Y108.948
M5
G0 X31.409 Y109.021
M3
G0 X31.409 Y118.932
M5
G0 X32.065 Y118.859
M3
G0 X28.567 Y118.859
M5
G0 X27.984 Y118.859
M3
G0 X27.401 Y118.859
M5
G0 X27.401 Y118.276
M3
G0 X32.065 Y118.276
M5
G0 X32.065 Y117.693
M3
G0 X29.150 Y117.693
M5
G0 X29.150 Y117.110
M3
G0 X32.065 Y117.110
M5
G0 X32.065 Y116.527
M3
G0 X29.733 Y116.527
M5
G0 X30.243 Y116.600
M3
G0 X30.243 Y120.098
M5
G0 X30.826 Y120.098
M3
G0 X30.826 Y114.851
M5
G0 X30.316 Y114.778
M3
G0 X32.648 Y114.778
M5
G0 X32.648 Y114.195
M3
G0 X30.316 Y114.195
M5
G0 X30.316 Y113.612
M3
G0 X32.648 Y113.612
M5
G0 X32.575 Y113.102
M3
G0 X32.575 Y110.187
M5
G0 X33.231 Y110.114
M3
G0 X30.316 Y110.114
M5
G0 X30.316 Y110.697
M3
G0 X33.231 Y110.697
M5
G0 X32.648 Y111.280
M3
G0 X30.316 Y111.280
M5
G0 X30.316 Y111.863
M3
G0 X32.648 Y111.863
M5
G0 X32.648 Y112.446
M3
G0 X30.316 Y112.446
M5
G0 X30.316 Y113.029
M3
G0 X32.648 Y113.029
M5
G0 X31.992 Y111.936
M3
G0 X31.992 Y115.434
M5
G0 X32.648 Y115.361
M3
G0 X29.733 Y115.361
M5
G0 X29.150 Y115.361
M3
G0 X27.401 Y115.361
M5
G0 X27.401 Y115.944
M3
G0 X28.567 Y115.944
M5
G0 X28.567 Y116.527
M3
G0 X27.401 Y116.527
M5
G0 X27.401 Y117.110
M3
G0 X28.567 Y117.110
M5
G0 X28.567 Y117.693
M3
G0 X27.401 Y117.693
M5
G0 X27.401 Y119.442
M3
G0 X32.065 Y119.442
M5
G0 X32.065 Y120.025
M3
G0 X27.401 Y120.025
M5
G0 X27.401 Y120.608
M3
G0 X32.065 Y120.608
M5
G0 X32.065 Y121.191
M3
G0 X27.401 Y121.191
M5
G0 X27.401 Y121.774
M3
G0 X32.065 Y121.774
M5
G0 X32.065 Y122.357
M3
G0 X27.401 Y122.357
M5
G0 X27.401 Y122.940
M3
G0 X32.065 Y122.940
M5
G0 X31.482 Y123.523
M3
G0 X27.401 Y123.523
M5
G0 X27.401 Y124.106
M3
G0 X32.065 Y124.106
M5
G0 X31.482 Y124.689
M3
G0 X27.401 Y124.689
M5
G0 X27.401 Y125.272
M3
G0 X31.482 Y125.272
M5
G0 X31.482 Y125.855
M3
G0 X27.401 Y125.855
M5
G0 X27.401 Y126.438
M3
G0 X31.482 Y126.438
M5
G0 X31.482 Y127.021
M3
G0 X27.401 Y127.021
M5
G0 X27.401 Y127.604
M3
G0 X30.899 Y127.604
M5
G0 X30.899 Y128.187
M3
G0 X26.818 Y128.187
M5
G0 X26.818 Y128.770
M3
G0 X30.899 Y128.770
M5
G0 X30.899 Y129.353
M3
G0 X26.818 Y129.353
M5
G0 X26.818 Y129.936
M3
G0 X30.316 Y129.936
M5
G0 X30.316 Y130.519
M3
G0 X26.818 Y130.519
M5
G0 X26.818 Y131.102
M3
G0 X30.316 Y131.102
M5
G0 X30.316 Y131.685
M3
G0 X26.818 Y131.685
M5
G0 X26.818 Y132.268
M3
G0 X30.316 Y132.268
M5
G0 X30.316 Y132.851
M3
G0 X26.818 Y132.851
M5
G0 X26.818 Y133.434
M3
G0 X30.316 Y133.434
M5
G0 X30.316 Y134.017
M3
G0 X26.818 Y134.017
M5
G0 X26.818 Y134.600
M3
G0 X30.316 Y134.600
M5
G0 X30.316 Y135.183
M3
G0 X26.235 Y135.183
M5
G0 X26.235 Y135.766
M3
G0 X30.316 Y135.766
M5
G0 X30.316 Y136.349
M3
G0 X26.235 Y136.349
M5
G0 X26.235 Y136.932
M3
G0 X30.316 Y136.932
M5
G0 X30.316 Y137.515
M3
G0 X26.235 Y137.515
M5
G0 X26.235 Y138.098
M3
G0 X29.733 Y138.098
M5
G0 X30.316 Y138.681
M3
G0 X26.235 Y138.681
M5
G0 X26.235 Y139.264
M3
G0 X30.899 Y139.264
M5
G0 X30.899 Y139.847
M3
G0 X26.235 Y139.847
M5
G0 X26.745 Y139.920
M3
G0 X26.745 Y155.661
M5
G0 X26.235 Y156.171
M3
G0 X29.733 Y156.171
M5
G0 X29.733 Y155.588
M3
G0 X25.069 Y155.588
M5
G0 X25.069 Y155.005
M3
G0 X29.733 Y155.005
M5
G0 X29.150 Y154.422
M3
G0 X25.069 Y154.422
M5
G0 X25.652 Y153.839
M3
G0 X29.733 Y153.839
M5
G0 X29.733 Y153.256
M3
G0 X25.652 Y153.256
M5
G0 X25.652 Y152.673
M3
G0 X29.733 Y152.673
M5
G0 X29.733 Y152.090
M3
G0 X25.652 Y152.090
M5
G0 X22.737 Y152.236
M3
G0 X20.988 Y152.236
M5
G0 X20.988 Y151.653
M3
G0 X22.737 Y151.653
M5
G0 X22.737 Y151.070
M3
G0 X20.988 Y151.070
M5
G0 X20.988 Y150.487
M3
G0 X22.737 Y150.487
M5
G0 X22.737 Y149.904
M3
G0 X21.571 Y149.904
M5
G0 X21.571 Y149.321
M3
G0 X22.737 Y149.321
M5
G0 X22.154 Y146.406
M3
G0 X21.571 Y146.406
M5
G0 X21.571 Y145.823
M3
G0 X22.154 Y145.823
M5
G0 X22.154 Y145.240
M3
G0 X21.571 Y145.240
M5
G0 X21.571 Y144.657
M3
G0 X22.154 Y144.657
M5
G0 X22.154 Y144.074
M3
G0 X20.988 Y144.074
M5
G0 X20.988 Y143.491
M3
G0 X21.571 Y143.491
M5
G0 X21.571 Y142.908
M3
G0 X20.988 Y142.908
M5
G0 X20.988 Y142.325
M3
G0 X21.571 Y142.325
M5
G0 X21.571 Y141.742
M3
G0 X20.988 Y141.742
M5
G0 X20.988 Y141.159
M3
G0 X21.571 Y141.159
M5
G0 X19.603 Y139.920
M3
G0 X19.603 Y136.422
M5
G0 X23.903 Y136.495
M3
G0 X35.563 Y136.495
M5
G0 X35.563 Y135.912
M3
G0 X23.903 Y135.912
M5
G0 X23.903 Y135.329
M3
G0 X35.563 Y135.329
M5
G0 X35.563 Y134.746
M3
G0 X23.903 Y134.746
M5
G0 X23.903 Y134.163
M3
G0 X35.563 Y134.163
M5
G0 X35.563 Y133.580
M3
G0 X23.903 Y133.580
M5
G0 X23.903 Y132.997
M3
G0 X35.563 Y132.997
M5
G0 X35.563 Y132.414
M3
G0 X23.903 Y132.414
M5
G0 X23.903 Y131.831
M3
G0 X35.563 Y131.831
M5
G0 X35.563 Y131.248
M3
G0 X23.903 Y131.248
M5
G0 X23.903 Y130.665
M3
G0 X35.563 Y130.665
M5
G0 X35.563 Y130.082
M3
G0 X23.903 Y130.082
M5
G0 X24.559 Y128.260
M3
G0 X24.559 Y127.677
M5
G0 X27.911 Y128.843
M3
G0 X27.911 Y130.009
M5
G0 X27.911 Y131.175
M3
G0 X27.911 Y138.171
M5
G0 X27.328 Y137.005
M3
G0 X27.328 Y142.252
M5
G0 X25.652 Y142.179
M3
G0 X30.316 Y142.179
M5
G0 X30.316 Y141.596
M3
G0 X25.652 Y141.596
M5
G0 X25.652 Y141.013
M3
G0 X30.316 Y141.013
M5
G0 X30.316 Y140.430
M3
G0 X25.652 Y140.430
M5
G0 X23.903 Y140.576
M3
G0 X35.563 Y140.576
M5
G0 X35.563 Y139.993
M3
G0 X23.903 Y139.993
M5
G0 X23.903 Y139.410
M3
G0 X35.563 Y139.410
M5
G0 X35.563 Y138.827
M3
G0 X23.903 Y138.827
M5
G0 X23.903 Y138.244
M3
G0 X35.563 Y138.244
M5
G0 X35.563 Y137.661
M3
G0 X23.903 Y137.661
M5
G0 X23.903 Y137.078
M3
G0 X35.563 Y137.078
M5
G0 X33.304 Y135.256
M3
G0 X33.304 Y79.871
M5
G0 X32.648 Y79.798
M3
G0 X30.899 Y79.798
M5
G0 X30.316 Y79.798
M3
G0 X29.733 Y79.798
M5
G0 X29.733 Y80.381
M3
G0 X30.316 Y80.381
M5
G0 X30.899 Y80.381
M3
G0 X32.648 Y80.381
M5
G0 X32.648 Y80.964
M3
G0 X30.899 Y80.964
M5
G0 X30.316 Y80.964
M3
G0 X29.733 Y80.964
M5
G0 X29.150 Y80.964
M3
G0 X28.567 Y80.964
M5
G0 X28.567 Y81.547
M3
G0 X29.150 Y81.547
M5
G0 X29.733 Y81.547
M3
G0 X30.316 Y81.547
M5
G0 X30.899 Y81.547
M3
G0 X33.231 Y81.547
M5
G0 X33.231 Y82.130
M3
G0 X30.899 Y82.130
M5
G0 X30.316 Y82.130
M3
G0 X29.733 Y82.130
M5
G0 X29.150 Y82.130
M3
G0 X28.567 Y82.130
M5
G0 X28.567 Y82.713
M3
G0 X29.150 Y82.713
M5
G0 X29.733 Y82.713
M3
G0 X30.316 Y82.713
M5
G0 X30.899 Y82.713
M3
G0 X33.231 Y82.713
M5
G0 X35.490 Y81.620
M3
G0 X35.490 Y80.454
M5
G0 X34.907 Y78.705
M3
G0 X34.907 Y76.373
M5
G0 X36.146 Y76.883
M3
G0 X46.057 Y76.883
M5
G0 X45.474 Y77.466
M3
G0 X36.146 Y77.466
M5
G0 X36.219 Y75.207
M3
G0 X36.219 Y92.697
M5
G0 X36.146 Y92.624
M3
G0 X34.397 Y92.624
M5
G0 X34.397 Y92.041
M3
G0 X36.146 Y92.041
M5
G0 X36.146 Y91.458
M3
G0 X34.397 Y91.458
M5
G0 X33.158 Y91.531
M3
G0 X33.158 Y96.195
M5
G0 X32.575 Y94.446
M3
G0 X32.575 Y93.280
M5
G0 X31.992 Y93.863
M3
G0 X31.992 Y102.608
M5
G0 X32.575 Y102.608
M3
G0 X32.575 Y101.442
M5
G0 X34.397 Y102.535
M3
G0 X35.563 Y102.535
M5
G0 X36.219 Y100.276
M3
G0 X36.219 Y95.612
M5
G0 X36.802 Y96.778
M3
G0 X36.802 Y97.944
M5
G0 X37.895 Y98.017
M3
G0 X22.154 Y98.017
M5
G0 X22.154 Y97.434
M3
G0 X37.895 Y97.434
M5
G0 X37.895 Y96.851
M3
G0 X22.154 Y96.851
M5
G0 X22.154 Y96.268
M3
G0 X37.895 Y96.268
M5
G0 X37.385 Y96.195
M3
G0 X37.385 Y96.778
M5
G0 X37.895 Y95.685
M3
G0 X22.154 Y95.685
M5
G0 X22.154 Y95.102
M3
G0 X37.895 Y95.102
M5
G0 X38.478 Y94.519
M3
G0 X22.737 Y94.519
M5
G0 X22.737 Y93.936
M3
G0 X39.061 Y93.936
M5
G0 X38.478 Y93.353
M3
G0 X22.737 Y93.353
M5
G0 X23.320 Y92.770
M3
G0 X40.227 Y92.770
M5
G0 X40.227 Y93.353
M3
G0 X41.976 Y93.353
M5
G0 X42.049 Y93.863
M3
G0 X42.049 Y94.446
M5
G0 X40.810 Y93.936
M3
G0 X46.057 Y93.936
M5
G0 X45.474 Y93.353
M3
G0 X43.142 Y93.353
M5
G0 X43.725 Y92.770
M3
G0 X44.308 Y92.770
M5
G0 X44.308 Y92.187
M3
G0 X43.142 Y92.187
M5
G0 X43.215 Y90.948
M3
G0 X43.215 Y90.365
M5
G0 X42.632 Y90.365
M3
G0 X42.632 Y90.948
M5
G0 X42.049 Y90.948
M3
G0 X42.049 Y90.365
M5
G0 X41.466 Y90.365
M3
G0 X41.466 Y91.531
M5
G0 X40.883 Y91.531
M3
G0 X40.883 Y90.365
M5
G0 X40.300 Y90.365
M3
G0 X40.300 Y91.531
M5
G0 X39.717 Y91.531
M3
G0 X39.717 Y90.365
M5
G0 X39.717 Y89.782
M3
G0 X39.717 Y62.381
M5
G0 X40.300 Y61.798
M3
G0 X40.300 Y89.782
M5
G0 X40.154 Y88.616
M3
G0 X40.154 Y80.454
M5
G0 X39.571 Y79.871
M3
G0 X39.571 Y78.705
M5
G0 X40.154 Y78.705
M3
G0 X40.154 Y79.288
M5
G0 X39.571 Y81.037
M3
G0 X39.571 Y88.616
M5
G0 X38.988 Y88.616
M3
G0 X38.988 Y81.620
M5
G0 X38.405 Y82.203
M3
G0 X38.405 Y89.199
M5
G0 X39.061 Y89.709
M3
G0 X36.146 Y89.709
M5
G0 X36.146 Y90.292
M3
G0 X37.895 Y90.292
M5
G0 X37.385 Y91.531
M3
G0 X37.385 Y73.458
M5
G0 X37.895 Y73.385
M3
G0 X46.640 Y73.385
M5
G0 X46.640 Y72.802
M3
G0 X38.478 Y72.802
M5
G0 X38.478 Y72.219
M3
G0 X46.640 Y72.219
M5
G0 X46.640 Y71.636
M3
G0 X38.478 Y71.636
M5
G0 X37.895 Y71.782
M3
G0 X59.466 Y71.782
M5
G0 X59.830 Y68.211
M3
G0 X59.830 Y124.762
M5
G0 X59.539 Y124.762
M3
G0 X59.539 Y124.179
M5
G0 X59.466 Y123.669
M3
G0 X61.215 Y123.669
M5
G0 X61.579 Y123.013
M3
G0 X61.579 Y76.956
M5
G0 X62.745 Y74.624
M3
G0 X62.745 Y0.000
M5
G0 X62.600 Y0.000
M3
G0 X62.600 Y244.860
M5
G0 X62.745 Y244.860
M3
G0 X62.745 Y198.803
M5
G0 X63.547 Y198.730
M3
G0 X64.130 Y198.730
M5
G0 X63.547 Y198.147
M3
G0 X64.713 Y198.147
M5
G0 X64.713 Y197.564
M3
G0 X64.130 Y197.564
M5
G0 X64.130 Y196.981
M3
G0 X64.713 Y196.981
M5
G0 X64.786 Y196.471
M3
G0 X64.786 Y244.860
M5
G0 X64.713 Y244.787
M3
G0 X71.126 Y244.787
M5
G0 X71.199 Y244.860
M3
G0 X71.199 Y207.548
M5
G0 X71.782 Y207.548
M3
G0 X71.782 Y244.860
M5
G0 X71.928 Y244.860
M3
G0 X71.928 Y120.098
M5
G0 X72.948 Y120.098
M3
G0 X72.948 Y114.851
M5
G0 X72.875 Y114.632
M3
G0 X118.349 Y114.632
M5
G0 X119.515 Y114.632
M3
G0 X137.588 Y114.632
M5
G0 X137.588 Y114.487
M3
G0 X0.000 Y114.487
M5
G0 X0.000 Y114.632
M3
G0 X6.996 Y114.632
M5
G0 X6.996 Y114.049
M3
G0 X0.000 Y114.049
M5
G0 X0.000 Y113.904
M3
G0 X137.588 Y113.904
M5
G0 X137.588 Y114.049
M3
G0 X119.515 Y114.049
M5
G0 X120.098 Y113.466
M3
G0 X137.588 Y113.466
M5
G0 X137.588 Y113.321
M3
G0 X0.000 Y113.321
M5
G0 X0.000 Y113.466
M3
G0 X6.996 Y113.466
M5
G0 X6.996 Y112.883
M3
G0 X0.000 Y112.883
M5
G0 X0.000 Y112.738
M3
G0 X137.588 Y112.738
M5
G0 X137.588 Y112.883
M3
G0 X120.098 Y112.883
M5
G0 X120.098 Y112.300
M3
G0 X137.588 Y112.300
M5
G0 X137.588 Y112.155
M3
G0 X0.000 Y112.155
M5
G0 X0.000 Y112.300
M3
G0 X6.413 Y112.300
M5
G0 X6.413 Y111.717
M3
G0 X0.000 Y111.717
M5
G0 X0.000 Y111.572
M3
G0 X137.588 Y111.572
M5
G0 X137.588 Y111.717
M3
G0 X120.098 Y111.717
M5
G0 X120.098 Y111.134
M3
G0 X137.588 Y111.134
M5
G0 X137.588 Y110.989
M3
G0 X0.000 Y110.989
M5
G0 X0.000 Y111.134
M3
G0 X6.413 Y111.134
M5
G0 X6.194 Y110.770
M3
G0 X6.194 Y143.418
M5
G0 X6.413 Y143.491
M3
G0 X6.996 Y143.491
M5
G0 X6.996 Y142.908
M3
G0 X5.830 Y142.908
M5
G0 X5.611 Y143.418
M3
G0 X5.611 Y107.272
M5
G0 X5.247 Y107.345
M3
G0 X0.583 Y107.345
M5
G0 X0.583 Y106.762
M3
G0 X5.247 Y106.762
M5
G0 X5.247 Y106.179
M3
G0 X0.583 Y106.179
M5
G0 X0.583 Y105.596
M3
G0 X5.247 Y105.596
M5
G0 X5.247 Y105.304
M3
G0 X0.000 Y105.304
M5
G0 X0.000 Y105.159
M3
G0 X137.588 Y105.159
M5
G0 X137.588 Y105.304
M3
G0 X120.681 Y105.304
M5
G0 X120.681 Y105.887
M3
G0 X137.588 Y105.887
M5
G0 X137.588 Y105.742
M3
G0 X0.000 Y105.742
M5
G0 X0.000 Y105.887
M3
G0 X5.830 Y105.887
M5
G0 X6.413 Y105.304
M3
G0 X7.579 Y105.304
M5
G0 X7.579 Y104.721
M3
G0 X6.413 Y104.721
M5
G0 X6.413 Y104.138
M3
G0 X7.579 Y104.138
M5
G0 X7.579 Y103.555
M3
G0 X6.413 Y103.555
M5
G0 X6.413 Y102.972
M3
G0 X7.579 Y102.972
M5
G0 X7.579 Y102.389
M3
G0 X6.413 Y102.389
M5
G0 X6.413 Y101.806
M3
G0 X6.996 Y101.806
M5
G0 X6.996 Y101.223
M3
G0 X6.413 Y101.223
M5
G0 X6.413 Y100.640
M3
G0 X6.996 Y100.640
M5
G0 X6.996 Y100.057
M3
G0 X6.413 Y100.057
M5
G0 X6.413 Y99.474
M3
G0 X6.996 Y99.474
M5
G0 X6.413 Y98.891
M3
G0 X7.579 Y98.891
M5
G0 X7.579 Y98.308
M3
G0 X6.413 Y98.308
M5
G0 X5.830 Y97.725
M3
G0 X7.579 Y97.725
M5
G0 X8.162 Y97.142
M3
G0 X5.830 Y97.142
M5
G0 X5.830 Y96.559
M3
G0 X8.162 Y96.559
M5
G0 X8.162 Y95.976
M3
G0 X5.830 Y95.976
M5
G0 X5.830 Y95.393
M3
G0 X8.162 Y95.393
M5
G0 X8.162 Y94.810
M3
G0 X5.830 Y94.810
M5
G0 X6.413 Y94.227
M3
G0 X8.162 Y94.227
M5
G0 X8.162 Y93.644
M3
G0 X6.413 Y93.644
M5
G0 X6.413 Y93.061
M3
G0 X8.162 Y93.061
M5
G0 X8.162 Y92.478
M3
G0 X6.413 Y92.478
M5
G0 X5.830 Y91.895
M3
G0 X8.162 Y91.895
M5
G0 X8.162 Y91.312
M3
G0 X6.413 Y91.312
M5
G0 X6.996 Y90.729
M3
G0 X8.162 Y90.729
M5
G0 X8.162 Y90.146
M3
G0 X6.996 Y90.146
M5
G0 X7.579 Y89.563
M3
G0 X8.162 Y89.563
M5
G0 X8.162 Y88.980
M3
G0 X7.579 Y88.980
M5
G0 X8.745 Y89.563
M3
G0 X9.328 Y89.563
M5
G0 X9.328 Y90.146
M3
G0 X8.745 Y90.146
M5
G0 X10.494 Y91.895
M3
G0 X19.239 Y91.895
M5
G0 X19.239 Y92.187
M3
G0 X18.656 Y92.187
M5
G0 X18.437 Y92.114
M3
G0 X18.437 Y88.616
M5
G0 X19.020 Y88.616
M3
G0 X19.020 Y93.280
M5
G0 X20.041 Y93.280
M3
G0 X20.041 Y244.860
M5
G0 X20.186 Y244.860
M3
G0 X20.186 Y206.382
M5
G0 X20.769 Y206.382
M3
G0 X20.769 Y244.860
M5
G0 X20.624 Y244.860
M3
G0 X20.624 Y0.000
M5
G0 X20.769 Y0.000
M3
G0 X20.769 Y6.996
M5
G0 X21.571 Y7.069
M3
G0 X23.903 Y7.069
M5
G0 X23.903 Y6.486
M3
G0 X21.571 Y6.486
M5
G0 X21.571 Y5.903
M3
G0 X23.903 Y5.903
M5
G0 X23.903 Y5.320
M3
G0 X21.571 Y5.320
M5
G0 X21.571 Y4.737
M3
G0 X23.903 Y4.737
M5
G0 X23.903 Y4.154
M3
G0 X21.571 Y4.154
M5
G0 X21.571 Y3.571
M3
G0 X23.903 Y3.571
M5
G0 X23.903 Y2.988
M3
G0 X21.571 Y2.988
M5
G0 X21.571 Y2.405
M3
G0 X23.903 Y2.405
M5
G0 X23.903 Y1.822
M3
G0 X20.988 Y1.822
M5
G0 X20.988 Y1.239
M3
G0 X23.903 Y1.239
M5
G0 X23.903 Y0.656
M3
G0 X20.988 Y0.656
M5
G0 X20.186 Y0.000
M3
G0 X20.186 Y36.729
M5
G0 X20.988 Y37.968
M3
G0 X22.737 Y37.968
M5
G0 X22.737 Y38.551
M3
G0 X20.988 Y38.551
M5
G0 X20.988 Y39.134
M3
G0 X22.737 Y39.134
M5
G0 X22.737 Y39.717
M3
G0 X20.988 Y39.717
M5
G0 X20.769 Y40.227
M3
G0 X20.769 Y64.130
M5
G0 X20.988 Y64.203
M3
G0 X22.154 Y64.203
M5
G0 X23.320 Y65.369
M3
G0 X23.903 Y65.369
M5
G0 X26.891 Y67.045
M3
G0 X26.891 Y68.211
M5
G0 X26.308 Y68.211
M3
G0 X26.308 Y49.555
M5
G0 X25.652 Y50.648
M3
G0 X25.069 Y50.648
M5
G0 X25.069 Y51.231
M3
G0 X25.652 Y51.231
M5
G0 X25.069 Y51.814
M3
G0 X26.235 Y51.814
M5
G0 X25.652 Y52.397
M3
G0 X25.069 Y52.397
M5
G0 X25.725 Y53.053
M3
G0 X25.725 Y48.389
M5
G0 X23.320 Y46.130
M3
G0 X20.988 Y46.130
M5
G0 X20.988 Y45.547
M3
G0 X23.320 Y45.547
M5
G0 X23.320 Y44.964
M3
G0 X20.988 Y44.964
M5
G0 X20.988 Y44.381
M3
G0 X23.320 Y44.381
M5
G0 X23.320 Y43.798
M3
G0 X20.988 Y43.798
M5
G0 X20.988 Y43.215
M3
G0 X23.320 Y43.215
M5
G0 X22.737 Y42.632
M3
G0 X20.988 Y42.632
M5
G0 X20.988 Y42.049
M3
G0 X22.737 Y42.049
M5
G0 X23.320 Y41.466
M3
G0 X20.988 Y41.466
M5
G0 X20.988 Y40.883
M3
G0 X23.320 Y40.883
M5
G0 X22.737 Y40.300
M3
G0 X20.988 Y40.300
M5
G0 X18.656 Y40.300
M3
G0 X9.328 Y40.300
M5
G0 X9.328 Y40.154
M3
G0 X9.911 Y40.154
M5
G0 X9.911 Y39.571
M3
G0 X9.328 Y39.571
M5
G0 X9.328 Y39.717
M3
G0 X18.656 Y39.717
M5
G0 X18.073 Y40.883
M3
G0 X9.328 Y40.883
M5
G0 X9.328 Y40.737
M3
G0 X10.494 Y40.737
M5
G0 X9.911 Y41.320
M3
G0 X9.328 Y41.320
M5
G0 X9.328 Y41.466
M3
G0 X18.656 Y41.466
M5
G0 X15.814 Y43.725
M3
G0 X15.814 Y205.799
M5
G0 X15.231 Y205.799
M3
G0 X15.231 Y202.884
M5
G0 X15.231 Y202.301
M3
G0 X15.231 Y191.224
M5
G0 X14.648 Y191.224
M3
G0 X14.648 Y194.139
M5
G0 X14.065 Y193.556
M3
G0 X14.065 Y187.143
M5
G0 X14.065 Y185.977
M3
G0 X14.065 Y175.483
M5
G0 X13.409 Y174.973
M3
G0 X23.903 Y174.973
M5
G0 X23.903 Y174.827
M3
G0 X22.737 Y174.827
M5
G0 X22.737 Y174.244
M3
G0 X23.320 Y174.244
M5
G0 X23.320 Y173.661
M3
G0 X22.737 Y173.661
M5
G0 X22.154 Y173.078
M3
G0 X23.320 Y173.078
M5
G0 X23.320 Y172.495
M3
G0 X22.154 Y172.495
M5
G0 X21.644 Y172.568
M3
G0 X21.644 Y169.653
M5
G0 X22.154 Y170.163
M3
G0 X23.320 Y170.163
M5
G0 X23.320 Y169.580
M3
G0 X22.737 Y169.580
M5
G0 X22.737 Y170.746
M3
G0 X22.154 Y170.746
M5
G0 X22.154 Y171.329
M3
G0 X22.737 Y171.329
M5
G0 X22.154 Y171.912
M3
G0 X23.320 Y171.912
M5
G0 X23.903 Y173.224
M3
G0 X12.243 Y173.224
M5
G0 X12.243 Y173.807
M3
G0 X23.903 Y173.807
M5
G0 X24.486 Y173.807
M3
G0 X71.709 Y173.807
M5
G0 X71.709 Y173.224
M3
G0 X24.486 Y173.224
M5
G0 X24.486 Y174.390
M3
G0 X71.709 Y174.390
M5
G0 X71.709 Y174.973
M3
G0 X24.486 Y174.973
M5
G0 X23.903 Y175.410
M3
G0 X22.737 Y175.410
M5
G0 X22.737 Y175.993
M3
G0 X23.903 Y175.993
M5
G0 X23.903 Y176.576
M3
G0 X22.737 Y176.576
M5
G0 X22.737 Y177.159
M3
G0 X23.903 Y177.159
M5
G0 X23.976 Y177.232
M3
G0 X23.976 Y208.131
M5
G0 X23.903 Y208.058
M3
G0 X23.320 Y208.058
M5
G0 X23.320 Y207.475
M3
G0 X23.903 Y207.475
M5
G0 X23.903 Y206.892
M3
G0 X23.320 Y206.892
M5
G0 X23.320 Y206.309
M3
G0 X24.486 Y206.309
M5
G0 X23.903 Y205.726
M3
G0 X23.320 Y205.726
M5
G0 X23.101 Y205.799
M3
G0 X23.101 Y244.860
M5
G0 X22.956 Y244.860
M3
G0 X22.956 Y0.000
M5
G0 X19.822 Y0.656
M3
G0 X8.162 Y0.656
M5
G0 X8.162 Y1.239
M3
G0 X19.822 Y1.239
M5
G0 X18.146 Y1.749
M3
G0 X18.146 Y0.000
M5
G0 X17.854 Y0.000
M3
G0 X17.854 Y85.701
M5
G0 X17.490 Y85.191
M3
G0 X14.575 Y85.191
M5
G0 X14.575 Y84.608
M3
G0 X17.490 Y84.608
M5
G0 X16.907 Y85.774
M3
G0 X14.575 Y85.774
M5
G0 X14.575 Y86.357
M3
G0 X16.907 Y86.357
M5
G0 X16.907 Y86.940
M3
G0 X14.575 Y86.940
M5
G0 X14.575 Y87.523
M3
G0 X16.907 Y87.523
M5
G0 X16.907 Y88.106
M3
G0 X14.575 Y88.106
M5
G0 X14.575 Y88.689
M3
G0 X16.907 Y88.689
M5
G0 X16.907 Y89.272
M3
G0 X14.575 Y89.272
M5
G0 X14.575 Y89.855
M3
G0 X16.907 Y89.855
M5
G0 X16.324 Y90.875
M3
G0 X15.158 Y90.875
M5
G0 X15.158 Y91.458
M3
G0 X16.324 Y91.458
M5
G0 X16.324 Y92.041
M3
G0 X15.158 Y92.041
M5
G0 X15.158 Y92.624
M3
G0 X16.324 Y92.624
M5
G0 X16.324 Y93.207
M3
G0 X15.158 Y93.207
M5
G0 X15.158 Y93.790
M3
G0 X16.324 Y93.790
M5
G0 X16.324 Y94.373
M3
G0 X15.158 Y94.373
M5
G0 X15.158 Y94.956
M3
G0 X16.324 Y94.956
M5
G0 X16.324 Y95.102
M3
G0 X14.575 Y95.102
M5
G0 X14.575 Y94.519
M3
G0 X16.324 Y94.519
M5
G0 X16.907 Y93.936
M3
G0 X14.575 Y93.936
M5
G0 X14.575 Y93.353
M3
G0 X16.907 Y93.353
M5
G0 X16.907 Y92.770
M3
G0 X14.575 Y92.770
M5
G0 X15.158 Y95.539
M3
G0 X16.324 Y95.539
M5
G0 X16.324 Y95.685
M3
G0 X14.575 Y95.685
M5
G0 X14.575 Y96.268
M3
G0 X16.324 Y96.268
M5
G0 X16.324 Y96.122
M3
G0 X15.158 Y96.122
M5
G0 X15.158 Y96.705
M3
G0 X16.324 Y96.705
M5
G0 X16.324 Y96.851
M3
G0 X14.575 Y96.851
M5
G0 X15.158 Y97.288
M3
G0 X16.324 Y97.288
M5
G0 X16.907 Y98.017
M3
G0 X14.575 Y98.017
M5
G0 X14.575 Y98.600
M3
G0 X16.907 Y98.600
M5
G0 X17.271 Y97.944
M3
G0 X17.271 Y0.000
M5
G0 X17.126 Y0.000
M3
G0 X17.126 Y244.860
M5
G0 X17.271 Y244.860
M3
G0 X17.271 Y206.382
M5
G0 X17.854 Y206.382
M3
G0 X17.854 Y244.860
M5
G0 X17.709 Y244.860
M3
G0 X17.709 Y0.000
M5
G0 X16.980 Y0.000
M3
G0 X16.980 Y36.146
M5
G0 X14.648 Y37.895
M3
G0 X14.648 Y38.478
M5
G0 X14.065 Y38.478
M3
G0 X14.065 Y37.895
M5
G0 X11.660 Y34.907
M3
G0 X11.077 Y34.907
M5
G0 X9.109 Y34.980
M3
G0 X9.109 Y0.000
M5
G0 X9.255 Y0.000
M3
G0 X9.255 Y9.911
M5
G0 X8.745 Y8.235
M3
G0 X11.077 Y8.235
M5
G0 X11.660 Y8.235
M3
G0 X12.826 Y8.235
M5
G0 X12.826 Y7.652
M3
G0 X8.745 Y7.652
M5
G0 X8.745 Y7.506
M3
G0 X9.911 Y7.506
M5
G0 X9.911 Y8.089
M3
G0 X8.745 Y8.089
M5
G0 X11.733 Y7.579
M3
G0 X11.733 Y5.830
M5
G0 X11.733 Y4.664
M3
G0 X11.733 Y0.000
M5
G0 X13.773 Y0.000
M3
G0 X13.773 Y104.357
M5
G0 X14.575 Y104.430
M3
G0 X16.907 Y104.430
M5
G0 X16.907 Y105.013
M3
G0 X14.575 Y105.013
M5
G0 X14.575 Y105.596
M3
G0 X16.907 Y105.596
M5
G0 X16.907 Y106.179
M3
G0 X14.575 Y106.179
M5
G0 X14.575 Y106.762
M3
G0 X16.907 Y106.762
M5
G0 X17.490 Y107.345
M3
G0 X14.575 Y107.345
M5
G0 X14.575 Y107.928
M3
G0 X17.490 Y107.928
M5
G0 X17.490 Y108.511
M3
G0 X14.575 Y108.511
M5
G0 X14.575 Y109.094
M3
G0 X16.907 Y109.094
M5
G0 X19.020 Y107.272
M3
G0 X19.020 Y117.766
M5
G0 X18.656 Y116.673
M3
G0 X18.073 Y116.673
M5
G0 X19.239 Y116.090
M3
G0 X19.822 Y116.090
M5
G0 X19.822 Y115.507
M3
G0 X19.239 Y115.507
M5
G0 X19.239 Y114.924
M3
G0 X19.822 Y114.924
M5
G0 X19.822 Y114.341
M3
G0 X19.239 Y114.341
M5
G0 X19.239 Y113.758
M3
G0 X19.822 Y113.758
M5
G0 X19.822 Y113.175
M3
G0 X19.239 Y113.175
M5
G0 X19.239 Y112.592
M3
G0 X19.822 Y112.592
M5
G0 X19.822 Y112.009
M3
G0 X19.239 Y112.009
M5
G0 X18.437 Y113.102
M3
G0 X18.437 Y120.098
M5
G0 X12.243 Y119.879
M3
G0 X67.628 Y119.879
M5
G0 X68.211 Y119.879
M3
G0 X69.377 Y119.879
M5
G0 X69.960 Y121.045
M3
G0 X71.126 Y121.045
M5
G0 X69.596 Y121.847
M3
G0 X69.596 Y244.860
M5
G0 X70.907 Y244.860
M3
G0 X70.907 Y190.641
M5
G0 X71.126 Y190.422
M3
G0 X92.114 Y190.422
M5
G0 X92.697 Y190.422
M3
G0 X137.588 Y190.422
M5
G0 X137.588 Y190.277
M3
G0 X0.000 Y190.277
M5
G0 X0.000 Y190.422
M3
G0 X0.583 Y190.422
M5
G0 X0.583 Y189.839
M3
G0 X0.000 Y189.839
M5
G0 X0.000 Y189.694
M3
G0 X71.126 Y189.694
M5
G0 X71.345 Y189.475
M3
G0 X71.345 Y187.726
M5
G0 X71.490 Y187.726
M3
G0 X71.490 Y188.892
M5
G0 X71.709 Y188.819
M3
G0 X72.292 Y188.819
M5
G0 X72.365 Y188.892
M3
G0 X72.365 Y190.058
M5
G0 X72.292 Y189.548
M3
G0 X73.458 Y189.548
M5
G0 X73.531 Y189.475
M3
G0 X73.531 Y188.892
M5
G0 X73.458 Y188.965
M3
G0 X74.041 Y188.965
M5
G0 X73.822 Y188.892
M3
G0 X73.822 Y244.860
M5
G0 X73.677 Y244.860
M3
G0 X73.677 Y188.309
M5
G0 X73.458 Y187.945
M3
G0 X0.000 Y187.945
M5
G0 X0.000 Y188.090
M3
G0 X72.292 Y188.090
M5
G0 X72.292 Y187.799
M3
G0 X71.709 Y187.799
M5
G0 X71.782 Y187.726
M3
G0 X71.782 Y189.475
M5
G0 X71.709 Y189.694
M3
G0 X137.588 Y189.694
M5
G0 X137.588 Y189.839
M3
G0 X92.697 Y189.839
M5
G0 X93.061 Y190.058
M3
G0 X93.061 Y189.475
M5
G0 X91.531 Y189.256
M3
G0 X71.126 Y189.256
M5
G0 X70.762 Y188.892
M3
G0 X70.762 Y134.090
M5
G0 X70.543 Y133.871
M3
G0 X68.794 Y133.871
M5
G0 X68.794 Y133.580
M3
G0 X69.960 Y133.580
M5
G0 X69.960 Y133.434
M3
G0 X69.377 Y133.434
M5
G0 X68.794 Y132.705
M3
G0 X70.543 Y132.705
M5
G0 X71.126 Y132.705
M3
G0 X72.875 Y132.705
M5
G0 X72.875 Y132.122
M3
G0 X71.126 Y132.122
M5
G0 X71.490 Y132.341
M3
G0 X71.490 Y139.920
M5
G0 X71.126 Y140.430
M3
G0 X70.543 Y140.430
M5
G0 X71.126 Y140.576
M3
G0 X69.377 Y140.576
M5
G0 X69.450 Y140.503
M3
G0 X69.450 Y141.669
M5
G0 X69.377 Y141.742
M3
G0 X70.543 Y141.742
M5
G0 X70.470 Y141.669
M3
G0 X70.470 Y141.086
M5
G0 X70.543 Y141.596
M3
G0 X69.960 Y141.596
M5
G0 X69.960 Y142.179
M3
G0 X70.543 Y142.179
M5
G0 X69.960 Y142.325
M3
G0 X71.126 Y142.325
M5
G0 X71.709 Y141.742
M3
G0 X73.458 Y141.742
M5
G0 X72.875 Y142.179
M3
G0 X72.292 Y142.179
M5
G0 X72.292 Y142.762
M3
G0 X72.875 Y142.762
M5
G0 X72.802 Y142.835
M3
G0 X72.802 Y141.086
M5
G0 X72.292 Y139.701
M3
G0 X113.102 Y139.701
M5
G0 X111.717 Y139.337
M3
G0 X111.717 Y135.256
M5
G0 X109.968 Y135.256
M3
G0 X109.968 Y137.588
M5
G0 X109.968 Y139.920
M3
G0 X109.968 Y140.503
M5
G0 X110.551 Y139.920
M3
G0 X110.551 Y101.442
M5
G0 X109.968 Y100.859
M3
G0 X109.968 Y127.094
M5
G0 X109.385 Y126.511
M3
G0 X109.385 Y102.608
M5
G0 X108.802 Y103.191
M3
G0 X108.802 Y101.442
M5
G0 X107.053 Y100.859
M3
G0 X107.053 Y107.272
M5
G0 X106.470 Y107.272
M3
G0 X106.470 Y98.527
M5
G0 X107.053 Y98.527
M3
G0 X107.053 Y99.693
M5
G0 X107.636 Y99.110
M3
G0 X107.636 Y105.523
M5
G0 X108.219 Y105.523
M3
G0 X108.219 Y99.693
M5
G0 X105.887 Y99.110
M3
G0 X105.887 Y97.944
M5
G0 X104.721 Y97.944
M3
G0 X104.721 Y105.523
M5
G0 X105.304 Y106.689
M3
G0 X105.304 Y103.774
M5
G0 X105.887 Y103.774
M3
G0 X105.887 Y100.276
M5
G0 X105.304 Y100.276
M3
G0 X105.304 Y102.608
M5
G0 X102.972 Y99.110
M3
G0 X102.972 Y107.272
M5
G0 X105.887 Y107.272
M3
G0 X105.887 Y110.187
M5
G0 X106.470 Y110.187
M3
G0 X106.470 Y109.021
M5
G0 X108.219 Y109.021
M3
G0 X108.219 Y111.936
M5
G0 X107.053 Y111.936
M3
G0 X107.053 Y111.353
M5
G0 X104.138 Y111.353
M3
G0 X104.138 Y96.778
M5
G0 X104.138 Y95.029
M3
G0 X104.138 Y94.446
M5
G0 X102.608 Y94.519
M3
G0 X100.859 Y94.519
M5
G0 X100.859 Y95.685
M3
G0 X51.304 Y95.685
M5
G0 X51.304 Y96.268
M3
G0 X100.276 Y96.268
M5
G0 X100.859 Y96.851
M3
G0 X98.527 Y96.851
M5
G0 X97.944 Y96.851
M3
G0 X50.721 Y96.851
M5
G0 X50.721 Y97.434
M3
G0 X97.361 Y97.434
M5
G0 X97.434 Y95.612
M3
G0 X97.434 Y93.280
M5
G0 X97.361 Y93.790
M3
G0 X74.624 Y93.790
M5
G0 X74.624 Y94.373
M3
G0 X92.697 Y94.373
M5
G0 X92.114 Y94.956
M3
G0 X75.207 Y94.956
M5
G0 X75.790 Y95.539
M3
G0 X92.114 Y95.539
M5
G0 X91.531 Y96.122
M3
G0 X75.790 Y96.122
M5
G0 X75.790 Y96.705
M3
G0 X89.782 Y96.705
M5
G0 X92.187 Y97.944
M3
G0 X92.187 Y82.203
M5
G0 X92.697 Y81.110
M3
G0 X72.292 Y81.110
M5
G0 X72.292 Y80.527
M3
G0 X92.114 Y80.527
M5
G0 X91.604 Y80.454
M3
G0 X91.604 Y88.616
M5
G0 X91.021 Y88.616
M3
G0 X91.021 Y104.940
M5
G0 X90.438 Y107.855
M3
G0 X90.438 Y87.450
M5
G0 X91.021 Y87.450
M3
G0 X91.021 Y79.288
M5
G0 X92.114 Y79.361
M3
G0 X72.292 Y79.361
M5
G0 X72.292 Y79.944
M3
G0 X92.114 Y79.944
M5
G0 X92.697 Y79.944
M3
G0 X93.280 Y79.944
M5
G0 X93.280 Y79.361
M3
G0 X92.697 Y79.361
M5
G0 X92.114 Y78.778
M3
G0 X71.709 Y78.778
M5
G0 X71.709 Y78.195
M3
G0 X91.531 Y78.195
M5
G0 X91.531 Y77.612
M3
G0 X71.709 Y77.612
M5
G0 X71.709 Y77.029
M3
G0 X91.531 Y77.029
M5
G0 X92.114 Y77.029
M3
G0 X92.697 Y77.029
M5
G0 X92.697 Y76.446
M3
G0 X92.114 Y76.446
M5
G0 X90.948 Y76.446
M3
G0 X71.709 Y76.446
M5
G0 X71.126 Y75.863
M3
G0 X90.948 Y75.863
M5
G0 X90.948 Y75.280
M3
G0 X71.126 Y75.280
M5
G0 X71.126 Y73.531
M3
G0 X90.365 Y73.531
M5
G0 X90.365 Y72.948
M3
G0 X71.126 Y72.948
M5
G0 X71.126 Y72.365
M3
G0 X89.782 Y72.365
M5
G0 X90.729 Y72.292
M3
G0 X90.729 Y69.960
M5
G0 X90.365 Y70.033
M3
G0 X89.782 Y70.033
M5
G0 X89.199 Y70.033
M3
G0 X67.628 Y70.033
M5
G0 X66.462 Y70.033
M3
G0 X64.130 Y70.033
M5
G0 X63.547 Y69.450
M3
G0 X88.033 Y69.450
M5
G0 X87.523 Y69.960
M3
G0 X87.523 Y78.705
M5
G0 X86.940 Y78.122
M3
G0 X86.940 Y67.045
M5
G0 X86.357 Y67.045
M3
G0 X86.357 Y77.539
M5
G0 X86.357 Y78.122
M3
G0 X86.357 Y85.118
M5
G0 X85.774 Y84.535
M3
G0 X85.774 Y65.879
M5
G0 X85.191 Y65.296
M3
G0 X85.191 Y86.867
M5
G0 X84.608 Y87.450
M3
G0 X84.608 Y141.086
M5
G0 X85.191 Y139.337
M3
G0 X85.191 Y89.199
M5
G0 X84.535 Y89.126
M3
G0 X83.952 Y89.126
M5
G0 X83.952 Y89.709
M3
G0 X84.535 Y89.709
M5
G0 X85.118 Y90.292
M3
G0 X85.701 Y90.292
M5
G0 X85.118 Y90.875
M3
G0 X88.033 Y90.875
M5
G0 X88.616 Y90.875
M3
G0 X89.199 Y90.875
M5
G0 X89.199 Y90.292
M3
G0 X91.531 Y90.292
M5
G0 X92.114 Y90.875
M3
G0 X89.782 Y90.875
M5
G0 X89.199 Y89.709
M3
G0 X90.365 Y89.709
M5
G0 X90.948 Y89.126
M3
G0 X89.199 Y89.126
M5
G0 X89.199 Y86.794
M3
G0 X89.782 Y86.794
M5
G0 X89.855 Y86.867
M3
G0 X89.855 Y109.604
M5
G0 X89.272 Y110.770
M3
G0 X89.272 Y85.701
M5
G0 X90.438 Y85.701
M3
G0 X90.438 Y76.956
M5
G0 X89.272 Y78.122
M3
G0 X89.272 Y73.458
M5
G0 X88.616 Y73.385
M3
G0 X88.033 Y73.385
M5
G0 X88.616 Y72.802
M3
G0 X87.450 Y72.802
M5
G0 X87.450 Y72.219
M3
G0 X88.033 Y72.219
M5
G0 X88.689 Y72.292
M3
G0 X88.689 Y76.956
M5
G0 X88.689 Y77.539
M3
G0 X88.689 Y81.037
M5
G0 X88.106 Y82.203
M3
G0 X88.106 Y114.268
M5
G0 X88.689 Y113.685
M3
G0 X88.689 Y83.952
M5
G0 X88.033 Y84.462
M3
G0 X87.450 Y84.462
M5
G0 X89.855 Y83.952
M3
G0 X89.855 Y80.454
M5
G0 X89.855 Y79.288
M3
G0 X89.855 Y75.207
M5
G0 X90.729 Y72.875
M3
G0 X90.729 Y146.333
M5
G0 X91.312 Y144.584
M3
G0 X91.312 Y142.252
M5
G0 X91.312 Y139.920
M3
G0 X91.312 Y71.126
M5
G0 X90.948 Y71.199
M3
G0 X90.365 Y71.199
M5
G0 X90.365 Y70.616
M3
G0 X90.948 Y70.616
M5
G0 X90.948 Y71.782
M3
G0 X91.531 Y71.782
M5
G0 X91.531 Y72.365
M3
G0 X90.948 Y72.365
M5
G0 X90.948 Y72.948
M3
G0 X91.531 Y72.948
M5
G0 X91.895 Y72.292
M3
G0 X91.895 Y137.588
M5
G0 X92.478 Y136.422
M3
G0 X92.478 Y75.207
M5
G0 X93.644 Y74.624
M3
G0 X93.644 Y132.341
M5
G0 X94.227 Y131.758
M3
G0 X94.227 Y130.009
M5
G0 X94.227 Y129.426
M3
G0 X94.227 Y74.624
M5
G0 X94.810 Y74.624
M3
G0 X94.810 Y131.175
M5
G0 X95.393 Y130.592
M3
G0 X95.393 Y130.009
M5
G0 X96.195 Y130.082
M3
G0 X102.608 Y130.082
M5
G0 X102.025 Y129.499
M3
G0 X98.527 Y129.499
M5
G0 X98.527 Y129.207
M3
G0 X113.102 Y129.207
M5
G0 X113.102 Y128.624
M3
G0 X98.527 Y128.624
M5
G0 X98.527 Y128.333
M3
G0 X102.608 Y128.333
M5
G0 X102.608 Y128.916
M3
G0 X99.110 Y128.916
M5
G0 X98.600 Y128.260
M3
G0 X98.600 Y127.677
M5
G0 X98.891 Y127.677
M3
G0 X98.891 Y146.333
M5
G0 X102.681 Y146.916
M3
G0 X102.681 Y149.248
M5
G0 X100.057 Y152.746
M3
G0 X100.057 Y125.928
M5
G0 X98.891 Y125.928
M3
G0 X98.891 Y124.762
M5
G0 X99.110 Y125.126
M3
G0 X75.790 Y125.126
M5
G0 X75.207 Y125.126
M3
G0 X74.041 Y125.126
M5
G0 X74.041 Y124.835
M3
G0 X75.207 Y124.835
M5
G0 X75.207 Y124.543
M3
G0 X74.041 Y124.543
M5
G0 X74.041 Y125.418
M3
G0 X75.207 Y125.418
M5
G0 X75.207 Y125.709
M3
G0 X74.041 Y125.709
M5
G0 X74.041 Y126.292
M3
G0 X75.207 Y126.292
M5
G0 X75.207 Y126.584
M3
G0 X74.041 Y126.584
M5
G0 X74.041 Y126.438
M3
G0 X74.624 Y126.438
M5
G0 X74.624 Y127.604
M3
G0 X74.041 Y127.604
M5
G0 X74.041 Y127.750
M3
G0 X74.624 Y127.750
M5
G0 X74.624 Y128.187
M3
G0 X74.041 Y128.187
M5
G0 X74.041 Y128.041
M3
G0 X75.207 Y128.041
M5
G0 X75.790 Y128.041
M3
G0 X113.102 Y128.041
M5
G0 X112.300 Y127.677
M3
G0 X112.300 Y106.689
M5
G0 X112.883 Y107.272
M3
G0 X112.883 Y125.928
M5
G0 X111.936 Y123.086
M3
G0 X111.353 Y123.086
M5
G0 X110.770 Y122.503
M3
G0 X111.936 Y122.503
M5
G0 X112.519 Y121.920
M3
G0 X110.770 Y121.920
M5
G0 X110.770 Y121.337
M3
G0 X112.519 Y121.337
M5
G0 X114.268 Y120.754
M3
G0 X110.187 Y120.754
M5
G0 X110.187 Y120.171
M3
G0 X116.600 Y120.171
M5
G0 X116.600 Y119.588
M3
G0 X109.604 Y119.588
M5
G0 X109.604 Y119.005
M3
G0 X116.017 Y119.005
M5
G0 X116.017 Y118.422
M3
G0 X109.604 Y118.422
M5
G0 X110.187 Y117.839
M3
G0 X116.017 Y117.839
M5
G0 X115.434 Y117.256
M3
G0 X110.770 Y117.256
M5
G0 X108.802 Y120.681
M3
G0 X108.802 Y104.940
M5
G0 X108.219 Y106.106
M3
G0 X108.219 Y107.272
M5
G0 X111.134 Y107.272
M3
G0 X111.134 Y139.920
M5
G0 X112.519 Y137.952
M3
G0 X96.195 Y137.952
M5
G0 X95.831 Y138.754
M3
G0 X95.831 Y244.860
M5
G0 X95.976 Y244.860
M3
G0 X95.976 Y205.799
M5
G0 X95.976 Y205.216
M3
G0 X95.976 Y204.050
M5
G0 X96.559 Y204.633
M3
G0 X96.559 Y205.216
M5
G0 X98.891 Y204.633
M3
G0 X98.891 Y191.224
M5
G0 X99.474 Y191.807
M3
G0 X99.474 Y206.965
M5
G0 X99.693 Y207.038
M3
G0 X137.588 Y207.038
M5
G0 X137.588 Y206.892
M3
G0 X134.090 Y206.892
M5
G0 X133.507 Y206.309
M3
G0 X137.588 Y206.309
M5
G0 X137.588 Y206.163
M3
G0 X11.660 Y206.163
M5
G0 X11.077 Y206.163
M3
G0 X0.000 Y206.163
M5
G0 X0.000 Y206.018
M3
G0 X137.588 Y206.018
M5
G0 X137.588 Y205.872
M3
G0 X99.693 Y205.872
M5
G0 X99.693 Y206.455
M3
G0 X137.588 Y206.455
M5
G0 X137.588 Y206.601
M3
G0 X0.000 Y206.601
M5
G0 X0.000 Y206.746
M3
G0 X137.588 Y206.746
M5
G0 X137.588 Y207.475
M3
G0 X134.673 Y207.475
M5
G0 X135.256 Y208.058
M3
G0 X137.588 Y208.058
M5
G0 X137.588 Y208.204
M3
G0 X100.276 Y208.204
M5
G0 X100.276 Y208.787
M3
G0 X137.588 Y208.787
M5
G0 X137.588 Y208.641
M3
G0 X135.839 Y208.641
M5
G0 X135.839 Y209.224
M3
G0 X137.588 Y209.224
M5
G0 X137.588 Y209.370
M3
G0 X100.276 Y209.370
M5
G0 X100.276 Y209.953
M3
G0 X137.588 Y209.953
M5
G0 X137.588 Y209.807
M3
G0 X135.839 Y209.807
M5
G0 X134.673 Y210.390
M3
G0 X137.588 Y210.390
M5
G0 X137.588 Y210.536
M3
G0 X100.276 Y210.536
M5
G0 X100.276 Y211.119
M3
G0 X137.588 Y211.119
M5
G0 X137.588 Y211.265
M3
G0 X0.000 Y211.265
M5
G0 X0.000 Y211.410
M3
G0 X8.745 Y211.410
M5
G0 X8.745 Y211.993
M3
G0 X6.996 Y211.993
M5
G0 X7.360 Y211.629
M3
G0 X7.360 Y222.706
M5
G0 X7.943 Y223.289
M3
G0 X7.943 Y223.872
M5
G0 X7.943 Y224.455
M3
G0 X7.943 Y234.949
M5
G0 X8.162 Y234.730
M3
G0 X6.413 Y234.730
M5
G0 X6.413 Y235.313
M3
G0 X8.162 Y235.313
M5
G0 X8.162 Y235.896
M3
G0 X6.413 Y235.896
M5
G0 X6.777 Y236.115
M3
G0 X6.777 Y244.860
M5
G0 X6.632 Y244.860
M3
G0 X6.632 Y86.867
M5
G0 X6.049 Y86.284
M3
G0 X6.049 Y88.616
M5
G0 X4.883 Y90.365
M3
G0 X4.883 Y185.977
M5
G0 X4.445 Y186.560
M3
G0 X4.445 Y206.965
M5
G0 X3.498 Y207.038
M3
G0 X1.166 Y207.038
M5
G0 X1.166 Y207.621
M3
G0 X3.498 Y207.621
M5
G0 X2.915 Y207.475
M3
G0 X2.332 Y207.475
M5
G0 X2.332 Y206.892
M3
G0 X2.915 Y206.892
M5
G0 X2.915 Y206.309
M3
G0 X2.332 Y206.309
M5
G0 X2.332 Y205.726
M3
G0 X2.915 Y205.726
M5
G0 X2.915 Y205.143
M3
G0 X2.332 Y205.143
M5
G0 X1.749 Y205.289
M3
G0 X4.081 Y205.289
M5
G0 X4.081 Y204.706
M3
G0 X1.749 Y204.706
M5
G0 X1.822 Y204.633
M3
G0 X1.822 Y217.459
M5
G0 X2.405 Y218.042
M3
G0 X2.405 Y216.293
M5
G0 X3.498 Y217.532
M3
G0 X0.583 Y217.532
M5
G0 X0.583 Y218.115
M3
G0 X3.498 Y218.115
M5
G0 X4.081 Y218.115
M3
G0 X5.247 Y218.115
M5
G0 X5.247 Y217.532
M3
G0 X4.081 Y217.532
M5
G0 X5.830 Y218.115
M3
G0 X7.579 Y218.115
M5
G0 X7.579 Y217.532
M3
G0 X6.413 Y217.532
M5
G0 X5.903 Y218.625
M3
G0 X5.903 Y222.706
M5
G0 X6.413 Y222.779
M3
G0 X5.247 Y222.779
M5
G0 X5.247 Y222.196
M3
G0 X6.413 Y222.196
M5
G0 X6.413 Y221.613
M3
G0 X5.247 Y221.613
M5
G0 X5.028 Y222.123
M3
G0 X5.028 Y211.046
M5
G0 X4.664 Y211.119
M3
G0 X3.498 Y211.119
M5
G0 X3.571 Y211.629
M3
G0 X3.571 Y209.297
M5
G0 X4.081 Y209.370
M3
G0 X0.000 Y209.370
M5
G0 X0.000 Y209.516
M3
G0 X137.588 Y209.516
M5
G0 X137.588 Y209.661
M3
G0 X0.000 Y209.661
M5
G0 X0.000 Y209.953
M3
G0 X0.583 Y209.953
M5
G0 X1.166 Y209.953
M3
G0 X4.081 Y209.953
M5
G0 X4.445 Y209.297
M3
G0 X4.445 Y226.787
M5
G0 X4.664 Y226.860
M3
G0 X5.830 Y226.860
M5
G0 X6.194 Y226.787
M3
G0 X6.194 Y232.034
M5
G0 X6.413 Y231.815
M3
G0 X3.498 Y231.815
M5
G0 X2.915 Y231.815
M3
G0 X0.000 Y231.815
M5
G0 X0.000 Y231.670
M3
G0 X137.588 Y231.670
M5
G0 X137.588 Y231.815
M3
G0 X6.996 Y231.815
M5
G0 X7.360 Y231.451
M3
G0 X7.360 Y240.196
M5
G0 X7.579 Y239.977
M3
G0 X5.830 Y239.977
M5
G0 X5.830 Y240.560
M3
G0 X7.579 Y240.560
M5
G0 X7.579 Y241.143
M3
G0 X5.830 Y241.143
M5
G0 X6.194 Y240.779
M3
G0 X6.194 Y244.860
M5
G0 X6.413 Y244.350
M3
G0 X5.830 Y244.350
M5
G0 X5.830 Y243.767
M3
G0 X6.413 Y243.767
M5
G0 X6.996 Y244.058
M3
G0 X2.332 Y244.058
M5
G0 X2.696 Y244.277
M3
G0 X2.696 Y244.860
M5
G0 X2.551 Y244.860
M3
G0 X2.551 Y89.782
M5
G0 X3.134 Y90.365
M3
G0 X3.134 Y244.860
M5
G0 X3.279 Y244.860
M3
G0 X3.279 Y239.030
M5
G0 X1.749 Y239.103
M3
G0 X0.000 Y239.103
M5
G0 X0.000 Y239.249
M3
G0 X137.588 Y239.249
M5
G0 X137.588 Y239.394
M3
G0 X8.162 Y239.394
M5
G0 X9.109 Y239.030
M3
G0 X9.109 Y236.698
M5
G0 X8.745 Y235.896
M3
G0 X137.588 Y235.896
M5
G0 X137.588 Y235.751
M3
G0 X0.000 Y235.751
M5
G0 X0.000 Y235.896
M3
G0 X2.915 Y235.896
M5
G0 X2.915 Y235.313
M3
G0 X0.000 Y235.313
M5
G0 X0.000 Y235.168
M3
G0 X137.588 Y235.168
M5
G0 X137.588 Y235.313
M3
G0 X8.745 Y235.313
M5
G0 X8.745 Y234.730
M3
G0 X137.588 Y234.730
M5
G0 X137.588 Y234.585
M3
G0 X0.000 Y234.585
M5
G0 X0.000 Y234.730
M3
G0 X2.915 Y234.730
M5
G0 X3.498 Y234.730
M3
G0 X5.247 Y234.730
M5
G0 X5.247 Y234.439
M3
G0 X4.081 Y234.439
M5
G0 X4.081 Y235.022
M3
G0 X4.664 Y235.022
M5
G0 X4.664 Y235.605
M3
G0 X4.081 Y235.605
M5
G0 X3.862 Y235.532
M3
G0 X3.862 Y244.860
M5
G0 X3.717 Y244.860
M3
G0 X3.717 Y90.365
M5
G0 X4.300 Y90.365
M3
G0 X4.300 Y244.860
M5
G0 X4.081 Y244.350
M3
G0 X4.664 Y244.350
M5
G0 X4.664 Y243.767
M3
G0 X4.081 Y243.767
M5
G0 X4.081 Y243.184
M3
G0 X4.664 Y243.184
M5
G0 X4.664 Y242.601
M3
G0 X4.081 Y242.601
M5
G0 X4.081 Y242.018
M3
G0 X4.664 Y242.018
M5
G0 X4.664 Y241.435
M3
G0 X4.081 Y241.435
M5
G0 X3.498 Y241.435
M3
G0 X2.915 Y241.435
M5
G0 X2.915 Y241.726
M3
G0 X5.247 Y241.726
M5
G0 X5.247 Y241.143
M3
G0 X2.915 Y241.143
M5
G0 X2.915 Y240.560
M3
G0 X5.247 Y240.560
M5
G0 X6.413 Y240.269
M3
G0 X6.996 Y240.269
M5
G0 X6.996 Y240.852
M3
G0 X6.413 Y240.852
M5
G0 X6.413 Y241.435
M3
G0 X6.996 Y241.435
M5
G0 X6.996 Y242.018
M3
G0 X6.413 Y242.018
M5
G0 X5.830 Y241.726
M3
G0 X137.588 Y241.726
M5
G0 X137.588 Y241.581
M3
G0 X0.000 Y241.581
M5
G0 X0.000 Y241.726
M3
G0 X2.332 Y241.726
M5
G0 X2.332 Y241.143
M3
G0 X0.000 Y241.143
M5
G0 X0.000 Y240.998
M3
G0 X137.588 Y240.998
M5
G0 X137.588 Y241.143
M3
G0 X8.162 Y241.143
M5
G0 X8.162 Y240.560
M3
G0 X137.588 Y240.560
M5
G0 X137.588 Y240.415
M3
G0 X0.000 Y240.415
M5
G0 X0.000 Y240.560
M3
G0 X2.332 Y240.560
M5
G0 X2.113 Y240.779
M3
G0 X2.113 Y189.475
M5
G0 X2.332 Y189.548
M3
G0 X3.498 Y189.548
M5
G0 X2.988 Y189.475
M3
G0 X2.988 Y188.892
M5
G0 X3.498 Y188.965
M3
G0 X2.332 Y188.965
M5
G0 X2.332 Y188.673
M3
G0 X72.875 Y188.673
M5
G0 X72.875 Y188.965
M3
G0 X71.709 Y188.965
M5
G0 X71.709 Y189.839
M3
G0 X91.531 Y189.839
M5
G0 X91.531 Y188.673
M3
G0 X137.588 Y188.673
M5
G0 X137.588 Y188.528
M3
G0 X0.000 Y188.528
M5
G0 X0.000 Y188.673
M3
G0 X1.749 Y188.673
M5
G0 X2.113 Y188.309
M3
G0 X2.113 Y185.394
M5
G0 X2.332 Y184.884
M3
G0 X4.664 Y184.884
M5
G0 X4.737 Y184.811
M3
G0 X4.737 Y181.896
M5
G0 X4.081 Y181.969
M3
G0 X5.830 Y181.969
M5
G0 X5.830 Y182.552
M3
G0 X3.498 Y182.552
M5
G0 X3.498 Y182.260
M3
G0 X6.996 Y182.260
M5
G0 X6.413 Y183.426
M3
G0 X2.915 Y183.426
M5
G0 X2.915 Y183.718
M3
G0 X5.830 Y183.718
M5
G0 X5.830 Y184.592
M3
G0 X0.000 Y184.592
M5
G0 X0.000 Y184.447
M3
G0 X137.588 Y184.447
M5
G0 X137.588 Y184.592
M3
G0 X88.616 Y184.592
M5
G0 X88.033 Y184.592
M3
G0 X79.871 Y184.592
M5
G0 X80.090 Y184.228
M3
G0 X80.090 Y244.860
M5
G0 X80.235 Y244.860
M3
G0 X80.235 Y184.811
M5
G0 X80.454 Y184.884
M3
G0 X81.037 Y184.884
M5
G0 X80.454 Y184.301
M3
G0 X81.620 Y184.301
M5
G0 X80.454 Y184.009
M3
G0 X137.588 Y184.009
M5
G0 X137.588 Y183.864
M3
G0 X80.454 Y183.864
M5
G0 X79.288 Y184.009
M3
G0 X6.996 Y184.009
M5
G0 X6.996 Y184.884
M3
G0 X20.988 Y184.884
M5
G0 X21.571 Y184.884
M3
G0 X25.069 Y184.884
M5
G0 X25.069 Y185.467
M3
G0 X21.571 Y185.467
M5
G0 X21.644 Y185.394
M3
G0 X21.644 Y179.564
M5
G0 X21.571 Y178.908
M3
G0 X20.405 Y178.908
M5
G0 X20.405 Y178.325
M3
G0 X21.571 Y178.325
M5
G0 X22.227 Y178.981
M3
G0 X22.227 Y181.313
M5
G0 X22.227 Y181.896
M3
G0 X22.227 Y187.143
M5
G0 X23.320 Y187.070
M3
G0 X25.069 Y187.070
M5
G0 X25.069 Y187.653
M3
G0 X23.320 Y187.653
M5
G0 X23.830 Y187.726
M3
G0 X23.830 Y190.641
M5
G0 X23.903 Y190.568
M3
G0 X22.737 Y190.568
M5
G0 X22.737 Y191.151
M3
G0 X23.903 Y191.151
M5
G0 X25.069 Y191.151
M3
G0 X25.652 Y191.151
M5
G0 X25.652 Y190.568
M3
G0 X25.069 Y190.568
M5
G0 X25.652 Y189.548
M3
G0 X22.154 Y189.548
M5
G0 X23.320 Y188.236
M3
G0 X25.069 Y188.236
M5
G0 X25.142 Y188.309
M3
G0 X25.142 Y195.305
M5
G0 X24.486 Y196.981
M3
G0 X23.903 Y196.981
M5
G0 X24.559 Y197.054
M3
G0 X24.559 Y198.803
M5
G0 X25.652 Y198.730
M3
G0 X26.818 Y198.730
M5
G0 X26.818 Y198.147
M3
G0 X26.235 Y198.147
M5
G0 X26.235 Y199.313
M3
G0 X25.652 Y199.313
M5
G0 X25.652 Y200.042
M3
G0 X30.316 Y200.042
M5
G0 X29.733 Y201.062
M3
G0 X27.984 Y201.062
M5
G0 X27.984 Y201.645
M3
G0 X29.733 Y201.645
M5
G0 X29.733 Y201.791
M3
G0 X25.652 Y201.791
M5
G0 X25.069 Y201.791
M3
G0 X23.320 Y201.791
M5
G0 X23.320 Y202.374
M3
G0 X29.733 Y202.374
M5
G0 X29.733 Y202.228
M3
G0 X27.984 Y202.228
M5
G0 X27.984 Y202.811
M3
G0 X29.150 Y202.811
M5
G0 X29.150 Y203.394
M3
G0 X27.984 Y203.394
M5
G0 X27.474 Y203.467
M3
G0 X27.474 Y199.969
M5
G0 X27.401 Y198.147
M3
G0 X27.984 Y198.147
M5
G0 X29.150 Y197.564
M3
G0 X30.316 Y197.564
M5
G0 X30.899 Y196.981
M3
G0 X29.150 Y196.981
M5
G0 X29.150 Y196.398
M3
G0 X30.899 Y196.398
M5
G0 X31.482 Y196.981
M3
G0 X32.065 Y196.981
M5
G0 X32.648 Y196.981
M3
G0 X45.474 Y196.981
M5
G0 X45.474 Y196.398
M3
G0 X32.648 Y196.398
M5
G0 X32.648 Y195.815
M3
G0 X45.474 Y195.815
M5
G0 X44.818 Y195.888
M3
G0 X44.818 Y197.054
M5
G0 X44.235 Y197.054
M3
G0 X44.235 Y197.637
M5
G0 X43.069 Y197.637
M3
G0 X43.069 Y197.054
M5
G0 X42.486 Y197.637
M3
G0 X42.486 Y195.888
M5
G0 X42.486 Y198.220
M3
G0 X42.486 Y198.803
M5
G0 X43.652 Y199.386
M3
G0 X43.652 Y199.969
M5
G0 X44.235 Y199.969
M3
G0 X44.235 Y198.803
M5
G0 X45.474 Y197.564
M3
G0 X32.648 Y197.564
M5
G0 X32.065 Y197.564
M3
G0 X31.482 Y197.564
M5
G0 X33.231 Y198.730
M3
G0 X46.057 Y198.730
M5
G0 X46.640 Y199.313
M3
G0 X33.231 Y199.313
M5
G0 X33.231 Y199.896
M3
G0 X46.640 Y199.896
M5
G0 X46.713 Y199.969
M3
G0 X46.713 Y244.860
M5
G0 X47.296 Y244.860
M3
G0 X47.296 Y198.803
M5
G0 X47.223 Y199.313
M3
G0 X47.806 Y199.313
M5
G0 X47.806 Y198.730
M3
G0 X54.219 Y198.730
M5
G0 X54.219 Y198.147
M3
G0 X47.806 Y198.147
M5
G0 X48.316 Y197.637
M3
G0 X48.316 Y198.803
M5
G0 X48.899 Y198.220
M3
G0 X48.899 Y197.637
M5
G0 X49.482 Y198.803
M3
G0 X49.482 Y199.386
M5
G0 X48.972 Y199.313
M3
G0 X54.219 Y199.313
M5
G0 X53.636 Y200.479
M3
G0 X52.470 Y200.479
M5
G0 X53.126 Y200.552
M3
G0 X53.126 Y143.418
M5
G0 X53.636 Y143.928
M3
G0 X55.385 Y143.928
M5
G0 X57.134 Y144.511
M3
G0 X48.972 Y144.511
M5
G0 X49.336 Y144.001
M3
G0 X49.336 Y244.860
M5
G0 X49.191 Y244.860
M3
G0 X49.191 Y0.000
M5
G0 X49.336 Y0.000
M3
G0 X49.336 Y0.583
M5
G0 X50.502 Y0.000
M3
G0 X50.502 Y95.029
M5
G0 X50.721 Y94.519
M3
G0 X50.138 Y94.519
M5
G0 X49.919 Y95.029
M3
G0 X49.919 Y40.810
M5
G0 X49.555 Y42.049
M3
G0 X73.458 Y42.049
M5
G0 X74.624 Y40.300
M3
G0 X75.207 Y40.300
M5
G0 X75.207 Y39.717
M3
G0 X74.041 Y39.717
M5
G0 X73.458 Y39.134
M3
G0 X75.207 Y39.134
M5
G0 X79.288 Y41.757
M3
G0 X8.745 Y41.757
M5
G0 X9.328 Y42.340
M3
G0 X79.288 Y42.340
M5
G0 X79.288 Y42.923
M3
G0 X9.328 Y42.923
M5
G0 X9.328 Y43.215
M3
G0 X11.077 Y43.215
M5
G0 X10.494 Y43.069
M3
G0 X9.911 Y43.069
M5
G0 X9.328 Y43.506
M3
G0 X78.705 Y43.506
M5
G0 X77.029 Y46.057
M3
G0 X77.029 Y72.292
M5
G0 X76.956 Y71.053
M3
G0 X76.373 Y71.053
M5
G0 X75.863 Y71.709
M3
G0 X75.863 Y44.891
M5
G0 X75.790 Y45.401
M3
G0 X75.207 Y45.401
M5
G0 X75.207 Y44.235
M3
G0 X74.041 Y44.235
M5
G0 X73.458 Y44.235
M3
G0 X48.972 Y44.235
M5
G0 X48.389 Y44.818
M3
G0 X72.875 Y44.818
M5
G0 X72.875 Y46.567
M3
G0 X71.709 Y46.567
M5
G0 X72.292 Y47.150
M3
G0 X73.458 Y47.150
M5
G0 X74.041 Y47.150
M3
G0 X75.790 Y47.150
M5
G0 X76.373 Y47.733
M3
G0 X74.624 Y47.733
M5
G0 X74.041 Y47.733
M3
G0 X73.458 Y47.733
M5
G0 X72.292 Y48.316
M3
G0 X44.891 Y48.316
M5
G0 X44.891 Y48.899
M3
G0 X72.875 Y48.899
M5
G0 X75.790 Y48.316
M3
G0 X76.373 Y48.316
M5
G0 X76.373 Y48.899
M3
G0 X76.956 Y48.899
M5
G0 X79.871 Y49.045
M3
G0 X43.142 Y49.045
M5
G0 X43.142 Y48.899
M3
G0 X43.725 Y48.899
M5
G0 X43.142 Y49.628
M3
G0 X79.871 Y49.628
M5
G0 X81.110 Y52.470
M3
G0 X81.110 Y57.134
M5
G0 X81.693 Y57.134
M3
G0 X81.693 Y54.219
M5
G0 X82.203 Y54.292
M3
G0 X41.393 Y54.292
M5
G0 X40.810 Y54.292
M3
G0 X37.895 Y54.292
M5
G0 X37.895 Y54.875
M3
G0 X39.644 Y54.875
M5
G0 X39.644 Y55.458
M3
G0 X37.895 Y55.458
M5
G0 X37.895 Y56.041
M3
G0 X39.644 Y56.041
M5
G0 X40.227 Y56.041
M3
G0 X83.369 Y56.041
M5
G0 X83.369 Y56.624
M3
G0 X40.227 Y56.624
M5
G0 X39.644 Y56.624
M3
G0 X37.895 Y56.624
M5
G0 X37.895 Y57.207
M3
G0 X83.952 Y57.207
M5
G0 X83.733 Y56.551
M3
G0 X83.733 Y163.823
M5
G0 X83.733 Y164.406
M3
G0 X83.733 Y165.572
M5
G0 X83.150 Y165.572
M3
G0 X83.150 Y164.989
M5
G0 X83.150 Y164.406
M3
G0 X83.150 Y54.802
M5
G0 X82.786 Y54.875
M3
G0 X41.393 Y54.875
M5
G0 X41.976 Y55.312
M3
G0 X51.887 Y55.312
M5
G0 X51.304 Y55.895
M3
G0 X41.976 Y55.895
M5
G0 X40.883 Y55.968
M3
G0 X40.883 Y57.717
M5
G0 X41.903 Y58.300
M3
G0 X41.903 Y67.045
M5
G0 X42.486 Y67.628
M3
G0 X42.486 Y65.296
M5
G0 X45.474 Y65.806
M3
G0 X46.057 Y65.806
M5
G0 X46.057 Y66.389
M3
G0 X45.474 Y66.389
M5
G0 X44.891 Y68.721
M3
G0 X38.478 Y68.721
M5
G0 X37.895 Y67.118
M3
G0 X58.300 Y67.118
M5
G0 X59.830 Y67.045
M3
G0 X59.830 Y0.000
M5
G0 X59.685 Y0.000
M3
G0 X59.685 Y244.860
M5
G0 X59.830 Y244.860
M3
G0 X59.830 Y210.463
M5
G0 X59.466 Y210.390
M3
G0 X58.883 Y210.390
M5
G0 X58.883 Y210.536
M3
G0 X59.466 Y210.536
M5
G0 X58.883 Y211.119
M3
G0 X60.049 Y211.119
M5
G0 X60.413 Y211.046
M3
G0 X60.413 Y207.548
M5
G0 X60.632 Y207.038
M3
G0 X88.616 Y207.038
M5
G0 X88.033 Y206.455
M3
G0 X60.632 Y206.455
M5
G0 X60.049 Y205.872
M3
G0 X57.717 Y205.872
M5
G0 X57.790 Y206.382
M3
G0 X57.790 Y203.467
M5
G0 X58.300 Y203.540
M3
G0 X57.134 Y203.540
M5
G0 X57.207 Y204.050
M3
G0 X57.207 Y201.718
M5
G0 X57.790 Y201.718
M3
G0 X57.790 Y200.552
M5
G0 X58.300 Y200.625
M3
G0 X57.134 Y200.625
M5
G0 X56.915 Y200.552
M3
G0 X56.915 Y137.588
M5
G0 X56.551 Y137.515
M3
G0 X55.968 Y137.515
M5
G0 X55.968 Y137.661
M3
G0 X56.551 Y137.661
M5
G0 X56.551 Y138.098
M3
G0 X55.968 Y138.098
M5
G0 X55.968 Y138.244
M3
G0 X56.551 Y138.244
M5
G0 X56.551 Y138.681
M3
G0 X55.968 Y138.681
M5
G0 X55.968 Y139.264
M3
G0 X56.551 Y139.264
M5
G0 X56.551 Y138.827
M3
G0 X53.053 Y138.827
M5
G0 X53.126 Y139.337
M3
G0 X53.126 Y139.920
M5
G0 X53.636 Y139.847
M3
G0 X51.887 Y139.847
M5
G0 X52.251 Y139.337
M3
G0 X52.251 Y140.503
M5
G0 X52.543 Y140.503
M3
G0 X52.543 Y139.337
M5
G0 X52.251 Y138.754
M3
G0 X52.251 Y95.029
M5
G0 X51.668 Y95.029
M3
G0 X51.668 Y138.754
M5
G0 X51.304 Y138.244
M3
G0 X45.474 Y138.244
M5
G0 X45.255 Y138.171
M3
G0 X45.255 Y0.000
M5
G0 X45.693 Y0.000
M3
G0 X45.693 Y244.860
M5
G0 X45.838 Y244.860
M3
G0 X45.838 Y143.418
M5
G0 X44.891 Y142.325
M3
G0 X43.725 Y142.325
M5
G0 X43.506 Y142.835
M3
G0 X43.506 Y140.503
M5
G0 X44.089 Y141.086
M3
G0 X44.089 Y143.418
M5
G0 X43.798 Y144.584
M3
G0 X43.798 Y145.750
M5
G0 X43.725 Y145.677
M3
G0 X44.891 Y145.677
M5
G0 X44.891 Y145.823
M3
G0 X43.725 Y145.823
M5
G0 X43.506 Y146.333
M3
G0 X43.506 Y244.860
M5
G0 X43.361 Y244.860
M3
G0 X43.361 Y0.000
M5
G0 X42.923 Y0.000
M3
G0 X42.923 Y11.660
M5
G0 X43.725 Y11.150
M3
G0 X46.057 Y11.150
M5
G0 X45.474 Y10.567
M3
G0 X43.142 Y10.567
M5
G0 X43.142 Y9.984
M3
G0 X45.474 Y9.984
M5
G0 X45.474 Y9.401
M3
G0 X43.142 Y9.401
M5
G0 X42.340 Y9.328
M3
G0 X42.340 Y9.911
M5
G0 X41.757 Y9.328
M3
G0 X41.757 Y10.494
M5
G0 X44.308 Y10.421
M3
G0 X44.891 Y10.421
M5
G0 X44.891 Y11.004
M3
G0 X44.308 Y11.004
M5
G0 X44.308 Y11.587
M3
G0 X44.891 Y11.587
M5
G0 X44.891 Y12.170
M3
G0 X44.308 Y12.170
M5
G0 X44.891 Y12.753
M3
G0 X43.725 Y12.753
M5
G0 X43.725 Y13.336
M3
G0 X44.308 Y13.336
M5
G0 X44.308 Y13.919
M3
G0 X43.725 Y13.919
M5
G0 X44.235 Y13.992
M3
G0 X44.235 Y18.656
M5
G0 X44.308 Y18.583
M3
G0 X43.725 Y18.583
M5
G0 X43.725 Y19.166
M3
G0 X44.308 Y19.166
M5
G0 X44.308 Y19.749
M3
G0 X43.725 Y19.749
M5
G0 X43.725 Y20.332
M3
G0 X44.308 Y20.332
M5
G0 X44.235 Y20.405
M3
G0 X44.235 Y32.648
M5
G0 X44.308 Y32.575
M3
G0 X43.725 Y32.575
M5
G0 X43.725 Y33.158
M3
G0 X44.308 Y33.158
M5
G0 X44.308 Y33.741
M3
G0 X43.725 Y33.741
M5
G0 X43.142 Y33.304
M3
G0 X44.891 Y33.304
M5
G0 X44.308 Y31.992
M3
G0 X43.725 Y31.992
M5
G0 X43.725 Y31.409
M3
G0 X44.308 Y31.409
M5
G0 X44.308 Y30.826
M3
G0 X43.725 Y30.826
M5
G0 X43.725 Y30.243
M3
G0 X44.308 Y30.243
M5
G0 X44.308 Y29.660
M3
G0 X43.725 Y29.660
M5
G0 X43.725 Y29.077
M3
G0 X44.308 Y29.077
M5
G0 X44.308 Y28.494
M3
G0 X43.725 Y28.494
M5
G0 X43.725 Y27.911
M3
G0 X44.308 Y27.911
M5
G0 X42.559 Y29.514
M3
G0 X8.745 Y29.514
M5
G0 X8.745 Y30.097
M3
G0 X42.559 Y30.097
M5
G0 X42.559 Y30.680
M3
G0 X8.745 Y30.680
M5
G0 X8.745 Y31.263
M3
G0 X42.559 Y31.263
M5
G0 X43.142 Y31.555
M3
G0 X44.891 Y31.555
M5
G0 X40.810 Y34.470
M3
G0 X38.478 Y34.470
M5
G0 X38.478 Y34.324
M3
G0 X39.061 Y34.324
M5
G0 X38.259 Y33.231
M3
G0 X38.259 Y244.860
M5
G0 X38.114 Y244.860
M3
G0 X38.114 Y0.000
M5
G0 X37.312 Y0.073
M3
G0 X34.980 Y0.073
M5
G0 X34.980 Y0.656
M3
G0 X37.312 Y0.656
M5
G0 X37.312 Y1.239
M3
G0 X34.980 Y1.239
M5
G0 X34.178 Y0.000
M3
G0 X34.178 Y26.235
M5
G0 X33.814 Y26.891
M3
G0 X32.065 Y26.891
M5
G0 X32.065 Y26.308
M3
G0 X33.231 Y26.308
M5
G0 X33.231 Y25.725
M3
G0 X32.065 Y25.725
M5
G0 X32.065 Y25.142
M3
G0 X33.231 Y25.142
M5
G0 X33.231 Y24.559
M3
G0 X32.065 Y24.559
M5
G0 X32.065 Y23.976
M3
G0 X33.231 Y23.976
M5
G0 X33.231 Y23.393
M3
G0 X32.065 Y23.393
M5
G0 X32.065 Y22.810
M3
G0 X33.231 Y22.810
M5
G0 X33.231 Y22.227
M3
G0 X32.065 Y22.227
M5
G0 X32.065 Y21.644
M3
G0 X33.231 Y21.644
M5
G0 X33.231 Y21.061
M3
G0 X32.065 Y21.061
M5
G0 X34.761 Y20.988
M3
G0 X34.761 Y16.907
M5
G0 X34.980 Y16.980
M3
G0 X37.312 Y16.980
M5
G0 X37.312 Y17.563
M3
G0 X34.980 Y17.563
M5
G0 X34.980 Y18.146
M3
G0 X37.312 Y18.146
M5
G0 X37.895 Y18.729
M3
G0 X34.980 Y18.729
M5
G0 X34.980 Y19.312
M3
G0 X37.312 Y19.312
M5
G0 X37.312 Y19.895
M3
G0 X34.980 Y19.895
M5
G0 X34.980 Y20.478
M3
G0 X36.729 Y20.478
M5
G0 X36.729 Y21.061
M3
G0 X34.980 Y21.061
M5
G0 X34.980 Y21.644
M3
G0 X36.729 Y21.644
M5
G0 X36.729 Y22.227
M3
G0 X34.980 Y22.227
M5
G0 X34.980 Y22.810
M3
G0 X36.729 Y22.810
M5
G0 X38.478 Y19.895
M3
G0 X40.227 Y19.895
M5
G0 X40.227 Y19.312
M3
G0 X38.478 Y19.312
M5
G0 X38.259 Y19.239
M3
G0 X38.259 Y18.656
M5
G0 X38.478 Y18.729
M3
G0 X40.227 Y18.729
M5
G0 X42.559 Y19.020
M3
G0 X8.745 Y19.020
M5
G0 X6.413 Y17.854
M3
G0 X42.559 Y17.854
M5
G0 X42.559 Y17.271
M3
G0 X6.413 Y17.271
M5
G0 X7.360 Y14.575
M3
G0 X7.360 Y23.320
M5
G0 X6.996 Y29.514
M3
G0 X8.162 Y29.514
M5
G0 X8.162 Y30.097
M3
G0 X6.996 Y30.097
M5
G0 X6.996 Y30.680
M3
G0 X8.162 Y30.680
M5
G0 X8.162 Y31.263
M3
G0 X6.996 Y31.263
M5
G0 X3.498 Y30.680
M3
G0 X0.000 Y30.680
M5
G0 X0.000 Y30.535
M3
G0 X137.588 Y30.535
M5
G0 X137.588 Y30.680
M3
G0 X89.199 Y30.680
M5
G0 X89.199 Y30.097
M3
G0 X137.588 Y30.097
M5
G0 X137.588 Y29.952
M3
G0 X0.000 Y29.952
M5
G0 X0.000 Y30.097
M3
G0 X3.498 Y30.097
M5
G0 X2.915 Y31.263
M3
G0 X2.332 Y31.263
M5
G0 X1.749 Y31.263
M3
G0 X0.000 Y31.263
M5
G0 X0.000 Y31.118
M3
G0 X137.588 Y31.118
M5
G0 X137.588 Y31.263
M3
G0 X89.782 Y31.263
M5
G0 X89.782 Y31.846
M3
G0 X137.588 Y31.846
M5
G0 X137.588 Y31.701
M3
G0 X0.000 Y31.701
M5
G0 X0.000 Y31.846
M3
G0 X1.749 Y31.846
M5
G0 X1.749 Y32.429
M3
G0 X0.000 Y32.429
M5
G0 X0.000 Y32.284
M3
G0 X137.588 Y32.284
M5
G0 X137.588 Y32.429
M3
G0 X89.782 Y32.429
M5
G0 X89.782 Y33.012
M3
G0 X137.588 Y33.012
M5
G0 X137.588 Y32.867
M3
G0 X0.000 Y32.867
M5
G0 X0.000 Y33.012
M3
G0 X1.166 Y33.012
M5
G0 X1.166 Y33.595
M3
G0 X0.000 Y33.595
M5
G0 X0.000 Y33.450
M3
G0 X137.588 Y33.450
M5
G0 X137.588 Y33.595
M3
G0 X89.782 Y33.595
M5
G0 X89.782 Y34.178
M3
G0 X137.588 Y34.178
M5
G0 X137.588 Y34.033
M3
G0 X0.000 Y34.033
M5
G0 X0.000 Y34.178
M3
G0 X1.166 Y34.178
M5
G0 X1.166 Y34.761
M3
G0 X0.000 Y34.761
M5
G0 X0.000 Y34.616
M3
G0 X137.588 Y34.616
M5
G0 X137.588 Y34.761
M3
G0 X89.782 Y34.761
M5
G0 X89.782 Y35.344
M3
G0 X137.588 Y35.344
M5
G0 X137.588 Y35.199
M3
G0 X0.000 Y35.199
M5
G0 X0.000 Y35.344
M3
G0 X1.749 Y35.344
M5
G0 X1.166 Y35.927
M3
G0 X0.000 Y35.927
M5
G0 X0.000 Y35.782
M3
G0 X137.588 Y35.782
M5
G0 X137.588 Y35.927
M3
G0 X89.782 Y35.927
M5
G0 X89.782 Y36.510
M3
G0 X137.588 Y36.510
M5
G0 X137.588 Y36.365
M3
G0 X0.000 Y36.365
M5
G0 X0.000 Y36.510
M3
G0 X1.166 Y36.510
M5
G0 X1.166 Y37.093
M3
G0 X0.000 Y37.093
M5
G0 X0.000 Y36.948
M3
G0 X137.588 Y36.948
M5
G0 X137.588 Y37.093
M3
G0 X89.782 Y37.093
M5
G0 X89.782 Y37.676
M3
G0 X137.588 Y37.676
M5
G0 X137.588 Y37.531
M3
G0 X0.000 Y37.531
M5
G0 X0.000 Y37.676
M3
G0 X1.749 Y37.676
M5
G0 X1.749 Y38.259
M3
G0 X0.000 Y38.259
M5
G0 X0.000 Y38.114
M3
G0 X137.588 Y38.114
M5
G0 X137.588 Y38.259
M3
G0 X89.782 Y38.259
M5
G0 X89.782 Y38.842
M3
G0 X137.588 Y38.842
M5
G0 X137.588 Y38.697
M3
G0 X0.000 Y38.697
M5
G0 X0.000 Y38.842
M3
G0 X2.332 Y38.842
M5
G0 X0.947 Y39.644
M3
G0 X0.947 Y40.810
M5
G0 X0.947 Y41.976
M3
G0 X0.947 Y42.559
M5
G0 X0.364 Y43.142
M3
G0 X0.364 Y34.397
M5
G0 X0.364 Y33.231
M3
G0 X0.364 Y17.490
M5
G0 X8.526 Y12.826
M3
G0 X8.526 Y0.000
M5
G0 X8.964 Y0.000
M3
G0 X8.964 Y50.721
M5
G0 X9.328 Y51.085
M3
G0 X86.284 Y51.085
M5
G0 X86.867 Y51.668
M3
G0 X9.328 Y51.668
M5
G0 X10.494 Y51.814
M3
G0 X11.077 Y51.814
M5
G0 X11.077 Y51.231
M3
G0 X10.494 Y51.231
M5
G0 X10.494 Y51.377
M3
G0 X13.409 Y51.377
M5
G0 X13.992 Y51.377
M3
G0 X16.907 Y51.377
M5
G0 X16.907 Y51.960
M3
G0 X10.494 Y51.960
M5
G0 X10.494 Y52.397
M3
G0 X11.077 Y52.397
M5
G0 X11.077 Y52.980
M3
G0 X10.494 Y52.980
M5
G0 X10.494 Y53.126
M3
G0 X12.243 Y53.126
M5
G0 X12.243 Y53.709
M3
G0 X10.494 Y53.709
M5
G0 X10.494 Y53.563
M3
G0 X11.077 Y53.563
M5
G0 X11.077 Y54.146
M3
G0 X10.494 Y54.146
M5
G0 X10.494 Y54.292
M3
G0 X12.243 Y54.292
M5
G0 X12.243 Y54.875
M3
G0 X10.494 Y54.875
M5
G0 X10.494 Y55.458
M3
G0 X12.243 Y55.458
M5
G0 X12.243 Y56.041
M3
G0 X9.911 Y56.041
M5
G0 X9.328 Y55.749
M3
G0 X116.600 Y55.749
M5
G0 X116.600 Y55.166
M3
G0 X9.328 Y55.166
M5
G0 X8.745 Y55.166
M3
G0 X7.579 Y55.166
M5
G0 X7.579 Y54.583
M3
G0 X8.162 Y54.583
M5
G0 X8.162 Y53.417
M3
G0 X8.745 Y53.417
M5
G0 X9.328 Y53.417
M3
G0 X116.600 Y53.417
M5
G0 X116.600 Y52.834
M3
G0 X7.579 Y52.834
M5
G0 X7.579 Y52.251
M3
G0 X116.600 Y52.251
M5
G0 X117.183 Y52.251
M3
G0 X137.588 Y52.251
M5
G0 X137.588 Y52.106
M3
G0 X0.000 Y52.106
M5
G0 X0.000 Y52.251
M3
G0 X3.498 Y52.251
M5
G0 X3.498 Y52.834
M3
G0 X0.000 Y52.834
M5
G0 X0.000 Y52.689
M3
G0 X137.588 Y52.689
M5
G0 X137.588 Y52.834
M3
G0 X117.183 Y52.834
M5
G0 X117.183 Y53.417
M3
G0 X137.588 Y53.417
M5
G0 X137.588 Y53.272
M3
G0 X0.000 Y53.272
M5
G0 X0.000 Y53.417
M3
G0 X3.498 Y53.417
M5
G0 X3.498 Y54.000
M3
G0 X0.000 Y54.000
M5
G0 X0.000 Y53.855
M3
G0 X137.588 Y53.855
M5
G0 X137.588 Y54.000
M3
G0 X117.183 Y54.000
M5
G0 X116.600 Y54.000
M3
G0 X9.328 Y54.000
M5
G0 X9.328 Y54.583
M3
G0 X116.600 Y54.583
M5
G0 X117.183 Y54.583
M3
G0 X137.588 Y54.583
M5
G0 X137.588 Y54.438
M3
G0 X0.000 Y54.438
M5
G0 X0.000 Y54.583
M3
G0 X3.498 Y54.583
M5
G0 X2.915 Y55.166
M3
G0 X0.000 Y55.166
M5
G0 X0.000 Y55.021
M3
G0 X137.588 Y55.021
M5
G0 X137.588 Y55.166
M3
G0 X117.183 Y55.166
M5
G0 X117.183 Y55.749
M3
G0 X137.588 Y55.749
M5
G0 X137.588 Y55.604
M3
G0 X0.000 Y55.604
M5
G0 X0.000 Y56.187
M3
G0 X137.588 Y56.187
M5
G0 X137.588 Y56.332
M3
G0 X117.183 Y56.332
M5
G0 X116.600 Y56.332
M3
G0 X85.701 Y56.332
M5
G0 X85.118 Y56.332
M3
G0 X9.328 Y56.332
M5
G0 X9.328 Y56.915
M3
G0 X85.118 Y56.915
M5
G0 X85.701 Y56.915
M3
G0 X116.600 Y56.915
M5
G0 X117.183 Y56.915
M3
G0 X137.588 Y56.915
M5
G0 X137.588 Y56.770
M3
G0 X0.000 Y56.770
M5
G0 X0.000 Y57.353
M3
G0 X137.588 Y57.353
M5
G0 X137.588 Y57.498
M3
G0 X117.766 Y57.498
M5
G0 X117.766 Y58.081
M3
G0 X137.588 Y58.081
M5
G0 X137.588 Y57.936
M3
G0 X0.000 Y57.936
M5
G0 X0.000 Y58.519
M3
G0 X137.588 Y58.519
M5
G0 X137.588 Y58.664
M3
G0 X117.183 Y58.664
M5
G0 X116.600 Y58.664
M3
G0 X9.328 Y58.664
M5
G0 X9.328 Y58.081
M3
G0 X85.118 Y58.081
M5
G0 X85.701 Y58.081
M3
G0 X116.600 Y58.081
M5
G0 X116.600 Y57.498
M3
G0 X9.328 Y57.498
M5
G0 X10.494 Y56.624
M3
G0 X12.243 Y56.624
M5
G0 X13.409 Y56.041
M3
G0 X18.073 Y56.041
M5
G0 X18.073 Y56.624
M3
G0 X14.575 Y56.624
M5
G0 X13.409 Y55.458
M3
G0 X16.907 Y55.458
M5
G0 X16.907 Y54.875
M3
G0 X13.409 Y54.875
M5
G0 X13.409 Y54.292
M3
G0 X16.907 Y54.292
M5
G0 X16.907 Y53.709
M3
G0 X13.409 Y53.709
M5
G0 X13.409 Y53.126
M3
G0 X16.907 Y53.126
M5
G0 X16.907 Y52.543
M3
G0 X10.494 Y52.543
M5
G0 X12.316 Y51.887
M3
G0 X12.316 Y51.304
M5
G0 X13.409 Y50.211
M3
G0 X18.073 Y50.211
M5
G0 X18.073 Y49.628
M3
G0 X12.826 Y49.628
M5
G0 X12.826 Y49.045
M3
G0 X18.073 Y49.045
M5
G0 X13.482 Y49.555
M3
G0 X13.482 Y50.138
M5
G0 X12.243 Y49.045
M3
G0 X9.911 Y49.045
M5
G0 X10.494 Y50.065
M3
G0 X11.077 Y50.065
M5
G0 X6.413 Y49.919
M3
G0 X5.830 Y49.919
M5
G0 X6.413 Y50.502
M3
G0 X5.247 Y50.502
M5
G0 X5.247 Y51.085
M3
G0 X5.830 Y51.085
M5
G0 X2.113 Y51.304
M3
G0 X2.113 Y54.219
M5
G0 X1.530 Y53.053
M3
G0 X1.530 Y51.304
M5
G0 X1.530 Y50.721
M3
G0 X1.530 Y50.138
M5
G0 X0.583 Y55.749
M3
G0 X2.915 Y55.749
M5
G0 X2.915 Y56.332
M3
G0 X0.583 Y56.332
M5
G0 X0.583 Y56.915
M3
G0 X2.915 Y56.915
M5
G0 X2.332 Y57.498
M3
G0 X0.583 Y57.498
M5
G0 X1.166 Y58.081
M3
G0 X2.332 Y58.081
M5
G0 X0.000 Y59.102
M3
G0 X137.588 Y59.102
M5
G0 X137.588 Y59.247
M3
G0 X86.284 Y59.247
M5
G0 X85.701 Y59.247
M3
G0 X9.328 Y59.247
M5
G0 X9.328 Y59.830
M3
G0 X85.701 Y59.830
M5
G0 X86.284 Y59.830
M3
G0 X137.588 Y59.830
M5
G0 X137.588 Y59.685
M3
G0 X0.000 Y59.685
M5
G0 X0.000 Y60.268
M3
G0 X137.588 Y60.268
M5
G0 X137.588 Y60.413
M3
G0 X86.284 Y60.413
M5
G0 X86.284 Y60.996
M3
G0 X9.328 Y60.996
M5
G0 X10.494 Y61.871
M3
G0 X12.243 Y61.871
M5
G0 X12.243 Y62.454
M3
G0 X10.494 Y62.454
M5
G0 X10.494 Y62.308
M3
G0 X11.077 Y62.308
M5
G0 X11.077 Y62.891
M3
G0 X10.494 Y62.891
M5
G0 X10.494 Y63.037
M3
G0 X12.243 Y63.037
M5
G0 X12.243 Y63.620
M3
G0 X10.494 Y63.620
M5
G0 X10.494 Y64.203
M3
G0 X12.243 Y64.203
M5
G0 X12.826 Y62.454
M3
G0 X13.992 Y62.454
M5
G0 X13.992 Y61.871
M3
G0 X13.409 Y61.871
M5
G0 X13.409 Y61.288
M3
G0 X13.992 Y61.288
M5
G0 X14.575 Y61.288
M3
G0 X20.405 Y61.288
M5
G0 X20.405 Y61.871
M3
G0 X14.575 Y61.871
M5
G0 X14.575 Y62.454
M3
G0 X17.490 Y62.454
M5
G0 X16.907 Y62.891
M3
G0 X15.158 Y62.891
M5
G0 X15.158 Y63.474
M3
G0 X16.907 Y63.474
M5
G0 X16.907 Y64.057
M3
G0 X15.158 Y64.057
M5
G0 X15.158 Y64.640
M3
G0 X16.907 Y64.640
M5
G0 X19.603 Y66.462
M3
G0 X19.603 Y57.717
M5
G0 X17.490 Y60.705
M3
G0 X14.575 Y60.705
M5
G0 X13.992 Y60.122
M3
G0 X13.409 Y60.122
M5
G0 X13.409 Y59.539
M3
G0 X13.992 Y59.539
M5
G0 X11.733 Y54.802
M3
G0 X11.733 Y83.952
M5
G0 X12.243 Y84.025
M3
G0 X11.077 Y84.025
M5
G0 X11.077 Y83.442
M3
G0 X12.243 Y83.442
M5
G0 X12.243 Y82.859
M3
G0 X11.077 Y82.859
M5
G0 X11.077 Y82.276
M3
G0 X12.243 Y82.276
M5
G0 X12.826 Y82.276
M3
G0 X13.992 Y82.276
M5
G0 X13.992 Y82.859
M3
G0 X12.826 Y82.859
M5
G0 X13.409 Y83.442
M3
G0 X13.992 Y83.442
M5
G0 X12.243 Y84.608
M3
G0 X11.077 Y84.608
M5
G0 X11.077 Y85.191
M3
G0 X12.243 Y85.191
M5
G0 X12.243 Y85.774
M3
G0 X11.077 Y85.774
M5
G0 X6.632 Y85.118
M3
G0 X6.632 Y82.203
M5
G0 X6.049 Y82.786
M3
G0 X6.049 Y80.454
M5
G0 X6.632 Y79.288
M3
G0 X6.632 Y0.000
M5
G0 X6.777 Y0.000
M3
G0 X6.777 Y4.081
M5
G0 X6.194 Y4.664
M3
G0 X6.194 Y6.413
M5
G0 X6.194 Y2.915
M3
G0 X6.194 Y0.000
M5
G0 X6.049 Y0.000
M3
G0 X6.049 Y69.377
M5
G0 X6.049 Y69.960
M3
G0 X6.049 Y78.705
M5
G0 X5.466 Y78.705
M3
G0 X5.466 Y0.000
M5
G0 X5.611 Y0.000
M3
G0 X5.611 Y0.583
M5
G0 X4.883 Y0.000
M3
G0 X4.883 Y79.871
M5
G0 X4.300 Y79.871
M3
G0 X4.300 Y83.952
M5
G0 X3.717 Y83.952
M3
G0 X3.717 Y87.450
M5
G0 X4.300 Y86.867
M3
G0 X4.300 Y85.701
M5
G0 X6.049 Y85.701
M3
G0 X6.049 Y83.952
M5
G0 X4.883 Y83.952
M3
G0 X4.883 Y83.369
M5
G0 X5.466 Y82.203
M3
G0 X5.466 Y79.288
M5
G0 X4.300 Y79.288
M3
G0 X4.300 Y0.000
M5
G0 X3.717 Y0.000
M3
G0 X3.717 Y82.203
M5
G0 X3.134 Y83.369
M3
G0 X3.134 Y0.000
M5
G0 X2.551 Y0.000
M3
G0 X2.551 Y83.952
M5
G0 X2.332 Y83.733
M3
G0 X1.749 Y83.733
M5
G0 X1.166 Y83.150
M3
G0 X2.332 Y83.150
M5
G0 X2.332 Y82.567
M3
G0 X1.166 Y82.567
M5
G0 X1.166 Y81.984
M3
G0 X1.749 Y81.984
M5
G0 X1.749 Y81.401
M3
G0 X1.166 Y81.401
M5
G0 X1.166 Y80.818
M3
G0 X1.749 Y80.818
M5
G0 X1.749 Y80.235
M3
G0 X1.166 Y80.235
M5
G0 X1.166 Y79.652
M3
G0 X1.749 Y79.652
M5
G0 X1.749 Y79.069
M3
G0 X1.166 Y79.069
M5
G0 X0.000 Y84.171
M3
G0 X137.588 Y84.171
M5
G0 X137.588 Y84.316
M3
G0 X118.932 Y84.316
M5
G0 X118.932 Y84.899
M3
G0 X137.588 Y84.899
M5
G0 X137.588 Y84.754
M3
G0 X0.000 Y84.754
M5
G0 X0.000 Y85.337
M3
G0 X137.588 Y85.337
M5
G0 X137.588 Y85.482
M3
G0 X118.932 Y85.482
M5
G0 X119.515 Y86.065
M3
G0 X137.588 Y86.065
M5
G0 X137.588 Y85.920
M3
G0 X0.000 Y85.920
M5
G0 X0.000 Y86.503
M3
G0 X137.588 Y86.503
M5
G0 X137.588 Y86.648
M3
G0 X119.515 Y86.648
M5
G0 X119.515 Y87.231
M3
G0 X137.588 Y87.231
M5
G0 X137.588 Y87.086
M3
G0 X0.000 Y87.086
M5
G0 X0.000 Y87.669
M3
G0 X137.588 Y87.669
M5
G0 X137.588 Y87.814
M3
G0 X120.098 Y87.814
M5
G0 X120.098 Y88.397
M3
G0 X137.588 Y88.397
M5
G0 X137.588 Y88.252
M3
G0 X0.000 Y88.252
M5
G0 X0.000 Y88.835
M3
G0 X137.588 Y88.835
M5
G0 X137.588 Y88.980
M3
G0 X120.098 Y88.980
M5
G0 X120.098 Y89.563
M3
G0 X137.588 Y89.563
M5
G0 X137.588 Y89.418
M3
G0 X0.000 Y89.418
M5
G0 X0.000 Y90.001
M3
G0 X137.588 Y90.001
M5
G0 X137.588 Y90.146
M3
G0 X120.098 Y90.146
M5
G0 X120.098 Y90.729
M3
G0 X137.588 Y90.729
M5
G0 X137.588 Y90.584
M3
G0 X0.000 Y90.584
M5
G0 X0.000 Y91.167
M3
G0 X137.588 Y91.167
M5
G0 X137.588 Y91.312
M3
G0 X120.098 Y91.312
M5
G0 X120.098 Y91.895
M3
G0 X137.588 Y91.895
M5
G0 X137.588 Y91.750
M3
G0 X0.000 Y91.750
M5
G0 X0.000 Y92.333
M3
G0 X137.588 Y92.333
M5
G0 X137.588 Y92.478
M3
G0 X120.681 Y92.478
M5
G0 X120.681 Y93.061
M3
G0 X137.588 Y93.061
M5
G0 X137.588 Y92.916
M3
G0 X0.000 Y92.916
M5
G0 X0.000 Y93.499
M3
G0 X137.588 Y93.499
M5
G0 X137.588 Y93.644
M3
G0 X120.681 Y93.644
M5
G0 X120.681 Y94.227
M3
G0 X137.588 Y94.227
M5
G0 X137.588 Y94.082
M3
G0 X0.000 Y94.082
M5
G0 X0.000 Y94.227
M3
G0 X0.583 Y94.227
M5
G0 X0.583 Y94.810
M3
G0 X0.000 Y94.810
M5
G0 X0.000 Y94.665
M3
G0 X137.588 Y94.665
M5
G0 X137.588 Y94.810
M3
G0 X120.681 Y94.810
M5
G0 X121.847 Y94.519
M3
G0 X137.588 Y94.519
M5
G0 X137.588 Y93.936
M3
G0 X121.847 Y93.936
M5
G0 X121.847 Y93.353
M3
G0 X137.588 Y93.353
M5
G0 X137.588 Y92.770
M3
G0 X121.847 Y92.770
M5
G0 X121.847 Y92.187
M3
G0 X137.588 Y92.187
M5
G0 X137.588 Y91.604
M3
G0 X121.847 Y91.604
M5
G0 X121.847 Y91.021
M3
G0 X130.592 Y91.021
M5
G0 X130.009 Y90.438
M3
G0 X122.430 Y90.438
M5
G0 X122.430 Y89.855
M3
G0 X129.426 Y89.855
M5
G0 X129.426 Y89.272
M3
G0 X122.430 Y89.272
M5
G0 X123.013 Y88.689
M3
G0 X129.426 Y88.689
M5
G0 X128.843 Y88.106
M3
G0 X123.596 Y88.106
M5
G0 X123.596 Y87.523
M3
G0 X129.426 Y87.523
M5
G0 X129.426 Y86.940
M3
G0 X125.345 Y86.940
M5
G0 X125.345 Y86.357
M3
G0 X129.426 Y86.357
M5
G0 X130.009 Y85.774
M3
G0 X123.013 Y85.774
M5
G0 X122.430 Y85.191
M3
G0 X130.592 Y85.191
M5
G0 X131.758 Y84.608
M3
G0 X122.430 Y84.608
M5
G0 X121.847 Y84.025
M3
G0 X131.758 Y84.025
M5
G0 X130.082 Y82.786
M3
G0 X130.082 Y28.567
M5
G0 X129.499 Y28.567
M3
G0 X129.499 Y83.952
M5
G0 X128.916 Y85.118
M3
G0 X128.916 Y28.567
M5
G0 X128.333 Y28.567
M3
G0 X128.333 Y85.701
M5
G0 X127.750 Y86.284
M3
G0 X127.750 Y29.150
M5
G0 X127.167 Y29.150
M3
G0 X127.167 Y85.701
M5
G0 X126.584 Y85.118
M3
G0 X126.584 Y27.984
M5
G0 X126.001 Y27.401
M3
G0 X126.001 Y85.118
M5
G0 X125.418 Y84.535
M3
G0 X125.418 Y26.818
M5
G0 X124.835 Y26.818
M3
G0 X124.835 Y83.952
M5
G0 X124.252 Y83.952
M3
G0 X124.252 Y26.818
M5
G0 X123.669 Y26.818
M3
G0 X123.669 Y83.952
M5
G0 X123.086 Y83.369
M3
G0 X123.086 Y26.818
M5
G0 X122.503 Y27.984
M3
G0 X122.503 Y78.122
M5
G0 X121.264 Y78.195
M3
G0 X137.588 Y78.195
M5
G0 X137.588 Y77.612
M3
G0 X121.264 Y77.612
M5
G0 X120.681 Y77.029
M3
G0 X137.588 Y77.029
M5
G0 X137.588 Y76.446
M3
G0 X120.681 Y76.446
M5
G0 X120.098 Y75.863
M3
G0 X137.588 Y75.863
M5
G0 X137.588 Y75.280
M3
G0 X119.515 Y75.280
M5
G0 X119.515 Y74.697
M3
G0 X137.588 Y74.697
M5
G0 X137.588 Y74.114
M3
G0 X119.515 Y74.114
M5
G0 X119.515 Y73.531
M3
G0 X137.588 Y73.531
M5
G0 X137.588 Y72.948
M3
G0 X118.932 Y72.948
M5
G0 X118.932 Y72.365
M3
G0 X137.588 Y72.365
M5
G0 X137.588 Y71.782
M3
G0 X118.932 Y71.782
M5
G0 X118.932 Y71.199
M3
G0 X137.588 Y71.199
M5
G0 X137.588 Y70.616
M3
G0 X118.349 Y70.616
M5
G0 X118.349 Y70.033
M3
G0 X137.588 Y70.033
M5
G0 X137.588 Y69.450
M3
G0 X118.932 Y69.450
M5
G0 X118.932 Y68.867
M3
G0 X137.588 Y68.867
M5
G0 X137.588 Y68.575
M3
G0 X90.365 Y68.575
M5
G0 X90.365 Y67.992
M3
G0 X137.588 Y67.992
M5
G0 X137.588 Y67.847
M3
G0 X0.000 Y67.847
M5
G0 X0.000 Y67.264
M3
G0 X137.588 Y67.264
M5
G0 X137.588 Y67.409
M3
G0 X90.365 Y67.409
M5
G0 X90.365 Y66.826
M3
G0 X89.782 Y66.826
M5
G0 X89.199 Y66.243
M3
G0 X137.588 Y66.243
M5
G0 X137.588 Y66.098
M3
G0 X0.000 Y66.098
M5
G0 X0.000 Y65.515
M3
G0 X137.588 Y65.515
M5
G0 X137.588 Y65.660
M3
G0 X89.199 Y65.660
M5
G0 X87.814 Y65.879
M3
G0 X87.814 Y156.827
M5
G0 X88.397 Y157.410
M3
G0 X88.397 Y67.045
M5
G0 X88.033 Y67.701
M3
G0 X62.964 Y67.701
M5
G0 X62.964 Y68.284
M3
G0 X88.616 Y68.284
M5
G0 X88.106 Y70.543
M3
G0 X88.106 Y79.288
M5
G0 X86.940 Y79.288
M3
G0 X86.940 Y131.175
M5
G0 X86.357 Y133.507
M3
G0 X86.357 Y88.033
M5
G0 X85.774 Y88.033
M3
G0 X85.774 Y136.422
M5
G0 X81.037 Y136.349
M3
G0 X78.705 Y136.349
M5
G0 X78.705 Y135.766
M3
G0 X81.037 Y135.766
M5
G0 X81.037 Y135.183
M3
G0 X79.288 Y135.183
M5
G0 X78.705 Y134.600
M3
G0 X80.454 Y134.600
M5
G0 X80.454 Y134.017
M3
G0 X78.705 Y134.017
M5
G0 X78.705 Y133.434
M3
G0 X80.454 Y133.434
M5
G0 X80.454 Y132.851
M3
G0 X78.705 Y132.851
M5
G0 X79.288 Y132.268
M3
G0 X80.454 Y132.268
M5
G0 X80.454 Y131.685
M3
G0 X79.871 Y131.685
M5
G0 X78.705 Y131.102
M3
G0 X77.539 Y131.102
M5
G0 X77.539 Y130.519
M3
G0 X78.122 Y130.519
M5
G0 X78.122 Y129.936
M3
G0 X77.539 Y129.936
M5
G0 X77.539 Y129.353
M3
G0 X78.122 Y129.353
M5
G0 X78.122 Y128.770
M3
G0 X78.705 Y128.770
M5
G0 X78.705 Y128.187
M3
G0 X78.122 Y128.187
M5
G0 X78.122 Y127.604
M3
G0 X78.705 Y127.604
M5
G0 X78.705 Y127.021
M3
G0 X78.122 Y127.021
M5
G0 X78.122 Y126.438
M3
G0 X78.705 Y126.438
M5
G0 X78.705 Y125.855
M3
G0 X78.122 Y125.855
M5
G0 X78.122 Y125.272
M3
G0 X82.203 Y125.272
M5
G0 X82.203 Y124.689
M3
G0 X78.122 Y124.689
M5
G0 X78.122 Y124.106
M3
G0 X82.203 Y124.106
M5
G0 X82.203 Y123.523
M3
G0 X78.122 Y123.523
M5
G0 X78.122 Y122.940
M3
G0 X82.203 Y122.940
M5
G0 X82.203 Y122.357
M3
G0 X78.122 Y122.357
M5
G0 X78.122 Y121.774
M3
G0 X82.203 Y121.774
M5
G0 X82.786 Y121.191
M3
G0 X78.122 Y121.191
M5
G0 X78.122 Y120.608
M3
G0 X82.203 Y120.608
M5
G0 X82.203 Y120.025
M3
G0 X78.122 Y120.025
M5
G0 X78.122 Y119.442
M3
G0 X82.203 Y119.442
M5
G0 X82.786 Y118.859
M3
G0 X78.122 Y118.859
M5
G0 X78.705 Y118.276
M3
G0 X82.786 Y118.276
M5
G0 X82.786 Y117.693
M3
G0 X78.705 Y117.693
M5
G0 X78.705 Y117.110
M3
G0 X82.786 Y117.110
M5
G0 X79.215 Y118.932
M3
G0 X79.215 Y121.847
M5
G0 X77.029 Y121.264
M3
G0 X77.029 Y106.689
M5
G0 X77.539 Y108.365
M3
G0 X78.122 Y108.365
M5
G0 X75.280 Y107.855
M3
G0 X75.280 Y72.875
M5
G0 X75.790 Y74.551
M3
G0 X74.624 Y74.551
M5
G0 X71.782 Y72.292
M3
G0 X71.782 Y70.543
M5
G0 X71.199 Y70.543
M3
G0 X71.199 Y71.126
M5
G0 X70.616 Y70.543
M3
G0 X70.616 Y69.960
M5
G0 X70.033 Y69.960
M3
G0 X70.033 Y69.377
M5
G0 X69.450 Y69.377
M3
G0 X69.450 Y68.794
M5
G0 X68.794 Y68.138
M3
G0 X68.211 Y68.138
M5
G0 X68.794 Y70.616
M3
G0 X89.199 Y70.616
M5
G0 X87.450 Y70.470
M3
G0 X86.867 Y70.470
M5
G0 X85.701 Y68.138
M3
G0 X85.118 Y68.138
M5
G0 X85.118 Y67.555
M3
G0 X85.701 Y67.555
M5
G0 X83.952 Y66.972
M3
G0 X83.369 Y66.972
M5
G0 X83.369 Y66.389
M3
G0 X83.952 Y66.389
M5
G0 X83.952 Y65.223
M3
G0 X84.535 Y65.223
M5
G0 X85.191 Y64.130
M3
G0 X85.191 Y63.547
M5
G0 X84.608 Y62.964
M3
G0 X84.608 Y85.701
M5
G0 X82.859 Y85.118
M3
G0 X82.859 Y61.215
M5
G0 X83.442 Y61.215
M3
G0 X83.442 Y67.628
M5
G0 X83.442 Y68.211
M3
G0 X83.442 Y69.377
M5
G0 X83.442 Y69.960
M3
G0 X83.442 Y87.450
M5
G0 X82.203 Y87.377
M3
G0 X81.037 Y87.377
M5
G0 X81.037 Y86.794
M3
G0 X82.203 Y86.794
M5
G0 X82.203 Y86.211
M3
G0 X81.037 Y86.211
M5
G0 X81.620 Y87.960
M3
G0 X82.203 Y87.960
M5
G0 X81.620 Y88.543
M3
G0 X82.786 Y88.543
M5
G0 X82.859 Y88.616
M3
G0 X82.859 Y148.082
M5
G0 X79.288 Y148.009
M3
G0 X74.041 Y148.009
M5
G0 X74.041 Y148.592
M3
G0 X79.288 Y148.592
M5
G0 X79.288 Y147.426
M3
G0 X75.207 Y147.426
M5
G0 X75.207 Y146.843
M3
G0 X79.288 Y146.843
M5
G0 X79.288 Y146.260
M3
G0 X78.122 Y146.260
M5
G0 X77.539 Y146.260
M3
G0 X75.207 Y146.260
M5
G0 X75.280 Y145.750
M3
G0 X75.280 Y165.572
M5
G0 X74.697 Y165.572
M3
G0 X74.697 Y145.750
M5
G0 X74.624 Y145.240
M3
G0 X73.458 Y145.240
M5
G0 X73.531 Y145.750
M3
G0 X73.531 Y166.155
M5
G0 X72.948 Y166.155
M3
G0 X72.948 Y145.750
M5
G0 X73.458 Y146.260
M3
G0 X74.041 Y146.260
M5
G0 X74.114 Y145.750
M3
G0 X74.114 Y166.155
M5
G0 X75.790 Y167.394
M3
G0 X18.656 Y167.394
M5
G0 X18.656 Y166.811
M3
G0 X76.373 Y166.811
M5
G0 X75.207 Y167.977
M3
G0 X18.656 Y167.977
M5
G0 X18.656 Y168.560
M3
G0 X74.624 Y168.560
M5
G0 X74.624 Y169.143
M3
G0 X18.656 Y169.143
M5
G0 X19.239 Y169.726
M3
G0 X74.624 Y169.726
M5
G0 X70.033 Y167.321
M3
G0 X70.033 Y148.665
M5
G0 X68.867 Y147.499
M3
G0 X68.867 Y144.584
M5
G0 X68.794 Y144.511
M3
G0 X68.211 Y144.511
M5
G0 X68.211 Y144.657
M3
G0 X69.377 Y144.657
M5
G0 X69.377 Y145.240
M3
G0 X68.211 Y145.240
M5
G0 X68.211 Y145.677
M3
G0 X69.377 Y145.677
M5
G0 X69.304 Y145.750
M3
G0 X69.304 Y146.333
M5
G0 X69.377 Y146.260
M3
G0 X68.794 Y146.260
M5
G0 X68.794 Y146.843
M3
G0 X69.377 Y146.843
M5
G0 X69.741 Y145.750
M3
G0 X69.741 Y188.892
M5
G0 X70.033 Y188.892
M3
G0 X70.033 Y187.143
M5
G0 X70.543 Y187.216
M3
G0 X26.235 Y187.216
M5
G0 X26.235 Y187.799
M3
G0 X70.543 Y187.799
M5
G0 X70.907 Y187.726
M3
G0 X70.907 Y188.309
M5
G0 X70.543 Y188.236
M3
G0 X69.960 Y188.236
M5
G0 X69.960 Y188.382
M3
G0 X70.543 Y188.382
M5
G0 X69.960 Y189.256
M3
G0 X69.377 Y189.256
M5
G0 X69.158 Y188.892
M3
G0 X69.158 Y142.835
M5
G0 X69.377 Y141.159
M3
G0 X71.126 Y141.159
M5
G0 X69.377 Y139.410
M3
G0 X68.794 Y139.410
M5
G0 X68.794 Y139.264
M3
G0 X69.377 Y139.264
M5
G0 X69.377 Y138.827
M3
G0 X68.794 Y138.827
M5
G0 X68.794 Y138.681
M3
G0 X69.377 Y138.681
M5
G0 X69.377 Y138.244
M3
G0 X68.794 Y138.244
M5
G0 X68.794 Y138.098
M3
G0 X69.377 Y138.098
M5
G0 X69.377 Y137.515
M3
G0 X68.794 Y137.515
M5
G0 X68.794 Y137.661
M3
G0 X69.960 Y137.661
M5
G0 X69.960 Y137.952
M3
G0 X68.211 Y137.952
M5
G0 X68.211 Y137.369
M3
G0 X69.960 Y137.369
M5
G0 X69.960 Y137.078
M3
G0 X68.794 Y137.078
M5
G0 X67.628 Y137.078
M3
G0 X66.462 Y137.078
M5
G0 X66.462 Y136.932
M3
G0 X67.045 Y136.932
M5
G0 X67.045 Y136.349
M3
G0 X66.462 Y136.349
M5
G0 X66.462 Y136.203
M3
G0 X67.628 Y136.203
M5
G0 X67.628 Y135.912
M3
G0 X66.462 Y135.912
M5
G0 X66.462 Y135.766
M3
G0 X67.045 Y135.766
M5
G0 X67.045 Y135.183
M3
G0 X67.628 Y135.183
M5
G0 X67.628 Y135.037
M3
G0 X66.462 Y135.037
M5
G0 X66.462 Y134.746
M3
G0 X67.628 Y134.746
M5
G0 X67.628 Y134.600
M3
G0 X67.045 Y134.600
M5
G0 X67.045 Y134.017
M3
G0 X67.628 Y134.017
M5
G0 X67.628 Y133.871
M3
G0 X66.462 Y133.871
M5
G0 X66.462 Y134.163
M3
G0 X67.628 Y134.163
M5
G0 X67.628 Y134.454
M3
G0 X66.462 Y134.454
M5
G0 X66.462 Y135.329
M3
G0 X67.628 Y135.329
M5
G0 X67.628 Y135.620
M3
G0 X66.462 Y135.620
M5
G0 X66.462 Y136.495
M3
G0 X67.628 Y136.495
M5
G0 X67.628 Y136.786
M3
G0 X65.879 Y136.786
M5
G0 X65.296 Y136.786
M3
G0 X63.547 Y136.786
M5
G0 X63.547 Y136.203
M3
G0 X65.296 Y136.203
M5
G0 X65.296 Y135.912
M3
G0 X64.130 Y135.912
M5
G0 X64.130 Y135.766
M3
G0 X64.713 Y135.766
M5
G0 X64.713 Y136.349
M3
G0 X64.130 Y136.349
M5
G0 X64.130 Y136.495
M3
G0 X65.296 Y136.495
M5
G0 X65.296 Y137.078
M3
G0 X64.130 Y137.078
M5
G0 X64.130 Y136.932
M3
G0 X64.713 Y136.932
M5
G0 X64.713 Y137.515
M3
G0 X64.130 Y137.515
M5
G0 X64.130 Y137.661
M3
G0 X65.296 Y137.661
M5
G0 X65.296 Y137.952
M3
G0 X63.547 Y137.952
M5
G0 X63.547 Y137.369
M3
G0 X65.296 Y137.369
M5
G0 X65.879 Y137.369
M3
G0 X67.628 Y137.369
M5
G0 X67.628 Y137.661
M3
G0 X66.462 Y137.661
M5
G0 X66.462 Y137.515
M3
G0 X67.045 Y137.515
M5
G0 X67.045 Y138.098
M3
G0 X66.462 Y138.098
M5
G0 X66.462 Y138.244
M3
G0 X67.628 Y138.244
M5
G0 X67.628 Y138.535
M3
G0 X66.462 Y138.535
M5
G0 X66.462 Y138.681
M3
G0 X67.045 Y138.681
M5
G0 X67.628 Y138.827
M3
G0 X66.462 Y138.827
M5
G0 X66.462 Y139.410
M3
G0 X67.628 Y139.410
M5
G0 X68.211 Y138.535
M3
G0 X69.960 Y138.535
M5
G0 X70.543 Y138.244
M3
G0 X71.709 Y138.244
M5
G0 X71.709 Y138.098
M3
G0 X71.126 Y138.098
M5
G0 X71.126 Y137.661
M3
G0 X71.709 Y137.661
M5
G0 X71.709 Y137.078
M3
G0 X71.126 Y137.078
M5
G0 X71.126 Y136.932
M3
G0 X71.709 Y136.932
M5
G0 X72.875 Y136.203
M3
G0 X95.612 Y136.203
M5
G0 X95.831 Y135.839
M3
G0 X95.831 Y0.000
M5
G0 X95.976 Y0.000
M3
G0 X95.976 Y126.511
M5
G0 X95.393 Y125.928
M3
G0 X95.393 Y0.000
M5
G0 X95.248 Y0.000
M3
G0 X95.248 Y138.171
M5
G0 X96.414 Y136.422
M3
G0 X96.414 Y244.860
M5
G0 X96.559 Y244.860
M3
G0 X96.559 Y209.880
M5
G0 X96.559 Y208.714
M3
G0 X96.559 Y208.131
M5
G0 X99.693 Y207.621
M3
G0 X100.276 Y207.621
M5
G0 X100.859 Y207.621
M3
G0 X137.588 Y207.621
M5
G0 X137.588 Y205.726
M3
G0 X133.507 Y205.726
M5
G0 X132.341 Y205.726
M3
G0 X127.677 Y205.726
M5
G0 X127.094 Y205.726
M3
G0 X123.596 Y205.726
M5
G0 X122.430 Y205.143
M3
G0 X137.588 Y205.143
M5
G0 X137.588 Y204.997
M3
G0 X0.000 Y204.997
M5
G0 X0.000 Y204.852
M3
G0 X137.588 Y204.852
M5
G0 X137.588 Y204.706
M3
G0 X99.110 Y204.706
M5
G0 X99.110 Y204.123
M3
G0 X137.588 Y204.123
M5
G0 X137.588 Y204.269
M3
G0 X0.000 Y204.269
M5
G0 X0.000 Y204.414
M3
G0 X137.588 Y204.414
M5
G0 X137.588 Y204.560
M3
G0 X122.430 Y204.560
M5
G0 X122.430 Y203.977
M3
G0 X129.426 Y203.977
M5
G0 X128.843 Y203.394
M3
G0 X121.847 Y203.394
M5
G0 X121.847 Y202.228
M3
G0 X125.928 Y202.228
M5
G0 X126.001 Y200.552
M3
G0 X126.001 Y212.212
M5
G0 X126.001 Y212.795
M3
G0 X126.001 Y215.710
M5
G0 X126.584 Y215.710
M3
G0 X126.584 Y200.552
M5
G0 X127.167 Y200.552
M3
G0 X127.167 Y216.293
M5
G0 X127.750 Y216.293
M3
G0 X127.750 Y200.552
M5
G0 X128.333 Y200.552
M3
G0 X128.333 Y216.293
M5
G0 X128.916 Y216.293
M3
G0 X128.916 Y201.135
M5
G0 X129.499 Y201.135
M3
G0 X129.499 Y216.293
M5
G0 X130.082 Y216.293
M3
G0 X130.082 Y201.135
M5
G0 X130.665 Y201.718
M3
G0 X130.665 Y215.710
M5
G0 X131.248 Y215.710
M3
G0 X131.248 Y201.718
M5
G0 X131.831 Y201.718
M3
G0 X131.831 Y215.710
M5
G0 X132.414 Y215.127
M3
G0 X132.414 Y201.135
M5
G0 X132.997 Y201.135
M3
G0 X132.997 Y215.127
M5
G0 X133.580 Y215.127
M3
G0 X133.580 Y201.135
M5
G0 X134.163 Y201.718
M3
G0 X134.163 Y215.127
M5
G0 X134.746 Y215.127
M3
G0 X134.746 Y201.718
M5
G0 X135.329 Y201.135
M3
G0 X135.329 Y214.544
M5
G0 X135.912 Y214.544
M3
G0 X135.912 Y201.135
M5
G0 X136.495 Y201.135
M3
G0 X136.495 Y213.961
M5
G0 X137.078 Y213.961
M3
G0 X137.078 Y201.135
M5
G0 X137.588 Y201.208
M3
G0 X97.944 Y201.208
M5
G0 X97.944 Y200.625
M3
G0 X137.588 Y200.625
M5
G0 X137.588 Y200.771
M3
G0 X0.000 Y200.771
M5
G0 X0.000 Y200.916
M3
G0 X137.588 Y200.916
M5
G0 X137.588 Y200.333
M3
G0 X0.000 Y200.333
M5
G0 X0.000 Y200.188
M3
G0 X137.588 Y200.188
M5
G0 X137.588 Y200.042
M3
G0 X97.944 Y200.042
M5
G0 X98.017 Y199.969
M3
G0 X98.017 Y200.552
M5
G0 X97.725 Y200.552
M3
G0 X97.725 Y187.726
M5
G0 X97.142 Y188.309
M3
G0 X97.142 Y199.386
M5
G0 X97.361 Y199.459
M3
G0 X137.588 Y199.459
M5
G0 X137.588 Y199.605
M3
G0 X0.000 Y199.605
M5
G0 X0.000 Y199.750
M3
G0 X137.588 Y199.750
M5
G0 X137.588 Y199.167
M3
G0 X0.000 Y199.167
M5
G0 X0.000 Y199.022
M3
G0 X137.588 Y199.022
M5
G0 X137.588 Y198.876
M3
G0 X97.361 Y198.876
M5
G0 X97.361 Y198.293
M3
G0 X137.588 Y198.293
M5
G0 X137.588 Y197.418
M3
G0 X0.000 Y197.418
M5
G0 X0.000 Y197.273
M3
G0 X137.588 Y197.273
M5
G0 X137.588 Y196.835
M3
G0 X0.000 Y196.835
M5
G0 X0.000 Y196.690
M3
G0 X137.588 Y196.690
M5
G0 X137.588 Y196.252
M3
G0 X0.000 Y196.252
M5
G0 X0.000 Y196.107
M3
G0 X137.588 Y196.107
M5
G0 X137.588 Y195.669
M3
G0 X65.296 Y195.669
M5
G0 X65.369 Y195.888
M3
G0 X65.369 Y244.860
M5
G0 X65.077 Y244.860
M3
G0 X65.077 Y195.888
M5
G0 X64.713 Y195.669
M3
G0 X0.000 Y195.669
M5
G0 X0.000 Y195.524
M3
G0 X137.588 Y195.524
M5
G0 X137.588 Y194.503
M3
G0 X0.000 Y194.503
M5
G0 X0.000 Y194.358
M3
G0 X137.588 Y194.358
M5
G0 X135.037 Y192.973
M3
G0 X135.037 Y228.536
M5
G0 X134.454 Y227.370
M3
G0 X134.454 Y194.722
M5
G0 X133.871 Y194.722
M3
G0 X133.871 Y223.872
M5
G0 X133.871 Y224.455
M3
G0 X133.871 Y225.621
M5
G0 X132.705 Y224.455
M3
G0 X132.705 Y223.872
M5
G0 X132.705 Y223.289
M3
G0 X132.705 Y194.722
M5
G0 X132.122 Y194.722
M3
G0 X132.122 Y225.621
M5
G0 X133.288 Y223.289
M3
G0 X133.288 Y194.722
M5
G0 X134.454 Y194.139
M3
G0 X134.454 Y193.556
M5
G0 X135.037 Y192.390
M3
G0 X135.037 Y191.807
M5
G0 X135.620 Y191.224
M3
G0 X135.620 Y244.860
M5
G0 X135.475 Y244.860
M3
G0 X135.475 Y0.000
M5
G0 X135.620 Y0.000
M3
G0 X135.620 Y166.738
M5
G0 X136.203 Y166.738
M3
G0 X136.203 Y0.000
M5
G0 X136.058 Y0.000
M3
G0 X136.058 Y244.860
M5
G0 X136.203 Y244.860
M3
G0 X136.203 Y190.641
M5
G0 X136.203 Y189.475
M3
G0 X136.203 Y188.309
M5
G0 X135.620 Y188.309
M3
G0 X135.620 Y189.475
M5
G0 X135.037 Y189.475
M3
G0 X135.037 Y171.985
M5
G0 X134.454 Y171.985
M3
G0 X134.454 Y189.475
M5
G0 X133.871 Y189.475
M3
G0 X133.871 Y171.985
M5
G0 X133.288 Y171.985
M3
G0 X133.288 Y190.058
M5
G0 X132.705 Y190.058
M3
G0 X132.705 Y172.568
M5
G0 X132.122 Y172.568
M3
G0 X132.122 Y190.058
M5
G0 X131.539 Y190.641
M3
G0 X131.539 Y172.568
M5
G0 X130.956 Y172.568
M3
G0 X130.956 Y190.641
M5
G0 X130.373 Y190.058
M3
G0 X130.373 Y172.568
M5
G0 X129.790 Y172.568
M3
G0 X129.790 Y190.058
M5
G0 X129.207 Y190.058
M3
G0 X129.207 Y182.479
M5
G0 X128.624 Y183.062
M3
G0 X128.624 Y190.058
M5
G0 X128.041 Y190.058
M3
G0 X128.041 Y183.645
M5
G0 X127.458 Y183.645
M3
G0 X127.458 Y190.058
M5
G0 X126.875 Y190.058
M3
G0 X126.875 Y183.645
M5
G0 X126.292 Y183.645
M3
G0 X126.292 Y190.058
M5
G0 X125.709 Y190.641
M3
G0 X125.709 Y183.645
M5
G0 X125.126 Y183.062
M3
G0 X125.126 Y190.641
M5
G0 X124.543 Y190.641
M3
G0 X124.543 Y181.896
M5
G0 X125.709 Y179.564
M3
G0 X125.709 Y0.000
M5
G0 X125.564 Y0.000
M3
G0 X125.564 Y244.860
M5
G0 X125.709 Y244.860
M3
G0 X125.709 Y194.722
M5
G0 X126.292 Y194.722
M3
G0 X126.292 Y244.860
M5
G0 X126.147 Y244.860
M3
G0 X126.147 Y0.000
M5
G0 X126.292 Y0.000
M3
G0 X126.292 Y170.236
M5
G0 X126.875 Y169.653
M3
G0 X126.875 Y0.000
M5
G0 X126.730 Y0.000
M3
G0 X126.730 Y244.860
M5
G0 X126.875 Y244.860
M3
G0 X126.875 Y193.556
M5
G0 X126.292 Y193.556
M3
G0 X126.292 Y194.139
M5
G0 X127.458 Y193.556
M3
G0 X127.458 Y244.860
M5
G0 X127.313 Y244.860
M3
G0 X127.313 Y0.000
M5
G0 X127.458 Y0.000
M3
G0 X127.458 Y169.653
M5
G0 X128.041 Y169.070
M3
G0 X128.041 Y0.000
M5
G0 X127.896 Y0.000
M3
G0 X127.896 Y244.860
M5
G0 X128.041 Y244.860
M3
G0 X128.041 Y193.556
M5
G0 X128.624 Y193.556
M3
G0 X128.624 Y244.860
M5
G0 X128.479 Y244.860
M3
G0 X128.479 Y0.000
M5
G0 X128.624 Y0.000
M3
G0 X128.624 Y169.070
M5
G0 X129.207 Y169.070
M3
G0 X129.207 Y0.000
M5
G0 X129.062 Y0.000
M3
G0 X129.062 Y244.860
M5
G0 X129.207 Y244.860
M3
G0 X129.207 Y193.556
M5
G0 X129.790 Y193.556
M3
G0 X129.790 Y244.860
M5
G0 X129.645 Y244.860
M3
G0 X129.645 Y0.000
M5
G0 X129.790 Y0.000
M3
G0 X129.790 Y169.070
M5
G0 X130.373 Y169.070
M3
G0 X130.373 Y0.000
M5
G0 X130.228 Y0.000
M3
G0 X130.228 Y244.860
M5
G0 X130.373 Y244.860
M3
G0 X130.373 Y193.556
M5
G0 X130.956 Y194.139
M3
G0 X130.956 Y244.860
M5
G0 X130.811 Y244.860
M3
G0 X130.811 Y0.000
M5
G0 X130.956 Y0.000
M3
G0 X130.956 Y169.070
M5
G0 X131.539 Y169.070
M3
G0 X131.539 Y0.000
M5
G0 X131.394 Y0.000
M3
G0 X131.394 Y244.860
M5
G0 X131.539 Y244.860
M3
G0 X131.539 Y229.119
M5
G0 X131.539 Y228.536
M3
G0 X131.539 Y194.139
M5
G0 X131.175 Y195.961
M3
G0 X130.592 Y195.961
M5
G0 X130.592 Y197.127
M3
G0 X131.175 Y197.127
M5
G0 X131.758 Y197.710
M3
G0 X96.778 Y197.710
M5
G0 X96.559 Y197.637
M3
G0 X96.559 Y188.892
M5
G0 X98.308 Y188.892
M3
G0 X98.308 Y202.301
M5
G0 X98.527 Y202.374
M3
G0 X137.588 Y202.374
M5
G0 X137.588 Y201.791
M3
G0 X98.527 Y201.791
M5
G0 X98.600 Y202.301
M3
G0 X98.600 Y199.969
M5
G0 X99.766 Y201.135
M3
G0 X99.766 Y202.884
M5
G0 X100.349 Y202.884
M3
G0 X100.349 Y202.301
M5
G0 X99.183 Y201.718
M3
G0 X99.183 Y203.467
M5
G0 X99.110 Y203.540
M3
G0 X137.588 Y203.540
M5
G0 X137.588 Y203.686
M3
G0 X0.000 Y203.686
M5
G0 X0.000 Y203.831
M3
G0 X137.588 Y203.831
M5
G0 X137.588 Y203.977
M3
G0 X135.256 Y203.977
M5
G0 X137.588 Y203.248
M3
G0 X0.000 Y203.248
M5
G0 X0.000 Y203.103
M3
G0 X137.588 Y203.103
M5
G0 X137.588 Y202.957
M3
G0 X98.527 Y202.957
M5
G0 X99.110 Y205.289
M3
G0 X137.588 Y205.289
M5
G0 X132.924 Y207.475
M3
G0 X127.094 Y207.475
M5
G0 X127.094 Y208.058
M3
G0 X132.924 Y208.058
M5
G0 X132.924 Y208.641
M3
G0 X127.677 Y208.641
M5
G0 X127.677 Y209.224
M3
G0 X132.924 Y209.224
M5
G0 X132.924 Y209.807
M3
G0 X127.677 Y209.807
M5
G0 X128.260 Y210.390
M3
G0 X133.507 Y210.390
M5
G0 X133.507 Y210.973
M3
G0 X128.260 Y210.973
M5
G0 X127.677 Y211.556
M3
G0 X137.588 Y211.556
M5
G0 X137.588 Y211.410
M3
G0 X9.328 Y211.410
M5
G0 X9.328 Y211.993
M3
G0 X137.588 Y211.993
M5
G0 X137.588 Y211.848
M3
G0 X0.000 Y211.848
M5
G0 X0.000 Y211.993
M3
G0 X6.413 Y211.993
M5
G0 X6.194 Y211.629
M3
G0 X6.194 Y185.394
M5
G0 X6.413 Y185.175
M3
G0 X77.539 Y185.175
M5
G0 X77.539 Y185.030
M3
G0 X0.000 Y185.030
M5
G0 X0.000 Y185.175
M3
G0 X5.830 Y185.175
M5
G0 X5.830 Y186.050
M3
G0 X9.328 Y186.050
M5
G0 X9.328 Y185.321
M3
G0 X8.745 Y185.321
M5
G0 X9.911 Y185.467
M3
G0 X6.996 Y185.467
M5
G0 X7.652 Y185.977
M3
G0 X7.652 Y189.475
M5
G0 X7.579 Y189.402
M3
G0 X5.830 Y189.402
M5
G0 X5.830 Y188.819
M3
G0 X8.162 Y188.819
M5
G0 X8.162 Y188.965
M3
G0 X5.247 Y188.965
M5
G0 X4.737 Y188.892
M3
G0 X4.737 Y187.143
M5
G0 X4.664 Y187.653
M3
G0 X4.081 Y187.653
M5
G0 X5.320 Y187.143
M3
G0 X5.320 Y196.471
M5
G0 X6.413 Y195.961
M3
G0 X2.915 Y195.961
M5
G0 X2.915 Y195.378
M3
G0 X6.413 Y195.378
M5
G0 X6.996 Y194.795
M3
G0 X2.915 Y194.795
M5
G0 X3.498 Y194.212
M3
G0 X6.996 Y194.212
M5
G0 X7.579 Y193.629
M3
G0 X3.498 Y193.629
M5
G0 X3.571 Y194.139
M3
G0 X3.571 Y204.633
M5
G0 X4.664 Y204.123
M3
G0 X1.749 Y204.123
M5
G0 X0.583 Y203.540
M3
G0 X0.000 Y203.540
M5
G0 X0.000 Y202.957
M3
G0 X0.583 Y202.957
M5
G0 X0.947 Y202.884
M3
G0 X0.947 Y241.945
M5
G0 X0.583 Y242.309
M3
G0 X2.332 Y242.309
M5
G0 X2.915 Y242.309
M3
G0 X5.247 Y242.309
M5
G0 X5.247 Y242.892
M3
G0 X0.583 Y242.892
M5
G0 X0.000 Y243.330
M3
G0 X137.588 Y243.330
M5
G0 X137.588 Y243.475
M3
G0 X7.579 Y243.475
M5
G0 X7.579 Y244.058
M3
G0 X137.588 Y244.058
M5
G0 X137.588 Y243.913
M3
G0 X0.000 Y243.913
M5
G0 X1.166 Y244.350
M3
G0 X1.749 Y244.350
M5
G0 X2.332 Y244.641
M3
G0 X6.996 Y244.641
M5
G0 X7.215 Y244.860
M3
G0 X7.215 Y0.000
M5
G0 X14.211 Y0.000
M3
G0 X14.211 Y244.860
M5
G0 X14.356 Y244.860
M3
G0 X14.356 Y0.000
M5
G0 X15.522 Y0.000
M3
G0 X15.522 Y244.860
M5
G0 X15.814 Y244.860
M3
G0 X15.814 Y211.629
M5
G0 X15.741 Y212.139
M3
G0 X17.490 Y212.139
M5
G0 X17.563 Y212.212
M3
G0 X17.563 Y211.629
M5
G0 X15.814 Y210.463
M3
G0 X15.814 Y206.965
M5
G0 X15.741 Y207.475
M3
G0 X15.158 Y207.475
M5
G0 X15.158 Y207.038
M3
G0 X20.405 Y207.038
M5
G0 X20.405 Y207.621
M3
G0 X13.409 Y207.621
M5
G0 X13.409 Y207.038
M3
G0 X14.575 Y207.038
M5
G0 X14.575 Y206.455
M3
G0 X13.409 Y206.455
M5
G0 X13.409 Y205.872
M3
G0 X14.575 Y205.872
M5
G0 X14.575 Y205.289
M3
G0 X13.409 Y205.289
M5
G0 X13.409 Y204.706
M3
G0 X13.992 Y204.706
M5
G0 X13.409 Y204.123
M3
G0 X21.571 Y204.123
M5
G0 X21.571 Y203.540
M3
G0 X13.409 Y203.540
M5
G0 X13.482 Y203.467
M3
G0 X13.482 Y201.718
M5
G0 X13.409 Y201.791
M3
G0 X21.571 Y201.791
M5
G0 X21.571 Y202.374
M3
G0 X13.409 Y202.374
M5
G0 X13.409 Y202.957
M3
G0 X21.571 Y202.957
M5
G0 X21.571 Y204.706
M3
G0 X15.158 Y204.706
M5
G0 X15.158 Y205.289
M3
G0 X16.907 Y205.289
M5
G0 X16.980 Y204.633
M3
G0 X16.980 Y203.467
M5
G0 X16.980 Y202.301
M3
G0 X16.980 Y201.718
M5
G0 X16.397 Y201.718
M3
G0 X16.397 Y204.633
M5
G0 X18.073 Y205.289
M3
G0 X19.239 Y205.289
M5
G0 X19.312 Y205.216
M3
G0 X19.312 Y201.718
M5
G0 X19.895 Y202.301
M3
G0 X19.895 Y204.050
M5
G0 X19.603 Y205.216
M3
G0 X19.603 Y158.576
M5
G0 X18.437 Y158.576
M3
G0 X18.437 Y155.661
M5
G0 X17.490 Y155.734
M3
G0 X14.575 Y155.734
M5
G0 X14.575 Y155.151
M3
G0 X17.490 Y155.151
M5
G0 X17.490 Y154.568
M3
G0 X14.575 Y154.568
M5
G0 X14.575 Y153.985
M3
G0 X17.490 Y153.985
M5
G0 X17.854 Y153.912
M3
G0 X17.854 Y111.936
M5
G0 X17.490 Y112.009
M3
G0 X14.575 Y112.009
M5
G0 X14.575 Y112.592
M3
G0 X16.907 Y112.592
M5
G0 X16.907 Y113.175
M3
G0 X14.575 Y113.175
M5
G0 X13.773 Y109.021
M3
G0 X13.773 Y106.106
M5
G0 X13.409 Y107.345
M3
G0 X12.826 Y107.345
M5
G0 X14.575 Y103.847
M3
G0 X16.907 Y103.847
M5
G0 X16.907 Y103.264
M3
G0 X14.575 Y103.264
M5
G0 X14.575 Y100.932
M3
G0 X16.907 Y100.932
M5
G0 X17.854 Y100.859
M3
G0 X17.854 Y97.944
M5
G0 X17.854 Y96.195
M3
G0 X17.854 Y93.280
M5
G0 X19.822 Y92.478
M3
G0 X10.494 Y92.478
M5
G0 X9.911 Y98.308
M3
G0 X9.328 Y98.308
M5
G0 X9.328 Y98.891
M3
G0 X9.911 Y98.891
M5
G0 X10.494 Y98.891
M3
G0 X111.936 Y98.891
M5
G0 X116.236 Y100.276
M3
G0 X116.236 Y142.835
M5
G0 X113.904 Y141.086
M3
G0 X113.904 Y133.507
M5
G0 X113.102 Y130.373
M3
G0 X73.458 Y130.373
M5
G0 X73.458 Y130.665
M3
G0 X74.624 Y130.665
M5
G0 X74.624 Y131.685
M3
G0 X74.041 Y131.685
M5
G0 X74.041 Y132.268
M3
G0 X74.624 Y132.268
M5
G0 X74.624 Y132.414
M3
G0 X73.458 Y132.414
M5
G0 X73.458 Y132.705
M3
G0 X104.357 Y132.705
M5
G0 X104.357 Y133.288
M3
G0 X97.361 Y133.288
M5
G0 X97.434 Y132.924
M3
G0 X97.434 Y132.341
M5
G0 X97.944 Y132.414
M3
G0 X95.612 Y132.414
M5
G0 X95.612 Y132.997
M3
G0 X96.195 Y132.997
M5
G0 X96.195 Y133.288
M3
G0 X73.458 Y133.288
M5
G0 X73.458 Y132.997
M3
G0 X74.624 Y132.997
M5
G0 X74.624 Y133.580
M3
G0 X73.458 Y133.580
M5
G0 X73.458 Y133.871
M3
G0 X96.195 Y133.871
M5
G0 X96.195 Y133.580
M3
G0 X95.612 Y133.580
M5
G0 X96.414 Y133.507
M3
G0 X96.414 Y0.000
M5
G0 X96.559 Y0.000
M3
G0 X96.559 Y118.932
M5
G0 X98.891 Y120.681
M3
G0 X98.891 Y122.430
M5
G0 X99.693 Y123.086
M3
G0 X100.859 Y123.086
M5
G0 X100.859 Y121.337
M3
G0 X102.608 Y121.337
M5
G0 X104.138 Y120.681
M3
G0 X104.138 Y128.260
M5
G0 X102.025 Y127.750
M3
G0 X101.442 Y127.750
M5
G0 X98.746 Y127.094
M3
G0 X98.746 Y244.860
M5
G0 X98.891 Y244.860
M3
G0 X98.891 Y234.366
M5
G0 X100.276 Y229.192
M3
G0 X106.106 Y229.192
M5
G0 X103.847 Y228.536
M3
G0 X103.847 Y220.374
M5
G0 X103.264 Y220.374
M3
G0 X103.264 Y228.536
M5
G0 X102.681 Y228.536
M3
G0 X102.681 Y220.374
M5
G0 X104.430 Y220.374
M3
G0 X104.430 Y227.370
M5
G0 X105.013 Y226.787
M3
G0 X105.013 Y219.791
M5
G0 X105.596 Y219.208
M3
G0 X105.596 Y226.204
M5
G0 X106.179 Y225.621
M3
G0 X106.179 Y218.042
M5
G0 X106.762 Y217.459
M3
G0 X106.762 Y225.038
M5
G0 X107.345 Y223.872
M3
G0 X107.345 Y215.710
M5
G0 X107.345 Y214.544
M3
G0 X107.345 Y202.301
M5
G0 X107.928 Y202.884
M3
G0 X107.928 Y223.872
M5
G0 X108.511 Y223.872
M3
G0 X108.511 Y205.216
M5
G0 X109.094 Y205.216
M3
G0 X109.094 Y222.706
M5
G0 X109.677 Y222.123
M3
G0 X109.677 Y207.548
M5
G0 X110.260 Y207.548
M3
G0 X110.260 Y221.540
M5
G0 X110.843 Y220.957
M3
G0 X110.843 Y206.965
M5
G0 X111.426 Y206.382
M3
G0 X111.426 Y220.957
M5
G0 X112.009 Y220.957
M3
G0 X112.009 Y201.718
M5
G0 X112.592 Y199.969
M3
G0 X112.592 Y220.374
M5
G0 X113.175 Y219.208
M3
G0 X113.175 Y199.969
M5
G0 X113.758 Y199.969
M3
G0 X113.758 Y219.208
M5
G0 X114.341 Y219.208
M3
G0 X114.341 Y199.386
M5
G0 X114.924 Y198.803
M3
G0 X114.924 Y218.625
M5
G0 X115.507 Y218.625
M3
G0 X115.507 Y198.803
M5
G0 X116.090 Y198.803
M3
G0 X116.090 Y219.208
M5
G0 X116.673 Y218.625
M3
G0 X116.673 Y198.803
M5
G0 X117.256 Y198.803
M3
G0 X117.256 Y218.042
M5
G0 X117.839 Y217.459
M3
G0 X117.839 Y198.803
M5
G0 X118.422 Y198.803
M3
G0 X118.422 Y216.876
M5
G0 X119.005 Y215.710
M3
G0 X119.005 Y215.127
M5
G0 X119.005 Y214.544
M3
G0 X119.005 Y199.386
M5
G0 X119.588 Y198.803
M3
G0 X119.588 Y213.961
M5
G0 X120.171 Y213.378
M3
G0 X120.171 Y199.386
M5
G0 X120.754 Y199.386
M3
G0 X120.754 Y213.961
M5
G0 X121.337 Y215.127
M3
G0 X121.337 Y199.386
M5
G0 X121.920 Y199.386
M3
G0 X121.920 Y214.544
M5
G0 X122.503 Y214.544
M3
G0 X122.503 Y199.386
M5
G0 X123.086 Y199.386
M3
G0 X123.086 Y208.714
M5
G0 X123.086 Y209.880
M3
G0 X123.086 Y212.795
M5
G0 X121.264 Y209.807
M3
G0 X116.600 Y209.807
M5
G0 X116.600 Y210.390
M3
G0 X119.515 Y210.390
M5
G0 X118.932 Y210.973
M3
G0 X116.017 Y210.973
M5
G0 X116.017 Y211.556
M3
G0 X118.932 Y211.556
M5
G0 X118.932 Y212.139
M3
G0 X115.434 Y212.139
M5
G0 X115.434 Y212.722
M3
G0 X118.349 Y212.722
M5
G0 X117.766 Y213.305
M3
G0 X114.851 Y213.305
M5
G0 X114.851 Y213.888
M3
G0 X116.600 Y213.888
M5
G0 X116.600 Y214.471
M3
G0 X114.851 Y214.471
M5
G0 X114.851 Y215.054
M3
G0 X113.102 Y215.054
M5
G0 X113.102 Y215.637
M3
G0 X114.851 Y215.637
M5
G0 X113.685 Y216.220
M3
G0 X112.519 Y216.220
M5
G0 X111.936 Y216.803
M3
G0 X113.102 Y216.803
M5
G0 X112.519 Y217.386
M3
G0 X111.936 Y217.386
M5
G0 X106.762 Y212.212
M3
G0 X106.762 Y203.467
M5
G0 X105.013 Y203.467
M3
G0 X105.013 Y198.803
M5
G0 X104.430 Y198.803
M3
G0 X104.430 Y203.467
M5
G0 X103.847 Y204.050
M3
G0 X103.847 Y198.803
M5
G0 X103.264 Y199.386
M3
G0 X103.264 Y204.050
M5
G0 X102.681 Y203.467
M3
G0 X102.681 Y199.969
M5
G0 X102.098 Y199.969
M3
G0 X102.098 Y203.467
M5
G0 X101.515 Y203.467
M3
G0 X101.515 Y199.969
M5
G0 X100.932 Y201.135
M3
G0 X100.932 Y203.467
M5
G0 X105.013 Y205.216
M3
G0 X105.013 Y212.212
M5
G0 X104.430 Y212.212
M3
G0 X104.430 Y206.965
M5
G0 X103.847 Y208.131
M3
G0 X103.847 Y211.629
M5
G0 X105.596 Y212.212
M3
G0 X105.596 Y199.386
M5
G0 X106.179 Y199.969
M3
G0 X106.179 Y212.212
M5
G0 X100.859 Y213.451
M3
G0 X137.588 Y213.451
M5
G0 X137.588 Y213.597
M3
G0 X0.000 Y213.597
M5
G0 X0.000 Y213.742
M3
G0 X137.588 Y213.742
M5
G0 X137.588 Y214.034
M3
G0 X100.859 Y214.034
M5
G0 X100.276 Y212.868
M3
G0 X137.588 Y212.868
M5
G0 X137.588 Y213.014
M3
G0 X0.000 Y213.014
M5
G0 X0.000 Y213.159
M3
G0 X137.588 Y213.159
M5
G0 X137.588 Y212.576
M3
G0 X0.000 Y212.576
M5
G0 X0.000 Y212.431
M3
G0 X137.588 Y212.431
M5
G0 X137.588 Y212.285
M3
G0 X100.276 Y212.285
M5
G0 X100.276 Y211.702
M3
G0 X137.588 Y211.702
M5
G0 X137.005 Y212.139
M3
G0 X128.260 Y212.139
M5
G0 X128.260 Y212.722
M3
G0 X130.009 Y212.722
M5
G0 X130.592 Y212.722
M3
G0 X135.256 Y212.722
M5
G0 X134.673 Y210.973
M3
G0 X137.588 Y210.973
M5
G0 X137.588 Y210.827
M3
G0 X0.000 Y210.827
M5
G0 X0.000 Y210.682
M3
G0 X137.588 Y210.682
M5
G0 X137.588 Y214.180
M3
G0 X0.000 Y214.180
M5
G0 X0.000 Y214.325
M3
G0 X137.588 Y214.325
M5
G0 X137.588 Y215.346
M3
G0 X0.000 Y215.346
M5
G0 X0.000 Y215.491
M3
G0 X137.588 Y215.491
M5
G0 X137.588 Y217.678
M3
G0 X0.000 Y217.678
M5
G0 X0.000 Y217.823
M3
G0 X137.588 Y217.823
M5
G0 X137.588 Y218.115
M3
G0 X127.094 Y218.115
M5
G0 X127.677 Y218.698
M3
G0 X135.256 Y218.698
M5
G0 X135.839 Y218.698
M3
G0 X137.588 Y218.698
M5
G0 X137.588 Y218.844
M3
G0 X0.000 Y218.844
M5
G0 X0.000 Y218.989
M3
G0 X137.588 Y218.989
M5
G0 X137.588 Y219.281
M3
G0 X135.256 Y219.281
M5
G0 X135.839 Y219.864
M3
G0 X137.588 Y219.864
M5
G0 X137.588 Y220.010
M3
G0 X0.000 Y220.010
M5
G0 X0.000 Y220.155
M3
G0 X137.588 Y220.155
M5
G0 X137.588 Y220.447
M3
G0 X135.839 Y220.447
M5
G0 X136.422 Y221.030
M3
G0 X137.588 Y221.030
M5
G0 X137.588 Y221.176
M3
G0 X0.000 Y221.176
M5
G0 X0.000 Y221.321
M3
G0 X137.588 Y221.321
M5
G0 X137.588 Y221.613
M3
G0 X136.422 Y221.613
M5
G0 X136.422 Y222.196
M3
G0 X137.588 Y222.196
M5
G0 X137.588 Y222.342
M3
G0 X0.000 Y222.342
M5
G0 X0.000 Y222.487
M3
G0 X137.588 Y222.487
M5
G0 X137.588 Y222.779
M3
G0 X137.005 Y222.779
M5
G0 X137.005 Y223.362
M3
G0 X137.588 Y223.362
M5
G0 X137.588 Y223.508
M3
G0 X0.000 Y223.508
M5
G0 X0.000 Y223.653
M3
G0 X137.588 Y223.653
M5
G0 X137.588 Y223.070
M3
G0 X0.000 Y223.070
M5
G0 X0.000 Y222.925
M3
G0 X137.588 Y222.925
M5
G0 X137.588 Y221.904
M3
G0 X0.000 Y221.904
M5
G0 X0.000 Y221.759
M3
G0 X137.588 Y221.759
M5
G0 X137.588 Y220.738
M3
G0 X0.000 Y220.738
M5
G0 X0.000 Y220.593
M3
G0 X137.588 Y220.593
M5
G0 X137.588 Y218.406
M3
G0 X0.000 Y218.406
M5
G0 X0.000 Y218.261
M3
G0 X137.588 Y218.261
M5
G0 X133.507 Y219.281
M3
G0 X128.843 Y219.281
M5
G0 X129.426 Y219.864
M3
G0 X132.341 Y219.864
M5
G0 X131.758 Y220.447
M3
G0 X130.009 Y220.447
M5
G0 X130.009 Y221.030
M3
G0 X130.592 Y221.030
M5
G0 X130.592 Y221.613
M3
G0 X130.009 Y221.613
M5
G0 X137.588 Y225.257
M3
G0 X0.000 Y225.257
M5
G0 X0.000 Y225.402
M3
G0 X9.911 Y225.402
M5
G0 X10.275 Y225.621
M3
G0 X10.275 Y228.536
M5
G0 X10.494 Y228.609
M3
G0 X11.660 Y228.609
M5
G0 X11.150 Y228.536
M3
G0 X11.150 Y227.953
M5
G0 X11.077 Y228.026
M3
G0 X11.660 Y228.026
M5
G0 X10.858 Y227.953
M3
G0 X10.858 Y237.864
M5
G0 X11.077 Y237.937
M3
G0 X11.660 Y237.937
M5
G0 X11.660 Y237.354
M3
G0 X12.243 Y237.354
M5
G0 X12.243 Y236.771
M3
G0 X11.660 Y236.771
M5
G0 X11.660 Y236.188
M3
G0 X12.826 Y236.188
M5
G0 X12.826 Y235.605
M3
G0 X11.660 Y235.605
M5
G0 X11.660 Y235.022
M3
G0 X12.826 Y235.022
M5
G0 X12.826 Y234.439
M3
G0 X12.243 Y234.439
M5
G0 X12.243 Y233.856
M3
G0 X12.826 Y233.856
M5
G0 X12.826 Y233.273
M3
G0 X12.243 Y233.273
M5
G0 X11.660 Y232.690
M3
G0 X11.077 Y232.690
M5
G0 X11.077 Y232.107
M3
G0 X11.660 Y232.107
M5
G0 X11.660 Y230.941
M3
G0 X12.243 Y230.941
M5
G0 X11.660 Y230.358
M3
G0 X12.826 Y230.358
M5
G0 X12.826 Y229.775
M3
G0 X11.660 Y229.775
M5
G0 X11.077 Y229.775
M3
G0 X10.494 Y229.775
M5
G0 X10.275 Y229.702
M3
G0 X10.275 Y234.366
M5
G0 X9.692 Y234.949
M3
G0 X9.692 Y231.451
M5
G0 X9.911 Y231.524
M3
G0 X10.494 Y231.524
M5
G0 X10.494 Y230.941
M3
G0 X9.911 Y230.941
M5
G0 X9.911 Y230.358
M3
G0 X11.077 Y230.358
M5
G0 X10.567 Y230.285
M3
G0 X10.567 Y228.536
M5
G0 X10.494 Y228.026
M3
G0 X5.247 Y228.026
M5
G0 X5.247 Y227.880
M3
G0 X5.830 Y227.880
M5
G0 X5.903 Y227.953
M3
G0 X5.903 Y228.536
M5
G0 X6.486 Y228.536
M3
G0 X6.486 Y230.285
M5
G0 X6.413 Y230.212
M3
G0 X6.996 Y230.212
M5
G0 X6.996 Y230.358
M3
G0 X4.664 Y230.358
M5
G0 X4.664 Y229.775
M3
G0 X5.247 Y229.775
M5
G0 X5.320 Y230.285
M3
G0 X5.320 Y232.034
M5
G0 X5.830 Y231.524
M3
G0 X4.664 Y231.524
M5
G0 X4.664 Y230.941
M3
G0 X6.413 Y230.941
M5
G0 X6.413 Y231.232
M3
G0 X0.000 Y231.232
M5
G0 X0.000 Y231.087
M3
G0 X137.588 Y231.087
M5
G0 X137.588 Y231.232
M3
G0 X6.996 Y231.232
M5
G0 X6.777 Y230.868
M3
G0 X6.777 Y227.370
M5
G0 X6.996 Y227.151
M3
G0 X0.000 Y227.151
M5
G0 X0.000 Y227.006
M3
G0 X137.588 Y227.006
M5
G0 X137.588 Y227.151
M3
G0 X7.579 Y227.151
M5
G0 X7.579 Y227.443
M3
G0 X10.494 Y227.443
M5
G0 X10.494 Y227.297
M3
G0 X9.328 Y227.297
M5
G0 X9.328 Y227.880
M3
G0 X8.745 Y227.880
M5
G0 X8.745 Y228.463
M3
G0 X7.579 Y228.463
M5
G0 X7.652 Y227.953
M3
G0 X7.652 Y229.702
M5
G0 X7.579 Y229.629
M3
G0 X6.413 Y229.629
M5
G0 X5.830 Y229.775
M3
G0 X8.162 Y229.775
M5
G0 X8.235 Y229.702
M3
G0 X8.235 Y227.370
M5
G0 X8.162 Y226.860
M3
G0 X10.494 Y226.860
M5
G0 X11.077 Y226.860
M3
G0 X25.069 Y226.860
M5
G0 X25.652 Y226.860
M3
G0 X86.284 Y226.860
M5
G0 X86.284 Y227.443
M3
G0 X13.409 Y227.443
M5
G0 X13.482 Y227.953
M3
G0 X13.482 Y226.787
M5
G0 X13.409 Y226.714
M3
G0 X12.243 Y226.714
M5
G0 X12.316 Y226.787
M3
G0 X12.316 Y225.621
M5
G0 X12.607 Y225.621
M3
G0 X12.607 Y244.860
M5
G0 X12.243 Y243.767
M3
G0 X26.235 Y243.767
M5
G0 X26.818 Y243.767
M3
G0 X40.227 Y243.767
M5
G0 X40.227 Y243.184
M3
G0 X26.818 Y243.184
M5
G0 X27.401 Y242.601
M3
G0 X40.227 Y242.601
M5
G0 X40.227 Y242.018
M3
G0 X27.401 Y242.018
M5
G0 X27.401 Y241.435
M3
G0 X40.810 Y241.435
M5
G0 X40.810 Y240.852
M3
G0 X27.401 Y240.852
M5
G0 X27.401 Y240.269
M3
G0 X40.810 Y240.269
M5
G0 X40.810 Y239.686
M3
G0 X27.401 Y239.686
M5
G0 X27.401 Y239.103
M3
G0 X40.810 Y239.103
M5
G0 X40.810 Y238.520
M3
G0 X27.401 Y238.520
M5
G0 X26.235 Y239.686
M3
G0 X25.069 Y239.686
M5
G0 X25.069 Y239.103
M3
G0 X25.652 Y239.103
M5
G0 X25.652 Y238.520
M3
G0 X25.069 Y238.520
M5
G0 X25.069 Y237.937
M3
G0 X25.652 Y237.937
M5
G0 X24.486 Y239.103
M3
G0 X12.243 Y239.103
M5
G0 X12.316 Y239.030
M3
G0 X12.316 Y239.613
M5
G0 X11.660 Y239.686
M3
G0 X24.486 Y239.686
M5
G0 X24.486 Y240.269
M3
G0 X12.826 Y240.269
M5
G0 X12.899 Y240.779
M3
G0 X12.899 Y243.694
M5
G0 X11.660 Y243.767
M3
G0 X10.494 Y243.767
M5
G0 X9.692 Y243.694
M3
G0 X9.692 Y242.528
M5
G0 X10.858 Y241.945
M3
G0 X10.858 Y239.030
M5
G0 X10.275 Y239.030
M3
G0 X10.275 Y240.196
M5
G0 X10.275 Y240.779
M3
G0 X10.275 Y244.860
M5
G0 X10.130 Y244.860
M3
G0 X10.130 Y146.916
M5
G0 X9.328 Y148.009
M3
G0 X8.745 Y148.009
M5
G0 X8.235 Y146.916
M3
G0 X8.235 Y141.086
M5
G0 X8.162 Y141.013
M3
G0 X7.579 Y141.013
M5
G0 X7.579 Y140.430
M3
G0 X8.162 Y140.430
M5
G0 X8.162 Y139.847
M3
G0 X7.579 Y139.847
M5
G0 X6.996 Y139.993
M3
G0 X8.745 Y139.993
M5
G0 X8.745 Y140.284
M3
G0 X0.000 Y140.284
M5
G0 X0.000 Y140.576
M3
G0 X5.830 Y140.576
M5
G0 X5.830 Y141.159
M3
G0 X0.000 Y141.159
M5
G0 X0.000 Y141.305
M3
G0 X137.588 Y141.305
M5
G0 X137.588 Y141.450
M3
G0 X121.264 Y141.450
M5
G0 X121.264 Y142.033
M3
G0 X137.588 Y142.033
M5
G0 X137.588 Y141.888
M3
G0 X0.000 Y141.888
M5
G0 X0.000 Y142.033
M3
G0 X9.328 Y142.033
M5
G0 X9.328 Y141.450
M3
G0 X0.000 Y141.450
M5
G0 X0.000 Y141.742
M3
G0 X4.664 Y141.742
M5
G0 X4.664 Y142.325
M3
G0 X0.000 Y142.325
M5
G0 X0.000 Y142.471
M3
G0 X137.588 Y142.471
M5
G0 X137.588 Y142.616
M3
G0 X121.264 Y142.616
M5
G0 X123.377 Y142.835
M3
G0 X123.377 Y133.507
M5
G0 X124.179 Y134.163
M3
G0 X137.588 Y134.163
M5
G0 X137.588 Y133.580
M3
G0 X124.762 Y133.580
M5
G0 X124.762 Y132.997
M3
G0 X137.588 Y132.997
M5
G0 X137.588 Y132.414
M3
G0 X125.345 Y132.414
M5
G0 X125.345 Y131.831
M3
G0 X137.588 Y131.831
M5
G0 X137.588 Y131.248
M3
G0 X125.345 Y131.248
M5
G0 X125.345 Y130.665
M3
G0 X137.588 Y130.665
M5
G0 X137.588 Y130.082
M3
G0 X125.345 Y130.082
M5
G0 X125.345 Y129.499
M3
G0 X137.588 Y129.499
M5
G0 X135.912 Y127.094
M3
G0 X135.912 Y145.750
M5
G0 X135.329 Y145.750
M3
G0 X135.329 Y127.094
M5
G0 X134.746 Y126.511
M3
G0 X134.746 Y145.750
M5
G0 X134.163 Y145.750
M3
G0 X134.163 Y127.094
M5
G0 X133.580 Y127.094
M3
G0 X133.580 Y145.750
M5
G0 X132.997 Y145.750
M3
G0 X132.997 Y127.094
M5
G0 X132.414 Y125.928
M3
G0 X132.414 Y145.750
M5
G0 X131.831 Y146.333
M3
G0 X131.831 Y113.685
M5
G0 X131.248 Y113.685
M3
G0 X131.248 Y146.333
M5
G0 X130.665 Y146.916
M3
G0 X130.665 Y113.685
M5
G0 X130.082 Y113.102
M3
G0 X130.082 Y149.248
M5
G0 X129.499 Y149.831
M3
G0 X129.499 Y113.102
M5
G0 X128.916 Y113.102
M3
G0 X128.916 Y150.414
M5
G0 X128.333 Y149.831
M3
G0 X128.333 Y147.499
M5
G0 X128.333 Y146.333
M3
G0 X128.333 Y113.685
M5
G0 X127.750 Y113.685
M3
G0 X127.750 Y143.418
M5
G0 X127.167 Y142.252
M3
G0 X127.167 Y133.507
M5
G0 X126.584 Y134.090
M3
G0 X126.584 Y141.669
M5
G0 X126.001 Y141.669
M3
G0 X126.001 Y135.256
M5
G0 X125.418 Y136.422
M3
G0 X125.418 Y141.669
M5
G0 X124.762 Y142.325
M3
G0 X137.588 Y142.325
M5
G0 X137.588 Y141.742
M3
G0 X124.179 Y141.742
M5
G0 X124.179 Y141.159
M3
G0 X137.588 Y141.159
M5
G0 X137.588 Y140.576
M3
G0 X123.596 Y140.576
M5
G0 X123.596 Y139.993
M3
G0 X137.588 Y139.993
M5
G0 X137.588 Y139.410
M3
G0 X123.596 Y139.410
M5
G0 X123.596 Y138.827
M3
G0 X137.588 Y138.827
M5
G0 X137.588 Y138.244
M3
G0 X123.596 Y138.244
M5
G0 X124.179 Y137.661
M3
G0 X137.588 Y137.661
M5
G0 X137.588 Y137.078
M3
G0 X124.179 Y137.078
M5
G0 X124.179 Y136.495
M3
G0 X137.588 Y136.495
M5
G0 X137.588 Y135.912
M3
G0 X124.179 Y135.912
M5
G0 X124.179 Y135.329
M3
G0 X137.588 Y135.329
M5
G0 X137.078 Y135.256
M3
G0 X137.078 Y125.928
M5
G0 X136.495 Y126.511
M3
G0 X136.495 Y135.839
M5
G0 X137.588 Y134.746
M3
G0 X124.179 Y134.746
M5
G0 X124.835 Y138.171
M3
G0 X124.835 Y140.503
M5
G0 X122.794 Y140.503
M3
G0 X122.794 Y139.337
M5
G0 X124.762 Y142.908
M3
G0 X137.588 Y142.908
M5
G0 X137.588 Y143.491
M3
G0 X125.345 Y143.491
M5
G0 X125.928 Y144.074
M3
G0 X137.588 Y144.074
M5
G0 X137.588 Y144.657
M3
G0 X125.928 Y144.657
M5
G0 X125.928 Y145.240
M3
G0 X137.588 Y145.240
M5
G0 X137.588 Y145.823
M3
G0 X125.928 Y145.823
M5
G0 X125.928 Y146.406
M3
G0 X137.588 Y146.406
M5
G0 X137.588 Y146.989
M3
G0 X126.511 Y146.989
M5
G0 X126.511 Y147.572
M3
G0 X137.588 Y147.572
M5
G0 X137.588 Y148.155
M3
G0 X126.511 Y148.155
M5
G0 X126.511 Y148.738
M3
G0 X137.588 Y148.738
M5
G0 X137.588 Y149.321
M3
G0 X125.928 Y149.321
M5
G0 X125.928 Y149.904
M3
G0 X137.588 Y149.904
M5
G0 X137.588 Y150.487
M3
G0 X125.928 Y150.487
M5
G0 X125.345 Y151.070
M3
G0 X135.256 Y151.070
M5
G0 X133.507 Y151.653
M3
G0 X125.345 Y151.653
M5
G0 X125.345 Y152.236
M3
G0 X132.924 Y152.236
M5
G0 X132.924 Y152.819
M3
G0 X125.345 Y152.819
M5
G0 X125.345 Y153.402
M3
G0 X132.341 Y153.402
M5
G0 X132.341 Y153.985
M3
G0 X125.345 Y153.985
M5
G0 X125.345 Y154.568
M3
G0 X132.341 Y154.568
M5
G0 X132.341 Y155.151
M3
G0 X125.345 Y155.151
M5
G0 X125.345 Y155.734
M3
G0 X132.341 Y155.734
M5
G0 X132.341 Y156.317
M3
G0 X125.345 Y156.317
M5
G0 X124.762 Y156.900
M3
G0 X132.924 Y156.900
M5
G0 X133.507 Y156.900
M3
G0 X137.588 Y156.900
M5
G0 X137.588 Y156.317
M3
G0 X134.090 Y156.317
M5
G0 X137.588 Y157.483
M3
G0 X124.762 Y157.483
M5
G0 X124.179 Y158.066
M3
G0 X137.588 Y158.066
M5
G0 X137.588 Y158.649
M3
G0 X123.596 Y158.649
M5
G0 X123.596 Y159.232
M3
G0 X137.588 Y159.232
M5
G0 X137.588 Y159.815
M3
G0 X123.596 Y159.815
M5
G0 X123.013 Y160.398
M3
G0 X137.588 Y160.398
M5
G0 X137.588 Y160.981
M3
G0 X123.013 Y160.981
M5
G0 X123.013 Y161.564
M3
G0 X137.588 Y161.564
M5
G0 X137.588 Y162.147
M3
G0 X123.013 Y162.147
M5
G0 X122.430 Y162.730
M3
G0 X137.588 Y162.730
M5
G0 X137.588 Y163.313
M3
G0 X122.430 Y163.313
M5
G0 X123.013 Y163.896
M3
G0 X137.588 Y163.896
M5
G0 X137.588 Y164.625
M3
G0 X0.000 Y164.625
M5
G0 X0.000 Y164.770
M3
G0 X6.413 Y164.770
M5
G0 X6.413 Y164.479
M3
G0 X5.247 Y164.479
M5
G0 X5.247 Y164.916
M3
G0 X5.830 Y164.916
M5
G0 X5.830 Y165.062
M3
G0 X5.247 Y165.062
M5
G0 X5.247 Y165.499
M3
G0 X5.830 Y165.499
M5
G0 X5.830 Y165.645
M3
G0 X5.247 Y165.645
M5
G0 X5.028 Y166.155
M3
G0 X5.028 Y167.321
M5
G0 X5.247 Y167.394
M3
G0 X6.413 Y167.394
M5
G0 X5.830 Y166.811
M3
G0 X5.247 Y166.811
M5
G0 X5.247 Y166.228
M3
G0 X5.830 Y166.228
M5
G0 X6.996 Y166.228
M3
G0 X8.162 Y166.228
M5
G0 X7.652 Y166.155
M3
G0 X7.652 Y163.823
M5
G0 X7.579 Y163.896
M3
G0 X8.745 Y163.896
M5
G0 X8.162 Y163.313
M3
G0 X7.579 Y163.313
M5
G0 X7.579 Y162.730
M3
G0 X8.162 Y162.730
M5
G0 X8.162 Y162.147
M3
G0 X7.579 Y162.147
M5
G0 X7.579 Y161.564
M3
G0 X8.162 Y161.564
M5
G0 X8.162 Y160.981
M3
G0 X7.579 Y160.981
M5
G0 X7.579 Y160.398
M3
G0 X8.162 Y160.398
M5
G0 X7.652 Y160.325
M3
G0 X7.652 Y158.576
M5
G0 X7.579 Y158.649
M3
G0 X8.162 Y158.649
M5
G0 X8.162 Y159.232
M3
G0 X7.579 Y159.232
M5
G0 X7.579 Y159.815
M3
G0 X8.162 Y159.815
M5
G0 X9.328 Y159.815
M3
G0 X11.660 Y159.815
M5
G0 X11.660 Y160.398
M3
G0 X11.077 Y160.398
M5
G0 X10.494 Y160.398
M3
G0 X9.328 Y160.398
M5
G0 X9.328 Y160.981
M3
G0 X10.494 Y160.981
M5
G0 X10.494 Y161.564
M3
G0 X9.911 Y161.564
M5
G0 X9.911 Y162.147
M3
G0 X10.494 Y162.147
M5
G0 X11.660 Y163.313
M3
G0 X12.243 Y163.313
M5
G0 X12.607 Y163.240
M3
G0 X12.607 Y164.406
M5
G0 X12.826 Y164.479
M3
G0 X13.409 Y164.479
M5
G0 X13.409 Y163.896
M3
G0 X12.826 Y163.896
M5
G0 X12.826 Y163.313
M3
G0 X13.409 Y163.313
M5
G0 X13.409 Y162.730
M3
G0 X12.826 Y162.730
M5
G0 X12.243 Y163.896
M3
G0 X11.660 Y163.896
M5
G0 X11.660 Y164.479
M3
G0 X12.243 Y164.479
M5
G0 X12.826 Y165.062
M3
G0 X13.992 Y165.062
M5
G0 X14.575 Y165.062
M3
G0 X17.490 Y165.062
M5
G0 X17.490 Y164.479
M3
G0 X14.575 Y164.479
M5
G0 X15.741 Y163.167
M3
G0 X16.324 Y163.167
M5
G0 X16.324 Y162.584
M3
G0 X15.741 Y162.584
M5
G0 X15.741 Y162.001
M3
G0 X16.324 Y162.001
M5
G0 X16.324 Y161.418
M3
G0 X15.741 Y161.418
M5
G0 X15.741 Y160.835
M3
G0 X16.324 Y160.835
M5
G0 X16.324 Y160.252
M3
G0 X15.741 Y160.252
M5
G0 X15.741 Y159.669
M3
G0 X16.324 Y159.669
M5
G0 X16.324 Y159.086
M3
G0 X15.741 Y159.086
M5
G0 X15.741 Y158.503
M3
G0 X16.907 Y158.503
M5
G0 X16.907 Y157.920
M3
G0 X15.741 Y157.920
M5
G0 X15.741 Y157.337
M3
G0 X16.907 Y157.337
M5
G0 X16.907 Y156.754
M3
G0 X15.741 Y156.754
M5
G0 X15.741 Y156.171
M3
G0 X16.907 Y156.171
M5
G0 X16.907 Y155.588
M3
G0 X15.741 Y155.588
M5
G0 X15.741 Y155.005
M3
G0 X16.907 Y155.005
M5
G0 X16.907 Y154.422
M3
G0 X15.741 Y154.422
M5
G0 X15.741 Y153.839
M3
G0 X16.907 Y153.839
M5
G0 X16.907 Y153.402
M3
G0 X14.575 Y153.402
M5
G0 X14.575 Y152.819
M3
G0 X16.907 Y152.819
M5
G0 X16.907 Y152.673
M3
G0 X15.741 Y152.673
M5
G0 X15.741 Y152.090
M3
G0 X16.907 Y152.090
M5
G0 X16.907 Y152.236
M3
G0 X14.575 Y152.236
M5
G0 X14.575 Y151.653
M3
G0 X16.907 Y151.653
M5
G0 X16.907 Y151.507
M3
G0 X15.741 Y151.507
M5
G0 X15.741 Y150.924
M3
G0 X16.907 Y150.924
M5
G0 X16.907 Y151.070
M3
G0 X14.575 Y151.070
M5
G0 X14.575 Y150.487
M3
G0 X16.907 Y150.487
M5
G0 X16.907 Y150.341
M3
G0 X15.741 Y150.341
M5
G0 X15.741 Y149.758
M3
G0 X16.907 Y149.758
M5
G0 X16.907 Y149.904
M3
G0 X14.575 Y149.904
M5
G0 X14.575 Y149.321
M3
G0 X16.907 Y149.321
M5
G0 X16.324 Y149.175
M3
G0 X15.741 Y149.175
M5
G0 X13.992 Y151.070
M3
G0 X13.409 Y151.070
M5
G0 X13.409 Y151.653
M3
G0 X13.992 Y151.653
M5
G0 X15.741 Y153.256
M3
G0 X16.907 Y153.256
M5
G0 X17.490 Y156.317
M3
G0 X14.575 Y156.317
M5
G0 X13.992 Y155.734
M3
G0 X13.409 Y155.734
M5
G0 X13.409 Y155.151
M3
G0 X13.992 Y155.151
M5
G0 X12.826 Y155.151
M3
G0 X9.911 Y155.151
M5
G0 X9.911 Y155.005
M3
G0 X10.494 Y155.005
M5
G0 X10.494 Y154.422
M3
G0 X9.911 Y154.422
M5
G0 X9.911 Y153.839
M3
G0 X10.494 Y153.839
M5
G0 X10.567 Y153.912
M3
G0 X10.567 Y159.159
M5
G0 X10.494 Y158.066
M3
G0 X11.660 Y158.066
M5
G0 X12.243 Y158.066
M3
G0 X12.826 Y158.066
M5
G0 X13.409 Y158.066
M3
G0 X13.992 Y158.066
M5
G0 X12.316 Y158.576
M3
G0 X12.316 Y154.495
M5
G0 X12.243 Y153.985
M3
G0 X12.826 Y153.985
M5
G0 X11.077 Y153.985
M3
G0 X7.579 Y153.985
M5
G0 X8.745 Y155.151
M3
G0 X9.328 Y155.151
M5
G0 X9.328 Y155.734
M3
G0 X8.745 Y155.734
M5
G0 X9.911 Y155.734
M3
G0 X12.826 Y155.734
M5
G0 X9.984 Y156.244
M3
G0 X9.984 Y150.997
M5
G0 X9.911 Y150.924
M3
G0 X9.328 Y150.924
M5
G0 X9.328 Y151.653
M3
G0 X10.494 Y151.653
M5
G0 X10.494 Y152.236
M3
G0 X9.328 Y152.236
M5
G0 X9.328 Y152.090
M3
G0 X9.911 Y152.090
M5
G0 X9.328 Y152.819
M3
G0 X10.494 Y152.819
M5
G0 X10.494 Y153.256
M3
G0 X9.911 Y153.256
M5
G0 X5.247 Y150.487
M3
G0 X4.664 Y150.487
M5
G0 X4.664 Y149.904
M3
G0 X5.247 Y149.904
M5
G0 X5.247 Y149.321
M3
G0 X4.664 Y149.321
M5
G0 X5.830 Y148.155
M3
G0 X6.413 Y148.155
M5
G0 X6.413 Y147.572
M3
G0 X5.830 Y147.572
M5
G0 X5.830 Y146.989
M3
G0 X6.413 Y146.989
M5
G0 X6.194 Y146.333
M3
G0 X6.194 Y170.236
M5
G0 X4.081 Y170.309
M3
G0 X2.915 Y170.309
M5
G0 X2.915 Y169.726
M3
G0 X4.081 Y169.726
M5
G0 X4.081 Y169.143
M3
G0 X3.498 Y169.143
M5
G0 X3.279 Y169.070
M3
G0 X3.279 Y180.147
M5
G0 X2.332 Y180.220
M3
G0 X0.000 Y180.220
M5
G0 X0.000 Y179.637
M3
G0 X2.332 Y179.637
M5
G0 X2.915 Y179.054
M3
G0 X0.000 Y179.054
M5
G0 X0.073 Y179.564
M3
G0 X0.073 Y189.475
M5
G0 X0.000 Y189.548
M3
G0 X0.583 Y189.548
M5
G0 X0.583 Y188.965
M3
G0 X0.000 Y188.965
M5
G0 X0.000 Y188.819
M3
G0 X0.583 Y188.819
M5
G0 X0.656 Y188.892
M3
G0 X0.656 Y187.143
M5
G0 X1.239 Y187.143
M3
G0 X1.239 Y188.309
M5
G0 X1.166 Y188.236
M3
G0 X0.583 Y188.236
M5
G0 X0.000 Y188.382
M3
G0 X1.166 Y188.382
M5
G0 X1.166 Y187.653
M3
G0 X1.749 Y187.653
M5
G0 X1.822 Y187.726
M3
G0 X1.822 Y186.560
M5
G0 X2.332 Y186.487
M3
G0 X2.915 Y186.487
M5
G0 X1.749 Y187.799
M3
G0 X0.000 Y187.799
M5
G0 X0.000 Y187.507
M3
G0 X71.126 Y187.507
M5
G0 X71.345 Y187.143
M3
G0 X71.345 Y128.260
M5
G0 X71.709 Y128.916
M3
G0 X72.875 Y128.916
M5
G0 X72.875 Y129.207
M3
G0 X71.709 Y129.207
M5
G0 X71.709 Y129.353
M3
G0 X72.292 Y129.353
M5
G0 X72.292 Y129.936
M3
G0 X71.709 Y129.936
M5
G0 X71.709 Y129.790
M3
G0 X72.875 Y129.790
M5
G0 X72.875 Y129.499
M3
G0 X71.709 Y129.499
M5
G0 X71.709 Y130.082
M3
G0 X72.875 Y130.082
M5
G0 X72.875 Y130.373
M3
G0 X71.709 Y130.373
M5
G0 X71.709 Y130.519
M3
G0 X72.292 Y130.519
M5
G0 X72.292 Y130.665
M3
G0 X71.709 Y130.665
M5
G0 X71.709 Y131.102
M3
G0 X72.292 Y131.102
M5
G0 X72.292 Y131.248
M3
G0 X71.709 Y131.248
M5
G0 X71.709 Y131.685
M3
G0 X72.292 Y131.685
M5
G0 X72.292 Y131.831
M3
G0 X71.709 Y131.831
M5
G0 X71.709 Y132.268
M3
G0 X72.292 Y132.268
M5
G0 X72.292 Y132.414
M3
G0 X71.709 Y132.414
M5
G0 X71.709 Y132.851
M3
G0 X72.292 Y132.851
M5
G0 X72.292 Y132.997
M3
G0 X71.126 Y132.997
M5
G0 X71.126 Y133.288
M3
G0 X72.875 Y133.288
M5
G0 X72.292 Y133.434
M3
G0 X71.709 Y133.434
M5
G0 X71.709 Y134.017
M3
G0 X72.292 Y134.017
M5
G0 X72.292 Y133.871
M3
G0 X71.126 Y133.871
M5
G0 X71.126 Y133.580
M3
G0 X72.292 Y133.580
M5
G0 X73.458 Y135.183
M3
G0 X74.041 Y135.183
M5
G0 X75.790 Y135.183
M3
G0 X76.373 Y135.183
M5
G0 X76.373 Y134.600
M3
G0 X75.790 Y134.600
M5
G0 X74.624 Y131.831
M3
G0 X73.458 Y131.831
M5
G0 X73.458 Y130.956
M3
G0 X96.778 Y130.956
M5
G0 X96.778 Y130.665
M3
G0 X96.195 Y130.665
M5
G0 X95.976 Y130.592
M3
G0 X95.976 Y135.256
M5
G0 X96.778 Y136.203
M3
G0 X104.940 Y136.203
M5
G0 X103.555 Y135.256
M3
G0 X103.555 Y191.224
M5
G0 X103.555 Y191.807
M3
G0 X103.555 Y244.860
M5
G0 X103.410 Y244.860
M3
G0 X103.410 Y0.000
M5
G0 X103.555 Y0.000
M3
G0 X103.555 Y20.988
M5
G0 X102.972 Y20.405
M3
G0 X102.972 Y0.000
M5
G0 X102.827 Y0.000
M3
G0 X102.827 Y244.860
M5
G0 X102.972 Y244.860
M3
G0 X102.972 Y191.807
M5
G0 X102.389 Y192.390
M3
G0 X102.389 Y244.860
M5
G0 X102.244 Y244.860
M3
G0 X102.244 Y0.000
M5
G0 X102.389 Y0.000
M3
G0 X102.389 Y18.656
M5
G0 X101.806 Y18.073
M3
G0 X101.806 Y0.000
M5
G0 X101.661 Y0.000
M3
G0 X101.661 Y244.860
M5
G0 X101.806 Y244.860
M3
G0 X101.806 Y192.390
M5
G0 X100.057 Y192.390
M3
G0 X100.057 Y211.629
M5
G0 X98.308 Y213.961
M3
G0 X98.308 Y216.876
M5
G0 X98.308 Y217.459
M3
G0 X98.308 Y218.042
M5
G0 X99.474 Y218.042
M3
G0 X99.474 Y244.860
M5
G0 X99.329 Y244.860
M3
G0 X99.329 Y124.762
M5
G0 X97.944 Y126.875
M3
G0 X75.790 Y126.875
M5
G0 X75.790 Y127.167
M3
G0 X76.956 Y127.167
M5
G0 X76.956 Y127.750
M3
G0 X75.790 Y127.750
M5
G0 X75.790 Y128.333
M3
G0 X76.956 Y128.333
M5
G0 X76.956 Y128.916
M3
G0 X75.790 Y128.916
M5
G0 X75.790 Y128.624
M3
G0 X97.361 Y128.624
M5
G0 X96.778 Y128.916
M3
G0 X96.195 Y128.916
M5
G0 X96.268 Y129.426
M3
G0 X96.268 Y130.009
M5
G0 X96.195 Y129.499
M3
G0 X97.944 Y129.499
M5
G0 X98.163 Y128.843
M3
G0 X98.163 Y127.094
M5
G0 X98.308 Y127.094
M3
G0 X98.308 Y128.260
M5
G0 X98.527 Y128.187
M3
G0 X97.944 Y128.187
M5
G0 X98.017 Y128.260
M3
G0 X98.017 Y127.094
M5
G0 X97.871 Y127.094
M3
G0 X97.871 Y127.677
M5
G0 X97.944 Y127.604
M3
G0 X97.361 Y127.604
M5
G0 X97.434 Y127.677
M3
G0 X97.434 Y127.094
M5
G0 X96.851 Y127.094
M3
G0 X96.851 Y127.677
M5
G0 X96.778 Y127.167
M3
G0 X98.527 Y127.167
M5
G0 X96.559 Y125.345
M3
G0 X96.559 Y124.762
M5
G0 X95.393 Y127.677
M3
G0 X95.393 Y128.843
M5
G0 X96.851 Y129.426
M3
G0 X96.851 Y130.592
M5
G0 X96.778 Y129.936
M3
G0 X97.361 Y129.936
M5
G0 X96.778 Y131.248
M3
G0 X96.195 Y131.248
M5
G0 X96.195 Y132.268
M3
G0 X96.778 Y132.268
M5
G0 X97.725 Y131.758
M3
G0 X97.725 Y133.507
M5
G0 X97.944 Y133.580
M3
G0 X102.608 Y133.580
M5
G0 X102.608 Y134.163
M3
G0 X97.944 Y134.163
M5
G0 X97.725 Y134.090
M3
G0 X97.725 Y142.252
M5
G0 X95.976 Y141.669
M3
G0 X95.976 Y141.086
M5
G0 X94.665 Y140.503
M3
G0 X94.665 Y0.000
M5
G0 X94.810 Y0.000
M3
G0 X94.810 Y65.296
M5
G0 X96.778 Y65.369
M3
G0 X99.110 Y65.369
M5
G0 X99.110 Y64.786
M3
G0 X96.778 Y64.786
M5
G0 X96.778 Y64.203
M3
G0 X99.110 Y64.203
M5
G0 X99.110 Y63.620
M3
G0 X96.778 Y63.620
M5
G0 X96.195 Y63.037
M3
G0 X99.110 Y63.037
M5
G0 X99.693 Y62.454
M3
G0 X96.195 Y62.454
M5
G0 X96.195 Y61.871
M3
G0 X99.693 Y61.871
M5
G0 X99.693 Y61.288
M3
G0 X96.195 Y61.288
M5
G0 X96.195 Y60.705
M3
G0 X99.693 Y60.705
M5
G0 X100.276 Y60.122
M3
G0 X96.195 Y60.122
M5
G0 X95.612 Y59.539
M3
G0 X100.276 Y59.539
M5
G0 X100.276 Y58.956
M3
G0 X88.033 Y58.956
M5
G0 X88.033 Y58.373
M3
G0 X100.276 Y58.373
M5
G0 X100.276 Y57.790
M3
G0 X87.450 Y57.790
M5
G0 X87.450 Y57.207
M3
G0 X100.276 Y57.207
M5
G0 X100.276 Y56.624
M3
G0 X87.450 Y56.624
M5
G0 X87.450 Y56.041
M3
G0 X100.276 Y56.041
M5
G0 X100.276 Y55.458
M3
G0 X87.450 Y55.458
M5
G0 X87.450 Y54.875
M3
G0 X100.276 Y54.875
M5
G0 X100.276 Y54.292
M3
G0 X87.450 Y54.292
M5
G0 X87.450 Y53.709
M3
G0 X100.276 Y53.709
M5
G0 X100.859 Y53.126
M3
G0 X89.782 Y53.126
M5
G0 X89.563 Y52.470
M3
G0 X89.563 Y63.547
M5
G0 X88.980 Y63.547
M3
G0 X88.980 Y52.470
M5
G0 X88.397 Y53.053
M3
G0 X88.397 Y63.547
M5
G0 X87.231 Y63.547
M3
G0 X87.231 Y158.576
M5
G0 X86.648 Y159.159
M3
G0 X86.648 Y62.381
M5
G0 X86.284 Y63.037
M3
G0 X62.964 Y63.037
M5
G0 X64.130 Y62.454
M3
G0 X85.701 Y62.454
M5
G0 X86.284 Y63.620
M3
G0 X61.798 Y63.620
M5
G0 X61.215 Y64.203
M3
G0 X86.284 Y64.203
M5
G0 X86.867 Y64.786
M3
G0 X61.215 Y64.786
M5
G0 X61.871 Y64.713
M3
G0 X61.871 Y65.296
M5
G0 X62.381 Y65.952
M3
G0 X87.450 Y65.952
M5
G0 X87.814 Y65.296
M3
G0 X87.814 Y64.713
M5
G0 X86.867 Y65.369
M3
G0 X60.632 Y65.369
M5
G0 X64.130 Y66.972
M3
G0 X64.713 Y66.972
M5
G0 X66.243 Y72.875
M3
G0 X66.243 Y0.000
M5
G0 X66.098 Y0.000
M3
G0 X66.098 Y128.260
M5
G0 X65.879 Y127.604
M3
G0 X65.296 Y127.604
M5
G0 X64.713 Y127.458
M3
G0 X65.879 Y127.458
M5
G0 X66.462 Y126.875
M3
G0 X64.713 Y126.875
M5
G0 X64.713 Y126.584
M3
G0 X65.879 Y126.584
M5
G0 X66.462 Y126.292
M3
G0 X64.713 Y126.292
M5
G0 X64.713 Y125.709
M3
G0 X66.462 Y125.709
M5
G0 X66.462 Y125.126
M3
G0 X64.713 Y125.126
M5
G0 X65.077 Y125.345
M3
G0 X65.077 Y144.001
M5
G0 X65.296 Y145.240
M3
G0 X66.462 Y145.240
M5
G0 X66.462 Y145.677
M3
G0 X65.879 Y145.677
M5
G0 X65.879 Y145.823
M3
G0 X67.045 Y145.823
M5
G0 X67.045 Y146.114
M3
G0 X65.296 Y146.114
M5
G0 X65.296 Y145.531
M3
G0 X67.045 Y145.531
M5
G0 X66.535 Y145.750
M3
G0 X66.535 Y147.499
M5
G0 X66.462 Y146.843
M3
G0 X65.879 Y146.843
M5
G0 X65.879 Y146.406
M3
G0 X67.045 Y146.406
M5
G0 X66.462 Y146.260
M3
G0 X65.879 Y146.260
M5
G0 X66.389 Y146.333
M3
G0 X66.389 Y145.750
M5
G0 X67.628 Y145.531
M3
G0 X107.272 Y145.531
M5
G0 X107.272 Y146.114
M3
G0 X67.628 Y146.114
M5
G0 X68.211 Y145.823
M3
G0 X69.960 Y145.823
M5
G0 X71.636 Y145.750
M3
G0 X71.636 Y145.167
M5
G0 X73.822 Y144.584
M3
G0 X73.822 Y129.426
M5
G0 X73.458 Y129.790
M3
G0 X113.102 Y129.790
M5
G0 X111.717 Y130.592
M3
G0 X111.717 Y108.438
M5
G0 X118.568 Y109.604
M3
G0 X118.568 Y144.584
M5
G0 X119.151 Y144.584
M3
G0 X119.151 Y108.438
M5
G0 X120.098 Y109.385
M3
G0 X137.588 Y109.385
M5
G0 X137.588 Y109.240
M3
G0 X0.000 Y109.240
M5
G0 X0.000 Y109.385
M3
G0 X6.413 Y109.385
M5
G0 X6.413 Y108.802
M3
G0 X0.000 Y108.802
M5
G0 X0.000 Y108.657
M3
G0 X137.588 Y108.657
M5
G0 X137.588 Y108.802
M3
G0 X120.681 Y108.802
M5
G0 X120.681 Y108.219
M3
G0 X137.588 Y108.219
M5
G0 X137.588 Y108.074
M3
G0 X0.000 Y108.074
M5
G0 X0.000 Y108.219
M3
G0 X5.830 Y108.219
M5
G0 X5.830 Y108.511
M3
G0 X0.583 Y108.511
M5
G0 X0.583 Y107.928
M3
G0 X5.247 Y107.928
M5
G0 X5.830 Y107.636
M3
G0 X0.000 Y107.636
M5
G0 X0.000 Y107.491
M3
G0 X137.588 Y107.491
M5
G0 X137.588 Y107.636
M3
G0 X120.681 Y107.636
M5
G0 X121.847 Y108.511
M3
G0 X137.588 Y108.511
M5
G0 X137.588 Y107.928
M3
G0 X122.430 Y107.928
M5
G0 X122.430 Y107.345
M3
G0 X137.588 Y107.345
M5
G0 X137.588 Y106.762
M3
G0 X122.430 Y106.762
M5
G0 X122.430 Y106.179
M3
G0 X137.588 Y106.179
M5
G0 X137.588 Y105.596
M3
G0 X122.430 Y105.596
M5
G0 X122.430 Y105.013
M3
G0 X137.588 Y105.013
M5
G0 X137.588 Y104.430
M3
G0 X122.430 Y104.430
M5
G0 X122.430 Y103.847
M3
G0 X137.588 Y103.847
M5
G0 X137.588 Y103.264
M3
G0 X122.430 Y103.264
M5
G0 X122.430 Y102.681
M3
G0 X137.588 Y102.681
M5
G0 X137.588 Y102.098
M3
G0 X122.430 Y102.098
M5
G0 X122.430 Y101.515
M3
G0 X137.588 Y101.515
M5
G0 X137.588 Y100.932
M3
G0 X122.430 Y100.932
M5
G0 X122.430 Y100.349
M3
G0 X137.588 Y100.349
M5
G0 X137.588 Y99.766
M3
G0 X122.430 Y99.766
M5
G0 X122.430 Y99.183
M3
G0 X137.588 Y99.183
M5
G0 X137.588 Y98.600
M3
G0 X122.430 Y98.600
M5
G0 X122.430 Y98.017
M3
G0 X137.588 Y98.017
M5
G0 X137.588 Y97.434
M3
G0 X122.430 Y97.434
M5
G0 X122.430 Y96.851
M3
G0 X137.588 Y96.851
M5
G0 X137.588 Y96.559
M3
G0 X120.681 Y96.559
M5
G0 X121.628 Y97.944
M3
G0 X121.628 Y0.000
M5
G0 X121.483 Y0.000
M3
G0 X121.483 Y244.860
M5
G0 X121.628 Y244.860
M3
G0 X121.628 Y169.653
M5
G0 X122.211 Y169.653
M3
G0 X122.211 Y244.860
M5
G0 X122.066 Y244.860
M3
G0 X122.066 Y0.000
M5
G0 X122.211 Y0.000
M3
G0 X122.211 Y125.928
M5
G0 X122.794 Y127.094
M3
G0 X122.794 Y0.000
M5
G0 X122.649 Y0.000
M3
G0 X122.649 Y244.860
M5
G0 X122.794 Y244.860
M3
G0 X122.794 Y169.653
M5
G0 X122.794 Y169.070
M3
G0 X122.794 Y157.993
M5
G0 X123.377 Y156.827
M3
G0 X123.377 Y190.641
M5
G0 X123.377 Y191.224
M3
G0 X123.377 Y191.807
M5
G0 X123.960 Y191.807
M3
G0 X123.960 Y191.224
M5
G0 X123.960 Y190.641
M3
G0 X123.960 Y153.912
M5
G0 X122.211 Y159.742
M3
G0 X122.211 Y169.070
M5
G0 X121.628 Y168.487
M3
G0 X121.628 Y160.325
M5
G0 X121.045 Y161.491
M3
G0 X121.045 Y168.487
M5
G0 X120.462 Y166.155
M3
G0 X120.462 Y163.240
M5
G0 X123.013 Y164.479
M3
G0 X136.422 Y164.479
M5
G0 X137.588 Y164.770
M3
G0 X114.851 Y164.770
M5
G0 X111.572 Y163.240
M3
G0 X111.572 Y244.860
M5
G0 X111.717 Y244.860
M3
G0 X111.717 Y192.973
M5
G0 X111.134 Y192.973
M3
G0 X111.134 Y244.860
M5
G0 X110.989 Y244.860
M3
G0 X110.989 Y163.240
M5
G0 X110.406 Y162.657
M3
G0 X110.406 Y244.860
M5
G0 X110.551 Y244.860
M3
G0 X110.551 Y192.973
M5
G0 X109.968 Y192.973
M3
G0 X109.968 Y244.860
M5
G0 X109.823 Y244.860
M3
G0 X109.823 Y161.491
M5
G0 X109.240 Y162.074
M3
G0 X109.240 Y244.860
M5
G0 X109.385 Y244.860
M3
G0 X109.385 Y193.556
M5
G0 X108.802 Y193.556
M3
G0 X108.802 Y244.860
M5
G0 X108.657 Y244.860
M3
G0 X108.657 Y162.657
M5
G0 X108.074 Y160.908
M3
G0 X108.074 Y244.860
M5
G0 X108.219 Y244.860
M3
G0 X108.219 Y193.556
M5
G0 X107.636 Y193.556
M3
G0 X107.636 Y244.860
M5
G0 X107.491 Y244.860
M3
G0 X107.491 Y0.000
M5
G0 X107.636 Y0.000
M3
G0 X107.636 Y27.984
M5
G0 X107.053 Y27.984
M3
G0 X107.053 Y0.000
M5
G0 X106.908 Y0.000
M3
G0 X106.908 Y244.860
M5
G0 X107.053 Y244.860
M3
G0 X107.053 Y192.390
M5
G0 X106.470 Y191.807
M3
G0 X106.470 Y244.860
M5
G0 X106.325 Y244.860
M3
G0 X106.325 Y0.000
M5
G0 X106.470 Y0.000
M3
G0 X106.470 Y27.984
M5
G0 X107.636 Y28.567
M3
G0 X107.636 Y85.118
M5
G0 X108.219 Y85.118
M3
G0 X108.219 Y83.952
M5
G0 X109.385 Y83.952
M3
G0 X109.385 Y0.000
M5
G0 X109.240 Y0.000
M3
G0 X109.240 Y147.499
M5
G0 X110.989 Y146.916
M3
G0 X110.989 Y0.000
M5
G0 X111.134 Y0.000
M3
G0 X111.134 Y65.296
M5
G0 X109.604 Y62.454
M3
G0 X108.438 Y62.454
M5
G0 X108.438 Y61.871
M3
G0 X109.604 Y61.871
M5
G0 X109.604 Y61.288
M3
G0 X109.021 Y61.288
M5
G0 X111.717 Y60.049
M3
G0 X111.717 Y46.640
M5
G0 X112.300 Y48.389
M3
G0 X112.300 Y55.968
M5
G0 X112.883 Y55.968
M3
G0 X112.883 Y48.972
M5
G0 X113.466 Y49.555
M3
G0 X113.466 Y54.802
M5
G0 X114.049 Y53.053
M3
G0 X114.049 Y50.721
M5
G0 X109.604 Y49.045
M3
G0 X108.438 Y49.045
M5
G0 X108.438 Y48.462
M3
G0 X109.604 Y48.462
M5
G0 X109.604 Y47.879
M3
G0 X108.438 Y47.879
M5
G0 X108.438 Y47.296
M3
G0 X109.604 Y47.296
M5
G0 X109.604 Y46.713
M3
G0 X108.438 Y46.713
M5
G0 X107.272 Y46.130
M3
G0 X109.604 Y46.130
M5
G0 X109.604 Y45.547
M3
G0 X107.272 Y45.547
M5
G0 X104.940 Y45.547
M3
G0 X93.863 Y45.547
M5
G0 X94.446 Y44.964
M3
G0 X109.604 Y44.964
M5
G0 X109.604 Y44.381
M3
G0 X94.446 Y44.381
M5
G0 X94.446 Y43.798
M3
G0 X109.604 Y43.798
M5
G0 X109.604 Y43.215
M3
G0 X94.446 Y43.215
M5
G0 X94.446 Y42.632
M3
G0 X109.604 Y42.632
M5
G0 X109.604 Y42.049
M3
G0 X94.446 Y42.049
M5
G0 X94.446 Y41.466
M3
G0 X110.187 Y41.466
M5
G0 X110.187 Y40.883
M3
G0 X94.446 Y40.883
M5
G0 X94.446 Y40.300
M3
G0 X109.604 Y40.300
M5
G0 X109.604 Y39.717
M3
G0 X94.446 Y39.717
M5
G0 X94.446 Y39.134
M3
G0 X110.187 Y39.134
M5
G0 X110.770 Y38.551
M3
G0 X94.446 Y38.551
M5
G0 X94.446 Y37.968
M3
G0 X111.353 Y37.968
M5
G0 X111.353 Y37.385
M3
G0 X94.446 Y37.385
M5
G0 X93.280 Y37.385
M3
G0 X91.531 Y37.385
M5
G0 X91.531 Y36.802
M3
G0 X112.519 Y36.802
M5
G0 X112.519 Y36.219
M3
G0 X91.531 Y36.219
M5
G0 X91.531 Y35.636
M3
G0 X113.102 Y35.636
M5
G0 X113.102 Y35.053
M3
G0 X91.531 Y35.053
M5
G0 X90.948 Y34.470
M3
G0 X113.685 Y34.470
M5
G0 X114.268 Y33.887
M3
G0 X90.948 Y33.887
M5
G0 X90.948 Y33.304
M3
G0 X114.851 Y33.304
M5
G0 X115.434 Y32.721
M3
G0 X90.948 Y32.721
M5
G0 X90.948 Y32.138
M3
G0 X104.940 Y32.138
M5
G0 X104.357 Y31.555
M3
G0 X90.948 Y31.555
M5
G0 X87.669 Y32.648
M3
G0 X87.669 Y0.000
M5
G0 X87.814 Y0.000
M3
G0 X87.814 Y8.162
M5
G0 X88.397 Y7.579
M3
G0 X88.397 Y6.413
M5
G0 X88.397 Y4.664
M3
G0 X88.397 Y0.000
M5
G0 X88.252 Y0.000
M3
G0 X88.252 Y34.980
M5
G0 X86.284 Y34.761
M3
G0 X57.134 Y34.761
M5
G0 X57.134 Y35.344
M3
G0 X86.284 Y35.344
M5
G0 X86.284 Y35.927
M3
G0 X57.134 Y35.927
M5
G0 X57.134 Y36.510
M3
G0 X85.701 Y36.510
M5
G0 X85.701 Y37.093
M3
G0 X57.134 Y37.093
M5
G0 X55.968 Y37.093
M3
G0 X54.219 Y37.093
M5
G0 X54.583 Y37.312
M3
G0 X54.583 Y37.895
M5
G0 X54.219 Y37.676
M3
G0 X55.385 Y37.676
M5
G0 X55.968 Y36.510
M3
G0 X54.219 Y36.510
M5
G0 X54.219 Y35.927
M3
G0 X55.968 Y35.927
M5
G0 X55.968 Y35.344
M3
G0 X54.219 Y35.344
M5
G0 X54.219 Y34.761
M3
G0 X55.968 Y34.761
M5
G0 X55.385 Y34.178
M3
G0 X54.219 Y34.178
M5
G0 X54.219 Y33.595
M3
G0 X55.385 Y33.595
M5
G0 X52.834 Y37.895
M3
G0 X52.834 Y38.478
M5
G0 X53.053 Y38.842
M3
G0 X8.745 Y38.842
M5
G0 X8.745 Y39.425
M3
G0 X53.053 Y39.425
M5
G0 X52.834 Y40.227
M3
G0 X52.834 Y94.446
M5
G0 X53.126 Y95.612
M3
G0 X53.126 Y131.758
M5
G0 X53.709 Y131.175
M3
G0 X53.709 Y132.341
M5
G0 X53.636 Y134.746
M3
G0 X53.053 Y134.746
M5
G0 X52.543 Y135.839
M3
G0 X52.543 Y138.171
M5
G0 X51.960 Y138.171
M3
G0 X51.960 Y137.005
M5
G0 X51.377 Y137.588
M3
G0 X51.377 Y138.171
M5
G0 X51.377 Y139.337
M3
G0 X51.377 Y140.503
M5
G0 X53.417 Y140.503
M3
G0 X53.417 Y95.612
M5
G0 X53.563 Y96.195
M3
G0 X53.563 Y96.778
M5
G0 X53.563 Y97.361
M3
G0 X53.563 Y108.438
M5
G0 X52.980 Y107.855
M3
G0 X52.980 Y100.859
M5
G0 X52.397 Y102.608
M3
G0 X52.397 Y109.604
M5
G0 X52.470 Y110.114
M3
G0 X65.296 Y110.114
M5
G0 X66.462 Y110.697
M3
G0 X69.960 Y110.697
M5
G0 X70.543 Y110.114
M3
G0 X67.045 Y110.114
M5
G0 X67.555 Y111.353
M3
G0 X67.555 Y111.936
M5
G0 X68.211 Y112.446
M3
G0 X64.713 Y112.446
M5
G0 X65.296 Y111.863
M3
G0 X68.794 Y111.863
M5
G0 X69.377 Y111.280
M3
G0 X65.879 Y111.280
M5
G0 X64.130 Y113.029
M3
G0 X67.628 Y113.029
M5
G0 X67.045 Y113.612
M3
G0 X63.547 Y113.612
M5
G0 X63.474 Y114.268
M3
G0 X63.474 Y114.851
M5
G0 X62.964 Y114.195
M3
G0 X67.045 Y114.195
M5
G0 X66.462 Y114.778
M3
G0 X62.381 Y114.778
M5
G0 X61.798 Y114.195
M3
G0 X50.138 Y114.195
M5
G0 X50.138 Y113.612
M3
G0 X62.381 Y113.612
M5
G0 X61.798 Y113.029
M3
G0 X62.964 Y113.029
M5
G0 X61.215 Y113.029
M3
G0 X50.138 Y113.029
M5
G0 X49.628 Y113.685
M3
G0 X49.628 Y137.005
M5
G0 X49.045 Y137.005
M3
G0 X49.045 Y136.422
M5
G0 X48.462 Y136.422
M3
G0 X48.462 Y137.005
M5
G0 X48.389 Y137.078
M3
G0 X47.806 Y137.078
M5
G0 X47.879 Y137.005
M3
G0 X47.879 Y136.422
M5
G0 X47.296 Y136.422
M3
G0 X47.296 Y137.005
M5
G0 X46.640 Y137.078
M3
G0 X46.057 Y137.078
M5
G0 X46.130 Y137.005
M3
G0 X46.130 Y137.588
M5
G0 X46.713 Y137.588
M3
G0 X46.713 Y138.171
M5
G0 X46.640 Y138.098
M3
G0 X47.223 Y138.098
M5
G0 X47.296 Y138.171
M3
G0 X47.296 Y138.754
M5
G0 X47.223 Y138.827
M3
G0 X48.972 Y138.827
M5
G0 X49.045 Y138.754
M3
G0 X49.045 Y138.171
M5
G0 X48.972 Y137.661
M3
G0 X53.636 Y137.661
M5
G0 X54.875 Y138.754
M3
G0 X54.875 Y136.422
M5
G0 X55.968 Y136.349
M3
G0 X56.551 Y136.349
M5
G0 X56.551 Y136.495
M3
G0 X55.968 Y136.495
M5
G0 X55.968 Y136.932
M3
G0 X56.551 Y136.932
M5
G0 X56.551 Y137.078
M3
G0 X55.968 Y137.078
M5
G0 X55.968 Y135.912
M3
G0 X56.551 Y135.912
M5
G0 X56.551 Y135.766
M3
G0 X55.968 Y135.766
M5
G0 X55.968 Y135.329
M3
G0 X56.551 Y135.329
M5
G0 X56.551 Y135.183
M3
G0 X55.968 Y135.183
M5
G0 X57.717 Y136.932
M3
G0 X58.300 Y136.932
M5
G0 X58.227 Y137.005
M3
G0 X58.227 Y137.588
M5
G0 X58.300 Y137.515
M3
G0 X57.717 Y137.515
M5
G0 X57.717 Y137.661
M3
G0 X58.300 Y137.661
M5
G0 X58.300 Y138.098
M3
G0 X57.717 Y138.098
M5
G0 X57.717 Y138.244
M3
G0 X58.300 Y138.244
M5
G0 X58.300 Y138.681
M3
G0 X57.717 Y138.681
M5
G0 X57.717 Y138.827
M3
G0 X58.300 Y138.827
M5
G0 X59.466 Y138.681
M3
G0 X60.049 Y138.681
M5
G0 X61.215 Y137.952
M3
G0 X62.964 Y137.952
M5
G0 X62.964 Y137.661
M3
G0 X61.798 Y137.661
M5
G0 X61.798 Y137.515
M3
G0 X62.381 Y137.515
M5
G0 X62.381 Y136.932
M3
G0 X61.798 Y136.932
M5
G0 X61.798 Y137.078
M3
G0 X62.964 Y137.078
M5
G0 X62.964 Y137.369
M3
G0 X61.215 Y137.369
M5
G0 X61.215 Y136.786
M3
G0 X62.964 Y136.786
M5
G0 X62.964 Y136.495
M3
G0 X61.798 Y136.495
M5
G0 X61.798 Y136.349
M3
G0 X62.381 Y136.349
M5
G0 X62.381 Y135.766
M3
G0 X61.798 Y135.766
M5
G0 X61.798 Y135.912
M3
G0 X62.964 Y135.912
M5
G0 X62.964 Y136.203
M3
G0 X61.215 Y136.203
M5
G0 X61.215 Y135.620
M3
G0 X62.964 Y135.620
M5
G0 X62.964 Y135.329
M3
G0 X61.798 Y135.329
M5
G0 X61.798 Y135.183
M3
G0 X62.381 Y135.183
M5
G0 X62.308 Y135.256
M3
G0 X62.308 Y134.673
M5
G0 X61.798 Y132.705
M3
G0 X62.964 Y132.705
M5
G0 X62.964 Y132.414
M3
G0 X61.798 Y132.414
M5
G0 X61.798 Y131.539
M3
G0 X62.964 Y131.539
M5
G0 X62.964 Y131.248
M3
G0 X61.798 Y131.248
M5
G0 X64.130 Y131.539
M3
G0 X65.879 Y131.539
M5
G0 X66.462 Y131.539
M3
G0 X68.211 Y131.539
M5
G0 X68.430 Y129.426
M3
G0 X68.430 Y0.000
M5
G0 X68.575 Y0.000
M3
G0 X68.575 Y73.458
M5
G0 X66.826 Y72.875
M3
G0 X66.826 Y0.000
M5
G0 X66.681 Y0.000
M3
G0 X66.681 Y123.013
M5
G0 X66.462 Y123.377
M3
G0 X65.296 Y123.377
M5
G0 X65.296 Y123.669
M3
G0 X66.462 Y123.669
M5
G0 X66.462 Y123.523
M3
G0 X65.879 Y123.523
M5
G0 X65.296 Y123.960
M3
G0 X66.462 Y123.960
M5
G0 X66.462 Y122.503
M3
G0 X65.879 Y122.503
M5
G0 X65.879 Y122.211
M3
G0 X67.045 Y122.211
M5
G0 X66.826 Y122.430
M3
G0 X66.826 Y88.616
M5
G0 X66.826 Y88.033
M3
G0 X66.826 Y81.620
M5
G0 X66.243 Y81.620
M3
G0 X66.243 Y87.450
M5
G0 X65.660 Y87.450
M3
G0 X65.660 Y81.620
M5
G0 X65.369 Y82.203
M3
G0 X65.369 Y83.369
M5
G0 X64.786 Y83.369
M3
G0 X64.786 Y81.620
M5
G0 X65.077 Y81.037
M3
G0 X65.077 Y87.450
M5
G0 X62.964 Y85.191
M3
G0 X55.968 Y85.191
M5
G0 X55.749 Y85.118
M3
G0 X55.749 Y93.863
M5
G0 X55.968 Y93.790
M3
G0 X64.130 Y93.790
M5
G0 X64.130 Y94.373
M3
G0 X56.551 Y94.373
M5
G0 X56.551 Y94.956
M3
G0 X64.130 Y94.956
M5
G0 X64.130 Y95.539
M3
G0 X56.551 Y95.539
M5
G0 X55.968 Y95.539
M3
G0 X54.219 Y95.539
M5
G0 X54.146 Y95.612
M3
G0 X54.146 Y102.608
M5
G0 X54.729 Y102.608
M3
G0 X54.729 Y103.774
M5
G0 X54.146 Y103.774
M3
G0 X54.146 Y107.272
M5
G0 X54.729 Y107.272
M3
G0 X54.729 Y106.689
M5
G0 X55.895 Y105.523
M3
G0 X55.895 Y103.774
M5
G0 X55.312 Y103.774
M3
G0 X55.312 Y102.025
M5
G0 X54.729 Y99.693
M3
G0 X54.729 Y95.612
M5
G0 X55.312 Y95.612
M3
G0 X55.312 Y98.527
M5
G0 X55.895 Y97.361
M3
G0 X55.895 Y96.778
M5
G0 X55.968 Y96.705
M3
G0 X51.887 Y96.705
M5
G0 X51.377 Y96.778
M3
G0 X51.377 Y109.604
M5
G0 X51.231 Y109.604
M3
G0 X51.231 Y107.855
M5
G0 X51.814 Y107.855
M3
G0 X51.814 Y109.604
M5
G0 X51.960 Y110.187
M3
G0 X51.960 Y95.612
M5
G0 X52.470 Y96.122
M3
G0 X55.968 Y96.122
M5
G0 X56.551 Y96.122
M3
G0 X64.130 Y96.122
M5
G0 X64.713 Y96.705
M3
G0 X56.551 Y96.705
M5
G0 X54.875 Y95.029
M3
G0 X54.875 Y127.094
M5
G0 X54.292 Y127.677
M3
G0 X54.292 Y95.029
M5
G0 X52.980 Y96.195
M3
G0 X52.980 Y97.361
M5
G0 X52.397 Y97.361
M3
G0 X52.397 Y96.778
M5
G0 X51.887 Y97.288
M3
G0 X64.713 Y97.288
M5
G0 X62.891 Y99.110
M3
G0 X62.891 Y104.940
M5
G0 X64.057 Y106.689
M3
G0 X64.057 Y107.855
M5
G0 X64.640 Y107.272
M3
G0 X64.640 Y106.689
M5
G0 X65.806 Y105.523
M3
G0 X65.806 Y104.357
M5
G0 X62.308 Y100.276
M3
G0 X62.308 Y96.195
M5
G0 X62.308 Y94.446
M3
G0 X62.308 Y92.114
M5
G0 X61.725 Y92.114
M3
G0 X61.725 Y100.276
M5
G0 X61.142 Y100.276
M3
G0 X61.142 Y92.114
M5
G0 X62.891 Y93.280
M3
G0 X62.891 Y93.863
M5
G0 X58.810 Y92.697
M3
G0 X58.810 Y90.948
M5
G0 X57.061 Y89.199
M3
G0 X57.061 Y104.940
M5
G0 X57.644 Y106.106
M3
G0 X57.644 Y106.689
M5
G0 X60.049 Y103.118
M3
G0 X47.223 Y103.118
M5
G0 X46.713 Y102.608
M3
G0 X46.713 Y116.017
M5
G0 X47.223 Y116.090
M3
G0 X69.960 Y116.090
M5
G0 X69.377 Y116.673
M3
G0 X47.223 Y116.673
M5
G0 X47.806 Y116.527
M3
G0 X60.049 Y116.527
M5
G0 X61.215 Y115.944
M3
G0 X64.713 Y115.944
M5
G0 X65.296 Y115.361
M3
G0 X61.798 Y115.361
M5
G0 X61.798 Y117.693
M3
G0 X47.223 Y117.693
M5
G0 X47.150 Y117.766
M3
G0 X47.150 Y118.932
M5
G0 X46.057 Y118.859
M3
G0 X60.632 Y118.859
M5
G0 X60.049 Y122.503
M3
G0 X39.644 Y122.503
M5
G0 X39.644 Y120.754
M3
G0 X64.713 Y120.754
M5
G0 X65.879 Y121.628
M3
G0 X67.045 Y121.628
M5
G0 X67.628 Y121.628
M3
G0 X69.377 Y121.628
M5
G0 X67.628 Y120.462
M3
G0 X12.243 Y120.462
M5
G0 X11.077 Y120.462
M3
G0 X10.494 Y120.462
M5
G0 X10.494 Y121.045
M3
G0 X11.077 Y121.045
M5
G0 X11.660 Y118.130
M3
G0 X69.377 Y118.130
M5
G0 X69.377 Y117.547
M3
G0 X11.660 Y117.547
M5
G0 X11.660 Y116.964
M3
G0 X69.960 Y116.964
M5
G0 X70.179 Y117.766
M3
G0 X70.179 Y189.475
M5
G0 X69.450 Y190.058
M3
G0 X69.450 Y191.224
M5
G0 X69.377 Y190.714
M3
G0 X72.292 Y190.714
M5
G0 X72.875 Y190.714
M3
G0 X74.041 Y190.714
M5
G0 X74.624 Y190.714
M3
G0 X75.207 Y190.714
M5
G0 X73.458 Y190.131
M3
G0 X71.709 Y190.131
M5
G0 X71.345 Y190.058
M3
G0 X71.345 Y244.860
M5
G0 X71.490 Y244.860
M3
G0 X71.490 Y190.641
M5
G0 X73.094 Y188.892
M3
G0 X73.094 Y244.860
M5
G0 X73.239 Y244.860
M3
G0 X73.239 Y188.892
M5
G0 X74.041 Y188.673
M3
G0 X90.948 Y188.673
M5
G0 X90.365 Y188.090
M3
G0 X74.041 Y188.090
M5
G0 X74.041 Y187.945
M3
G0 X137.588 Y187.945
M5
G0 X137.588 Y187.507
M3
G0 X89.782 Y187.507
M5
G0 X89.199 Y187.507
M3
G0 X74.041 Y187.507
M5
G0 X72.073 Y187.726
M3
G0 X72.073 Y244.860
M5
G0 X72.365 Y244.860
M3
G0 X72.365 Y207.548
M5
G0 X72.948 Y206.965
M3
G0 X72.948 Y244.860
M5
G0 X73.531 Y244.860
M3
G0 X73.531 Y206.382
M5
G0 X74.114 Y205.799
M3
G0 X74.114 Y244.860
M5
G0 X74.697 Y244.860
M3
G0 X74.697 Y202.884
M5
G0 X75.280 Y202.301
M3
G0 X75.280 Y244.860
M5
G0 X75.863 Y244.860
M3
G0 X75.863 Y201.718
M5
G0 X76.446 Y201.718
M3
G0 X76.446 Y244.860
M5
G0 X76.592 Y244.860
M3
G0 X76.592 Y0.000
M5
G0 X76.737 Y0.000
M3
G0 X76.737 Y27.401
M5
G0 X77.320 Y27.984
M3
G0 X77.320 Y0.000
M5
G0 X77.175 Y0.000
M3
G0 X77.175 Y244.860
M5
G0 X77.320 Y244.860
M3
G0 X77.320 Y184.811
M5
G0 X77.758 Y184.228
M3
G0 X77.758 Y0.000
M5
G0 X77.903 Y0.000
M3
G0 X77.903 Y27.984
M5
G0 X87.086 Y30.899
M3
G0 X87.086 Y0.000
M5
G0 X87.231 Y0.000
M3
G0 X87.231 Y12.826
M5
G0 X85.774 Y12.826
M3
G0 X85.774 Y10.494
M5
G0 X85.191 Y10.494
M3
G0 X85.191 Y12.826
M5
G0 X85.191 Y15.158
M3
G0 X85.191 Y16.324
M5
G0 X90.146 Y15.741
M3
G0 X90.146 Y0.000
M5
G0 X90.001 Y0.000
M3
G0 X90.001 Y244.860
M5
G0 X90.146 Y244.860
M3
G0 X90.146 Y192.973
M5
G0 X90.729 Y194.722
M3
G0 X90.729 Y244.860
M5
G0 X90.584 Y244.860
M3
G0 X90.584 Y0.000
M5
G0 X90.729 Y0.000
M3
G0 X90.729 Y46.640
M5
G0 X92.114 Y47.879
M3
G0 X103.191 Y47.879
M5
G0 X103.774 Y47.296
M3
G0 X92.697 Y47.296
M5
G0 X92.697 Y46.713
M3
G0 X104.357 Y46.713
M5
G0 X104.940 Y46.130
M3
G0 X93.280 Y46.130
M5
G0 X95.685 Y46.057
M3
G0 X95.685 Y54.219
M5
G0 X96.268 Y54.219
M3
G0 X96.268 Y44.891
M5
G0 X96.851 Y42.559
M3
G0 X96.851 Y54.219
M5
G0 X97.434 Y54.219
M3
G0 X97.434 Y41.976
M5
G0 X98.017 Y40.810
M3
G0 X98.017 Y51.887
M5
G0 X98.600 Y50.721
M3
G0 X98.600 Y40.810
M5
G0 X99.183 Y40.810
M3
G0 X99.183 Y50.138
M5
G0 X99.766 Y49.555
M3
G0 X99.766 Y40.227
M5
G0 X99.766 Y37.312
M3
G0 X99.766 Y34.980
M5
G0 X100.349 Y35.563
M3
G0 X100.349 Y48.972
M5
G0 X100.932 Y47.806
M3
G0 X100.932 Y35.563
M5
G0 X101.515 Y35.563
M3
G0 X101.515 Y47.223
M5
G0 X102.098 Y46.640
M3
G0 X102.098 Y35.563
M5
G0 X102.681 Y36.146
M3
G0 X102.681 Y46.057
M5
G0 X103.264 Y45.474
M3
G0 X103.264 Y35.563
M5
G0 X103.847 Y34.980
M3
G0 X103.847 Y44.891
M5
G0 X104.430 Y43.725
M3
G0 X104.430 Y34.397
M5
G0 X105.013 Y34.397
M3
G0 X105.013 Y43.142
M5
G0 X105.596 Y42.559
M3
G0 X105.596 Y33.814
M5
G0 X106.179 Y33.814
M3
G0 X106.179 Y41.976
M5
G0 X106.762 Y41.976
M3
G0 X106.762 Y33.814
M5
G0 X107.345 Y33.231
M3
G0 X107.345 Y40.810
M5
G0 X107.928 Y40.227
M3
G0 X107.928 Y32.648
M5
G0 X108.511 Y31.482
M3
G0 X108.511 Y39.644
M5
G0 X109.094 Y38.478
M3
G0 X109.094 Y30.899
M5
G0 X109.677 Y30.316
M3
G0 X109.677 Y37.895
M5
G0 X110.260 Y37.312
M3
G0 X110.260 Y29.733
M5
G0 X110.843 Y29.150
M3
G0 X110.843 Y36.146
M5
G0 X111.426 Y36.146
M3
G0 X111.426 Y26.818
M5
G0 X110.770 Y26.308
M3
G0 X137.588 Y26.308
M5
G0 X137.588 Y26.891
M3
G0 X110.187 Y26.891
M5
G0 X110.187 Y27.474
M3
G0 X137.588 Y27.474
M5
G0 X137.588 Y28.057
M3
G0 X110.187 Y28.057
M5
G0 X109.604 Y28.640
M3
G0 X137.588 Y28.640
M5
G0 X137.588 Y29.223
M3
G0 X109.021 Y29.223
M5
G0 X108.438 Y29.806
M3
G0 X117.766 Y29.806
M5
G0 X117.183 Y30.389
M3
G0 X108.438 Y30.389
M5
G0 X107.272 Y30.972
M3
G0 X116.600 Y30.972
M5
G0 X116.017 Y31.555
M3
G0 X106.689 Y31.555
M5
G0 X106.106 Y32.138
M3
G0 X115.434 Y32.138
M5
G0 X114.924 Y31.482
M3
G0 X114.924 Y12.826
M5
G0 X115.507 Y13.409
M3
G0 X115.507 Y30.899
M5
G0 X116.090 Y30.316
M3
G0 X116.090 Y13.409
M5
G0 X116.673 Y12.826
M3
G0 X116.673 Y29.150
M5
G0 X117.256 Y28.567
M3
G0 X117.256 Y12.826
M5
G0 X117.839 Y12.826
M3
G0 X117.839 Y27.984
M5
G0 X118.422 Y27.401
M3
G0 X118.422 Y12.243
M5
G0 X119.005 Y12.243
M3
G0 X119.005 Y26.818
M5
G0 X119.588 Y25.652
M3
G0 X119.588 Y12.243
M5
G0 X120.171 Y12.826
M3
G0 X120.171 Y25.069
M5
G0 X120.754 Y24.486
M3
G0 X120.754 Y12.826
M5
G0 X121.337 Y12.826
M3
G0 X121.337 Y23.903
M5
G0 X121.920 Y23.320
M3
G0 X121.920 Y12.826
M5
G0 X122.503 Y12.826
M3
G0 X122.503 Y22.737
M5
G0 X123.086 Y22.154
M3
G0 X123.086 Y12.826
M5
G0 X123.669 Y12.243
M3
G0 X123.669 Y20.988
M5
G0 X124.252 Y20.405
M3
G0 X124.252 Y12.243
M5
G0 X124.835 Y11.077
M3
G0 X124.835 Y19.822
M5
G0 X125.418 Y19.239
M3
G0 X125.418 Y9.911
M5
G0 X126.001 Y9.328
M3
G0 X126.001 Y18.656
M5
G0 X126.584 Y18.073
M3
G0 X126.584 Y8.745
M5
G0 X127.167 Y8.162
M3
G0 X127.167 Y17.490
M5
G0 X127.750 Y16.907
M3
G0 X127.750 Y7.579
M5
G0 X128.333 Y6.996
M3
G0 X128.333 Y16.324
M5
G0 X128.260 Y15.668
M3
G0 X127.677 Y15.668
M5
G0 X128.916 Y15.158
M3
G0 X128.916 Y6.413
M5
G0 X129.499 Y5.830
M3
G0 X129.499 Y14.575
M5
G0 X130.082 Y13.992
M3
G0 X130.082 Y0.000
M5
G0 X129.499 Y0.000
M3
G0 X129.499 Y2.915
M5
G0 X128.916 Y2.915
M3
G0 X128.916 Y0.000
M5
G0 X128.333 Y0.000
M3
G0 X128.333 Y2.332
M5
G0 X127.750 Y2.332
M3
G0 X127.750 Y0.000
M5
G0 X127.167 Y0.000
M3
G0 X127.167 Y2.332
M5
G0 X126.584 Y2.915
M3
G0 X126.584 Y0.000
M5
G0 X126.001 Y0.000
M3
G0 X126.001 Y2.915
M5
G0 X125.418 Y2.915
M3
G0 X125.418 Y0.000
M5
G0 X124.835 Y0.000
M3
G0 X124.835 Y2.915
M5
G0 X124.252 Y2.915
M3
G0 X124.252 Y0.000
M5
G0 X123.669 Y0.000
M3
G0 X123.669 Y2.915
M5
G0 X123.086 Y2.915
M3
G0 X123.086 Y0.000
M5
G0 X122.503 Y0.000
M3
G0 X122.503 Y2.915
M5
G0 X121.920 Y2.915
M3
G0 X121.920 Y0.000
M5
G0 X121.337 Y0.000
M3
G0 X121.337 Y2.915
M5
G0 X120.754 Y2.915
M3
G0 X120.754 Y0.000
M5
G0 X120.900 Y0.000
M3
G0 X120.900 Y147.499
M5
G0 X120.317 Y145.750
M3
G0 X120.317 Y0.000
M5
G0 X120.462 Y0.000
M3
G0 X120.462 Y83.952
M5
G0 X121.847 Y83.442
M3
G0 X137.588 Y83.442
M5
G0 X137.588 Y82.859
M3
G0 X121.847 Y82.859
M5
G0 X121.264 Y82.276
M3
G0 X137.588 Y82.276
M5
G0 X137.588 Y81.693
M3
G0 X121.264 Y81.693
M5
G0 X121.264 Y81.110
M3
G0 X137.588 Y81.110
M5
G0 X137.588 Y80.527
M3
G0 X121.264 Y80.527
M5
G0 X121.264 Y79.944
M3
G0 X137.588 Y79.944
M5
G0 X137.588 Y79.361
M3
G0 X121.264 Y79.361
M5
G0 X121.264 Y78.778
M3
G0 X137.588 Y78.778
M5
G0 X136.495 Y81.037
M3
G0 X136.495 Y27.984
M5
G0 X135.912 Y27.984
M3
G0 X135.912 Y81.037
M5
G0 X135.329 Y81.037
M3
G0 X135.329 Y27.984
M5
G0 X134.746 Y28.567
M3
G0 X134.746 Y81.037
M5
G0 X134.163 Y81.037
M3
G0 X134.163 Y28.567
M5
G0 X133.580 Y28.567
M3
G0 X133.580 Y81.037
M5
G0 X132.997 Y81.037
M3
G0 X132.997 Y28.567
M5
G0 X132.414 Y28.567
M3
G0 X132.414 Y81.037
M5
G0 X131.831 Y81.037
M3
G0 X131.831 Y28.567
M5
G0 X131.248 Y28.567
M3
G0 X131.248 Y81.620
M5
G0 X130.665 Y81.620
M3
G0 X130.665 Y28.567
M5
G0 X131.758 Y31.992
M3
G0 X135.256 Y31.992
M5
G0 X135.256 Y32.575
M3
G0 X131.758 Y32.575
M5
G0 X132.924 Y34.324
M3
G0 X123.596 Y34.324
M5
G0 X123.596 Y34.907
M3
G0 X132.924 Y34.907
M5
G0 X132.924 Y35.490
M3
G0 X123.596 Y35.490
M5
G0 X123.596 Y36.073
M3
G0 X133.507 Y36.073
M5
G0 X133.507 Y36.656
M3
G0 X123.596 Y36.656
M5
G0 X123.596 Y37.239
M3
G0 X133.507 Y37.239
M5
G0 X134.090 Y33.741
M3
G0 X123.013 Y33.741
M5
G0 X123.013 Y33.158
M3
G0 X134.673 Y33.158
M5
G0 X135.256 Y33.158
M3
G0 X137.588 Y33.158
M5
G0 X137.588 Y33.304
M3
G0 X120.098 Y33.304
M5
G0 X120.098 Y32.721
M3
G0 X137.588 Y32.721
M5
G0 X137.588 Y32.575
M3
G0 X136.422 Y32.575
M5
G0 X137.005 Y31.992
M3
G0 X137.588 Y31.992
M5
G0 X137.588 Y32.138
M3
G0 X120.098 Y32.138
M5
G0 X120.098 Y31.555
M3
G0 X137.588 Y31.555
M5
G0 X137.588 Y30.972
M3
G0 X120.098 Y30.972
M5
G0 X120.098 Y30.389
M3
G0 X137.588 Y30.389
M5
G0 X137.588 Y29.806
M3
G0 X119.515 Y29.806
M5
G0 X118.130 Y32.065
M3
G0 X118.130 Y0.000
M5
G0 X117.985 Y0.000
M3
G0 X117.985 Y88.033
M5
G0 X117.402 Y88.616
M3
G0 X117.402 Y0.000
M5
G0 X117.547 Y0.000
M3
G0 X117.547 Y32.648
M5
G0 X116.964 Y32.648
M3
G0 X116.964 Y0.000
M5
G0 X116.819 Y0.000
M3
G0 X116.819 Y89.782
M5
G0 X118.568 Y88.616
M3
G0 X118.568 Y0.000
M5
G0 X118.713 Y0.000
M3
G0 X118.713 Y34.980
M5
G0 X120.098 Y35.053
M3
G0 X137.588 Y35.053
M5
G0 X137.588 Y34.470
M3
G0 X120.098 Y34.470
M5
G0 X120.098 Y33.887
M3
G0 X137.588 Y33.887
M5
G0 X137.588 Y35.636
M3
G0 X120.098 Y35.636
M5
G0 X120.098 Y36.219
M3
G0 X137.588 Y36.219
M5
G0 X137.588 Y36.802
M3
G0 X120.098 Y36.802
M5
G0 X120.098 Y37.385
M3
G0 X137.588 Y37.385
M5
G0 X137.588 Y37.822
M3
G0 X123.596 Y37.822
M5
G0 X123.596 Y38.405
M3
G0 X137.588 Y38.405
M5
G0 X137.588 Y38.551
M3
G0 X120.098 Y38.551
M5
G0 X120.098 Y37.968
M3
G0 X137.588 Y37.968
M5
G0 X137.588 Y38.988
M3
G0 X123.596 Y38.988
M5
G0 X123.013 Y39.571
M3
G0 X137.588 Y39.571
M5
G0 X137.588 Y39.717
M3
G0 X120.098 Y39.717
M5
G0 X120.098 Y39.134
M3
G0 X137.588 Y39.134
M5
G0 X137.588 Y40.154
M3
G0 X123.013 Y40.154
M5
G0 X123.013 Y40.737
M3
G0 X137.588 Y40.737
M5
G0 X137.588 Y40.883
M3
G0 X120.098 Y40.883
M5
G0 X120.098 Y40.300
M3
G0 X137.588 Y40.300
M5
G0 X137.588 Y41.320
M3
G0 X123.013 Y41.320
M5
G0 X123.013 Y41.903
M3
G0 X137.588 Y41.903
M5
G0 X137.588 Y42.049
M3
G0 X120.098 Y42.049
M5
G0 X120.098 Y41.466
M3
G0 X137.588 Y41.466
M5
G0 X137.588 Y42.486
M3
G0 X123.013 Y42.486
M5
G0 X123.013 Y43.069
M3
G0 X137.588 Y43.069
M5
G0 X137.588 Y43.215
M3
G0 X120.098 Y43.215
M5
G0 X120.098 Y42.632
M3
G0 X137.588 Y42.632
M5
G0 X137.588 Y43.652
M3
G0 X123.013 Y43.652
M5
G0 X123.013 Y44.235
M3
G0 X137.588 Y44.235
M5
G0 X137.588 Y44.381
M3
G0 X120.098 Y44.381
M5
G0 X120.098 Y44.964
M3
G0 X137.588 Y44.964
M5
G0 X137.588 Y44.818
M3
G0 X123.013 Y44.818
M5
G0 X123.013 Y45.401
M3
G0 X137.588 Y45.401
M5
G0 X137.588 Y45.547
M3
G0 X120.098 Y45.547
M5
G0 X120.098 Y46.130
M3
G0 X137.588 Y46.130
M5
G0 X137.588 Y45.984
M3
G0 X123.013 Y45.984
M5
G0 X123.013 Y46.567
M3
G0 X137.588 Y46.567
M5
G0 X137.588 Y46.713
M3
G0 X120.098 Y46.713
M5
G0 X120.098 Y47.296
M3
G0 X137.588 Y47.296
M5
G0 X137.588 Y47.150
M3
G0 X123.013 Y47.150
M5
G0 X123.013 Y47.733
M3
G0 X137.588 Y47.733
M5
G0 X137.588 Y47.879
M3
G0 X120.098 Y47.879
M5
G0 X120.098 Y48.462
M3
G0 X137.588 Y48.462
M5
G0 X137.588 Y48.316
M3
G0 X123.013 Y48.316
M5
G0 X123.013 Y48.899
M3
G0 X132.341 Y48.899
M5
G0 X131.758 Y49.482
M3
G0 X123.013 Y49.482
M5
G0 X123.013 Y50.065
M3
G0 X131.175 Y50.065
M5
G0 X131.175 Y50.648
M3
G0 X123.013 Y50.648
M5
G0 X123.013 Y51.231
M3
G0 X131.175 Y51.231
M5
G0 X130.592 Y51.814
M3
G0 X123.013 Y51.814
M5
G0 X123.013 Y52.397
M3
G0 X130.592 Y52.397
M5
G0 X130.592 Y52.980
M3
G0 X123.013 Y52.980
M5
G0 X123.013 Y53.563
M3
G0 X130.592 Y53.563
M5
G0 X130.592 Y54.146
M3
G0 X123.013 Y54.146
M5
G0 X123.013 Y54.729
M3
G0 X129.426 Y54.729
M5
G0 X129.426 Y55.312
M3
G0 X123.013 Y55.312
M5
G0 X123.013 Y55.895
M3
G0 X129.426 Y55.895
M5
G0 X128.260 Y56.478
M3
G0 X123.013 Y56.478
M5
G0 X123.013 Y57.061
M3
G0 X128.260 Y57.061
M5
G0 X127.677 Y57.644
M3
G0 X123.013 Y57.644
M5
G0 X123.013 Y58.227
M3
G0 X127.677 Y58.227
M5
G0 X127.094 Y58.810
M3
G0 X123.013 Y58.810
M5
G0 X123.013 Y59.393
M3
G0 X127.094 Y59.393
M5
G0 X127.094 Y59.976
M3
G0 X123.013 Y59.976
M5
G0 X123.013 Y60.559
M3
G0 X127.094 Y60.559
M5
G0 X127.094 Y61.142
M3
G0 X123.013 Y61.142
M5
G0 X123.013 Y61.725
M3
G0 X127.094 Y61.725
M5
G0 X127.094 Y62.308
M3
G0 X123.013 Y62.308
M5
G0 X123.013 Y62.891
M3
G0 X127.094 Y62.891
M5
G0 X127.677 Y63.474
M3
G0 X123.013 Y63.474
M5
G0 X123.013 Y64.057
M3
G0 X132.924 Y64.057
M5
G0 X131.758 Y63.474
M3
G0 X129.426 Y63.474
M5
G0 X130.009 Y62.891
M3
G0 X131.175 Y62.891
M5
G0 X131.175 Y62.308
M3
G0 X130.592 Y62.308
M5
G0 X130.592 Y61.725
M3
G0 X131.175 Y61.725
M5
G0 X131.175 Y61.142
M3
G0 X130.592 Y61.142
M5
G0 X135.256 Y64.057
M3
G0 X137.588 Y64.057
M5
G0 X137.588 Y64.203
M3
G0 X119.515 Y64.203
M5
G0 X119.515 Y64.786
M3
G0 X137.588 Y64.786
M5
G0 X137.588 Y65.369
M3
G0 X119.515 Y65.369
M5
G0 X119.515 Y65.952
M3
G0 X137.588 Y65.952
M5
G0 X137.588 Y66.535
M3
G0 X119.515 Y66.535
M5
G0 X119.515 Y67.118
M3
G0 X137.588 Y67.118
M5
G0 X137.588 Y66.826
M3
G0 X90.948 Y66.826
M5
G0 X92.478 Y67.628
M3
G0 X92.478 Y0.000
M5
G0 X92.333 Y0.000
M3
G0 X92.333 Y244.860
M5
G0 X91.750 Y244.860
M3
G0 X91.750 Y0.000
M5
G0 X91.895 Y0.000
M3
G0 X91.895 Y64.713
M5
G0 X91.312 Y64.130
M3
G0 X91.312 Y0.000
M5
G0 X91.167 Y0.000
M3
G0 X91.167 Y244.860
M5
G0 X91.312 Y244.860
M3
G0 X91.312 Y194.722
M5
G0 X94.810 Y193.556
M3
G0 X94.810 Y191.224
M5
G0 X94.227 Y191.224
M3
G0 X94.227 Y191.807
M5
G0 X95.393 Y191.224
M3
G0 X95.393 Y195.305
M5
G0 X96.195 Y195.961
M3
G0 X128.260 Y195.961
M5
G0 X128.260 Y196.544
M3
G0 X96.195 Y196.544
M5
G0 X95.976 Y196.471
M3
G0 X95.976 Y191.224
M5
G0 X98.308 Y188.309
M3
G0 X98.308 Y186.560
M5
G0 X99.474 Y183.062
M3
G0 X99.474 Y180.147
M5
G0 X100.057 Y178.398
M3
G0 X100.057 Y183.062
M5
G0 X100.640 Y181.896
M3
G0 X100.640 Y178.398
M5
G0 X100.640 Y177.232
M3
G0 X100.640 Y174.900
M5
G0 X103.774 Y173.807
M3
G0 X107.272 Y173.807
M5
G0 X107.272 Y173.224
M3
G0 X103.774 Y173.224
M5
G0 X103.191 Y172.641
M3
G0 X107.272 Y172.641
M5
G0 X106.689 Y172.058
M3
G0 X103.191 Y172.058
M5
G0 X103.191 Y171.475
M3
G0 X106.689 Y171.475
M5
G0 X107.272 Y170.892
M3
G0 X103.191 Y170.892
M5
G0 X102.608 Y170.309
M3
G0 X107.272 Y170.309
M5
G0 X106.689 Y169.726
M3
G0 X102.608 Y169.726
M5
G0 X103.191 Y169.143
M3
G0 X106.106 Y169.143
M5
G0 X104.940 Y168.560
M3
G0 X103.191 Y168.560
M5
G0 X105.887 Y165.572
M3
G0 X105.887 Y244.860
M5
G0 X105.742 Y244.860
M3
G0 X105.742 Y0.000
M5
G0 X105.887 Y0.000
M3
G0 X105.887 Y25.652
M5
G0 X105.304 Y24.486
M3
G0 X105.304 Y0.000
M5
G0 X105.159 Y0.000
M3
G0 X105.159 Y244.860
M5
G0 X105.304 Y244.860
M3
G0 X105.304 Y164.989
M5
G0 X106.470 Y166.155
M3
G0 X106.470 Y191.224
M5
G0 X107.053 Y191.224
M3
G0 X107.053 Y166.155
M5
G0 X107.636 Y166.155
M3
G0 X107.636 Y190.641
M5
G0 X108.219 Y190.058
M3
G0 X108.219 Y167.321
M5
G0 X108.802 Y167.904
M3
G0 X108.802 Y189.475
M5
G0 X109.385 Y190.058
M3
G0 X109.385 Y171.985
M5
G0 X109.968 Y174.900
M3
G0 X109.968 Y190.058
M5
G0 X110.551 Y189.475
M3
G0 X110.551 Y175.483
M5
G0 X112.300 Y176.066
M3
G0 X112.300 Y190.058
M5
G0 X111.717 Y190.058
M3
G0 X111.717 Y177.815
M5
G0 X111.134 Y177.232
M3
G0 X111.134 Y190.058
M5
G0 X112.883 Y191.224
M3
G0 X112.883 Y174.900
M5
G0 X113.102 Y180.220
M3
G0 X113.685 Y180.220
M5
G0 X113.685 Y180.803
M3
G0 X113.102 Y180.803
M5
G0 X112.519 Y182.552
M3
G0 X113.685 Y182.552
M5
G0 X113.685 Y183.135
M3
G0 X112.519 Y183.135
M5
G0 X112.519 Y183.718
M3
G0 X113.685 Y183.718
M5
G0 X114.268 Y184.301
M3
G0 X112.519 Y184.301
M5
G0 X112.519 Y184.884
M3
G0 X114.268 Y184.884
M5
G0 X114.268 Y185.467
M3
G0 X113.102 Y185.467
M5
G0 X113.102 Y186.050
M3
G0 X114.268 Y186.050
M5
G0 X114.268 Y186.633
M3
G0 X113.685 Y186.633
M5
G0 X113.685 Y187.216
M3
G0 X114.268 Y187.216
M5
G0 X114.268 Y187.799
M3
G0 X113.685 Y187.799
M5
G0 X113.685 Y188.382
M3
G0 X114.268 Y188.382
M5
G0 X112.883 Y192.390
M3
G0 X112.883 Y244.860
M5
G0 X112.738 Y244.860
M3
G0 X112.738 Y156.827
M5
G0 X112.155 Y158.576
M3
G0 X112.155 Y244.860
M5
G0 X112.300 Y244.860
M3
G0 X112.300 Y192.973
M5
G0 X106.106 Y188.965
M3
G0 X105.523 Y188.965
M5
G0 X104.940 Y185.467
M3
G0 X103.774 Y185.467
M5
G0 X103.774 Y184.884
M3
G0 X104.940 Y184.884
M5
G0 X104.940 Y184.301
M3
G0 X103.191 Y184.301
M5
G0 X103.191 Y183.718
M3
G0 X104.940 Y183.718
M5
G0 X104.940 Y183.135
M3
G0 X103.191 Y183.135
M5
G0 X103.191 Y182.552
M3
G0 X104.357 Y182.552
M5
G0 X104.357 Y181.969
M3
G0 X103.191 Y181.969
M5
G0 X103.191 Y181.386
M3
G0 X104.357 Y181.386
M5
G0 X104.357 Y180.803
M3
G0 X103.191 Y180.803
M5
G0 X103.774 Y180.220
M3
G0 X104.357 Y180.220
M5
G0 X104.357 Y174.973
M3
G0 X107.272 Y174.973
M5
G0 X107.272 Y174.390
M3
G0 X104.357 Y174.390
M5
G0 X93.644 Y167.904
M3
G0 X93.644 Y163.240
M5
G0 X93.061 Y163.240
M3
G0 X93.061 Y168.487
M5
G0 X92.478 Y169.653
M3
G0 X92.478 Y163.240
M5
G0 X92.478 Y162.657
M3
G0 X92.478 Y162.074
M5
G0 X91.895 Y160.908
M3
G0 X91.895 Y188.309
M5
G0 X87.231 Y191.224
M3
G0 X87.231 Y244.860
M5
G0 X87.086 Y244.860
M3
G0 X87.086 Y47.806
M5
G0 X90.729 Y49.555
M3
G0 X90.729 Y64.130
M5
G0 X90.146 Y63.547
M3
G0 X90.146 Y51.887
M5
G0 X90.365 Y52.543
M3
G0 X100.859 Y52.543
M5
G0 X101.442 Y51.960
M3
G0 X90.948 Y51.960
M5
G0 X90.948 Y51.377
M3
G0 X101.442 Y51.377
M5
G0 X101.442 Y50.794
M3
G0 X91.531 Y50.794
M5
G0 X91.531 Y50.211
M3
G0 X101.442 Y50.211
M5
G0 X102.025 Y49.628
M3
G0 X91.531 Y49.628
M5
G0 X92.114 Y49.045
M3
G0 X102.025 Y49.045
M5
G0 X102.025 Y48.462
M3
G0 X92.114 Y48.462
M5
G0 X93.353 Y50.138
M3
G0 X93.353 Y57.134
M5
G0 X93.936 Y56.551
M3
G0 X93.936 Y49.555
M5
G0 X94.519 Y48.972
M3
G0 X94.519 Y55.968
M5
G0 X95.102 Y54.802
M3
G0 X95.102 Y47.806
M5
G0 X95.612 Y51.814
M3
G0 X96.195 Y51.814
M5
G0 X92.770 Y51.887
M3
G0 X92.770 Y57.717
M5
G0 X92.187 Y58.300
M3
G0 X92.187 Y52.470
M5
G0 X91.604 Y53.053
M3
G0 X91.604 Y58.300
M5
G0 X91.021 Y58.300
M3
G0 X91.021 Y53.636
M5
G0 X90.438 Y54.219
M3
G0 X90.438 Y58.300
M5
G0 X89.855 Y59.466
M3
G0 X89.855 Y54.802
M5
G0 X89.272 Y54.802
M3
G0 X89.272 Y59.466
M5
G0 X88.033 Y59.539
M3
G0 X92.114 Y59.539
M5
G0 X91.531 Y60.122
M3
G0 X88.033 Y60.122
M5
G0 X87.814 Y60.632
M3
G0 X87.814 Y53.053
M5
G0 X87.231 Y53.053
M3
G0 X87.231 Y59.466
M5
G0 X88.033 Y60.705
M3
G0 X90.948 Y60.705
M5
G0 X90.948 Y61.288
M3
G0 X88.616 Y61.288
M5
G0 X88.616 Y61.871
M3
G0 X89.782 Y61.871
M5
G0 X87.814 Y61.798
M3
G0 X87.814 Y61.215
M5
G0 X86.867 Y60.996
M3
G0 X137.588 Y60.996
M5
G0 X137.588 Y60.851
M3
G0 X0.000 Y60.851
M5
G0 X0.000 Y61.434
M3
G0 X137.588 Y61.434
M5
G0 X137.588 Y61.579
M3
G0 X86.867 Y61.579
M5
G0 X85.118 Y60.705
M3
G0 X61.798 Y60.705
M5
G0 X61.215 Y60.122
M3
G0 X85.118 Y60.122
M5
G0 X82.859 Y58.883
M3
G0 X82.859 Y56.551
M5
G0 X82.203 Y53.709
M3
G0 X41.976 Y53.709
M5
G0 X44.818 Y53.636
M3
G0 X44.818 Y51.304
M5
G0 X44.235 Y51.304
M3
G0 X44.235 Y50.721
M5
G0 X41.757 Y49.555
M3
G0 X41.757 Y48.389
M5
G0 X41.393 Y48.462
M3
G0 X40.227 Y48.462
M5
G0 X40.227 Y47.879
M3
G0 X41.393 Y47.879
M5
G0 X41.393 Y47.296
M3
G0 X40.227 Y47.296
M5
G0 X40.227 Y46.713
M3
G0 X41.393 Y46.713
M5
G0 X41.393 Y46.130
M3
G0 X37.895 Y46.130
M5
G0 X37.895 Y45.547
M3
G0 X41.393 Y45.547
M5
G0 X40.883 Y45.474
M3
G0 X40.883 Y48.972
M5
G0 X40.810 Y49.045
M3
G0 X41.393 Y49.045
M5
G0 X41.393 Y49.628
M3
G0 X40.810 Y49.628
M5
G0 X39.061 Y47.733
M3
G0 X38.478 Y47.733
M5
G0 X38.478 Y45.984
M3
G0 X39.061 Y45.984
M5
G0 X39.061 Y45.401
M3
G0 X38.478 Y45.401
M5
G0 X38.478 Y44.964
M3
G0 X39.644 Y44.964
M5
G0 X39.644 Y44.381
M3
G0 X38.478 Y44.381
M5
G0 X38.478 Y44.235
M3
G0 X39.061 Y44.235
M5
G0 X39.061 Y43.652
M3
G0 X38.478 Y43.652
M5
G0 X38.478 Y43.798
M3
G0 X39.644 Y43.798
M5
G0 X40.227 Y43.215
M3
G0 X38.478 Y43.215
M5
G0 X38.478 Y43.069
M3
G0 X39.061 Y43.069
M5
G0 X38.988 Y42.559
M3
G0 X38.988 Y41.393
M5
G0 X39.061 Y41.320
M3
G0 X38.478 Y41.320
M5
G0 X38.478 Y41.466
M3
G0 X41.393 Y41.466
M5
G0 X41.393 Y42.049
M3
G0 X40.810 Y42.049
M5
G0 X40.227 Y42.049
M3
G0 X38.478 Y42.049
M5
G0 X38.478 Y41.903
M3
G0 X39.061 Y41.903
M5
G0 X39.061 Y42.486
M3
G0 X38.478 Y42.486
M5
G0 X38.478 Y42.632
M3
G0 X40.227 Y42.632
M5
G0 X40.227 Y44.381
M3
G0 X41.393 Y44.381
M5
G0 X41.393 Y44.964
M3
G0 X40.227 Y44.964
M5
G0 X40.300 Y45.474
M3
G0 X40.300 Y46.640
M5
G0 X39.061 Y44.818
M3
G0 X38.478 Y44.818
M5
G0 X36.729 Y43.798
M3
G0 X34.980 Y43.798
M5
G0 X34.980 Y43.652
M3
G0 X35.563 Y43.652
M5
G0 X35.563 Y43.069
M3
G0 X34.980 Y43.069
M5
G0 X34.980 Y43.215
M3
G0 X36.729 Y43.215
M5
G0 X36.729 Y42.632
M3
G0 X34.980 Y42.632
M5
G0 X34.980 Y42.486
M3
G0 X35.563 Y42.486
M5
G0 X34.980 Y42.049
M3
G0 X36.729 Y42.049
M5
G0 X36.146 Y41.466
M3
G0 X34.980 Y41.466
M5
G0 X34.397 Y40.883
M3
G0 X36.729 Y40.883
M5
G0 X36.729 Y40.300
M3
G0 X34.397 Y40.300
M5
G0 X33.814 Y40.300
M3
G0 X32.065 Y40.300
M5
G0 X32.065 Y39.717
M3
G0 X33.814 Y39.717
M5
G0 X33.814 Y39.134
M3
G0 X32.065 Y39.134
M5
G0 X32.065 Y38.551
M3
G0 X33.814 Y38.551
M5
G0 X33.814 Y37.968
M3
G0 X32.065 Y37.968
M5
G0 X32.138 Y38.478
M3
G0 X32.138 Y158.576
M5
G0 X32.138 Y159.159
M3
G0 X32.138 Y164.989
M5
G0 X32.065 Y164.916
M3
G0 X30.899 Y164.916
M5
G0 X30.316 Y164.916
M3
G0 X27.984 Y164.916
M5
G0 X27.984 Y164.333
M3
G0 X30.316 Y164.333
M5
G0 X30.899 Y163.750
M3
G0 X33.814 Y163.750
M5
G0 X33.887 Y162.657
M3
G0 X33.887 Y176.649
M5
G0 X34.397 Y176.576
M3
G0 X34.980 Y176.576
M5
G0 X34.980 Y175.993
M3
G0 X34.397 Y175.993
M5
G0 X34.397 Y175.410
M3
G0 X40.227 Y175.410
M5
G0 X39.644 Y174.827
M3
G0 X54.219 Y174.827
M5
G0 X52.470 Y175.410
M3
G0 X43.142 Y175.410
M5
G0 X43.142 Y175.993
M3
G0 X50.721 Y175.993
M5
G0 X50.138 Y176.576
M3
G0 X42.559 Y176.576
M5
G0 X42.486 Y177.232
M3
G0 X42.486 Y184.228
M5
G0 X41.903 Y183.645
M3
G0 X41.903 Y177.815
M5
G0 X43.069 Y177.232
M3
G0 X43.069 Y187.143
M5
G0 X42.559 Y188.236
M3
G0 X52.470 Y188.236
M5
G0 X52.470 Y189.985
M3
G0 X43.725 Y189.985
M5
G0 X43.725 Y190.568
M3
G0 X52.470 Y190.568
M5
G0 X52.470 Y191.151
M3
G0 X43.725 Y191.151
M5
G0 X43.215 Y191.224
M3
G0 X43.215 Y237.281
M5
G0 X43.142 Y237.354
M3
G0 X85.701 Y237.354
M5
G0 X85.701 Y236.771
M3
G0 X43.142 Y236.771
M5
G0 X43.142 Y236.625
M3
G0 X49.555 Y236.625
M5
G0 X49.555 Y237.208
M3
G0 X43.725 Y237.208
M5
G0 X43.725 Y237.791
M3
G0 X49.555 Y237.791
M5
G0 X50.138 Y238.374
M3
G0 X43.725 Y238.374
M5
G0 X43.725 Y238.520
M3
G0 X85.118 Y238.520
M5
G0 X85.118 Y237.937
M3
G0 X43.725 Y237.937
M5
G0 X44.235 Y237.864
M3
G0 X44.235 Y236.698
M5
G0 X43.652 Y236.115
M3
G0 X43.652 Y234.949
M5
G0 X43.142 Y235.459
M3
G0 X48.972 Y235.459
M5
G0 X48.972 Y236.042
M3
G0 X43.142 Y236.042
M5
G0 X43.142 Y236.188
M3
G0 X85.701 Y236.188
M5
G0 X84.535 Y239.103
M3
G0 X43.725 Y239.103
M5
G0 X43.725 Y238.957
M3
G0 X50.721 Y238.957
M5
G0 X50.721 Y239.540
M3
G0 X43.725 Y239.540
M5
G0 X43.725 Y239.686
M3
G0 X84.535 Y239.686
M5
G0 X85.118 Y240.269
M3
G0 X43.725 Y240.269
M5
G0 X43.725 Y240.123
M3
G0 X51.304 Y240.123
M5
G0 X51.304 Y240.706
M3
G0 X44.308 Y240.706
M5
G0 X44.818 Y240.196
M3
G0 X44.818 Y239.030
M5
G0 X45.401 Y240.196
M3
G0 X45.401 Y242.528
M5
G0 X44.891 Y243.038
M3
G0 X51.887 Y243.038
M5
G0 X52.470 Y243.621
M3
G0 X44.891 Y243.621
M5
G0 X44.891 Y243.767
M3
G0 X85.118 Y243.767
M5
G0 X85.118 Y244.350
M3
G0 X44.891 Y244.350
M5
G0 X44.964 Y244.277
M3
G0 X44.964 Y194.722
M5
G0 X44.891 Y194.649
M3
G0 X32.648 Y194.649
M5
G0 X32.648 Y195.232
M3
G0 X44.891 Y195.232
M5
G0 X44.964 Y194.139
M3
G0 X44.964 Y148.665
M5
G0 X44.308 Y149.175
M3
G0 X41.976 Y149.175
M5
G0 X41.976 Y148.592
M3
G0 X43.142 Y148.592
M5
G0 X43.142 Y147.426
M3
G0 X43.725 Y147.426
M5
G0 X42.632 Y147.499
M3
G0 X42.632 Y145.750
M5
G0 X42.559 Y146.260
M3
G0 X41.976 Y146.260
M5
G0 X42.559 Y144.657
M3
G0 X57.717 Y144.657
M5
G0 X57.498 Y144.584
M3
G0 X57.498 Y205.216
M5
G0 X57.134 Y205.289
M3
G0 X56.551 Y205.289
M5
G0 X56.624 Y204.633
M3
G0 X56.624 Y206.965
M5
G0 X55.968 Y206.455
M3
G0 X30.899 Y206.455
M5
G0 X30.899 Y206.309
M3
G0 X32.065 Y206.309
M5
G0 X31.482 Y205.726
M3
G0 X30.899 Y205.726
M5
G0 X30.899 Y205.143
M3
G0 X31.482 Y205.143
M5
G0 X31.409 Y205.216
M3
G0 X31.409 Y204.633
M5
G0 X31.482 Y204.560
M3
G0 X30.899 Y204.560
M5
G0 X30.899 Y203.977
M3
G0 X31.482 Y203.977
M5
G0 X31.482 Y203.394
M3
G0 X30.899 Y203.394
M5
G0 X30.899 Y202.811
M3
G0 X31.482 Y202.811
M5
G0 X32.065 Y202.228
M3
G0 X30.899 Y202.228
M5
G0 X30.899 Y201.645
M3
G0 X32.065 Y201.645
M5
G0 X32.648 Y202.228
M3
G0 X33.231 Y202.228
M5
G0 X33.304 Y201.718
M3
G0 X33.304 Y244.860
M5
G0 X32.721 Y244.860
M3
G0 X32.721 Y225.621
M5
G0 X32.648 Y226.131
M3
G0 X32.065 Y226.131
M5
G0 X31.482 Y226.131
M3
G0 X28.567 Y226.131
M5
G0 X27.984 Y227.880
M3
G0 X26.235 Y227.880
M5
G0 X26.235 Y228.463
M3
G0 X27.984 Y228.463
M5
G0 X28.057 Y229.702
M3
G0 X28.057 Y244.860
M5
G0 X26.818 Y244.350
M3
G0 X40.227 Y244.350
M5
G0 X41.393 Y244.350
M3
G0 X41.976 Y244.350
M5
G0 X41.976 Y243.767
M3
G0 X41.393 Y243.767
M5
G0 X41.393 Y243.184
M3
G0 X41.976 Y243.184
M5
G0 X41.976 Y242.601
M3
G0 X41.393 Y242.601
M5
G0 X41.393 Y242.018
M3
G0 X42.559 Y242.018
M5
G0 X42.559 Y241.435
M3
G0 X41.393 Y241.435
M5
G0 X43.142 Y242.601
M3
G0 X44.308 Y242.601
M5
G0 X44.308 Y243.184
M3
G0 X43.142 Y243.184
M5
G0 X43.215 Y243.694
M3
G0 X43.215 Y244.860
M5
G0 X42.778 Y244.860
M3
G0 X42.778 Y0.000
M5
G0 X44.089 Y0.000
M3
G0 X44.089 Y137.588
M5
G0 X44.308 Y137.661
M3
G0 X47.806 Y137.661
M5
G0 X48.170 Y137.588
M3
G0 X48.170 Y95.029
M5
G0 X49.336 Y95.029
M3
G0 X49.336 Y41.976
M5
G0 X51.668 Y40.227
M3
G0 X51.668 Y93.280
M5
G0 X51.887 Y92.770
M3
G0 X53.053 Y92.770
M5
G0 X52.470 Y92.187
M3
G0 X51.304 Y92.187
M5
G0 X50.721 Y91.604
M3
G0 X51.887 Y91.604
M5
G0 X51.887 Y91.021
M3
G0 X50.721 Y91.021
M5
G0 X50.721 Y90.438
M3
G0 X50.138 Y90.438
M5
G0 X49.555 Y92.187
M3
G0 X47.223 Y92.187
M5
G0 X46.713 Y92.114
M3
G0 X46.713 Y91.531
M5
G0 X46.130 Y91.531
M3
G0 X46.130 Y90.948
M5
G0 X46.640 Y90.438
M3
G0 X23.903 Y90.438
M5
G0 X23.903 Y89.855
M3
G0 X45.474 Y89.855
M5
G0 X44.891 Y91.021
M3
G0 X47.223 Y91.021
M5
G0 X47.806 Y91.604
M3
G0 X45.474 Y91.604
M5
G0 X44.308 Y91.604
M3
G0 X23.903 Y91.604
M5
G0 X23.903 Y91.021
M3
G0 X44.308 Y91.021
M5
G0 X43.798 Y90.948
M3
G0 X43.798 Y90.365
M5
G0 X41.393 Y92.187
M3
G0 X23.903 Y92.187
M5
G0 X23.320 Y91.021
M3
G0 X22.737 Y91.021
M5
G0 X22.737 Y89.855
M3
G0 X22.154 Y89.855
M5
G0 X21.571 Y91.604
M3
G0 X20.405 Y91.604
M5
G0 X20.405 Y92.478
M3
G0 X111.353 Y92.478
M5
G0 X110.770 Y87.814
M3
G0 X20.405 Y87.814
M5
G0 X20.405 Y87.523
M3
G0 X21.571 Y87.523
M5
G0 X23.903 Y87.523
M3
G0 X48.389 Y87.523
M5
G0 X49.045 Y86.867
M3
G0 X49.045 Y86.284
M5
G0 X50.794 Y86.284
M3
G0 X50.794 Y88.616
M5
G0 X51.304 Y88.543
M3
G0 X51.887 Y88.543
M5
G0 X51.960 Y88.616
M3
G0 X51.960 Y89.199
M5
G0 X51.887 Y89.272
M3
G0 X53.636 Y89.272
M5
G0 X53.636 Y89.855
M3
G0 X52.470 Y89.855
M5
G0 X52.470 Y90.438
M3
G0 X53.636 Y90.438
M5
G0 X53.053 Y91.021
M3
G0 X98.527 Y91.021
M5
G0 X98.017 Y92.114
M3
G0 X98.017 Y92.697
M5
G0 X97.434 Y92.697
M3
G0 X97.434 Y92.114
M5
G0 X96.851 Y91.531
M3
G0 X96.851 Y90.948
M5
G0 X96.268 Y90.948
M3
G0 X96.268 Y91.531
M5
G0 X95.685 Y90.948
M3
G0 X95.685 Y90.365
M5
G0 X95.102 Y89.782
M3
G0 X95.102 Y96.195
M5
G0 X95.685 Y96.195
M3
G0 X95.685 Y92.114
M5
G0 X96.268 Y92.697
M3
G0 X96.268 Y95.612
M5
G0 X96.851 Y95.612
M3
G0 X96.851 Y92.697
M5
G0 X98.017 Y93.280
M3
G0 X98.017 Y94.446
M5
G0 X98.600 Y94.446
M3
G0 X98.600 Y92.697
M5
G0 X99.183 Y93.280
M3
G0 X99.183 Y93.863
M5
G0 X96.778 Y94.373
M3
G0 X94.446 Y94.373
M5
G0 X93.863 Y93.207
M3
G0 X74.624 Y93.207
M5
G0 X74.041 Y92.624
M3
G0 X83.952 Y92.624
M5
G0 X84.535 Y92.624
M3
G0 X93.863 Y92.624
M5
G0 X93.280 Y92.041
M3
G0 X84.535 Y92.041
M5
G0 X84.535 Y91.458
M3
G0 X92.697 Y91.458
M5
G0 X92.770 Y90.948
M3
G0 X92.770 Y97.944
M5
G0 X93.353 Y97.361
M3
G0 X93.353 Y87.450
M5
G0 X93.280 Y87.377
M3
G0 X92.697 Y87.377
M5
G0 X92.697 Y87.960
M3
G0 X93.280 Y87.960
M5
G0 X93.280 Y88.543
M3
G0 X93.863 Y88.543
M5
G0 X93.936 Y88.033
M3
G0 X93.936 Y97.361
M5
G0 X94.519 Y96.778
M3
G0 X94.519 Y90.948
M5
G0 X94.519 Y90.365
M3
G0 X94.519 Y89.199
M5
G0 X93.863 Y89.126
M3
G0 X93.280 Y89.126
M5
G0 X92.770 Y90.365
M3
G0 X92.770 Y83.952
M5
G0 X93.353 Y83.952
M3
G0 X93.353 Y83.369
M5
G0 X93.936 Y83.952
M3
G0 X93.936 Y84.535
M5
G0 X93.863 Y84.608
M3
G0 X71.126 Y84.608
M5
G0 X71.126 Y85.191
M3
G0 X93.863 Y85.191
M5
G0 X93.353 Y85.118
M3
G0 X93.353 Y86.284
M5
G0 X93.936 Y85.701
M3
G0 X93.936 Y86.867
M5
G0 X94.519 Y86.867
M3
G0 X94.519 Y88.033
M5
G0 X95.102 Y88.033
M3
G0 X95.102 Y88.616
M5
G0 X95.685 Y88.616
M3
G0 X95.685 Y89.199
M5
G0 X96.195 Y88.689
M3
G0 X68.794 Y88.689
M5
G0 X68.211 Y89.272
M3
G0 X96.778 Y89.272
M5
G0 X97.361 Y89.272
M3
G0 X97.944 Y89.272
M5
G0 X98.527 Y88.106
M3
G0 X99.693 Y88.106
M5
G0 X99.110 Y88.689
M3
G0 X100.276 Y88.689
M5
G0 X99.110 Y87.523
M3
G0 X96.778 Y87.523
M5
G0 X96.851 Y86.867
M3
G0 X96.851 Y86.284
M5
G0 X97.361 Y85.774
M3
G0 X95.029 Y85.774
M5
G0 X95.102 Y85.701
M3
G0 X95.102 Y84.535
M5
G0 X95.612 Y84.608
M3
G0 X94.446 Y84.608
M5
G0 X94.519 Y84.535
M3
G0 X94.519 Y83.952
M5
G0 X95.029 Y83.442
M3
G0 X71.126 Y83.442
M5
G0 X71.709 Y82.859
M3
G0 X94.446 Y82.859
M5
G0 X94.446 Y82.276
M3
G0 X72.292 Y82.276
M5
G0 X72.292 Y81.693
M3
G0 X93.863 Y81.693
M5
G0 X93.863 Y81.110
M3
G0 X93.280 Y81.110
M5
G0 X92.697 Y78.195
M3
G0 X92.114 Y78.195
M5
G0 X92.114 Y77.612
M3
G0 X92.697 Y77.612
M5
G0 X89.272 Y78.705
M3
G0 X89.272 Y82.203
M5
G0 X87.523 Y80.454
M3
G0 X87.523 Y115.434
M5
G0 X87.523 Y116.017
M3
G0 X87.523 Y116.600
M5
G0 X87.523 Y118.349
M3
G0 X87.523 Y120.098
M5
G0 X87.523 Y121.264
M3
G0 X87.523 Y127.677
M5
G0 X90.948 Y128.333
M3
G0 X77.539 Y128.333
M5
G0 X77.539 Y128.916
M3
G0 X90.948 Y128.916
M5
G0 X90.948 Y129.499
M3
G0 X75.790 Y129.499
M5
G0 X75.790 Y129.936
M3
G0 X76.373 Y129.936
M5
G0 X75.790 Y130.082
M3
G0 X90.948 Y130.082
M5
G0 X97.944 Y132.997
M3
G0 X102.608 Y132.997
M5
G0 X102.608 Y132.414
M3
G0 X98.527 Y132.414
M5
G0 X97.944 Y134.746
M3
G0 X102.608 Y134.746
M5
G0 X102.608 Y135.329
M3
G0 X97.944 Y135.329
M5
G0 X97.944 Y135.912
M3
G0 X103.191 Y135.912
M5
G0 X103.191 Y136.495
M3
G0 X97.944 Y136.495
M5
G0 X106.470 Y139.920
M3
G0 X106.470 Y140.503
M5
G0 X110.187 Y143.199
M3
G0 X10.494 Y143.199
M5
G0 X10.494 Y142.908
M3
G0 X11.077 Y142.908
M5
G0 X10.494 Y142.616
M3
G0 X12.243 Y142.616
M5
G0 X12.243 Y142.033
M3
G0 X11.660 Y142.033
M5
G0 X11.660 Y141.450
M3
G0 X44.308 Y141.450
M5
G0 X44.308 Y141.742
M3
G0 X42.559 Y141.742
M5
G0 X42.340 Y141.669
M3
G0 X42.340 Y139.337
M5
G0 X41.976 Y139.410
M3
G0 X39.061 Y139.410
M5
G0 X39.061 Y138.827
M3
G0 X41.976 Y138.827
M5
G0 X41.903 Y139.337
M3
G0 X41.903 Y139.920
M5
G0 X41.466 Y140.503
M3
G0 X41.466 Y138.754
M5
G0 X40.300 Y138.171
M3
G0 X40.300 Y136.422
M5
G0 X40.810 Y135.766
M3
G0 X41.393 Y135.766
M5
G0 X41.976 Y135.183
M3
G0 X40.810 Y135.183
M5
G0 X40.810 Y134.600
M3
G0 X41.976 Y134.600
M5
G0 X41.976 Y134.017
M3
G0 X40.810 Y134.017
M5
G0 X43.798 Y136.422
M3
G0 X43.798 Y137.588
M5
G0 X43.725 Y137.078
M3
G0 X44.891 Y137.078
M5
G0 X44.672 Y138.171
M3
G0 X44.672 Y0.000
M5
G0 X44.891 Y0.510
M3
G0 X44.308 Y0.510
M5
G0 X44.308 Y1.093
M3
G0 X44.891 Y1.093
M5
G0 X44.891 Y1.676
M3
G0 X44.308 Y1.676
M5
G0 X44.308 Y2.259
M3
G0 X44.891 Y2.259
M5
G0 X45.838 Y0.000
M3
G0 X45.838 Y41.976
M5
G0 X44.891 Y42.049
M3
G0 X43.142 Y42.049
M5
G0 X43.142 Y41.466
M3
G0 X44.891 Y41.466
M5
G0 X44.891 Y40.883
M3
G0 X43.142 Y40.883
M5
G0 X42.923 Y40.810
M3
G0 X42.923 Y40.227
M5
G0 X43.142 Y40.300
M3
G0 X44.891 Y40.300
M5
G0 X44.891 Y39.717
M3
G0 X43.142 Y39.717
M5
G0 X43.142 Y39.134
M3
G0 X44.891 Y39.134
M5
G0 X44.308 Y38.988
M3
G0 X43.725 Y38.988
M5
G0 X43.725 Y38.405
M3
G0 X44.308 Y38.405
M5
G0 X44.308 Y37.822
M3
G0 X43.725 Y37.822
M5
G0 X43.142 Y37.968
M3
G0 X44.891 Y37.968
M5
G0 X44.891 Y37.385
M3
G0 X43.142 Y37.385
M5
G0 X43.142 Y38.551
M3
G0 X45.474 Y38.551
M5
G0 X44.308 Y39.571
M3
G0 X43.725 Y39.571
M5
G0 X43.725 Y40.154
M3
G0 X44.308 Y40.154
M5
G0 X44.308 Y40.737
M3
G0 X43.725 Y40.737
M5
G0 X43.725 Y41.320
M3
G0 X44.308 Y41.320
M5
G0 X44.308 Y41.903
M3
G0 X43.725 Y41.903
M5
G0 X42.340 Y40.810
M3
G0 X42.340 Y40.227
M5
G0 X41.393 Y40.883
M3
G0 X38.478 Y40.883
M5
G0 X38.478 Y40.737
M3
G0 X39.061 Y40.737
M5
G0 X39.061 Y40.154
M3
G0 X38.478 Y40.154
M5
G0 X38.478 Y40.300
M3
G0 X40.810 Y40.300
M5
G0 X41.393 Y39.134
M3
G0 X38.478 Y39.134
M5
G0 X38.478 Y38.988
M3
G0 X39.061 Y38.988
M5
G0 X39.061 Y38.405
M3
G0 X38.478 Y38.405
M5
G0 X38.478 Y38.551
M3
G0 X41.393 Y38.551
M5
G0 X40.810 Y37.968
M3
G0 X38.478 Y37.968
M5
G0 X38.478 Y37.822
M3
G0 X39.061 Y37.822
M5
G0 X39.061 Y36.656
M3
G0 X38.478 Y36.656
M5
G0 X36.729 Y36.802
M3
G0 X34.397 Y36.802
M5
G0 X34.397 Y36.219
M3
G0 X36.729 Y36.219
M5
G0 X35.563 Y36.656
M3
G0 X34.980 Y36.656
M5
G0 X34.980 Y37.239
M3
G0 X35.563 Y37.239
M5
G0 X34.980 Y37.385
M3
G0 X36.146 Y37.385
M5
G0 X36.729 Y37.968
M3
G0 X34.980 Y37.968
M5
G0 X34.980 Y38.551
M3
G0 X36.729 Y38.551
M5
G0 X36.729 Y39.134
M3
G0 X34.980 Y39.134
M5
G0 X34.980 Y39.717
M3
G0 X36.729 Y39.717
M5
G0 X37.676 Y39.644
M3
G0 X37.676 Y38.478
M5
G0 X37.676 Y40.227
M3
G0 X37.676 Y244.860
M5
G0 X37.895 Y244.787
M3
G0 X38.478 Y244.787
M5
G0 X38.405 Y244.860
M3
G0 X38.405 Y242.528
M5
G0 X38.478 Y243.038
M3
G0 X37.895 Y243.038
M5
G0 X37.895 Y242.455
M3
G0 X39.061 Y242.455
M5
G0 X39.061 Y241.872
M3
G0 X37.895 Y241.872
M5
G0 X37.895 Y241.289
M3
G0 X39.061 Y241.289
M5
G0 X39.061 Y240.706
M3
G0 X37.895 Y240.706
M5
G0 X37.895 Y240.123
M3
G0 X39.061 Y240.123
M5
G0 X39.061 Y239.540
M3
G0 X38.478 Y239.540
M5
G0 X38.478 Y238.957
M3
G0 X39.061 Y238.957
M5
G0 X39.061 Y238.374
M3
G0 X38.478 Y238.374
M5
G0 X38.478 Y237.791
M3
G0 X39.061 Y237.791
M5
G0 X39.061 Y237.208
M3
G0 X38.478 Y237.208
M5
G0 X38.478 Y236.625
M3
G0 X39.061 Y236.625
M5
G0 X39.061 Y236.042
M3
G0 X38.478 Y236.042
M5
G0 X38.478 Y235.459
M3
G0 X39.061 Y235.459
M5
G0 X38.988 Y234.949
M3
G0 X38.988 Y228.536
M5
G0 X38.478 Y228.463
M3
G0 X39.644 Y228.463
M5
G0 X39.571 Y228.536
M3
G0 X39.571 Y216.293
M5
G0 X38.405 Y218.042
M3
G0 X38.405 Y190.641
M5
G0 X38.405 Y190.058
M3
G0 X38.405 Y185.977
M5
G0 X37.895 Y185.904
M3
G0 X40.810 Y185.904
M5
G0 X40.737 Y185.977
M3
G0 X40.737 Y187.143
M5
G0 X39.571 Y186.560
M3
G0 X39.571 Y189.475
M5
G0 X38.988 Y189.475
M3
G0 X38.988 Y182.479
M5
G0 X38.478 Y182.406
M3
G0 X39.644 Y182.406
M5
G0 X40.300 Y182.479
M3
G0 X40.300 Y227.953
M5
G0 X40.810 Y227.880
M3
G0 X46.057 Y227.880
M5
G0 X46.057 Y228.463
M3
G0 X40.810 Y228.463
M5
G0 X41.393 Y229.046
M3
G0 X46.057 Y229.046
M5
G0 X45.474 Y227.297
M3
G0 X40.810 Y227.297
M5
G0 X41.320 Y227.370
M3
G0 X41.320 Y222.706
M5
G0 X40.154 Y223.872
M3
G0 X40.154 Y219.791
M5
G0 X40.737 Y220.957
M3
G0 X40.737 Y225.038
M5
G0 X40.227 Y226.131
M3
G0 X45.474 Y226.131
M5
G0 X45.474 Y225.548
M3
G0 X38.478 Y225.548
M5
G0 X38.478 Y224.965
M3
G0 X44.891 Y224.965
M5
G0 X44.891 Y224.382
M3
G0 X38.478 Y224.382
M5
G0 X38.478 Y223.799
M3
G0 X44.308 Y223.799
M5
G0 X45.474 Y226.714
M3
G0 X40.810 Y226.714
M5
G0 X39.644 Y226.714
M3
G0 X38.478 Y226.714
M5
G0 X38.478 Y226.131
M3
G0 X39.644 Y226.131
M5
G0 X39.644 Y227.297
M3
G0 X38.478 Y227.297
M5
G0 X37.895 Y227.297
M3
G0 X35.563 Y227.297
M5
G0 X35.053 Y227.370
M3
G0 X35.053 Y162.074
M5
G0 X34.470 Y162.657
M3
G0 X34.470 Y226.787
M5
G0 X33.887 Y226.787
M3
G0 X33.887 Y202.884
M5
G0 X33.814 Y203.394
M3
G0 X33.231 Y203.394
M5
G0 X33.231 Y202.811
M3
G0 X32.648 Y202.811
M5
G0 X33.231 Y203.977
M3
G0 X33.814 Y203.977
M5
G0 X33.814 Y205.143
M3
G0 X34.397 Y205.143
M5
G0 X33.814 Y201.062
M3
G0 X47.223 Y201.062
M5
G0 X48.389 Y201.062
M3
G0 X48.972 Y201.062
M5
G0 X49.555 Y200.042
M3
G0 X56.551 Y200.042
M5
G0 X56.551 Y199.896
M3
G0 X55.968 Y199.896
M5
G0 X54.802 Y201.791
M3
G0 X53.636 Y201.791
M5
G0 X53.636 Y202.374
M3
G0 X30.316 Y202.374
M5
G0 X29.733 Y202.957
M3
G0 X23.320 Y202.957
M5
G0 X23.320 Y203.540
M3
G0 X29.733 Y203.540
M5
G0 X29.733 Y204.123
M3
G0 X27.401 Y204.123
M5
G0 X27.401 Y204.706
M3
G0 X29.733 Y204.706
M5
G0 X29.150 Y204.560
M3
G0 X27.984 Y204.560
M5
G0 X28.494 Y204.633
M3
G0 X28.494 Y205.216
M5
G0 X27.984 Y205.143
M3
G0 X29.150 Y205.143
M5
G0 X29.150 Y205.726
M3
G0 X27.984 Y205.726
M5
G0 X27.474 Y205.799
M3
G0 X27.474 Y208.131
M5
G0 X27.984 Y208.058
M3
G0 X29.733 Y208.058
M5
G0 X29.733 Y207.475
M3
G0 X27.984 Y207.475
M5
G0 X26.891 Y208.714
M3
G0 X26.891 Y205.799
M5
G0 X26.308 Y205.216
M3
G0 X26.308 Y208.131
M5
G0 X25.069 Y207.038
M3
G0 X22.737 Y207.038
M5
G0 X22.737 Y207.621
M3
G0 X24.486 Y207.621
M5
G0 X24.486 Y208.204
M3
G0 X22.737 Y208.204
M5
G0 X23.320 Y208.641
M3
G0 X23.903 Y208.641
M5
G0 X23.903 Y209.807
M3
G0 X23.320 Y209.807
M5
G0 X22.154 Y209.953
M3
G0 X21.571 Y209.953
M5
G0 X21.644 Y211.046
M3
G0 X21.644 Y218.042
M5
G0 X22.154 Y217.969
M3
G0 X23.320 Y217.969
M5
G0 X23.320 Y218.115
M3
G0 X13.992 Y218.115
M5
G0 X13.992 Y217.532
M3
G0 X23.320 Y217.532
M5
G0 X23.320 Y217.386
M3
G0 X22.154 Y217.386
M5
G0 X22.154 Y216.803
M3
G0 X23.320 Y216.803
M5
G0 X23.320 Y216.949
M3
G0 X13.992 Y216.949
M5
G0 X13.992 Y216.366
M3
G0 X23.320 Y216.366
M5
G0 X23.320 Y215.783
M3
G0 X13.992 Y215.783
M5
G0 X13.992 Y215.200
M3
G0 X23.320 Y215.200
M5
G0 X23.320 Y214.617
M3
G0 X13.992 Y214.617
M5
G0 X13.992 Y214.034
M3
G0 X23.320 Y214.034
M5
G0 X23.320 Y213.888
M3
G0 X22.154 Y213.888
M5
G0 X22.154 Y213.305
M3
G0 X23.320 Y213.305
M5
G0 X23.320 Y212.722
M3
G0 X21.571 Y212.722
M5
G0 X22.154 Y212.139
M3
G0 X23.320 Y212.139
M5
G0 X24.486 Y213.451
M3
G0 X59.466 Y213.451
M5
G0 X59.539 Y213.378
M3
G0 X59.539 Y211.629
M5
G0 X59.466 Y212.139
M3
G0 X60.049 Y212.139
M5
G0 X60.122 Y212.212
M3
G0 X60.122 Y212.795
M5
G0 X60.049 Y212.722
M3
G0 X59.466 Y212.722
M5
G0 X59.466 Y212.868
M3
G0 X91.531 Y212.868
M5
G0 X90.948 Y212.285
M3
G0 X59.466 Y212.285
M5
G0 X58.956 Y212.212
M3
G0 X58.956 Y208.714
M5
G0 X59.539 Y208.714
M3
G0 X59.539 Y206.965
M5
G0 X60.049 Y207.038
M3
G0 X58.300 Y207.038
M5
G0 X58.300 Y207.475
M3
G0 X58.883 Y207.475
M5
G0 X58.300 Y207.621
M3
G0 X89.199 Y207.621
M5
G0 X90.365 Y209.370
M3
G0 X60.049 Y209.370
M5
G0 X60.049 Y209.224
M3
G0 X60.632 Y209.224
M5
G0 X60.632 Y208.641
M3
G0 X60.049 Y208.641
M5
G0 X60.049 Y209.953
M3
G0 X90.948 Y209.953
M5
G0 X90.948 Y210.536
M3
G0 X60.632 Y210.536
M5
G0 X60.632 Y211.119
M3
G0 X90.948 Y211.119
M5
G0 X90.948 Y211.702
M3
G0 X60.632 Y211.702
M5
G0 X56.551 Y210.390
M3
G0 X55.968 Y210.390
M5
G0 X54.292 Y212.212
M3
G0 X54.292 Y213.378
M5
G0 X54.292 Y215.710
M3
G0 X54.292 Y216.293
M5
G0 X54.292 Y216.876
M3
G0 X54.292 Y244.860
M5
G0 X53.709 Y244.860
M3
G0 X53.709 Y218.042
M5
G0 X53.636 Y217.969
M3
G0 X37.895 Y217.969
M5
G0 X37.895 Y218.552
M3
G0 X51.887 Y218.552
M5
G0 X52.470 Y218.552
M3
G0 X54.219 Y218.552
M5
G0 X54.875 Y218.625
M3
G0 X54.875 Y244.860
M5
G0 X56.624 Y244.860
M3
G0 X56.624 Y220.957
M5
G0 X56.624 Y220.374
M3
G0 X56.624 Y219.208
M5
G0 X56.624 Y218.625
M3
G0 X56.624 Y217.459
M5
G0 X57.207 Y217.459
M3
G0 X57.207 Y218.625
M5
G0 X57.790 Y218.625
M3
G0 X57.790 Y218.042
M5
G0 X58.227 Y218.042
M3
G0 X58.227 Y218.625
M5
G0 X58.373 Y218.625
M3
G0 X58.373 Y218.042
M5
G0 X58.810 Y218.042
M3
G0 X58.810 Y218.625
M5
G0 X58.956 Y218.625
M3
G0 X58.956 Y218.042
M5
G0 X59.539 Y218.042
M3
G0 X59.539 Y218.625
M5
G0 X59.539 Y219.208
M3
G0 X59.539 Y220.374
M5
G0 X60.049 Y220.447
M3
G0 X58.300 Y220.447
M5
G0 X58.373 Y220.374
M3
G0 X58.373 Y219.791
M5
G0 X57.790 Y219.791
M3
G0 X57.790 Y220.374
M5
G0 X57.790 Y220.957
M3
G0 X57.790 Y222.123
M5
G0 X58.300 Y222.050
M3
G0 X61.215 Y222.050
M5
G0 X60.705 Y222.123
M3
G0 X60.705 Y220.957
M5
G0 X60.122 Y220.957
M3
G0 X60.122 Y222.123
M5
G0 X60.122 Y222.706
M3
G0 X60.122 Y223.872
M5
G0 X60.049 Y223.799
M3
G0 X61.215 Y223.799
M5
G0 X61.288 Y223.872
M3
G0 X61.288 Y222.706
M5
G0 X61.215 Y223.216
M3
G0 X73.458 Y223.216
M5
G0 X73.458 Y222.633
M3
G0 X63.547 Y222.633
M5
G0 X63.547 Y222.050
M3
G0 X73.458 Y222.050
M5
G0 X73.458 Y221.467
M3
G0 X64.130 Y221.467
M5
G0 X63.547 Y221.467
M3
G0 X61.215 Y221.467
M5
G0 X60.705 Y222.706
M3
G0 X60.705 Y223.872
M5
G0 X60.705 Y224.455
M3
G0 X60.705 Y244.860
M5
G0 X60.122 Y244.860
M3
G0 X60.122 Y224.455
M5
G0 X60.559 Y224.455
M3
G0 X60.559 Y225.038
M5
G0 X61.142 Y225.038
M3
G0 X61.142 Y225.621
M5
G0 X61.798 Y225.548
M3
G0 X58.883 Y225.548
M5
G0 X58.300 Y224.965
M3
G0 X61.215 Y224.965
M5
G0 X61.288 Y224.455
M3
G0 X61.288 Y244.860
M5
G0 X61.871 Y244.860
M3
G0 X61.871 Y224.455
M5
G0 X62.454 Y223.872
M3
G0 X62.454 Y244.860
M5
G0 X63.037 Y244.860
M3
G0 X63.037 Y225.038
M5
G0 X63.037 Y224.455
M3
G0 X63.037 Y223.872
M5
G0 X63.620 Y223.872
M3
G0 X63.620 Y244.860
M5
G0 X64.130 Y244.787
M3
G0 X57.134 Y244.787
M5
G0 X57.207 Y244.860
M3
G0 X57.207 Y220.957
M5
G0 X58.373 Y220.957
M3
G0 X58.373 Y222.123
M5
G0 X58.373 Y222.706
M3
G0 X58.373 Y244.860
M5
G0 X57.790 Y244.860
M3
G0 X57.790 Y222.706
M5
G0 X57.134 Y222.633
M3
G0 X55.968 Y222.633
M5
G0 X55.968 Y223.216
M3
G0 X58.883 Y223.216
M5
G0 X58.956 Y222.706
M3
G0 X58.956 Y244.860
M5
G0 X59.539 Y244.860
M3
G0 X59.539 Y222.706
M5
G0 X59.466 Y222.196
M3
G0 X13.409 Y222.196
M5
G0 X13.992 Y221.613
M3
G0 X87.450 Y221.613
M5
G0 X86.284 Y228.026
M3
G0 X22.737 Y228.026
M5
G0 X22.810 Y228.536
M3
G0 X22.810 Y225.038
M5
G0 X22.154 Y224.528
M3
G0 X13.409 Y224.528
M5
G0 X12.607 Y225.038
M3
G0 X12.607 Y223.872
M5
G0 X12.024 Y224.455
M3
G0 X12.024 Y225.038
M5
G0 X12.899 Y225.621
M3
G0 X12.899 Y227.370
M5
G0 X13.409 Y228.026
M3
G0 X22.154 Y228.026
M5
G0 X22.227 Y228.536
M3
G0 X22.227 Y231.451
M5
G0 X21.571 Y231.378
M3
G0 X20.405 Y231.378
M5
G0 X20.405 Y231.961
M3
G0 X21.571 Y231.961
M5
G0 X21.644 Y232.034
M3
G0 X21.644 Y227.953
M5
G0 X21.061 Y227.953
M3
G0 X21.061 Y237.281
M5
G0 X21.571 Y237.208
M3
G0 X22.154 Y237.208
M5
G0 X22.154 Y236.625
M3
G0 X21.571 Y236.625
M5
G0 X21.571 Y236.042
M3
G0 X22.154 Y236.042
M5
G0 X22.227 Y236.115
M3
G0 X22.227 Y233.200
M5
G0 X21.644 Y233.200
M3
G0 X21.644 Y232.617
M5
G0 X22.810 Y233.783
M3
G0 X22.810 Y230.868
M5
G0 X22.154 Y230.795
M3
G0 X20.988 Y230.795
M5
G0 X20.988 Y230.212
M3
G0 X22.154 Y230.212
M5
G0 X22.154 Y229.629
M3
G0 X21.571 Y229.629
M5
G0 X20.478 Y229.702
M3
G0 X20.478 Y237.864
M5
G0 X19.822 Y237.208
M3
G0 X18.656 Y237.208
M5
G0 X18.073 Y237.208
M3
G0 X15.158 Y237.208
M5
G0 X15.158 Y236.625
M3
G0 X20.988 Y236.625
M5
G0 X20.988 Y236.042
M3
G0 X18.073 Y236.042
M5
G0 X18.073 Y235.459
M3
G0 X20.988 Y235.459
M5
G0 X21.644 Y234.366
M3
G0 X21.644 Y240.196
M5
G0 X20.478 Y240.779
M3
G0 X20.478 Y239.030
M5
G0 X19.312 Y239.613
M3
G0 X19.312 Y233.200
M5
G0 X18.729 Y233.200
M3
G0 X18.729 Y239.030
M5
G0 X18.729 Y239.613
M3
G0 X18.729 Y241.945
M5
G0 X19.312 Y241.945
M3
G0 X19.312 Y240.196
M5
G0 X19.895 Y241.362
M3
G0 X19.895 Y233.200
M5
G0 X19.895 Y232.617
M3
G0 X19.895 Y230.285
M5
G0 X19.312 Y230.285
M3
G0 X19.312 Y232.617
M5
G0 X18.729 Y232.617
M3
G0 X18.729 Y231.451
M5
G0 X18.146 Y230.868
M3
G0 X18.146 Y233.200
M5
G0 X18.146 Y234.366
M3
G0 X18.146 Y242.528
M5
G0 X17.563 Y241.945
M3
G0 X17.563 Y234.366
M5
G0 X16.980 Y234.949
M3
G0 X16.980 Y243.111
M5
G0 X16.980 Y244.277
M3
G0 X16.980 Y244.860
M5
G0 X16.397 Y244.860
M3
G0 X16.397 Y234.949
M5
G0 X16.907 Y236.042
M3
G0 X15.158 Y236.042
M5
G0 X14.648 Y236.698
M3
G0 X14.648 Y234.949
M5
G0 X14.065 Y234.949
M3
G0 X14.065 Y236.115
M5
G0 X13.409 Y236.188
M3
G0 X22.737 Y236.188
M5
G0 X23.320 Y236.188
M3
G0 X23.903 Y236.188
M5
G0 X23.903 Y235.605
M3
G0 X13.409 Y235.605
M5
G0 X13.409 Y235.022
M3
G0 X23.903 Y235.022
M5
G0 X24.486 Y234.439
M3
G0 X13.409 Y234.439
M5
G0 X13.409 Y233.856
M3
G0 X24.486 Y233.856
M5
G0 X24.486 Y233.273
M3
G0 X13.409 Y233.273
M5
G0 X15.741 Y232.544
M3
G0 X16.907 Y232.544
M5
G0 X16.834 Y232.617
M3
G0 X16.834 Y233.200
M5
G0 X16.907 Y231.961
M3
G0 X15.741 Y231.961
M5
G0 X15.741 Y231.378
M3
G0 X16.907 Y231.378
M5
G0 X16.907 Y227.880
M3
G0 X15.741 Y227.880
M5
G0 X15.741 Y227.297
M3
G0 X16.907 Y227.297
M5
G0 X16.834 Y227.370
M3
G0 X16.834 Y226.204
M5
G0 X16.907 Y226.714
M3
G0 X15.741 Y226.714
M5
G0 X15.158 Y226.131
M3
G0 X14.575 Y226.131
M5
G0 X14.065 Y226.204
M3
G0 X14.065 Y207.548
M5
G0 X15.158 Y208.204
M3
G0 X21.571 Y208.204
M5
G0 X21.571 Y208.787
M3
G0 X17.490 Y208.787
M5
G0 X16.907 Y208.787
M3
G0 X15.158 Y208.787
M5
G0 X16.397 Y208.131
M3
G0 X16.397 Y206.965
M5
G0 X16.980 Y206.965
M3
G0 X16.980 Y208.131
M5
G0 X18.729 Y206.965
M3
G0 X18.729 Y206.382
M5
G0 X18.656 Y205.872
M3
G0 X19.239 Y205.872
M5
G0 X18.729 Y205.799
M3
G0 X18.729 Y200.552
M5
G0 X18.729 Y199.969
M3
G0 X18.729 Y199.386
M5
G0 X18.656 Y198.876
M3
G0 X59.466 Y198.876
M5
G0 X59.539 Y198.803
M3
G0 X59.539 Y186.560
M5
G0 X60.122 Y184.228
M3
G0 X60.122 Y198.220
M5
G0 X60.049 Y198.147
M3
G0 X59.466 Y198.147
M5
G0 X59.466 Y198.730
M3
G0 X58.883 Y198.730
M5
G0 X58.883 Y199.313
M3
G0 X59.466 Y199.313
M5
G0 X58.883 Y199.459
M3
G0 X60.049 Y199.459
M5
G0 X60.049 Y200.042
M3
G0 X58.883 Y200.042
M5
G0 X58.883 Y200.625
M3
G0 X60.632 Y200.625
M5
G0 X60.632 Y201.208
M3
G0 X60.049 Y201.208
M5
G0 X60.049 Y201.791
M3
G0 X60.632 Y201.791
M5
G0 X60.632 Y202.082
M3
G0 X11.660 Y202.082
M5
G0 X11.660 Y201.791
M3
G0 X12.826 Y201.791
M5
G0 X12.826 Y201.208
M3
G0 X11.660 Y201.208
M5
G0 X12.243 Y202.374
M3
G0 X12.826 Y202.374
M5
G0 X12.607 Y203.467
M3
G0 X12.607 Y199.386
M5
G0 X13.409 Y198.876
M3
G0 X18.073 Y198.876
M5
G0 X19.312 Y199.386
M3
G0 X19.312 Y199.969
M5
G0 X19.895 Y199.969
M3
G0 X19.895 Y199.386
M5
G0 X20.478 Y199.386
M3
G0 X20.478 Y198.803
M5
G0 X20.405 Y200.042
M3
G0 X13.992 Y200.042
M5
G0 X14.065 Y200.552
M3
G0 X14.065 Y201.135
M5
G0 X14.648 Y201.718
M3
G0 X14.648 Y196.471
M5
G0 X14.065 Y195.888
M3
G0 X14.065 Y199.386
M5
G0 X14.575 Y198.730
M3
G0 X13.409 Y198.730
M5
G0 X13.409 Y198.293
M3
G0 X60.049 Y198.293
M5
G0 X60.632 Y198.876
M3
G0 X61.798 Y198.876
M5
G0 X61.798 Y199.313
M3
G0 X61.215 Y199.313
M5
G0 X61.215 Y199.459
M3
G0 X86.284 Y199.459
M5
G0 X86.284 Y200.042
M3
G0 X61.215 Y200.042
M5
G0 X61.288 Y200.552
M3
G0 X61.288 Y198.803
M5
G0 X60.705 Y199.386
M3
G0 X60.705 Y183.062
M5
G0 X61.288 Y182.479
M3
G0 X61.288 Y197.054
M5
G0 X61.215 Y197.564
M3
G0 X60.632 Y197.564
M5
G0 X61.215 Y197.710
M3
G0 X13.409 Y197.710
M5
G0 X13.992 Y198.147
M3
G0 X14.575 Y198.147
M5
G0 X12.826 Y196.544
M3
G0 X84.535 Y196.544
M5
G0 X85.118 Y197.127
M3
G0 X62.381 Y197.127
M5
G0 X62.381 Y196.981
M3
G0 X62.964 Y196.981
M5
G0 X62.964 Y197.564
M3
G0 X62.381 Y197.564
M5
G0 X62.964 Y197.710
M3
G0 X85.118 Y197.710
M5
G0 X86.867 Y200.625
M3
G0 X61.798 Y200.625
M5
G0 X61.798 Y200.479
M3
G0 X62.964 Y200.479
M5
G0 X62.381 Y201.062
M3
G0 X61.798 Y201.062
M5
G0 X61.798 Y201.208
M3
G0 X86.284 Y201.208
M5
G0 X86.284 Y201.791
M3
G0 X61.798 Y201.791
M5
G0 X61.798 Y201.645
M3
G0 X62.381 Y201.645
M5
G0 X62.308 Y201.135
M3
G0 X62.308 Y199.969
M5
G0 X61.798 Y198.001
M3
G0 X0.000 Y198.001
M5
G0 X0.000 Y197.127
M3
G0 X1.749 Y197.127
M5
G0 X1.749 Y196.544
M3
G0 X0.000 Y196.544
M5
G0 X0.000 Y195.961
M3
G0 X1.749 Y195.961
M5
G0 X1.749 Y195.378
M3
G0 X0.000 Y195.378
M5
G0 X0.583 Y194.795
M3
G0 X1.749 Y194.795
M5
G0 X1.239 Y194.722
M3
G0 X1.239 Y191.807
M5
G0 X1.166 Y191.297
M3
G0 X2.915 Y191.297
M5
G0 X2.405 Y191.224
M3
G0 X2.405 Y189.475
M5
G0 X2.915 Y190.131
M3
G0 X1.749 Y190.131
M5
G0 X1.749 Y190.714
M3
G0 X2.915 Y190.714
M5
G0 X4.664 Y190.714
M3
G0 X12.243 Y190.714
M5
G0 X12.826 Y190.714
M3
G0 X18.656 Y190.714
M5
G0 X19.239 Y191.297
M3
G0 X12.826 Y191.297
M5
G0 X12.826 Y191.880
M3
G0 X19.822 Y191.880
M5
G0 X19.312 Y192.390
M3
G0 X19.312 Y192.973
M5
G0 X20.405 Y192.463
M3
G0 X12.826 Y192.463
M5
G0 X7.579 Y193.046
M3
G0 X3.498 Y193.046
M5
G0 X2.915 Y193.629
M3
G0 X0.583 Y193.629
M5
G0 X0.364 Y193.556
M3
G0 X0.364 Y241.362
M5
G0 X0.000 Y240.852
M3
G0 X1.749 Y240.852
M5
G0 X1.749 Y240.269
M3
G0 X0.000 Y240.269
M5
G0 X0.000 Y238.520
M3
G0 X1.749 Y238.520
M5
G0 X1.749 Y237.937
M3
G0 X0.000 Y237.937
M5
G0 X0.000 Y237.354
M3
G0 X1.749 Y237.354
M5
G0 X1.749 Y236.771
M3
G0 X0.000 Y236.771
M5
G0 X0.000 Y236.917
M3
G0 X137.588 Y236.917
M5
G0 X137.588 Y237.062
M3
G0 X6.413 Y237.062
M5
G0 X6.413 Y236.479
M3
G0 X137.588 Y236.479
M5
G0 X137.588 Y236.334
M3
G0 X0.000 Y236.334
M5
G0 X0.000 Y236.479
M3
G0 X2.915 Y236.479
M5
G0 X2.915 Y237.062
M3
G0 X0.000 Y237.062
M5
G0 X0.000 Y236.188
M3
G0 X1.749 Y236.188
M5
G0 X2.332 Y235.605
M3
G0 X0.000 Y235.605
M5
G0 X0.000 Y235.022
M3
G0 X1.749 Y235.022
M5
G0 X1.749 Y234.439
M3
G0 X0.000 Y234.439
M5
G0 X0.000 Y234.147
M3
G0 X3.498 Y234.147
M5
G0 X3.498 Y233.564
M3
G0 X0.000 Y233.564
M5
G0 X0.000 Y233.419
M3
G0 X137.588 Y233.419
M5
G0 X137.588 Y233.564
M3
G0 X6.996 Y233.564
M5
G0 X6.996 Y233.273
M3
G0 X8.162 Y233.273
M5
G0 X8.162 Y232.690
M3
G0 X7.579 Y232.690
M5
G0 X7.579 Y232.107
M3
G0 X8.162 Y232.107
M5
G0 X8.162 Y231.524
M3
G0 X7.579 Y231.524
M5
G0 X7.579 Y230.941
M3
G0 X8.162 Y230.941
M5
G0 X8.526 Y231.451
M3
G0 X8.526 Y218.042
M5
G0 X9.692 Y218.625
M3
G0 X9.692 Y219.208
M5
G0 X10.275 Y219.208
M3
G0 X10.275 Y221.540
M5
G0 X10.858 Y220.374
M3
G0 X10.858 Y215.710
M5
G0 X12.243 Y215.200
M3
G0 X12.826 Y215.200
M5
G0 X12.826 Y214.617
M3
G0 X12.243 Y214.617
M5
G0 X11.441 Y212.795
M3
G0 X11.441 Y218.042
M5
G0 X13.992 Y218.698
M3
G0 X23.320 Y218.698
M5
G0 X23.320 Y218.552
M3
G0 X22.154 Y218.552
M5
G0 X22.154 Y219.135
M3
G0 X23.320 Y219.135
M5
G0 X23.903 Y219.281
M3
G0 X13.992 Y219.281
M5
G0 X13.992 Y219.864
M3
G0 X23.903 Y219.864
M5
G0 X23.903 Y220.447
M3
G0 X13.409 Y220.447
M5
G0 X13.992 Y221.030
M3
G0 X23.903 Y221.030
M5
G0 X23.903 Y221.467
M3
G0 X22.737 Y221.467
M5
G0 X22.737 Y220.884
M3
G0 X23.320 Y220.884
M5
G0 X23.320 Y220.301
M3
G0 X22.737 Y220.301
M5
G0 X22.737 Y222.050
M3
G0 X23.903 Y222.050
M5
G0 X23.903 Y222.633
M3
G0 X23.320 Y222.633
M5
G0 X23.320 Y223.216
M3
G0 X23.903 Y223.216
M5
G0 X23.903 Y223.799
M3
G0 X23.320 Y223.799
M5
G0 X23.976 Y223.872
M3
G0 X23.976 Y229.119
M5
G0 X25.652 Y229.192
M3
G0 X13.409 Y229.192
M5
G0 X13.409 Y228.609
M3
G0 X25.652 Y228.609
M5
G0 X26.235 Y228.609
M3
G0 X85.701 Y228.609
M5
G0 X85.701 Y229.192
M3
G0 X26.235 Y229.192
M5
G0 X25.652 Y229.775
M3
G0 X13.409 Y229.775
M5
G0 X12.826 Y229.192
M3
G0 X12.243 Y229.192
M5
G0 X11.660 Y229.192
M3
G0 X10.494 Y229.192
M5
G0 X9.692 Y229.702
M3
G0 X9.692 Y226.204
M5
G0 X9.984 Y226.204
M3
G0 X9.984 Y227.953
M5
G0 X9.328 Y229.046
M3
G0 X6.996 Y229.046
M5
G0 X7.069 Y228.536
M3
G0 X7.069 Y229.702
M5
G0 X7.360 Y230.285
M3
G0 X7.360 Y227.953
M5
G0 X6.413 Y227.443
M3
G0 X5.247 Y227.443
M5
G0 X4.737 Y226.787
M3
G0 X4.737 Y225.621
M5
G0 X4.664 Y226.277
M3
G0 X5.830 Y226.277
M5
G0 X6.194 Y226.204
M3
G0 X6.194 Y213.961
M5
G0 X5.830 Y214.034
M3
G0 X0.583 Y214.034
M5
G0 X0.583 Y213.451
M3
G0 X5.830 Y213.451
M5
G0 X5.320 Y213.961
M3
G0 X5.320 Y215.127
M5
G0 X5.903 Y215.127
M3
G0 X5.903 Y216.293
M5
G0 X6.996 Y215.783
M3
G0 X0.583 Y215.783
M5
G0 X0.583 Y215.200
M3
G0 X7.579 Y215.200
M5
G0 X7.579 Y214.617
M3
G0 X4.081 Y214.617
M5
G0 X3.498 Y214.617
M3
G0 X0.583 Y214.617
M5
G0 X0.583 Y216.366
M3
G0 X7.579 Y216.366
M5
G0 X6.486 Y215.127
M3
G0 X6.486 Y219.208
M5
G0 X7.579 Y219.864
M3
G0 X5.247 Y219.864
M5
G0 X5.247 Y220.447
M3
G0 X7.579 Y220.447
M5
G0 X6.996 Y221.030
M3
G0 X5.247 Y221.030
M5
G0 X4.081 Y221.030
M3
G0 X2.915 Y221.030
M5
G0 X2.915 Y221.613
M3
G0 X4.081 Y221.613
M5
G0 X5.247 Y223.362
M3
G0 X6.413 Y223.362
M5
G0 X6.413 Y223.945
M3
G0 X5.247 Y223.945
M5
G0 X5.028 Y224.455
M3
G0 X5.028 Y235.532
M5
G0 X5.247 Y235.313
M3
G0 X3.498 Y235.313
M5
G0 X4.081 Y236.188
M3
G0 X4.664 Y236.188
M5
G0 X5.466 Y235.532
M3
G0 X5.466 Y104.357
M5
G0 X4.664 Y104.430
M3
G0 X0.000 Y104.430
M5
G0 X0.000 Y105.013
M3
G0 X4.664 Y105.013
M5
G0 X4.737 Y106.106
M3
G0 X4.737 Y110.770
M5
G0 X4.664 Y111.426
M3
G0 X5.830 Y111.426
M5
G0 X5.830 Y110.843
M3
G0 X0.000 Y110.843
M5
G0 X0.000 Y110.551
M3
G0 X6.413 Y110.551
M5
G0 X6.413 Y109.968
M3
G0 X0.000 Y109.968
M5
G0 X0.000 Y109.823
M3
G0 X137.588 Y109.823
M5
G0 X137.588 Y109.968
M3
G0 X120.098 Y109.968
M5
G0 X120.098 Y110.551
M3
G0 X137.588 Y110.551
M5
G0 X137.588 Y110.406
M3
G0 X0.000 Y110.406
M5
G0 X0.000 Y110.260
M3
G0 X5.830 Y110.260
M5
G0 X5.830 Y109.677
M3
G0 X0.000 Y109.677
M5
G0 X0.000 Y109.094
M3
G0 X5.830 Y109.094
M5
G0 X6.996 Y107.636
M3
G0 X7.579 Y107.636
M5
G0 X7.579 Y107.053
M3
G0 X6.996 Y107.053
M5
G0 X6.996 Y106.470
M3
G0 X7.579 Y106.470
M5
G0 X4.154 Y106.689
M3
G0 X4.154 Y110.187
M5
G0 X4.081 Y111.426
M3
G0 X0.000 Y111.426
M5
G0 X1.822 Y111.936
M3
G0 X1.822 Y103.191
M5
G0 X2.405 Y102.608
M3
G0 X2.405 Y116.600
M5
G0 X1.822 Y116.600
M3
G0 X1.822 Y138.171
M5
G0 X0.000 Y138.244
M3
G0 X5.830 Y138.244
M5
G0 X5.830 Y138.827
M3
G0 X0.000 Y138.827
M5
G0 X0.000 Y137.661
M3
G0 X5.247 Y137.661
M5
G0 X5.247 Y137.078
M3
G0 X0.000 Y137.078
M5
G0 X0.000 Y136.495
M3
G0 X5.247 Y136.495
M5
G0 X5.247 Y135.912
M3
G0 X0.000 Y135.912
M5
G0 X0.000 Y135.329
M3
G0 X4.664 Y135.329
M5
G0 X4.664 Y134.746
M3
G0 X0.000 Y134.746
M5
G0 X0.000 Y134.163
M3
G0 X4.664 Y134.163
M5
G0 X4.154 Y134.673
M3
G0 X4.154 Y139.920
M5
G0 X4.154 Y140.503
M3
G0 X4.154 Y142.252
M5
G0 X4.081 Y142.908
M3
G0 X0.000 Y142.908
M5
G0 X0.000 Y142.616
M3
G0 X9.328 Y142.616
M5
G0 X9.328 Y142.908
M3
G0 X7.579 Y142.908
M5
G0 X7.579 Y142.325
M3
G0 X8.745 Y142.325
M5
G0 X8.745 Y142.179
M3
G0 X7.579 Y142.179
M5
G0 X7.579 Y141.596
M3
G0 X8.162 Y141.596
M5
G0 X8.745 Y141.159
M3
G0 X6.996 Y141.159
M5
G0 X6.413 Y141.742
M3
G0 X5.247 Y141.742
M5
G0 X5.247 Y143.199
M3
G0 X9.328 Y143.199
M5
G0 X9.547 Y142.835
M3
G0 X9.547 Y244.860
M5
G0 X11.441 Y244.860
M3
G0 X11.441 Y226.787
M5
G0 X10.494 Y225.402
M3
G0 X137.588 Y225.402
M5
G0 X137.588 Y225.840
M3
G0 X0.000 Y225.840
M5
G0 X0.000 Y225.985
M3
G0 X9.328 Y225.985
M5
G0 X9.911 Y225.985
M3
G0 X137.588 Y225.985
M5
G0 X137.588 Y226.423
M3
G0 X0.000 Y226.423
M5
G0 X0.000 Y226.568
M3
G0 X137.588 Y226.568
M5
G0 X137.588 Y227.589
M3
G0 X0.000 Y227.589
M5
G0 X0.000 Y227.734
M3
G0 X137.588 Y227.734
M5
G0 X137.588 Y228.172
M3
G0 X0.000 Y228.172
M5
G0 X0.000 Y228.317
M3
G0 X137.588 Y228.317
M5
G0 X137.588 Y228.755
M3
G0 X0.000 Y228.755
M5
G0 X0.000 Y228.900
M3
G0 X137.588 Y228.900
M5
G0 X137.588 Y229.338
M3
G0 X0.000 Y229.338
M5
G0 X0.000 Y229.483
M3
G0 X137.588 Y229.483
M5
G0 X137.588 Y229.921
M3
G0 X0.000 Y229.921
M5
G0 X0.000 Y230.066
M3
G0 X137.588 Y230.066
M5
G0 X137.588 Y230.504
M3
G0 X0.000 Y230.504
M5
G0 X0.000 Y230.649
M3
G0 X137.588 Y230.649
M5
G0 X137.588 Y232.253
M3
G0 X0.000 Y232.253
M5
G0 X0.000 Y232.398
M3
G0 X2.915 Y232.398
M5
G0 X2.915 Y232.981
M3
G0 X0.000 Y232.981
M5
G0 X0.000 Y232.836
M3
G0 X137.588 Y232.836
M5
G0 X137.588 Y232.981
M3
G0 X9.328 Y232.981
M5
G0 X9.328 Y232.690
M3
G0 X9.911 Y232.690
M5
G0 X9.911 Y232.107
M3
G0 X10.494 Y232.107
M5
G0 X9.328 Y232.398
M3
G0 X137.588 Y232.398
M5
G0 X137.588 Y234.002
M3
G0 X0.000 Y234.002
M5
G0 X0.000 Y233.856
M3
G0 X0.583 Y233.856
M5
G0 X0.583 Y233.273
M3
G0 X0.000 Y233.273
M5
G0 X0.000 Y232.690
M3
G0 X0.583 Y232.690
M5
G0 X0.583 Y232.107
M3
G0 X0.000 Y232.107
M5
G0 X0.000 Y231.524
M3
G0 X1.749 Y231.524
M5
G0 X1.749 Y230.941
M3
G0 X0.000 Y230.941
M5
G0 X0.000 Y230.358
M3
G0 X1.749 Y230.358
M5
G0 X1.239 Y230.285
M3
G0 X1.239 Y227.370
M5
G0 X1.749 Y227.443
M3
G0 X0.000 Y227.443
M5
G0 X0.073 Y227.953
M3
G0 X0.073 Y226.204
M5
G0 X0.000 Y226.277
M3
G0 X1.749 Y226.277
M5
G0 X1.239 Y226.204
M3
G0 X1.239 Y209.880
M5
G0 X1.749 Y210.390
M3
G0 X2.332 Y210.390
M5
G0 X2.915 Y211.119
M3
G0 X0.000 Y211.119
M5
G0 X0.000 Y210.536
M3
G0 X4.664 Y210.536
M5
G0 X4.154 Y211.046
M3
G0 X4.154 Y213.378
M5
G0 X5.247 Y212.868
M3
G0 X0.000 Y212.868
M5
G0 X0.000 Y212.285
M3
G0 X2.915 Y212.285
M5
G0 X2.915 Y211.702
M3
G0 X0.000 Y211.702
M5
G0 X0.000 Y208.787
M3
G0 X0.583 Y208.787
M5
G0 X0.583 Y208.204
M3
G0 X0.000 Y208.204
M5
G0 X0.000 Y207.621
M3
G0 X0.583 Y207.621
M5
G0 X1.166 Y208.204
M3
G0 X4.081 Y208.204
M5
G0 X4.081 Y208.787
M3
G0 X1.166 Y208.787
M5
G0 X1.749 Y206.455
M3
G0 X3.498 Y206.455
M5
G0 X3.498 Y205.872
M3
G0 X1.749 Y205.872
M5
G0 X0.583 Y205.289
M3
G0 X0.000 Y205.289
M5
G0 X0.000 Y201.791
M3
G0 X0.583 Y201.791
M5
G0 X0.583 Y201.208
M3
G0 X0.000 Y201.208
M5
G0 X0.000 Y200.625
M3
G0 X0.583 Y200.625
M5
G0 X0.583 Y200.042
M3
G0 X0.000 Y200.042
M5
G0 X0.000 Y199.459
M3
G0 X0.583 Y199.459
M5
G0 X1.166 Y199.459
M3
G0 X1.749 Y199.459
M5
G0 X1.749 Y198.876
M3
G0 X0.000 Y198.876
M5
G0 X1.166 Y200.042
M3
G0 X5.247 Y200.042
M5
G0 X5.247 Y199.459
M3
G0 X2.915 Y199.459
M5
G0 X4.664 Y200.625
M3
G0 X1.166 Y200.625
M5
G0 X0.947 Y201.135
M3
G0 X0.947 Y191.224
M5
G0 X1.166 Y191.005
M3
G0 X68.211 Y191.005
M5
G0 X68.430 Y190.641
M3
G0 X68.430 Y135.256
M5
G0 X68.794 Y134.746
M3
G0 X69.960 Y134.746
M5
G0 X67.628 Y137.952
M3
G0 X65.879 Y137.952
M5
G0 X65.296 Y138.244
M3
G0 X64.130 Y138.244
M5
G0 X64.130 Y138.098
M3
G0 X64.713 Y138.098
M5
G0 X64.713 Y138.681
M3
G0 X64.130 Y138.681
M5
G0 X64.130 Y138.827
M3
G0 X65.296 Y138.827
M5
G0 X65.296 Y139.118
M3
G0 X63.547 Y139.118
M5
G0 X63.547 Y138.535
M3
G0 X65.296 Y138.535
M5
G0 X66.462 Y140.576
M3
G0 X68.211 Y140.576
M5
G0 X68.211 Y140.867
M3
G0 X66.462 Y140.867
M5
G0 X65.296 Y141.159
M3
G0 X64.130 Y141.159
M5
G0 X63.547 Y141.450
M3
G0 X61.798 Y141.450
M5
G0 X61.215 Y141.450
M3
G0 X47.223 Y141.450
M5
G0 X47.296 Y141.086
M3
G0 X47.296 Y139.920
M5
G0 X48.170 Y139.920
M3
G0 X48.170 Y141.669
M5
G0 X49.336 Y141.086
M3
G0 X49.336 Y95.612
M5
G0 X49.045 Y96.195
M3
G0 X49.045 Y96.778
M5
G0 X49.555 Y96.851
M3
G0 X40.810 Y96.851
M5
G0 X40.810 Y97.434
M3
G0 X48.389 Y97.434
M5
G0 X48.462 Y96.778
M3
G0 X48.462 Y96.195
M5
G0 X47.879 Y96.195
M3
G0 X47.879 Y96.778
M5
G0 X48.972 Y99.183
M3
G0 X96.195 Y99.183
M5
G0 X96.195 Y99.766
M3
G0 X48.972 Y99.766
M5
G0 X49.045 Y99.693
M3
G0 X49.045 Y112.519
M5
G0 X48.899 Y112.519
M3
G0 X48.899 Y110.187
M5
G0 X48.899 Y109.021
M3
G0 X48.899 Y103.191
M5
G0 X49.482 Y102.608
M3
G0 X49.482 Y104.357
M5
G0 X50.065 Y104.357
M3
G0 X50.065 Y103.191
M5
G0 X51.814 Y103.191
M3
G0 X51.814 Y104.357
M5
G0 X51.231 Y104.940
M3
G0 X51.231 Y106.689
M5
G0 X51.814 Y106.106
M3
G0 X51.814 Y107.272
M5
G0 X50.648 Y105.523
M3
G0 X50.648 Y110.770
M5
G0 X48.972 Y113.029
M3
G0 X41.976 Y113.029
M5
G0 X41.976 Y113.612
M3
G0 X48.389 Y113.612
M5
G0 X47.806 Y114.778
M3
G0 X41.393 Y114.778
M5
G0 X41.976 Y114.195
M3
G0 X49.555 Y114.195
M5
G0 X46.713 Y117.183
M3
G0 X46.713 Y129.426
M5
G0 X46.130 Y129.426
M3
G0 X46.130 Y103.774
M5
G0 X45.547 Y104.357
M3
G0 X45.547 Y117.766
M5
G0 X45.401 Y117.766
M3
G0 X45.401 Y110.770
M5
G0 X44.818 Y111.936
M3
G0 X44.818 Y117.766
M5
G0 X44.964 Y118.932
M3
G0 X44.964 Y130.592
M5
G0 X44.381 Y131.758
M3
G0 X44.381 Y105.523
M5
G0 X45.984 Y105.523
M3
G0 X45.984 Y117.183
M5
G0 X46.057 Y117.110
M3
G0 X41.393 Y117.110
M5
G0 X41.393 Y117.693
M3
G0 X46.057 Y117.693
M5
G0 X45.547 Y118.932
M3
G0 X45.547 Y129.426
M5
G0 X44.891 Y125.272
M3
G0 X41.393 Y125.272
M5
G0 X41.393 Y124.689
M3
G0 X45.474 Y124.689
M5
G0 X46.057 Y124.106
M3
G0 X41.393 Y124.106
M5
G0 X41.393 Y123.523
M3
G0 X46.057 Y123.523
M5
G0 X46.640 Y122.940
M3
G0 X41.393 Y122.940
M5
G0 X41.393 Y122.357
M3
G0 X48.389 Y122.357
M5
G0 X48.972 Y121.774
M3
G0 X41.393 Y121.774
M5
G0 X42.486 Y122.430
M3
G0 X42.486 Y123.596
M5
G0 X41.393 Y120.025
M3
G0 X43.725 Y120.025
M5
G0 X44.891 Y119.442
M3
G0 X41.393 Y119.442
M5
G0 X39.644 Y120.171
M3
G0 X67.045 Y120.171
M5
G0 X64.130 Y122.357
M3
G0 X63.547 Y122.357
M5
G0 X63.037 Y122.430
M3
G0 X63.037 Y121.847
M5
G0 X63.547 Y124.106
M3
G0 X64.130 Y124.106
M5
G0 X64.130 Y124.252
M3
G0 X62.964 Y124.252
M5
G0 X64.130 Y123.960
M3
G0 X12.243 Y123.960
M5
G0 X12.243 Y124.543
M3
G0 X64.130 Y124.543
M5
G0 X64.349 Y124.179
M3
G0 X64.349 Y0.000
M5
G0 X64.494 Y0.000
M3
G0 X64.494 Y74.041
M5
G0 X65.077 Y74.624
M3
G0 X65.077 Y79.871
M5
G0 X65.660 Y79.288
M3
G0 X65.660 Y75.207
M5
G0 X66.243 Y75.790
M3
G0 X66.243 Y79.871
M5
G0 X66.826 Y79.871
M3
G0 X66.826 Y76.956
M5
G0 X67.409 Y77.539
M3
G0 X67.409 Y79.871
M5
G0 X65.296 Y80.818
M3
G0 X111.353 Y80.818
M5
G0 X111.353 Y81.401
M3
G0 X9.911 Y81.401
M5
G0 X17.854 Y88.033
M3
G0 X17.854 Y88.616
M5
G0 X20.405 Y94.519
M3
G0 X21.571 Y94.519
M5
G0 X25.142 Y93.280
M3
G0 X25.142 Y111.353
M5
G0 X25.142 Y111.936
M3
G0 X25.142 Y175.483
M5
G0 X26.745 Y175.483
M3
G0 X26.745 Y177.232
M5
G0 X27.984 Y178.325
M3
G0 X29.733 Y178.325
M5
G0 X29.660 Y178.398
M3
G0 X29.660 Y178.981
M5
G0 X29.733 Y178.908
M3
G0 X27.984 Y178.908
M5
G0 X27.401 Y178.908
M3
G0 X26.235 Y178.908
M5
G0 X26.818 Y180.657
M3
G0 X27.401 Y180.657
M5
G0 X27.401 Y181.240
M3
G0 X26.818 Y181.240
M5
G0 X26.818 Y181.823
M3
G0 X27.401 Y181.823
M5
G0 X27.984 Y182.406
M3
G0 X26.235 Y182.406
M5
G0 X26.235 Y182.989
M3
G0 X26.818 Y182.989
M5
G0 X25.652 Y183.135
M3
G0 X37.312 Y183.135
M5
G0 X37.312 Y182.552
M3
G0 X25.652 Y182.552
M5
G0 X25.652 Y181.969
M3
G0 X71.126 Y181.969
M5
G0 X71.709 Y182.552
M3
G0 X37.895 Y182.552
M5
G0 X37.968 Y183.062
M3
G0 X37.968 Y226.204
M5
G0 X37.895 Y226.131
M3
G0 X35.563 Y226.131
M5
G0 X35.563 Y226.714
M3
G0 X37.895 Y226.714
M5
G0 X37.239 Y226.204
M3
G0 X37.239 Y225.621
M5
G0 X36.656 Y225.621
M3
G0 X36.656 Y226.787
M5
G0 X37.312 Y227.880
M3
G0 X35.563 Y227.880
M5
G0 X35.563 Y228.463
M3
G0 X36.729 Y228.463
M5
G0 X37.312 Y229.046
M3
G0 X35.563 Y229.046
M5
G0 X34.980 Y229.046
M3
G0 X33.231 Y229.046
M5
G0 X33.741 Y228.536
M3
G0 X33.741 Y227.953
M5
G0 X33.814 Y227.880
M3
G0 X32.065 Y227.880
M5
G0 X32.065 Y227.297
M3
G0 X33.814 Y227.297
M5
G0 X33.887 Y227.370
M3
G0 X33.887 Y244.860
M5
G0 X34.033 Y244.860
M3
G0 X34.033 Y0.000
M5
G0 X31.846 Y0.000
M3
G0 X31.846 Y7.579
M5
G0 X30.899 Y7.652
M3
G0 X28.567 Y7.652
M5
G0 X28.567 Y8.235
M3
G0 X30.899 Y8.235
M5
G0 X30.899 Y8.818
M3
G0 X28.567 Y8.818
M5
G0 X28.567 Y9.401
M3
G0 X30.899 Y9.401
M5
G0 X30.899 Y9.984
M3
G0 X28.567 Y9.984
M5
G0 X28.567 Y10.567
M3
G0 X30.899 Y10.567
M5
G0 X30.899 Y11.150
M3
G0 X28.567 Y11.150
M5
G0 X28.567 Y11.733
M3
G0 X30.899 Y11.733
M5
G0 X30.899 Y12.316
M3
G0 X28.567 Y12.316
M5
G0 X28.567 Y12.899
M3
G0 X30.899 Y12.899
M5
G0 X30.899 Y13.482
M3
G0 X28.567 Y13.482
M5
G0 X28.640 Y13.992
M3
G0 X28.640 Y187.143
M5
G0 X28.567 Y187.070
M3
G0 X27.984 Y187.070
M5
G0 X27.984 Y187.653
M3
G0 X28.567 Y187.653
M5
G0 X29.733 Y187.653
M3
G0 X31.482 Y187.653
M5
G0 X31.482 Y187.070
M3
G0 X29.733 Y187.070
M5
G0 X30.243 Y186.560
M3
G0 X30.243 Y185.977
M5
G0 X29.733 Y185.321
M3
G0 X33.814 Y185.321
M5
G0 X33.814 Y184.738
M3
G0 X29.733 Y184.738
M5
G0 X29.733 Y184.155
M3
G0 X33.814 Y184.155
M5
G0 X33.887 Y184.228
M3
G0 X33.887 Y187.143
M5
G0 X33.814 Y187.070
M3
G0 X32.065 Y187.070
M5
G0 X32.065 Y187.653
M3
G0 X33.814 Y187.653
M5
G0 X33.741 Y187.726
M3
G0 X33.741 Y186.560
M5
G0 X33.814 Y186.487
M3
G0 X28.567 Y186.487
M5
G0 X28.567 Y185.904
M3
G0 X33.814 Y185.904
M5
G0 X34.397 Y185.904
M3
G0 X36.729 Y185.904
M5
G0 X36.729 Y185.321
M3
G0 X34.397 Y185.321
M5
G0 X34.397 Y184.738
M3
G0 X36.146 Y184.738
M5
G0 X36.146 Y184.155
M3
G0 X34.397 Y184.155
M5
G0 X34.397 Y183.572
M3
G0 X36.146 Y183.572
M5
G0 X36.146 Y182.989
M3
G0 X34.397 Y182.989
M5
G0 X34.397 Y182.406
M3
G0 X36.729 Y182.406
M5
G0 X36.802 Y181.896
M3
G0 X36.802 Y243.111
M5
G0 X37.895 Y243.621
M3
G0 X38.478 Y243.621
M5
G0 X38.478 Y244.204
M3
G0 X37.895 Y244.204
M5
G0 X37.968 Y244.860
M3
G0 X37.968 Y230.285
M5
G0 X38.478 Y230.212
M3
G0 X39.644 Y230.212
M5
G0 X39.644 Y230.795
M3
G0 X38.478 Y230.795
M5
G0 X38.478 Y231.378
M3
G0 X39.644 Y231.378
M5
G0 X39.644 Y231.961
M3
G0 X38.478 Y231.961
M5
G0 X38.478 Y232.544
M3
G0 X39.061 Y232.544
M5
G0 X39.061 Y233.127
M3
G0 X38.478 Y233.127
M5
G0 X38.478 Y233.710
M3
G0 X39.061 Y233.710
M5
G0 X39.061 Y234.293
M3
G0 X38.478 Y234.293
M5
G0 X38.478 Y234.876
M3
G0 X39.061 Y234.876
M5
G0 X39.717 Y234.949
M3
G0 X39.717 Y233.200
M5
G0 X39.717 Y232.617
M3
G0 X39.717 Y153.912
M5
G0 X39.134 Y154.495
M3
G0 X39.134 Y244.860
M5
G0 X38.551 Y244.860
M3
G0 X38.551 Y155.078
M5
G0 X41.903 Y156.244
M3
G0 X41.903 Y157.410
M5
G0 X41.320 Y157.993
M3
G0 X41.320 Y159.159
M5
G0 X41.393 Y159.086
M3
G0 X40.227 Y159.086
M5
G0 X41.393 Y159.232
M3
G0 X23.903 Y159.232
M5
G0 X23.903 Y158.649
M3
G0 X41.393 Y158.649
M5
G0 X41.976 Y158.649
M3
G0 X83.952 Y158.649
M5
G0 X83.952 Y158.066
M3
G0 X42.559 Y158.066
M5
G0 X42.559 Y157.920
M3
G0 X50.721 Y157.920
M5
G0 X51.304 Y157.920
M3
G0 X60.632 Y157.920
M5
G0 X60.632 Y157.337
M3
G0 X54.219 Y157.337
M5
G0 X55.968 Y156.754
M3
G0 X60.632 Y156.754
M5
G0 X60.632 Y155.005
M3
G0 X64.130 Y155.005
M5
G0 X63.547 Y153.839
M3
G0 X67.628 Y153.839
M5
G0 X67.045 Y153.256
M3
G0 X65.296 Y153.256
M5
G0 X66.462 Y152.673
M3
G0 X71.709 Y152.673
M5
G0 X71.126 Y153.256
M3
G0 X68.794 Y153.256
M5
G0 X67.628 Y152.090
M3
G0 X75.790 Y152.090
M5
G0 X76.956 Y151.507
M3
G0 X69.377 Y151.507
M5
G0 X69.960 Y150.924
M3
G0 X77.539 Y150.924
M5
G0 X78.122 Y150.341
M3
G0 X72.292 Y150.341
M5
G0 X72.875 Y149.758
M3
G0 X78.122 Y149.758
M5
G0 X78.122 Y149.175
M3
G0 X73.458 Y149.175
M5
G0 X72.875 Y152.673
M3
G0 X74.624 Y152.673
M5
G0 X78.195 Y155.078
M3
G0 X78.195 Y164.989
M5
G0 X78.778 Y164.406
M3
G0 X78.778 Y156.244
M5
G0 X79.361 Y158.576
M3
G0 X79.361 Y164.989
M5
G0 X79.871 Y165.062
M3
G0 X19.239 Y165.062
M5
G0 X19.239 Y165.645
M3
G0 X78.705 Y165.645
M5
G0 X79.944 Y164.406
M3
G0 X79.944 Y158.576
M5
G0 X80.527 Y159.742
M3
G0 X80.527 Y164.406
M5
G0 X81.110 Y163.823
M3
G0 X81.110 Y160.325
M5
G0 X81.693 Y160.908
M3
G0 X81.693 Y163.823
M5
G0 X82.203 Y163.896
M3
G0 X22.154 Y163.896
M5
G0 X22.227 Y164.406
M3
G0 X22.227 Y166.738
M5
G0 X22.810 Y166.738
M3
G0 X22.810 Y163.240
M5
G0 X22.737 Y163.313
M3
G0 X83.369 Y163.313
M5
G0 X83.442 Y163.240
M3
G0 X83.442 Y162.657
M5
G0 X82.859 Y162.657
M3
G0 X82.859 Y163.240
M5
G0 X82.276 Y163.823
M3
G0 X82.276 Y162.074
M5
G0 X84.535 Y160.398
M3
G0 X41.976 Y160.398
M5
G0 X41.976 Y159.815
M3
G0 X84.535 Y159.815
M5
G0 X84.535 Y159.232
M3
G0 X85.118 Y159.232
M5
G0 X83.952 Y159.232
M3
G0 X41.976 Y159.232
M5
G0 X42.559 Y159.086
M3
G0 X57.134 Y159.086
M5
G0 X57.134 Y158.503
M3
G0 X58.883 Y158.503
M5
G0 X57.134 Y159.669
M3
G0 X42.559 Y159.669
M5
G0 X42.559 Y160.252
M3
G0 X54.219 Y160.252
M5
G0 X55.968 Y158.503
M3
G0 X51.304 Y158.503
M5
G0 X50.721 Y158.503
M3
G0 X42.559 Y158.503
M5
G0 X41.393 Y159.669
M3
G0 X39.061 Y159.669
M5
G0 X39.061 Y160.252
M3
G0 X40.810 Y160.252
M5
G0 X40.810 Y160.835
M3
G0 X39.061 Y160.835
M5
G0 X38.478 Y161.418
M3
G0 X40.227 Y161.418
M5
G0 X40.883 Y161.491
M3
G0 X40.883 Y173.151
M5
G0 X40.883 Y173.734
M3
G0 X40.883 Y184.811
M5
G0 X41.320 Y183.645
M3
G0 X41.320 Y183.062
M5
G0 X41.393 Y182.406
M3
G0 X48.389 Y182.406
M5
G0 X49.555 Y181.823
M3
G0 X40.810 Y181.823
M5
G0 X40.737 Y181.313
M3
G0 X40.737 Y178.981
M5
G0 X41.320 Y178.981
M3
G0 X41.320 Y180.730
M5
G0 X40.154 Y180.147
M3
G0 X40.154 Y181.313
M5
G0 X40.227 Y182.989
M3
G0 X38.478 Y182.989
M5
G0 X37.895 Y183.135
M3
G0 X72.292 Y183.135
M5
G0 X72.875 Y183.718
M3
G0 X71.709 Y183.718
M5
G0 X71.709 Y184.301
M3
G0 X72.292 Y184.301
M5
G0 X72.875 Y184.884
M3
G0 X73.458 Y184.884
M5
G0 X74.041 Y184.884
M3
G0 X74.624 Y184.884
M5
G0 X74.624 Y184.301
M3
G0 X76.373 Y184.301
M5
G0 X76.373 Y183.718
M3
G0 X75.207 Y183.718
M5
G0 X75.571 Y184.811
M3
G0 X75.571 Y131.175
M5
G0 X77.029 Y130.592
M3
G0 X77.029 Y164.989
M5
G0 X76.737 Y174.900
M3
G0 X76.737 Y244.860
M5
G0 X77.029 Y244.860
M3
G0 X77.029 Y201.135
M5
G0 X77.612 Y201.135
M3
G0 X77.612 Y244.860
M5
G0 X78.195 Y244.860
M3
G0 X78.195 Y244.277
M5
G0 X78.924 Y244.860
M3
G0 X78.924 Y0.000
M5
G0 X79.871 Y2.988
M3
G0 X81.620 Y2.988
M5
G0 X81.037 Y3.571
M3
G0 X79.871 Y3.571
M5
G0 X79.871 Y4.154
M3
G0 X81.037 Y4.154
M5
G0 X84.025 Y4.664
M3
G0 X84.025 Y8.162
M5
G0 X85.774 Y6.996
M3
G0 X85.774 Y0.000
M5
G0 X85.482 Y0.000
M3
G0 X85.482 Y34.980
M5
G0 X91.531 Y37.968
M3
G0 X93.280 Y37.968
M5
G0 X92.697 Y38.551
M3
G0 X91.531 Y38.551
M5
G0 X91.531 Y39.134
M3
G0 X92.697 Y39.134
M5
G0 X92.114 Y39.717
M3
G0 X91.531 Y39.717
M5
G0 X96.268 Y36.729
M3
G0 X96.268 Y31.482
M5
G0 X95.685 Y32.065
M3
G0 X95.685 Y32.648
M5
G0 X96.851 Y32.648
M3
G0 X96.851 Y37.312
M5
G0 X97.434 Y37.312
M3
G0 X97.434 Y32.648
M5
G0 X98.017 Y32.648
M3
G0 X98.017 Y34.980
M5
G0 X98.600 Y35.563
M3
G0 X98.600 Y33.231
M5
G0 X99.183 Y33.814
M3
G0 X99.183 Y36.729
M5
G0 X98.527 Y29.223
M3
G0 X97.944 Y29.223
M5
G0 X97.725 Y26.818
M3
G0 X97.725 Y111.936
M5
G0 X92.114 Y114.341
M3
G0 X73.458 Y114.341
M5
G0 X73.458 Y114.195
M3
G0 X74.041 Y114.195
M5
G0 X74.041 Y113.758
M3
G0 X73.458 Y113.758
M5
G0 X73.531 Y113.685
M3
G0 X73.531 Y116.017
M5
G0 X71.782 Y113.685
M3
G0 X71.782 Y113.102
M5
G0 X70.616 Y113.102
M3
G0 X70.616 Y88.033
M5
G0 X69.960 Y88.106
M3
G0 X96.195 Y88.106
M5
G0 X95.612 Y87.523
M3
G0 X69.960 Y87.523
M5
G0 X69.960 Y86.940
M3
G0 X95.029 Y86.940
M5
G0 X95.029 Y86.357
M3
G0 X70.543 Y86.357
M5
G0 X71.126 Y85.774
M3
G0 X94.446 Y85.774
M5
G0 X94.446 Y85.191
M3
G0 X96.195 Y85.191
M5
G0 X96.268 Y85.701
M3
G0 X96.268 Y86.867
M5
G0 X96.195 Y86.940
M3
G0 X99.110 Y86.940
M5
G0 X98.527 Y86.357
M3
G0 X95.612 Y86.357
M5
G0 X95.685 Y86.284
M3
G0 X95.685 Y85.701
M5
G0 X95.612 Y84.025
M3
G0 X71.709 Y84.025
M5
G0 X74.551 Y87.450
M3
G0 X74.551 Y88.033
M5
G0 X72.292 Y88.543
M3
G0 X71.126 Y88.543
M5
G0 X71.126 Y89.126
M3
G0 X70.543 Y89.126
M5
G0 X70.033 Y88.616
M3
G0 X70.033 Y113.685
M5
G0 X69.450 Y113.685
M3
G0 X69.450 Y89.199
M5
G0 X68.867 Y89.782
M3
G0 X68.867 Y114.268
M5
G0 X68.284 Y114.268
M3
G0 X68.284 Y89.782
M5
G0 X69.377 Y90.292
M3
G0 X69.960 Y90.292
M5
G0 X74.624 Y91.458
M3
G0 X81.037 Y91.458
M5
G0 X81.620 Y91.458
M3
G0 X83.369 Y91.458
M5
G0 X82.786 Y89.709
M3
G0 X81.620 Y89.709
M5
G0 X81.620 Y89.126
M3
G0 X82.786 Y89.126
M5
G0 X80.381 Y93.280
M3
G0 X80.381 Y93.863
M5
G0 X76.373 Y97.288
M3
G0 X86.284 Y97.288
M5
G0 X86.284 Y97.871
M3
G0 X76.373 Y97.871
M5
G0 X78.705 Y100.786
M3
G0 X82.203 Y100.786
M5
G0 X80.454 Y101.515
M3
G0 X95.612 Y101.515
M5
G0 X95.029 Y102.681
M3
G0 X45.474 Y102.681
M5
G0 X43.798 Y95.029
M3
G0 X43.798 Y93.863
M5
G0 X47.806 Y92.770
M3
G0 X49.555 Y92.770
M5
G0 X49.045 Y93.280
M3
G0 X49.045 Y93.863
M5
G0 X49.555 Y93.936
M3
G0 X50.721 Y93.936
M5
G0 X50.138 Y93.353
M3
G0 X48.972 Y93.353
M5
G0 X48.462 Y93.280
M3
G0 X48.462 Y92.697
M5
G0 X48.389 Y88.689
M3
G0 X47.806 Y88.689
M5
G0 X51.231 Y88.033
M3
G0 X51.231 Y86.867
M5
G0 X54.292 Y86.867
M3
G0 X54.292 Y85.701
M5
G0 X55.749 Y84.535
M3
G0 X55.749 Y39.061
M5
G0 X56.041 Y39.644
M3
G0 X56.041 Y54.802
M5
G0 X52.543 Y57.134
M3
G0 X52.543 Y40.810
M5
G0 X52.251 Y39.644
M3
G0 X52.251 Y39.061
M5
G0 X57.134 Y40.154
M3
G0 X60.632 Y40.154
M5
G0 X61.725 Y40.810
M3
G0 X61.725 Y41.393
M5
G0 X59.976 Y41.393
M3
G0 X59.976 Y41.976
M5
G0 X59.539 Y38.478
M3
G0 X59.539 Y0.000
M5
G0 X60.122 Y0.000
M3
G0 X60.122 Y13.409
M5
G0 X60.049 Y13.336
M3
G0 X58.300 Y13.336
M5
G0 X58.300 Y12.753
M3
G0 X60.049 Y12.753
M5
G0 X60.049 Y12.170
M3
G0 X58.300 Y12.170
M5
G0 X58.300 Y11.587
M3
G0 X60.049 Y11.587
M5
G0 X60.632 Y11.004
M3
G0 X58.300 Y11.004
M5
G0 X57.717 Y9.984
M3
G0 X71.709 Y9.984
M5
G0 X71.709 Y9.401
M3
G0 X57.717 Y9.401
M5
G0 X57.717 Y9.255
M3
G0 X62.381 Y9.255
M5
G0 X62.381 Y8.672
M3
G0 X57.717 Y8.672
M5
G0 X57.717 Y8.818
M3
G0 X72.292 Y8.818
M5
G0 X72.292 Y8.235
M3
G0 X57.717 Y8.235
M5
G0 X57.717 Y8.089
M3
G0 X61.798 Y8.089
M5
G0 X61.798 Y7.506
M3
G0 X57.717 Y7.506
M5
G0 X57.717 Y7.652
M3
G0 X72.292 Y7.652
M5
G0 X72.292 Y7.069
M3
G0 X57.717 Y7.069
M5
G0 X57.717 Y6.923
M3
G0 X61.798 Y6.923
M5
G0 X61.798 Y6.340
M3
G0 X58.300 Y6.340
M5
G0 X58.300 Y5.757
M3
G0 X61.215 Y5.757
M5
G0 X61.215 Y5.174
M3
G0 X58.300 Y5.174
M5
G0 X57.717 Y5.320
M3
G0 X72.875 Y5.320
M5
G0 X72.875 Y4.737
M3
G0 X57.717 Y4.737
M5
G0 X57.717 Y4.591
M3
G0 X60.632 Y4.591
M5
G0 X58.810 Y4.664
M3
G0 X58.810 Y3.498
M5
G0 X57.717 Y5.903
M3
G0 X72.875 Y5.903
M5
G0 X72.875 Y6.486
M3
G0 X57.717 Y6.486
M5
G0 X55.385 Y4.737
M3
G0 X54.219 Y4.737
M5
G0 X54.219 Y4.154
M3
G0 X55.385 Y4.154
M5
G0 X55.385 Y3.571
M3
G0 X54.219 Y3.571
M5
G0 X54.219 Y2.988
M3
G0 X55.385 Y2.988
M5
G0 X55.385 Y2.405
M3
G0 X54.219 Y2.405
M5
G0 X54.219 Y1.822
M3
G0 X55.385 Y1.822
M5
G0 X55.385 Y1.239
M3
G0 X54.219 Y1.239
M5
G0 X54.219 Y0.656
M3
G0 X55.385 Y0.656
M5
G0 X55.385 Y0.073
M3
G0 X54.219 Y0.073
M5
G0 X52.470 Y2.405
M3
G0 X50.138 Y2.405
M5
G0 X50.138 Y2.259
M3
G0 X51.304 Y2.259
M5
G0 X47.587 Y1.749
M3
G0 X47.587 Y0.000
M5
G0 X47.442 Y0.000
M3
G0 X47.442 Y244.860
M5
G0 X44.891 Y243.184
M3
G0 X84.535 Y243.184
M5
G0 X79.069 Y244.860
M3
G0 X79.069 Y179.564
M5
G0 X78.486 Y177.232
M3
G0 X78.486 Y184.811
M5
G0 X78.122 Y184.592
M3
G0 X79.288 Y184.592
M5
G0 X78.122 Y185.030
M3
G0 X137.588 Y185.030
M5
G0 X137.588 Y185.175
M3
G0 X78.122 Y185.175
M5
G0 X77.539 Y185.758
M3
G0 X76.373 Y185.758
M5
G0 X76.956 Y186.050
M3
G0 X77.539 Y186.050
M5
G0 X77.903 Y184.228
M3
G0 X77.903 Y182.479
M5
G0 X77.903 Y181.896
M3
G0 X77.903 Y176.066
M5
G0 X77.320 Y174.900
M3
G0 X77.320 Y183.645
M5
G0 X78.122 Y183.135
M3
G0 X79.288 Y183.135
M5
G0 X80.454 Y181.969
M3
G0 X81.620 Y181.969
M5
G0 X82.786 Y182.698
M3
G0 X137.588 Y182.698
M5
G0 X137.588 Y182.843
M3
G0 X88.033 Y182.843
M5
G0 X87.814 Y183.062
M3
G0 X87.814 Y183.645
M5
G0 X87.231 Y183.645
M3
G0 X87.231 Y183.062
M5
G0 X87.450 Y182.843
M3
G0 X82.786 Y182.843
M5
G0 X83.952 Y181.532
M3
G0 X0.000 Y181.532
M5
G0 X0.000 Y181.677
M3
G0 X3.498 Y181.677
M5
G0 X3.862 Y181.896
M3
G0 X3.862 Y225.621
M5
G0 X4.081 Y225.111
M3
G0 X5.830 Y225.111
M5
G0 X6.413 Y224.528
M3
G0 X5.247 Y224.528
M5
G0 X4.664 Y224.528
M3
G0 X3.498 Y224.528
M5
G0 X1.749 Y224.528
M3
G0 X0.000 Y224.528
M5
G0 X0.000 Y223.945
M3
G0 X1.749 Y223.945
M5
G0 X1.749 Y223.362
M3
G0 X0.000 Y223.362
M5
G0 X0.000 Y222.779
M3
G0 X1.749 Y222.779
M5
G0 X1.749 Y222.196
M3
G0 X0.000 Y222.196
M5
G0 X0.000 Y221.613
M3
G0 X1.749 Y221.613
M5
G0 X1.749 Y221.030
M3
G0 X0.000 Y221.030
M5
G0 X0.000 Y220.447
M3
G0 X2.332 Y220.447
M5
G0 X0.656 Y220.374
M3
G0 X0.656 Y225.621
M5
G0 X0.000 Y225.694
M3
G0 X1.749 Y225.694
M5
G0 X1.749 Y225.111
M3
G0 X0.000 Y225.111
M5
G0 X0.000 Y226.860
M3
G0 X1.749 Y226.860
M5
G0 X1.749 Y228.026
M3
G0 X0.000 Y228.026
M5
G0 X0.000 Y228.609
M3
G0 X1.749 Y228.609
M5
G0 X1.749 Y229.192
M3
G0 X0.000 Y229.192
M5
G0 X0.000 Y229.775
M3
G0 X1.749 Y229.775
M5
G0 X1.749 Y232.107
M3
G0 X1.166 Y232.107
M5
G0 X1.166 Y232.690
M3
G0 X1.749 Y232.690
M5
G0 X1.749 Y233.273
M3
G0 X1.166 Y233.273
M5
G0 X1.166 Y233.856
M3
G0 X1.749 Y233.856
M5
G0 X1.239 Y234.366
M3
G0 X1.239 Y239.030
M5
G0 X2.915 Y242.018
M3
G0 X3.498 Y242.018
M5
G0 X3.498 Y244.350
M3
G0 X2.915 Y244.350
M5
G0 X6.413 Y239.686
M3
G0 X6.996 Y239.686
M5
G0 X6.996 Y239.103
M3
G0 X6.413 Y239.103
M5
G0 X6.996 Y236.771
M3
G0 X7.579 Y236.771
M5
G0 X7.579 Y236.188
M3
G0 X6.996 Y236.188
M5
G0 X6.996 Y235.605
M3
G0 X7.579 Y235.605
M5
G0 X7.579 Y235.022
M3
G0 X6.996 Y235.022
M5
G0 X6.996 Y234.439
M3
G0 X7.579 Y234.439
M5
G0 X7.579 Y233.856
M3
G0 X6.996 Y233.856
M5
G0 X6.996 Y234.147
M3
G0 X137.588 Y234.147
M5
G0 X135.037 Y233.200
M3
G0 X135.037 Y244.860
M5
G0 X134.892 Y244.860
M3
G0 X134.892 Y0.000
M5
G0 X135.037 Y0.000
M3
G0 X135.037 Y167.904
M5
G0 X134.454 Y167.904
M3
G0 X134.454 Y0.000
M5
G0 X134.309 Y0.000
M3
G0 X134.309 Y244.860
M5
G0 X134.454 Y244.860
M3
G0 X134.454 Y233.200
M5
G0 X133.871 Y233.200
M3
G0 X133.871 Y244.860
M5
G0 X133.726 Y244.860
M3
G0 X133.726 Y0.000
M5
G0 X133.871 Y0.000
M3
G0 X133.871 Y167.904
M5
G0 X133.288 Y168.487
M3
G0 X133.288 Y0.000
M5
G0 X133.143 Y0.000
M3
G0 X133.143 Y244.860
M5
G0 X133.288 Y244.860
M3
G0 X133.288 Y232.617
M5
G0 X132.705 Y231.451
M3
G0 X132.705 Y244.860
M5
G0 X132.560 Y244.860
M3
G0 X132.560 Y0.000
M5
G0 X132.705 Y0.000
M3
G0 X132.705 Y168.487
M5
G0 X132.122 Y169.070
M3
G0 X132.122 Y88.616
M5
G0 X132.122 Y88.033
M3
G0 X132.122 Y0.000
M5
G0 X131.977 Y0.000
M3
G0 X131.977 Y244.860
M5
G0 X132.122 Y244.860
M3
G0 X132.122 Y230.868
M5
G0 X131.758 Y236.771
M3
G0 X124.179 Y236.771
M5
G0 X124.762 Y236.188
M3
G0 X127.677 Y236.188
M5
G0 X127.677 Y235.605
M3
G0 X125.345 Y235.605
M5
G0 X123.596 Y237.354
M3
G0 X131.758 Y237.354
M5
G0 X131.758 Y237.937
M3
G0 X129.426 Y237.937
M5
G0 X130.009 Y238.520
M3
G0 X132.341 Y238.520
M5
G0 X132.341 Y239.103
M3
G0 X130.592 Y239.103
M5
G0 X130.592 Y241.435
M3
G0 X135.256 Y241.435
M5
G0 X136.422 Y242.018
M3
G0 X130.009 Y242.018
M5
G0 X129.426 Y242.601
M3
G0 X137.588 Y242.601
M5
G0 X137.588 Y243.184
M3
G0 X129.426 Y243.184
M5
G0 X128.843 Y243.767
M3
G0 X137.588 Y243.767
M5
G0 X137.588 Y244.350
M3
G0 X128.843 Y244.350
M5
G0 X130.082 Y244.277
M3
G0 X130.082 Y244.860
M5
G0 X130.665 Y244.860
M3
G0 X130.665 Y244.277
M5
G0 X131.248 Y243.694
M3
G0 X131.248 Y244.860
M5
G0 X131.831 Y244.860
M3
G0 X131.831 Y243.111
M5
G0 X132.414 Y243.111
M3
G0 X132.414 Y244.860
M5
G0 X132.341 Y244.787
M3
G0 X135.256 Y244.787
M5
G0 X135.329 Y244.860
M3
G0 X135.329 Y243.694
M5
G0 X134.746 Y243.111
M3
G0 X134.746 Y244.860
M5
G0 X134.163 Y244.860
M3
G0 X134.163 Y243.111
M5
G0 X133.580 Y242.528
M3
G0 X133.580 Y244.860
M5
G0 X132.997 Y244.860
M3
G0 X132.997 Y243.111
M5
G0 X132.924 Y240.852
M3
G0 X132.341 Y240.852
M5
G0 X135.912 Y244.277
M3
G0 X135.912 Y244.860
M5
G0 X136.641 Y244.860
M3
G0 X136.641 Y0.000
M5
G0 X136.786 Y0.000
M3
G0 X136.786 Y166.738
M5
G0 X137.369 Y166.155
M3
G0 X137.369 Y0.000
M5
G0 X137.588 Y0.364
M3
G0 X0.000 Y0.364
M5
G0 X0.000 Y0.802
M3
G0 X137.588 Y0.802
M5
G0 X137.588 Y0.656
M3
G0 X89.782 Y0.656
M5
G0 X90.365 Y1.239
M3
G0 X137.588 Y1.239
M5
G0 X137.588 Y1.093
M3
G0 X131.175 Y1.093
M5
G0 X131.175 Y0.510
M3
G0 X137.588 Y0.510
M5
G0 X137.588 Y0.947
M3
G0 X0.000 Y0.947
M5
G0 X0.000 Y1.385
M3
G0 X137.588 Y1.385
M5
G0 X137.588 Y1.530
M3
G0 X0.000 Y1.530
M5
G0 X0.000 Y1.968
M3
G0 X137.588 Y1.968
M5
G0 X137.588 Y2.113
M3
G0 X0.000 Y2.113
M5
G0 X0.000 Y2.551
M3
G0 X137.588 Y2.551
M5
G0 X137.588 Y2.696
M3
G0 X0.000 Y2.696
M5
G0 X0.000 Y3.134
M3
G0 X137.588 Y3.134
M5
G0 X137.588 Y3.279
M3
G0 X0.000 Y3.279
M5
G0 X0.000 Y3.717
M3
G0 X137.588 Y3.717
M5
G0 X137.588 Y3.862
M3
G0 X0.000 Y3.862
M5
G0 X0.000 Y4.300
M3
G0 X137.588 Y4.300
M5
G0 X137.588 Y4.445
M3
G0 X0.000 Y4.445
M5
G0 X11.660 Y9.401
M3
G0 X12.243 Y9.401
M5
G0 X15.741 Y9.255
M3
G0 X16.907 Y9.255
M5
G0 X16.907 Y8.672
M3
G0 X15.741 Y8.672
M5
G0 X15.741 Y8.089
M3
G0 X16.907 Y8.089
M5
G0 X16.907 Y7.506
M3
G0 X15.741 Y7.506
M5
G0 X15.741 Y6.923
M3
G0 X17.490 Y6.923
M5
G0 X17.490 Y6.340
M3
G0 X15.741 Y6.340
M5
G0 X15.741 Y5.757
M3
G0 X17.490 Y5.757
M5
G0 X17.490 Y5.174
M3
G0 X15.741 Y5.174
M5
G0 X13.409 Y5.320
M3
G0 X19.822 Y5.320
M5
G0 X21.571 Y7.652
M3
G0 X23.903 Y7.652
M5
G0 X23.903 Y8.235
M3
G0 X21.571 Y8.235
M5
G0 X21.571 Y8.818
M3
G0 X23.903 Y8.818
M5
G0 X23.903 Y9.401
M3
G0 X21.571 Y9.401
M5
G0 X21.571 Y9.984
M3
G0 X23.320 Y9.984
M5
G0 X23.320 Y10.567
M3
G0 X21.571 Y10.567
M5
G0 X16.907 Y10.421
M3
G0 X15.741 Y10.421
M5
G0 X15.741 Y9.838
M3
G0 X16.907 Y9.838
M5
G0 X16.907 Y11.004
M3
G0 X15.741 Y11.004
M5
G0 X15.741 Y11.587
M3
G0 X16.907 Y11.587
M5
G0 X16.907 Y12.170
M3
G0 X15.741 Y12.170
M5
G0 X15.741 Y12.753
M3
G0 X16.907 Y12.753
M5
G0 X16.907 Y13.336
M3
G0 X15.741 Y13.336
M5
G0 X15.741 Y13.919
M3
G0 X16.907 Y13.919
M5
G0 X28.567 Y14.065
M3
G0 X30.899 Y14.065
M5
G0 X30.899 Y14.648
M3
G0 X28.567 Y14.648
M5
G0 X28.567 Y15.231
M3
G0 X30.899 Y15.231
M5
G0 X34.980 Y15.231
M3
G0 X36.729 Y15.231
M5
G0 X36.729 Y15.814
M3
G0 X34.980 Y15.814
M5
G0 X34.980 Y16.397
M3
G0 X36.729 Y16.397
M5
G0 X43.142 Y16.688
M3
G0 X49.555 Y16.688
M5
G0 X50.138 Y16.688
M3
G0 X53.053 Y16.688
M5
G0 X53.053 Y16.105
M3
G0 X50.138 Y16.105
M5
G0 X50.138 Y15.814
M3
G0 X51.887 Y15.814
M5
G0 X51.887 Y16.397
M3
G0 X50.138 Y16.397
M5
G0 X50.721 Y16.251
M3
G0 X51.304 Y16.251
M5
G0 X51.304 Y15.668
M3
G0 X50.721 Y15.668
M5
G0 X50.721 Y15.085
M3
G0 X51.304 Y15.085
M5
G0 X51.304 Y14.502
M3
G0 X50.721 Y14.502
M5
G0 X50.721 Y13.919
M3
G0 X51.304 Y13.919
M5
G0 X51.304 Y13.336
M3
G0 X50.721 Y13.336
M5
G0 X50.721 Y12.753
M3
G0 X51.304 Y12.753
M5
G0 X51.304 Y12.170
M3
G0 X50.721 Y12.170
M5
G0 X50.721 Y11.587
M3
G0 X51.304 Y11.587
M5
G0 X51.304 Y11.004
M3
G0 X50.721 Y11.004
M5
G0 X50.721 Y10.421
M3
G0 X51.304 Y10.421
M5
G0 X51.304 Y9.838
M3
G0 X50.721 Y9.838
M5
G0 X47.004 Y9.328
M3
G0 X47.004 Y10.494
M5
G0 X45.474 Y8.818
M3
G0 X43.725 Y8.818
M5
G0 X44.308 Y8.089
M3
G0 X44.891 Y8.089
M5
G0 X44.891 Y7.506
M3
G0 X44.308 Y7.506
M5
G0 X40.810 Y4.737
M3
G0 X38.478 Y4.737
M5
G0 X38.478 Y5.320
M3
G0 X40.227 Y5.320
M5
G0 X39.644 Y4.591
M3
G0 X39.061 Y4.591
M5
G0 X39.061 Y4.008
M3
G0 X39.644 Y4.008
M5
G0 X39.644 Y3.425
M3
G0 X39.061 Y3.425
M5
G0 X39.061 Y2.842
M3
G0 X39.644 Y2.842
M5
G0 X39.644 Y2.259
M3
G0 X39.061 Y2.259
M5
G0 X39.061 Y1.676
M3
G0 X39.644 Y1.676
M5
G0 X39.644 Y1.093
M3
G0 X39.061 Y1.093
M5
G0 X31.701 Y0.000
M3
G0 X31.701 Y244.860
M5
G0 X31.846 Y244.860
M3
G0 X31.846 Y41.976
M5
G0 X32.065 Y42.049
M3
G0 X33.814 Y42.049
M5
G0 X33.814 Y41.466
M3
G0 X32.065 Y41.466
M5
G0 X32.065 Y40.883
M3
G0 X33.814 Y40.883
M5
G0 X32.721 Y39.644
M3
G0 X32.721 Y44.891
M5
G0 X32.065 Y44.964
M3
G0 X33.814 Y44.964
M5
G0 X33.814 Y44.381
M3
G0 X32.065 Y44.381
M5
G0 X32.065 Y43.798
M3
G0 X33.814 Y43.798
M5
G0 X33.814 Y43.215
M3
G0 X32.065 Y43.215
M5
G0 X32.065 Y42.632
M3
G0 X33.814 Y42.632
M5
G0 X33.814 Y45.547
M3
G0 X32.065 Y45.547
M5
G0 X32.065 Y46.130
M3
G0 X33.814 Y46.130
M5
G0 X32.721 Y46.057
M3
G0 X32.721 Y139.920
M5
G0 X35.563 Y141.159
M3
G0 X23.903 Y141.159
M5
G0 X23.903 Y141.742
M3
G0 X35.563 Y141.742
M5
G0 X35.563 Y142.325
M3
G0 X23.903 Y142.325
M5
G0 X23.903 Y142.908
M3
G0 X36.146 Y142.908
M5
G0 X36.729 Y144.074
M3
G0 X23.903 Y144.074
M5
G0 X23.976 Y144.584
M3
G0 X23.976 Y160.325
M5
G0 X23.903 Y159.815
M3
G0 X41.393 Y159.815
M5
G0 X41.393 Y163.167
M3
G0 X40.810 Y163.167
M5
G0 X41.393 Y163.750
M3
G0 X41.976 Y163.750
M5
G0 X41.976 Y163.167
M3
G0 X42.559 Y163.167
M5
G0 X43.725 Y163.167
M3
G0 X44.308 Y163.167
M5
G0 X41.976 Y164.333
M3
G0 X41.393 Y164.333
M5
G0 X38.478 Y165.499
M3
G0 X34.980 Y165.499
M5
G0 X35.490 Y165.572
M3
G0 X35.490 Y166.738
M5
G0 X34.980 Y166.082
M3
G0 X37.895 Y166.082
M5
G0 X36.729 Y166.665
M3
G0 X32.648 Y166.665
M5
G0 X32.648 Y166.082
M3
G0 X34.397 Y166.082
M5
G0 X34.397 Y167.248
M3
G0 X37.312 Y167.248
M5
G0 X37.312 Y167.831
M3
G0 X36.729 Y167.831
M5
G0 X36.146 Y167.831
M3
G0 X30.899 Y167.831
M5
G0 X31.409 Y167.904
M3
G0 X31.409 Y166.738
M5
G0 X30.899 Y166.665
M3
G0 X32.065 Y166.665
M5
G0 X32.138 Y166.155
M3
G0 X32.138 Y175.483
M5
G0 X32.648 Y175.410
M3
G0 X33.231 Y175.410
M5
G0 X33.231 Y174.827
M3
G0 X32.648 Y174.827
M5
G0 X32.648 Y174.244
M3
G0 X33.231 Y174.244
M5
G0 X33.304 Y174.317
M3
G0 X33.304 Y178.398
M5
G0 X32.721 Y178.398
M3
G0 X32.721 Y190.641
M5
G0 X32.065 Y191.151
M3
G0 X30.899 Y191.151
M5
G0 X31.409 Y191.224
M3
G0 X31.409 Y188.892
M5
G0 X31.482 Y189.402
M3
G0 X29.150 Y189.402
M5
G0 X29.150 Y189.985
M3
G0 X31.482 Y189.985
M5
G0 X32.065 Y189.402
M3
G0 X33.231 Y189.402
M5
G0 X33.304 Y188.892
M3
G0 X33.304 Y180.730
M5
G0 X33.231 Y180.657
M3
G0 X31.482 Y180.657
M5
G0 X31.482 Y181.240
M3
G0 X33.231 Y181.240
M5
G0 X33.231 Y181.823
M3
G0 X32.065 Y181.823
M5
G0 X32.575 Y181.896
M3
G0 X32.575 Y181.313
M5
G0 X32.065 Y182.406
M3
G0 X33.231 Y182.406
M5
G0 X33.814 Y182.989
M3
G0 X32.065 Y182.989
M5
G0 X31.482 Y182.989
M3
G0 X29.150 Y182.989
M5
G0 X29.150 Y182.406
M3
G0 X31.482 Y182.406
M5
G0 X31.409 Y181.896
M3
G0 X31.409 Y183.062
M5
G0 X30.899 Y181.823
M3
G0 X29.150 Y181.823
M5
G0 X29.150 Y181.240
M3
G0 X30.899 Y181.240
M5
G0 X30.826 Y180.730
M3
G0 X30.826 Y189.475
M5
G0 X32.065 Y188.819
M3
G0 X33.231 Y188.819
M5
G0 X33.158 Y188.309
M3
G0 X33.158 Y187.726
M5
G0 X33.814 Y188.236
M3
G0 X32.065 Y188.236
M5
G0 X32.575 Y188.892
M3
G0 X32.575 Y185.394
M5
G0 X33.158 Y185.394
M3
G0 X33.158 Y186.560
M5
G0 X34.397 Y186.487
M3
G0 X36.729 Y186.487
M5
G0 X37.895 Y186.487
M3
G0 X48.389 Y186.487
M5
G0 X49.555 Y186.487
M3
G0 X52.470 Y186.487
M5
G0 X52.470 Y185.904
M3
G0 X50.138 Y185.904
M5
G0 X50.721 Y185.321
M3
G0 X52.470 Y185.321
M5
G0 X46.567 Y186.560
M3
G0 X46.567 Y187.143
M5
G0 X45.984 Y187.726
M3
G0 X45.984 Y189.475
M5
G0 X46.567 Y190.641
M3
G0 X46.567 Y191.224
M5
G0 X46.567 Y191.807
M3
G0 X46.567 Y193.556
M5
G0 X45.401 Y193.556
M3
G0 X45.401 Y191.224
M5
G0 X44.818 Y191.807
M3
G0 X44.818 Y184.811
M5
G0 X44.235 Y184.811
M3
G0 X44.235 Y185.977
M5
G0 X44.235 Y186.560
M3
G0 X44.235 Y190.641
M5
G0 X43.142 Y190.568
M3
G0 X33.814 Y190.568
M5
G0 X33.814 Y191.151
M3
G0 X43.142 Y191.151
M5
G0 X43.725 Y191.734
M3
G0 X52.470 Y191.734
M5
G0 X53.053 Y193.483
M3
G0 X44.891 Y193.483
M5
G0 X42.486 Y191.807
M3
G0 X42.486 Y188.892
M5
G0 X43.652 Y188.892
M3
G0 X43.652 Y176.066
M5
G0 X44.235 Y174.900
M3
G0 X44.235 Y183.645
M5
G0 X40.154 Y183.645
M3
G0 X40.154 Y188.892
M5
G0 X38.988 Y190.641
M3
G0 X38.988 Y191.224
M5
G0 X41.903 Y191.224
M3
G0 X41.903 Y190.058
M5
G0 X39.571 Y185.977
M3
G0 X39.571 Y178.981
M5
G0 X37.895 Y178.908
M3
G0 X51.304 Y178.908
M5
G0 X50.721 Y178.325
M3
G0 X37.312 Y178.325
M5
G0 X36.146 Y178.325
M3
G0 X34.397 Y178.325
M5
G0 X34.397 Y177.742
M3
G0 X36.146 Y177.742
M5
G0 X35.563 Y177.159
M3
G0 X34.397 Y177.159
M5
G0 X33.887 Y177.815
M3
G0 X33.887 Y180.147
M5
G0 X34.397 Y180.074
M3
G0 X35.563 Y180.074
M5
G0 X35.563 Y179.491
M3
G0 X34.397 Y179.491
M5
G0 X34.397 Y178.908
M3
G0 X35.563 Y178.908
M5
G0 X35.563 Y180.657
M3
G0 X34.397 Y180.657
M5
G0 X34.397 Y181.240
M3
G0 X35.563 Y181.240
M5
G0 X35.563 Y181.823
M3
G0 X34.397 Y181.823
M5
G0 X34.907 Y181.896
M3
G0 X34.907 Y171.402
M5
G0 X34.980 Y171.912
M3
G0 X32.648 Y171.912
M5
G0 X32.648 Y171.329
M3
G0 X38.478 Y171.329
M5
G0 X38.478 Y170.746
M3
G0 X34.980 Y170.746
M5
G0 X34.980 Y170.163
M3
G0 X37.895 Y170.163
M5
G0 X37.895 Y169.580
M3
G0 X32.648 Y169.580
M5
G0 X32.648 Y168.997
M3
G0 X37.895 Y168.997
M5
G0 X37.895 Y168.414
M3
G0 X34.397 Y168.414
M5
G0 X33.814 Y168.414
M3
G0 X32.648 Y168.414
M5
G0 X32.065 Y168.414
M3
G0 X30.899 Y168.414
M5
G0 X30.316 Y168.414
M3
G0 X25.069 Y168.414
M5
G0 X25.069 Y168.997
M3
G0 X30.316 Y168.997
M5
G0 X30.899 Y168.997
M3
G0 X32.065 Y168.997
M5
G0 X32.065 Y169.580
M3
G0 X30.899 Y169.580
M5
G0 X30.316 Y169.580
M3
G0 X26.235 Y169.580
M5
G0 X26.818 Y170.163
M3
G0 X30.316 Y170.163
M5
G0 X30.899 Y170.163
M3
G0 X32.065 Y170.163
M5
G0 X32.648 Y170.163
M3
G0 X34.397 Y170.163
M5
G0 X34.397 Y170.746
M3
G0 X32.648 Y170.746
M5
G0 X32.065 Y170.746
M3
G0 X30.899 Y170.746
M5
G0 X30.316 Y170.746
M3
G0 X27.984 Y170.746
M5
G0 X27.401 Y170.746
M3
G0 X26.818 Y170.746
M5
G0 X26.818 Y171.329
M3
G0 X27.401 Y171.329
M5
G0 X27.401 Y171.912
M3
G0 X26.818 Y171.912
M5
G0 X26.308 Y171.402
M3
G0 X26.308 Y161.491
M5
G0 X26.235 Y161.418
M3
G0 X25.069 Y161.418
M5
G0 X25.069 Y160.835
M3
G0 X26.235 Y160.835
M5
G0 X26.308 Y160.325
M3
G0 X26.308 Y111.936
M5
G0 X26.308 Y111.353
M3
G0 X26.308 Y95.029
M5
G0 X26.891 Y94.446
M3
G0 X26.891 Y162.657
M5
G0 X26.818 Y163.167
M3
G0 X25.652 Y163.167
M5
G0 X25.652 Y163.750
M3
G0 X26.818 Y163.750
M5
G0 X26.818 Y164.333
M3
G0 X25.652 Y164.333
M5
G0 X25.652 Y164.916
M3
G0 X26.818 Y164.916
M5
G0 X26.745 Y164.406
M3
G0 X26.745 Y166.155
M5
G0 X26.235 Y166.082
M3
G0 X27.401 Y166.082
M5
G0 X27.984 Y166.082
M3
G0 X30.316 Y166.082
M5
G0 X30.899 Y166.082
M3
G0 X31.482 Y166.082
M5
G0 X31.482 Y165.499
M3
G0 X30.899 Y165.499
M5
G0 X30.316 Y165.499
M3
G0 X27.984 Y165.499
M5
G0 X26.818 Y165.499
M3
G0 X25.652 Y165.499
M5
G0 X26.235 Y166.665
M3
G0 X30.316 Y166.665
M5
G0 X30.316 Y167.248
M3
G0 X26.235 Y167.248
M5
G0 X25.652 Y167.831
M3
G0 X30.316 Y167.831
M5
G0 X30.899 Y167.248
M3
G0 X33.814 Y167.248
M5
G0 X33.158 Y166.155
M3
G0 X33.158 Y169.070
M5
G0 X31.992 Y167.904
M3
G0 X31.992 Y167.321
M5
G0 X29.660 Y166.155
M3
G0 X29.660 Y162.074
M5
G0 X29.077 Y161.491
M3
G0 X29.077 Y166.738
M5
G0 X28.494 Y167.321
M3
G0 X28.494 Y160.908
M5
G0 X27.911 Y160.908
M3
G0 X27.911 Y159.159
M5
G0 X27.911 Y158.576
M3
G0 X27.911 Y157.410
M5
G0 X26.235 Y157.337
M3
G0 X30.316 Y157.337
M5
G0 X30.316 Y156.754
M3
G0 X26.235 Y156.754
M5
G0 X25.652 Y156.754
M3
G0 X24.486 Y156.754
M5
G0 X24.486 Y156.171
M3
G0 X25.652 Y156.171
M5
G0 X25.652 Y157.337
M3
G0 X24.486 Y157.337
M5
G0 X24.486 Y157.920
M3
G0 X25.652 Y157.920
M5
G0 X25.725 Y157.993
M3
G0 X25.725 Y111.936
M5
G0 X25.725 Y111.353
M3
G0 X25.725 Y93.863
M5
G0 X28.567 Y93.207
M3
G0 X30.316 Y93.207
M5
G0 X30.316 Y92.624
M3
G0 X28.567 Y92.624
M5
G0 X30.899 Y92.624
M3
G0 X33.814 Y92.624
M5
G0 X33.814 Y93.207
M3
G0 X30.899 Y93.207
M5
G0 X34.397 Y93.207
M3
G0 X35.563 Y93.207
M5
G0 X36.802 Y91.531
M3
G0 X36.802 Y73.458
M5
G0 X37.895 Y73.968
M3
G0 X46.640 Y73.968
M5
G0 X46.640 Y74.551
M3
G0 X37.312 Y74.551
M5
G0 X37.312 Y75.134
M3
G0 X46.640 Y75.134
M5
G0 X47.223 Y77.466
M3
G0 X50.721 Y77.466
M5
G0 X50.648 Y78.122
M3
G0 X50.648 Y82.786
M5
G0 X51.231 Y82.786
M3
G0 X51.231 Y79.871
M5
G0 X51.304 Y79.215
M3
G0 X47.223 Y79.215
M5
G0 X47.223 Y78.632
M3
G0 X51.304 Y78.632
M5
G0 X51.304 Y78.049
M3
G0 X47.223 Y78.049
M5
G0 X47.223 Y79.798
M3
G0 X51.887 Y79.798
M5
G0 X52.470 Y80.381
M3
G0 X46.640 Y80.381
M5
G0 X46.640 Y80.964
M3
G0 X53.053 Y80.964
M5
G0 X51.814 Y81.037
M3
G0 X51.814 Y81.620
M5
G0 X51.814 Y82.203
M3
G0 X51.814 Y82.786
M5
G0 X52.397 Y82.786
M3
G0 X52.397 Y82.203
M5
G0 X55.968 Y82.713
M3
G0 X56.551 Y82.713
M5
G0 X57.717 Y82.713
M3
G0 X58.300 Y82.713
M5
G0 X58.956 Y80.454
M3
G0 X58.956 Y77.539
M5
G0 X56.624 Y75.207
M3
G0 X56.624 Y67.045
M5
G0 X56.041 Y66.462
M3
G0 X56.041 Y73.458
M5
G0 X56.041 Y74.041
M3
G0 X56.041 Y75.207
M5
G0 X49.482 Y76.373
M3
G0 X49.482 Y78.705
M5
G0 X46.057 Y80.964
M3
G0 X45.474 Y80.964
M5
G0 X39.134 Y91.531
M3
G0 X39.134 Y65.296
M5
G0 X39.061 Y65.223
M3
G0 X38.478 Y65.223
M5
G0 X38.988 Y65.296
M3
G0 X38.988 Y64.713
M5
G0 X39.061 Y64.640
M3
G0 X38.478 Y64.640
M5
G0 X38.478 Y64.057
M3
G0 X39.061 Y64.057
M5
G0 X39.061 Y63.474
M3
G0 X38.478 Y63.474
M5
G0 X38.478 Y62.891
M3
G0 X39.061 Y62.891
M5
G0 X37.895 Y62.454
M3
G0 X54.802 Y62.454
M5
G0 X50.138 Y61.142
M3
G0 X44.891 Y61.142
M5
G0 X45.984 Y57.134
M3
G0 X45.984 Y55.968
M5
G0 X39.061 Y57.644
M3
G0 X38.478 Y57.644
M5
G0 X33.231 Y58.810
M3
G0 X32.065 Y58.810
M5
G0 X32.065 Y58.227
M3
G0 X32.648 Y58.227
M5
G0 X32.648 Y57.644
M3
G0 X32.065 Y57.644
M5
G0 X32.065 Y57.061
M3
G0 X32.648 Y57.061
M5
G0 X32.648 Y56.478
M3
G0 X32.065 Y56.478
M5
G0 X32.065 Y55.895
M3
G0 X32.648 Y55.895
M5
G0 X32.648 Y55.312
M3
G0 X32.065 Y55.312
M5
G0 X32.065 Y54.729
M3
G0 X32.648 Y54.729
M5
G0 X32.648 Y54.146
M3
G0 X32.065 Y54.146
M5
G0 X32.065 Y53.563
M3
G0 X32.648 Y53.563
M5
G0 X32.648 Y52.980
M3
G0 X32.065 Y52.980
M5
G0 X32.065 Y52.397
M3
G0 X32.648 Y52.397
M5
G0 X32.648 Y51.814
M3
G0 X32.065 Y51.814
M5
G0 X30.972 Y54.802
M3
G0 X30.972 Y55.968
M5
G0 X29.733 Y56.478
M3
G0 X28.567 Y56.478
M5
G0 X28.567 Y57.061
M3
G0 X29.733 Y57.061
M5
G0 X29.733 Y57.644
M3
G0 X28.567 Y57.644
M5
G0 X28.567 Y58.227
M3
G0 X29.733 Y58.227
M5
G0 X29.733 Y58.810
M3
G0 X28.567 Y58.810
M5
G0 X28.567 Y59.393
M3
G0 X30.316 Y59.393
M5
G0 X30.899 Y59.976
M3
G0 X28.567 Y59.976
M5
G0 X28.567 Y60.559
M3
G0 X30.899 Y60.559
M5
G0 X30.972 Y60.632
M3
G0 X30.972 Y57.717
M5
G0 X32.065 Y59.393
M3
G0 X33.231 Y59.393
M5
G0 X33.231 Y59.976
M3
G0 X32.065 Y59.976
M5
G0 X32.065 Y60.559
M3
G0 X33.231 Y60.559
M5
G0 X33.231 Y61.142
M3
G0 X31.482 Y61.142
M5
G0 X31.482 Y61.725
M3
G0 X33.231 Y61.725
M5
G0 X33.231 Y62.308
M3
G0 X31.482 Y62.308
M5
G0 X31.482 Y62.891
M3
G0 X33.231 Y62.891
M5
G0 X33.231 Y63.474
M3
G0 X31.482 Y63.474
M5
G0 X31.482 Y64.057
M3
G0 X33.231 Y64.057
M5
G0 X33.231 Y64.640
M3
G0 X31.482 Y64.640
M5
G0 X31.482 Y65.223
M3
G0 X33.231 Y65.223
M5
G0 X33.231 Y65.806
M3
G0 X31.482 Y65.806
M5
G0 X30.972 Y65.296
M3
G0 X30.972 Y62.964
M5
G0 X30.316 Y62.891
M3
G0 X28.567 Y62.891
M5
G0 X28.567 Y62.308
M3
G0 X30.316 Y62.308
M5
G0 X30.316 Y61.725
M3
G0 X28.567 Y61.725
M5
G0 X28.567 Y61.142
M3
G0 X30.316 Y61.142
M5
G0 X29.733 Y63.474
M3
G0 X28.567 Y63.474
M5
G0 X28.567 Y64.057
M3
G0 X29.733 Y64.057
M5
G0 X29.733 Y64.640
M3
G0 X28.567 Y64.640
M5
G0 X28.567 Y65.223
M3
G0 X29.733 Y65.223
M5
G0 X30.316 Y65.806
M3
G0 X28.567 Y65.806
M5
G0 X28.567 Y66.389
M3
G0 X30.316 Y66.389
M5
G0 X29.733 Y66.972
M3
G0 X28.567 Y66.972
M5
G0 X28.567 Y67.555
M3
G0 X29.733 Y67.555
M5
G0 X29.733 Y68.138
M3
G0 X28.567 Y68.138
M5
G0 X28.567 Y68.721
M3
G0 X29.733 Y68.721
M5
G0 X29.150 Y69.304
M3
G0 X28.567 Y69.304
M5
G0 X28.567 Y69.887
M3
G0 X29.150 Y69.887
M5
G0 X29.733 Y70.470
M3
G0 X30.316 Y70.470
M5
G0 X30.316 Y71.053
M3
G0 X29.733 Y71.053
M5
G0 X29.733 Y71.636
M3
G0 X30.316 Y71.636
M5
G0 X30.316 Y72.219
M3
G0 X29.733 Y72.219
M5
G0 X29.733 Y72.802
M3
G0 X30.316 Y72.802
M5
G0 X30.316 Y73.385
M3
G0 X29.733 Y73.385
M5
G0 X29.733 Y73.968
M3
G0 X30.316 Y73.968
M5
G0 X30.316 Y74.551
M3
G0 X29.733 Y74.551
M5
G0 X34.397 Y73.968
M3
G0 X34.980 Y73.968
M5
G0 X34.397 Y73.385
M3
G0 X35.563 Y73.385
M5
G0 X35.563 Y72.802
M3
G0 X34.397 Y72.802
M5
G0 X34.397 Y72.219
M3
G0 X35.563 Y72.219
M5
G0 X35.563 Y71.636
M3
G0 X34.397 Y71.636
M5
G0 X33.887 Y72.292
M3
G0 X33.887 Y109.021
M5
G0 X33.231 Y109.531
M3
G0 X30.316 Y109.531
M5
G0 X29.733 Y109.531
M3
G0 X27.984 Y109.531
M5
G0 X27.984 Y110.114
M3
G0 X29.733 Y110.114
M5
G0 X29.733 Y110.697
M3
G0 X27.984 Y110.697
M5
G0 X27.984 Y111.280
M3
G0 X29.733 Y111.280
M5
G0 X29.733 Y111.863
M3
G0 X27.984 Y111.863
M5
G0 X27.984 Y112.446
M3
G0 X29.733 Y112.446
M5
G0 X29.733 Y113.029
M3
G0 X27.984 Y113.029
M5
G0 X27.984 Y113.612
M3
G0 X29.150 Y113.612
M5
G0 X29.150 Y114.195
M3
G0 X27.984 Y114.195
M5
G0 X27.401 Y114.778
M3
G0 X29.150 Y114.778
M5
G0 X29.733 Y115.944
M3
G0 X32.648 Y115.944
M5
G0 X29.660 Y118.349
M3
G0 X29.660 Y121.264
M5
G0 X29.077 Y121.847
M3
G0 X29.077 Y119.515
M5
G0 X28.494 Y120.681
M3
G0 X28.494 Y125.345
M5
G0 X31.409 Y121.264
M3
G0 X31.409 Y120.098
M5
G0 X36.146 Y111.426
M3
G0 X23.903 Y111.426
M5
G0 X27.401 Y108.948
M3
G0 X29.733 Y108.948
M5
G0 X29.733 Y108.365
M3
G0 X27.401 Y108.365
M5
G0 X27.401 Y107.782
M3
G0 X29.733 Y107.782
M5
G0 X30.316 Y107.199
M3
G0 X27.984 Y107.199
M5
G0 X27.984 Y106.616
M3
G0 X30.316 Y106.616
M5
G0 X34.470 Y107.855
M3
G0 X34.470 Y48.389
M5
G0 X26.818 Y44.381
M3
G0 X24.486 Y44.381
M5
G0 X24.486 Y43.798
M3
G0 X26.818 Y43.798
M5
G0 X26.818 Y43.215
M3
G0 X24.486 Y43.215
M5
G0 X24.486 Y42.632
M3
G0 X26.818 Y42.632
M5
G0 X26.818 Y42.049
M3
G0 X24.486 Y42.049
M5
G0 X24.486 Y41.466
M3
G0 X26.818 Y41.466
M5
G0 X25.142 Y37.312
M3
G0 X25.142 Y36.729
M5
G0 X31.263 Y35.563
M3
G0 X31.263 Y32.648
M5
G0 X32.065 Y32.721
M3
G0 X33.231 Y32.721
M5
G0 X33.231 Y32.138
M3
G0 X32.065 Y32.138
M5
G0 X32.065 Y31.555
M3
G0 X33.231 Y31.555
M5
G0 X33.231 Y30.972
M3
G0 X32.065 Y30.972
M5
G0 X32.065 Y30.389
M3
G0 X33.231 Y30.389
M5
G0 X33.231 Y29.806
M3
G0 X32.065 Y29.806
M5
G0 X32.065 Y29.223
M3
G0 X33.231 Y29.223
M5
G0 X33.231 Y28.640
M3
G0 X32.065 Y28.640
M5
G0 X32.065 Y28.057
M3
G0 X33.231 Y28.057
M5
G0 X33.814 Y27.474
M3
G0 X32.065 Y27.474
M5
G0 X32.065 Y33.304
M3
G0 X33.231 Y33.304
M5
G0 X33.231 Y33.887
M3
G0 X32.065 Y33.887
M5
G0 X32.065 Y34.470
M3
G0 X33.231 Y34.470
M5
G0 X33.231 Y35.053
M3
G0 X32.065 Y35.053
M5
G0 X32.138 Y35.563
M3
G0 X32.138 Y37.312
M5
G0 X32.065 Y37.385
M3
G0 X33.814 Y37.385
M5
G0 X33.231 Y36.802
M3
G0 X32.065 Y36.802
M5
G0 X32.065 Y36.219
M3
G0 X33.231 Y36.219
M5
G0 X33.231 Y35.636
M3
G0 X32.065 Y35.636
M5
G0 X34.178 Y36.146
M3
G0 X34.178 Y244.860
M5
G0 X34.470 Y244.860
M3
G0 X34.470 Y241.362
M5
G0 X34.470 Y237.864
M3
G0 X34.470 Y233.200
M5
G0 X34.980 Y232.544
M3
G0 X36.146 Y232.544
M5
G0 X36.146 Y233.127
M3
G0 X35.563 Y233.127
M5
G0 X35.563 Y233.710
M3
G0 X36.146 Y233.710
M5
G0 X36.146 Y234.293
M3
G0 X35.563 Y234.293
M5
G0 X35.563 Y234.876
M3
G0 X36.146 Y234.876
M5
G0 X36.146 Y235.459
M3
G0 X35.563 Y235.459
M5
G0 X35.563 Y236.042
M3
G0 X36.146 Y236.042
M5
G0 X36.146 Y236.625
M3
G0 X35.563 Y236.625
M5
G0 X35.563 Y237.208
M3
G0 X36.146 Y237.208
M5
G0 X36.146 Y237.791
M3
G0 X35.563 Y237.791
M5
G0 X37.385 Y237.864
M3
G0 X37.385 Y234.366
M5
G0 X36.729 Y231.961
M3
G0 X34.980 Y231.961
M5
G0 X34.980 Y231.378
M3
G0 X36.729 Y231.378
M5
G0 X36.729 Y230.795
M3
G0 X34.980 Y230.795
M5
G0 X34.470 Y230.868
M3
G0 X34.470 Y227.953
M5
G0 X34.397 Y228.463
M3
G0 X32.065 Y228.463
M5
G0 X33.158 Y227.953
M3
G0 X33.158 Y226.787
M5
G0 X33.231 Y226.714
M3
G0 X32.065 Y226.714
M5
G0 X30.972 Y226.787
M3
G0 X30.972 Y211.046
M5
G0 X30.899 Y210.973
M3
G0 X30.316 Y210.973
M5
G0 X28.567 Y210.973
M3
G0 X27.984 Y210.973
M5
G0 X27.984 Y211.556
M3
G0 X28.567 Y211.556
M5
G0 X28.640 Y211.629
M3
G0 X28.640 Y223.872
M5
G0 X27.984 Y223.799
M3
G0 X27.401 Y223.799
M5
G0 X27.401 Y223.216
M3
G0 X27.984 Y223.216
M5
G0 X29.733 Y223.799
M3
G0 X37.895 Y223.799
M5
G0 X37.895 Y224.382
M3
G0 X32.648 Y224.382
M5
G0 X32.065 Y224.382
M3
G0 X29.733 Y224.382
M5
G0 X30.826 Y224.455
M3
G0 X30.826 Y225.038
M5
G0 X31.409 Y225.621
M3
G0 X31.409 Y223.872
M5
G0 X33.741 Y223.872
M3
G0 X33.741 Y219.208
M5
G0 X35.490 Y218.625
M3
G0 X35.490 Y217.459
M5
G0 X31.482 Y220.884
M3
G0 X29.150 Y220.884
M5
G0 X29.150 Y221.467
M3
G0 X31.482 Y221.467
M5
G0 X34.324 Y223.872
M3
G0 X34.324 Y224.455
M5
G0 X35.053 Y228.536
M3
G0 X35.053 Y244.860
M5
G0 X35.636 Y244.860
M3
G0 X35.636 Y160.908
M5
G0 X33.304 Y162.074
M3
G0 X33.304 Y172.568
M5
G0 X33.231 Y172.495
M3
G0 X32.648 Y172.495
M5
G0 X32.065 Y172.495
M3
G0 X30.899 Y172.495
M5
G0 X30.899 Y171.912
M3
G0 X32.065 Y171.912
M5
G0 X32.065 Y171.329
M3
G0 X30.899 Y171.329
M5
G0 X30.899 Y173.078
M3
G0 X32.065 Y173.078
M5
G0 X32.648 Y173.078
M3
G0 X33.231 Y173.078
M5
G0 X33.231 Y173.661
M3
G0 X32.648 Y173.661
M5
G0 X32.065 Y173.661
M3
G0 X30.899 Y173.661
M5
G0 X30.316 Y173.661
M3
G0 X27.984 Y173.661
M5
G0 X27.984 Y173.078
M3
G0 X30.316 Y173.078
M5
G0 X29.660 Y173.151
M3
G0 X29.660 Y172.568
M5
G0 X27.984 Y174.244
M3
G0 X31.482 Y174.244
M5
G0 X31.482 Y174.827
M3
G0 X27.984 Y174.827
M5
G0 X27.984 Y175.410
M3
G0 X28.567 Y175.410
M5
G0 X29.150 Y175.410
M3
G0 X31.482 Y175.410
M5
G0 X32.648 Y175.993
M3
G0 X33.231 Y175.993
M5
G0 X32.721 Y177.232
M3
G0 X32.721 Y161.491
M5
G0 X31.482 Y161.418
M3
G0 X26.818 Y161.418
M5
G0 X26.818 Y160.835
M3
G0 X31.482 Y160.835
M5
G0 X30.899 Y160.252
M3
G0 X26.818 Y160.252
M5
G0 X27.328 Y160.325
M3
G0 X27.328 Y154.495
M5
G0 X26.235 Y157.920
M3
G0 X30.316 Y157.920
M5
G0 X30.316 Y158.503
M3
G0 X26.235 Y158.503
M5
G0 X25.652 Y158.503
M3
G0 X24.486 Y158.503
M5
G0 X24.486 Y159.086
M3
G0 X25.652 Y159.086
M5
G0 X25.725 Y159.159
M3
G0 X25.725 Y172.568
M5
G0 X23.903 Y174.390
M3
G0 X12.243 Y174.390
M5
G0 X11.660 Y174.973
M3
G0 X9.328 Y174.973
M5
G0 X9.328 Y174.390
M3
G0 X11.077 Y174.390
M5
G0 X13.482 Y173.151
M3
G0 X13.482 Y172.568
M5
G0 X13.482 Y171.402
M3
G0 X13.482 Y170.236
M5
G0 X15.741 Y169.580
M3
G0 X16.907 Y169.580
M5
G0 X16.907 Y168.997
M3
G0 X15.741 Y168.997
M5
G0 X15.741 Y168.414
M3
G0 X16.907 Y168.414
M5
G0 X14.575 Y167.977
M3
G0 X11.077 Y167.977
M5
G0 X10.494 Y167.394
M3
G0 X13.992 Y167.394
M5
G0 X12.243 Y165.645
M3
G0 X10.494 Y165.645
M5
G0 X8.162 Y166.811
M3
G0 X6.996 Y166.811
M5
G0 X7.069 Y166.738
M3
G0 X7.069 Y165.572
M5
G0 X4.664 Y165.645
M3
G0 X3.498 Y165.645
M5
G0 X3.571 Y166.155
M3
G0 X3.571 Y170.236
M5
G0 X4.081 Y170.892
M3
G0 X2.915 Y170.892
M5
G0 X2.113 Y170.819
M3
G0 X2.113 Y102.025
M5
G0 X1.749 Y102.098
M3
G0 X0.000 Y102.098
M5
G0 X0.000 Y101.806
M3
G0 X3.498 Y101.806
M5
G0 X2.696 Y102.608
M3
G0 X2.696 Y168.487
M5
G0 X3.498 Y168.560
M3
G0 X4.081 Y168.560
M5
G0 X4.081 Y167.977
M3
G0 X3.498 Y167.977
M5
G0 X3.498 Y167.394
M3
G0 X4.081 Y167.394
M5
G0 X4.081 Y166.811
M3
G0 X3.498 Y166.811
M5
G0 X3.498 Y166.228
M3
G0 X4.081 Y166.228
M5
G0 X4.081 Y165.062
M3
G0 X4.664 Y165.062
M5
G0 X2.915 Y165.645
M3
G0 X1.749 Y165.645
M5
G0 X1.749 Y166.811
M3
G0 X2.915 Y166.811
M5
G0 X2.915 Y167.394
M3
G0 X1.749 Y167.394
M5
G0 X1.749 Y171.475
M3
G0 X0.583 Y171.475
M5
G0 X1.749 Y174.390
M3
G0 X2.915 Y174.390
M5
G0 X2.915 Y174.973
M3
G0 X1.749 Y174.973
M5
G0 X1.530 Y174.900
M3
G0 X1.530 Y185.394
M5
G0 X1.166 Y185.467
M3
G0 X0.000 Y185.467
M5
G0 X0.000 Y184.884
M3
G0 X1.166 Y184.884
M5
G0 X1.166 Y184.301
M3
G0 X0.000 Y184.301
M5
G0 X0.000 Y183.718
M3
G0 X1.749 Y183.718
M5
G0 X1.749 Y183.135
M3
G0 X0.000 Y183.135
M5
G0 X0.000 Y182.552
M3
G0 X1.749 Y182.552
M5
G0 X1.749 Y181.969
M3
G0 X0.000 Y181.969
M5
G0 X0.000 Y181.386
M3
G0 X2.332 Y181.386
M5
G0 X2.332 Y180.803
M3
G0 X0.000 Y180.803
M5
G0 X1.239 Y181.896
M3
G0 X1.239 Y177.232
M5
G0 X0.656 Y178.398
M3
G0 X0.656 Y185.394
M5
G0 X1.166 Y186.050
M3
G0 X0.000 Y186.050
M5
G0 X0.000 Y187.362
M3
G0 X137.588 Y187.362
M5
G0 X137.369 Y187.143
M3
G0 X137.369 Y171.985
M5
G0 X136.786 Y171.985
M3
G0 X136.786 Y187.143
M5
G0 X136.203 Y187.143
M3
G0 X136.203 Y171.985
M5
G0 X135.620 Y171.985
M3
G0 X135.620 Y186.560
M5
G0 X136.786 Y188.309
M3
G0 X136.786 Y244.860
M5
G0 X127.094 Y244.350
M3
G0 X124.762 Y244.350
M5
G0 X124.762 Y243.767
M3
G0 X127.094 Y243.767
M5
G0 X126.511 Y243.184
M3
G0 X124.762 Y243.184
M5
G0 X124.762 Y242.601
M3
G0 X126.511 Y242.601
M5
G0 X125.928 Y242.018
M3
G0 X124.762 Y242.018
M5
G0 X124.762 Y241.435
M3
G0 X125.928 Y241.435
M5
G0 X127.094 Y240.852
M3
G0 X124.179 Y240.852
M5
G0 X124.179 Y240.269
M3
G0 X127.094 Y240.269
M5
G0 X127.094 Y239.686
M3
G0 X123.596 Y239.686
M5
G0 X123.596 Y239.103
M3
G0 X127.094 Y239.103
M5
G0 X127.677 Y238.520
M3
G0 X123.013 Y238.520
M5
G0 X123.013 Y237.937
M3
G0 X127.677 Y237.937
M5
G0 X116.600 Y243.184
M3
G0 X114.268 Y243.184
M5
G0 X114.268 Y242.601
M3
G0 X116.017 Y242.601
M5
G0 X116.600 Y243.767
M3
G0 X113.685 Y243.767
M5
G0 X113.685 Y244.350
M3
G0 X116.600 Y244.350
M5
G0 X109.021 Y244.350
M3
G0 X107.855 Y244.350
M5
G0 X107.855 Y243.767
M3
G0 X109.021 Y243.767
M5
G0 X109.021 Y243.184
M3
G0 X108.438 Y243.184
M5
G0 X108.438 Y242.601
M3
G0 X109.021 Y242.601
M5
G0 X101.078 Y244.860
M3
G0 X101.078 Y0.000
M5
G0 X101.223 Y0.000
M3
G0 X101.223 Y16.907
M5
G0 X100.640 Y16.324
M3
G0 X100.640 Y0.000
M5
G0 X100.495 Y0.000
M3
G0 X100.495 Y244.860
M5
G0 X100.640 Y244.860
M3
G0 X100.640 Y224.455
M5
G0 X100.859 Y224.528
M3
G0 X117.183 Y224.528
M5
G0 X117.766 Y223.945
M3
G0 X100.859 Y223.945
M5
G0 X100.859 Y225.111
M3
G0 X116.600 Y225.111
M5
G0 X116.600 Y225.694
M3
G0 X100.859 Y225.694
M5
G0 X100.057 Y225.621
M3
G0 X100.057 Y217.459
M5
G0 X98.891 Y215.127
M3
G0 X98.891 Y214.544
M5
G0 X102.608 Y225.548
M3
G0 X103.774 Y225.548
M5
G0 X103.191 Y226.131
M3
G0 X102.608 Y226.131
M5
G0 X100.276 Y227.443
M3
G0 X107.855 Y227.443
M5
G0 X113.102 Y226.277
M3
G0 X115.434 Y226.277
M5
G0 X115.434 Y226.860
M3
G0 X114.268 Y226.860
M5
G0 X117.766 Y209.224
M3
G0 X121.264 Y209.224
M5
G0 X121.264 Y208.641
M3
G0 X119.515 Y208.641
M5
G0 X120.098 Y208.058
M3
G0 X121.264 Y208.058
M5
G0 X123.669 Y207.548
M3
G0 X123.669 Y199.386
M5
G0 X124.252 Y199.386
M3
G0 X124.252 Y208.131
M5
G0 X124.835 Y208.131
M3
G0 X124.835 Y199.386
M5
G0 X125.418 Y199.386
M3
G0 X125.418 Y208.714
M5
G0 X125.928 Y206.309
M3
G0 X127.094 Y206.309
M5
G0 X127.677 Y206.309
M3
G0 X132.341 Y206.309
M5
G0 X132.341 Y206.892
M3
G0 X127.677 Y206.892
M5
G0 X128.260 Y202.811
M3
G0 X116.017 Y202.811
M5
G0 X116.600 Y202.228
M3
G0 X120.681 Y202.228
M5
G0 X120.098 Y203.394
M3
G0 X115.434 Y203.394
M5
G0 X115.434 Y203.977
M3
G0 X120.098 Y203.977
M5
G0 X119.515 Y204.560
M3
G0 X116.017 Y204.560
M5
G0 X116.600 Y205.143
M3
G0 X118.349 Y205.143
M5
G0 X117.183 Y205.726
M3
G0 X116.600 Y205.726
M5
G0 X130.592 Y203.977
M3
G0 X131.758 Y203.977
M5
G0 X132.341 Y197.710
M3
G0 X132.924 Y197.710
M5
G0 X129.426 Y197.127
M3
G0 X96.778 Y197.127
M5
G0 X94.810 Y197.637
M3
G0 X94.810 Y198.220
M5
G0 X94.810 Y203.467
M3
G0 X94.810 Y244.860
M5
G0 X92.916 Y244.860
M3
G0 X92.916 Y0.000
M5
G0 X92.770 Y0.000
M3
G0 X92.770 Y15.741
M5
G0 X92.187 Y12.826
M3
G0 X92.187 Y0.000
M5
G0 X91.604 Y0.000
M3
G0 X91.604 Y0.583
M5
G0 X90.948 Y1.822
M3
G0 X137.588 Y1.822
M5
G0 X137.588 Y1.676
M3
G0 X131.175 Y1.676
M5
G0 X131.175 Y2.259
M3
G0 X137.588 Y2.259
M5
G0 X137.588 Y2.405
M3
G0 X90.948 Y2.405
M5
G0 X90.948 Y2.988
M3
G0 X137.588 Y2.988
M5
G0 X137.588 Y2.842
M3
G0 X131.175 Y2.842
M5
G0 X131.175 Y3.425
M3
G0 X137.588 Y3.425
M5
G0 X137.588 Y3.571
M3
G0 X90.948 Y3.571
M5
G0 X90.948 Y4.154
M3
G0 X137.588 Y4.154
M5
G0 X137.588 Y4.008
M3
G0 X131.758 Y4.008
M5
G0 X131.758 Y4.591
M3
G0 X137.588 Y4.591
M5
G0 X137.588 Y4.737
M3
G0 X128.260 Y4.737
M5
G0 X127.094 Y4.737
M3
G0 X90.948 Y4.737
M5
G0 X90.948 Y5.320
M3
G0 X137.588 Y5.320
M5
G0 X137.588 Y5.174
M3
G0 X131.758 Y5.174
M5
G0 X131.758 Y5.757
M3
G0 X137.588 Y5.757
M5
G0 X137.588 Y5.903
M3
G0 X90.948 Y5.903
M5
G0 X90.948 Y6.486
M3
G0 X137.588 Y6.486
M5
G0 X137.005 Y6.340
M3
G0 X131.175 Y6.340
M5
G0 X130.592 Y6.923
M3
G0 X134.090 Y6.923
M5
G0 X134.673 Y6.923
M3
G0 X136.422 Y6.923
M5
G0 X136.495 Y7.579
M3
G0 X136.495 Y0.000
M5
G0 X135.912 Y0.000
M3
G0 X135.912 Y7.579
M5
G0 X135.839 Y7.506
M3
G0 X135.256 Y7.506
M5
G0 X135.329 Y8.162
M3
G0 X135.329 Y0.000
M5
G0 X134.746 Y0.000
M3
G0 X134.746 Y9.328
M5
G0 X134.163 Y9.911
M3
G0 X134.163 Y0.000
M5
G0 X133.580 Y0.000
M3
G0 X133.580 Y10.494
M5
G0 X132.997 Y11.077
M3
G0 X132.997 Y0.000
M5
G0 X132.414 Y0.000
M3
G0 X132.414 Y11.660
M5
G0 X131.831 Y12.243
M3
G0 X131.831 Y0.000
M5
G0 X131.248 Y0.000
M3
G0 X131.248 Y12.826
M5
G0 X130.665 Y13.409
M3
G0 X130.665 Y0.000
M5
G0 X130.592 Y7.506
M3
G0 X131.175 Y7.506
M5
G0 X131.175 Y8.089
M3
G0 X130.592 Y8.089
M5
G0 X130.592 Y8.672
M3
G0 X131.175 Y8.672
M5
G0 X132.341 Y7.506
M3
G0 X133.507 Y7.506
M5
G0 X129.426 Y9.838
M3
G0 X128.843 Y9.838
M5
G0 X131.831 Y13.409
M3
G0 X131.831 Y22.737
M5
G0 X131.248 Y22.737
M3
G0 X131.248 Y14.575
M5
G0 X130.665 Y14.575
M3
G0 X130.665 Y22.737
M5
G0 X130.082 Y22.737
M3
G0 X130.082 Y16.907
M5
G0 X129.499 Y16.907
M3
G0 X129.499 Y23.320
M5
G0 X128.916 Y23.320
M3
G0 X128.916 Y17.490
M5
G0 X128.333 Y18.073
M3
G0 X128.333 Y23.320
M5
G0 X127.750 Y21.571
M3
G0 X127.750 Y19.822
M5
G0 X129.426 Y20.332
M3
G0 X137.588 Y20.332
M5
G0 X137.515 Y20.405
M3
G0 X137.515 Y17.490
M5
G0 X137.588 Y17.417
M3
G0 X131.758 Y17.417
M5
G0 X131.758 Y16.834
M3
G0 X137.588 Y16.834
M5
G0 X137.588 Y16.980
M3
G0 X102.608 Y16.980
M5
G0 X102.608 Y16.397
M3
G0 X137.588 Y16.397
M5
G0 X137.588 Y17.563
M3
G0 X103.191 Y17.563
M5
G0 X103.774 Y18.146
M3
G0 X137.588 Y18.146
M5
G0 X137.588 Y18.000
M3
G0 X130.592 Y18.000
M5
G0 X130.592 Y18.583
M3
G0 X137.588 Y18.583
M5
G0 X137.588 Y18.729
M3
G0 X103.774 Y18.729
M5
G0 X104.357 Y19.312
M3
G0 X137.588 Y19.312
M5
G0 X137.588 Y19.166
M3
G0 X130.009 Y19.166
M5
G0 X130.009 Y19.749
M3
G0 X137.588 Y19.749
M5
G0 X137.588 Y19.895
M3
G0 X104.940 Y19.895
M5
G0 X105.523 Y20.478
M3
G0 X137.588 Y20.478
M5
G0 X137.588 Y20.915
M3
G0 X129.426 Y20.915
M5
G0 X132.341 Y21.498
M3
G0 X137.588 Y21.498
M5
G0 X137.588 Y21.644
M3
G0 X106.106 Y21.644
M5
G0 X106.106 Y22.227
M3
G0 X137.588 Y22.227
M5
G0 X137.588 Y22.081
M3
G0 X134.090 Y22.081
M5
G0 X134.163 Y23.320
M3
G0 X134.163 Y13.992
M5
G0 X133.580 Y13.992
M3
G0 X133.580 Y23.320
M5
G0 X132.997 Y23.320
M3
G0 X132.997 Y13.992
M5
G0 X132.414 Y13.409
M3
G0 X132.414 Y23.320
M5
G0 X134.746 Y23.320
M3
G0 X134.746 Y13.992
M5
G0 X135.329 Y13.992
M3
G0 X135.329 Y23.903
M5
G0 X135.912 Y23.903
M3
G0 X135.912 Y13.992
M5
G0 X136.495 Y13.992
M3
G0 X136.495 Y23.903
M5
G0 X137.078 Y24.486
M3
G0 X137.078 Y13.409
M5
G0 X137.588 Y13.773
M3
G0 X57.134 Y13.773
M5
G0 X57.134 Y14.356
M3
G0 X137.588 Y14.356
M5
G0 X137.588 Y14.648
M3
G0 X101.442 Y14.648
M5
G0 X103.847 Y14.575
M3
G0 X103.847 Y0.000
M5
G0 X103.264 Y0.000
M3
G0 X103.264 Y12.826
M5
G0 X102.681 Y12.243
M3
G0 X102.681 Y0.000
M5
G0 X102.098 Y0.000
M3
G0 X102.098 Y11.660
M5
G0 X101.515 Y11.077
M3
G0 X101.515 Y0.000
M5
G0 X100.932 Y0.000
M3
G0 X100.932 Y9.911
M5
G0 X100.349 Y9.328
M3
G0 X100.349 Y0.000
M5
G0 X99.766 Y0.000
M3
G0 X99.766 Y8.745
M5
G0 X99.183 Y8.162
M3
G0 X99.183 Y0.000
M5
G0 X98.600 Y0.000
M3
G0 X98.600 Y6.996
M5
G0 X98.017 Y6.413
M3
G0 X98.017 Y0.000
M5
G0 X97.434 Y0.000
M3
G0 X97.434 Y6.413
M5
G0 X96.851 Y6.413
M3
G0 X96.851 Y0.000
M5
G0 X96.268 Y0.000
M3
G0 X96.268 Y6.413
M5
G0 X95.685 Y6.996
M3
G0 X95.685 Y0.000
M5
G0 X95.102 Y0.000
M3
G0 X95.102 Y7.579
M5
G0 X94.519 Y7.579
M3
G0 X94.519 Y0.000
M5
G0 X93.936 Y0.000
M3
G0 X93.936 Y8.162
M5
G0 X93.936 Y10.494
M3
G0 X93.936 Y12.243
M5
G0 X98.308 Y16.907
M3
G0 X98.308 Y18.073
M5
G0 X104.430 Y15.158
M3
G0 X104.430 Y0.000
M5
G0 X105.013 Y0.000
M3
G0 X105.013 Y16.907
M5
G0 X105.596 Y18.073
M3
G0 X105.596 Y0.000
M5
G0 X106.179 Y0.000
M3
G0 X106.179 Y18.073
M5
G0 X106.762 Y20.405
M3
G0 X106.762 Y0.000
M5
G0 X106.689 Y0.510
M3
G0 X93.280 Y0.510
M5
G0 X93.280 Y1.093
M3
G0 X103.774 Y1.093
M5
G0 X102.608 Y1.676
M3
G0 X93.280 Y1.676
M5
G0 X93.280 Y2.259
M3
G0 X102.608 Y2.259
M5
G0 X102.608 Y2.842
M3
G0 X93.280 Y2.842
M5
G0 X93.280 Y3.425
M3
G0 X102.608 Y3.425
M5
G0 X102.608 Y4.008
M3
G0 X97.944 Y4.008
M5
G0 X98.527 Y4.591
M3
G0 X102.608 Y4.591
M5
G0 X103.774 Y5.174
M3
G0 X99.110 Y5.174
M5
G0 X99.693 Y5.757
M3
G0 X103.774 Y5.757
M5
G0 X103.774 Y6.340
M3
G0 X100.276 Y6.340
M5
G0 X100.859 Y6.923
M3
G0 X104.357 Y6.923
M5
G0 X104.940 Y7.506
M3
G0 X100.859 Y7.506
M5
G0 X101.442 Y8.089
M3
G0 X104.940 Y8.089
M5
G0 X104.940 Y8.672
M3
G0 X102.025 Y8.672
M5
G0 X102.608 Y9.255
M3
G0 X105.523 Y9.255
M5
G0 X105.523 Y9.838
M3
G0 X103.774 Y9.838
M5
G0 X104.357 Y10.421
M3
G0 X105.523 Y10.421
M5
G0 X110.843 Y8.162
M3
G0 X110.843 Y25.069
M5
G0 X111.426 Y25.069
M3
G0 X111.426 Y9.328
M5
G0 X112.009 Y9.911
M3
G0 X112.009 Y34.980
M5
G0 X112.592 Y34.397
M3
G0 X112.592 Y11.077
M5
G0 X113.175 Y11.660
M3
G0 X113.175 Y33.814
M5
G0 X113.758 Y33.231
M3
G0 X113.758 Y11.660
M5
G0 X114.341 Y12.243
M3
G0 X114.341 Y32.648
M5
G0 X112.883 Y38.478
M3
G0 X112.883 Y0.000
M5
G0 X112.738 Y0.000
M3
G0 X112.738 Y153.912
M5
G0 X112.155 Y152.163
M3
G0 X112.155 Y0.000
M5
G0 X112.300 Y0.000
M3
G0 X112.300 Y39.061
M5
G0 X111.717 Y39.644
M3
G0 X111.717 Y0.000
M5
G0 X111.572 Y0.000
M3
G0 X111.572 Y149.248
M5
G0 X107.855 Y144.948
M3
G0 X60.632 Y144.948
M5
G0 X60.632 Y143.928
M3
G0 X61.215 Y143.928
M5
G0 X61.215 Y143.345
M3
G0 X60.632 Y143.345
M5
G0 X59.466 Y142.908
M3
G0 X58.300 Y142.908
M5
G0 X58.300 Y142.762
M3
G0 X58.883 Y142.762
M5
G0 X58.883 Y142.179
M3
G0 X58.300 Y142.179
M5
G0 X57.790 Y142.252
M3
G0 X57.790 Y126.511
M5
G0 X58.373 Y125.928
M3
G0 X58.373 Y128.260
M5
G0 X59.466 Y125.126
M3
G0 X12.243 Y125.126
M5
G0 X9.547 Y125.928
M3
G0 X9.547 Y123.596
M5
G0 X9.547 Y126.511
M3
G0 X9.547 Y128.260
M5
G0 X6.486 Y129.426
M3
G0 X6.486 Y137.588
M5
G0 X6.413 Y137.661
M3
G0 X8.162 Y137.661
M5
G0 X8.162 Y139.264
M3
G0 X6.996 Y139.264
M5
G0 X6.413 Y139.410
M3
G0 X8.162 Y139.410
M5
G0 X9.911 Y140.867
M3
G0 X11.077 Y140.867
M5
G0 X11.077 Y141.742
M3
G0 X10.494 Y141.742
M5
G0 X8.745 Y142.762
M3
G0 X8.162 Y142.762
M5
G0 X8.162 Y143.345
M3
G0 X8.745 Y143.345
M5
G0 X9.328 Y144.074
M3
G0 X6.413 Y144.074
M5
G0 X6.413 Y144.365
M3
G0 X9.328 Y144.365
M5
G0 X9.328 Y144.657
M3
G0 X6.996 Y144.657
M5
G0 X6.777 Y144.584
M3
G0 X6.777 Y119.515
M5
G0 X5.830 Y118.422
M3
G0 X0.000 Y118.422
M5
G0 X0.000 Y119.005
M3
G0 X2.915 Y119.005
M5
G0 X2.988 Y117.766
M3
G0 X2.988 Y109.604
M5
G0 X2.332 Y109.531
M3
G0 X1.749 Y109.531
M5
G0 X1.749 Y108.948
M3
G0 X2.332 Y108.948
M5
G0 X2.332 Y108.365
M3
G0 X1.749 Y108.365
M5
G0 X1.749 Y110.114
M3
G0 X2.332 Y110.114
M5
G0 X3.571 Y111.353
M3
G0 X3.571 Y107.272
M5
G0 X4.664 Y112.009
M3
G0 X5.830 Y112.009
M5
G0 X5.830 Y112.592
M3
G0 X5.247 Y112.592
M5
G0 X5.247 Y113.175
M3
G0 X6.413 Y113.175
M5
G0 X6.413 Y113.758
M3
G0 X5.247 Y113.758
M5
G0 X5.247 Y114.341
M3
G0 X6.413 Y114.341
M5
G0 X4.664 Y114.341
M3
G0 X0.583 Y114.341
M5
G0 X0.583 Y113.758
M3
G0 X4.081 Y113.758
M5
G0 X1.239 Y118.932
M3
G0 X1.239 Y102.608
M5
G0 X1.166 Y102.535
M3
G0 X0.583 Y102.535
M5
G0 X0.000 Y100.932
M3
G0 X1.166 Y100.932
M5
G0 X1.166 Y100.349
M3
G0 X0.000 Y100.349
M5
G0 X0.000 Y96.414
M3
G0 X137.588 Y96.414
M5
G0 X137.588 Y96.268
M3
G0 X122.430 Y96.268
M5
G0 X122.430 Y95.685
M3
G0 X137.588 Y95.685
M5
G0 X137.588 Y95.102
M3
G0 X122.430 Y95.102
M5
G0 X124.179 Y94.956
M3
G0 X125.345 Y94.956
M5
G0 X125.928 Y95.539
M3
G0 X124.179 Y95.539
M5
G0 X124.179 Y96.122
M3
G0 X125.345 Y96.122
M5
G0 X124.762 Y94.373
M3
G0 X124.179 Y94.373
M5
G0 X124.179 Y93.790
M3
G0 X124.762 Y93.790
M5
G0 X124.835 Y91.531
M3
G0 X124.835 Y124.762
M5
G0 X125.418 Y124.762
M3
G0 X125.418 Y91.531
M5
G0 X126.001 Y91.531
M3
G0 X126.001 Y125.345
M5
G0 X126.584 Y125.928
M3
G0 X126.584 Y91.531
M5
G0 X127.167 Y92.114
M3
G0 X127.167 Y110.770
M5
G0 X127.750 Y110.187
M3
G0 X127.750 Y92.114
M5
G0 X128.333 Y92.697
M3
G0 X128.333 Y110.187
M5
G0 X128.916 Y110.187
M3
G0 X128.916 Y92.697
M5
G0 X129.499 Y93.280
M3
G0 X129.499 Y109.604
M5
G0 X130.082 Y109.021
M3
G0 X130.082 Y93.280
M5
G0 X130.665 Y93.863
M3
G0 X130.665 Y109.021
M5
G0 X131.248 Y109.604
M3
G0 X131.248 Y93.863
M5
G0 X131.831 Y94.446
M3
G0 X131.831 Y109.604
M5
G0 X132.414 Y109.604
M3
G0 X132.414 Y94.446
M5
G0 X132.997 Y94.446
M3
G0 X132.997 Y110.187
M5
G0 X133.580 Y110.187
M3
G0 X133.580 Y93.863
M5
G0 X134.163 Y93.280
M3
G0 X134.163 Y110.187
M5
G0 X134.746 Y110.187
M3
G0 X134.746 Y93.280
M5
G0 X135.329 Y92.114
M3
G0 X135.329 Y110.187
M5
G0 X135.912 Y110.187
M3
G0 X135.912 Y91.531
M5
G0 X136.495 Y90.365
M3
G0 X136.495 Y109.604
M5
G0 X137.078 Y109.604
M3
G0 X137.078 Y89.782
M5
G0 X137.588 Y89.855
M3
G0 X134.673 Y89.855
M5
G0 X135.256 Y89.272
M3
G0 X137.588 Y89.272
M5
G0 X137.588 Y88.689
M3
G0 X135.256 Y88.689
M5
G0 X135.839 Y88.106
M3
G0 X137.588 Y88.106
M5
G0 X137.588 Y87.523
M3
G0 X135.839 Y87.523
M5
G0 X135.839 Y86.940
M3
G0 X137.588 Y86.940
M5
G0 X137.588 Y86.357
M3
G0 X135.839 Y86.357
M5
G0 X135.839 Y85.774
M3
G0 X137.588 Y85.774
M5
G0 X137.588 Y85.191
M3
G0 X135.839 Y85.191
M5
G0 X135.256 Y84.608
M3
G0 X137.588 Y84.608
M5
G0 X137.588 Y84.025
M3
G0 X135.256 Y84.025
M5
G0 X137.078 Y81.620
M3
G0 X137.078 Y27.984
M5
G0 X137.588 Y25.725
M3
G0 X110.770 Y25.725
M5
G0 X109.604 Y25.142
M3
G0 X137.588 Y25.142
M5
G0 X137.588 Y24.559
M3
G0 X108.438 Y24.559
M5
G0 X107.272 Y23.976
M3
G0 X137.588 Y23.976
M5
G0 X137.588 Y23.393
M3
G0 X107.272 Y23.393
M5
G0 X106.689 Y22.810
M3
G0 X137.588 Y22.810
M5
G0 X137.588 Y22.664
M3
G0 X136.422 Y22.664
M5
G0 X137.588 Y21.061
M3
G0 X105.523 Y21.061
M5
G0 X107.345 Y20.988
M3
G0 X107.345 Y0.000
M5
G0 X107.928 Y0.000
M3
G0 X107.928 Y21.571
M5
G0 X108.511 Y22.737
M3
G0 X108.511 Y5.247
M5
G0 X108.511 Y4.664
M3
G0 X108.511 Y0.000
M5
G0 X109.094 Y0.000
M3
G0 X109.094 Y3.498
M5
G0 X109.677 Y2.915
M3
G0 X109.677 Y0.000
M5
G0 X110.260 Y0.000
M3
G0 X110.260 Y2.915
M5
G0 X110.843 Y2.332
M3
G0 X110.843 Y0.000
M5
G0 X111.426 Y0.000
M3
G0 X111.426 Y2.332
M5
G0 X112.009 Y2.332
M3
G0 X112.009 Y0.000
M5
G0 X112.592 Y0.000
M3
G0 X112.592 Y2.332
M5
G0 X113.175 Y2.915
M3
G0 X113.175 Y0.000
M5
G0 X113.758 Y0.000
M3
G0 X113.758 Y2.915
M5
G0 X114.341 Y2.915
M3
G0 X114.341 Y0.000
M5
G0 X114.924 Y0.000
M3
G0 X114.924 Y2.915
M5
G0 X115.507 Y2.915
M3
G0 X115.507 Y0.000
M5
G0 X116.090 Y0.000
M3
G0 X116.090 Y2.915
M5
G0 X116.673 Y2.915
M3
G0 X116.673 Y0.000
M5
G0 X117.256 Y0.000
M3
G0 X117.256 Y2.915
M5
G0 X117.839 Y2.915
M3
G0 X117.839 Y0.000
M5
G0 X118.422 Y0.000
M3
G0 X118.422 Y2.915
M5
G0 X119.005 Y2.915
M3
G0 X119.005 Y0.000
M5
G0 X119.151 Y0.000
M3
G0 X119.151 Y91.531
M5
G0 X124.252 Y90.948
M3
G0 X124.252 Y124.179
M5
G0 X125.345 Y122.940
M3
G0 X128.260 Y122.940
M5
G0 X127.167 Y125.928
M3
G0 X127.167 Y113.102
M5
G0 X121.847 Y113.175
M3
G0 X137.588 Y113.175
M5
G0 X137.588 Y112.592
M3
G0 X121.847 Y112.592
M5
G0 X121.847 Y112.009
M3
G0 X137.588 Y112.009
M5
G0 X137.588 Y111.426
M3
G0 X121.847 Y111.426
M5
G0 X121.847 Y110.843
M3
G0 X137.588 Y110.843
M5
G0 X137.588 Y110.260
M3
G0 X121.847 Y110.260
M5
G0 X121.847 Y109.677
M3
G0 X137.588 Y109.677
M5
G0 X137.588 Y109.094
M3
G0 X121.847 Y109.094
M5
G0 X121.847 Y113.758
M3
G0 X137.588 Y113.758
M5
G0 X137.588 Y114.341
M3
G0 X121.847 Y114.341
M5
G0 X121.847 Y114.924
M3
G0 X137.588 Y114.924
M5
G0 X137.588 Y115.507
M3
G0 X121.847 Y115.507
M5
G0 X121.847 Y116.090
M3
G0 X137.588 Y116.090
M5
G0 X137.588 Y116.673
M3
G0 X121.847 Y116.673
M5
G0 X121.847 Y117.256
M3
G0 X137.588 Y117.256
M5
G0 X137.588 Y117.839
M3
G0 X121.847 Y117.839
M5
G0 X121.847 Y118.422
M3
G0 X137.588 Y118.422
M5
G0 X137.588 Y119.005
M3
G0 X121.847 Y119.005
M5
G0 X121.847 Y120.171
M3
G0 X137.588 Y120.171
M5
G0 X137.588 Y119.879
M3
G0 X74.041 Y119.879
M5
G0 X74.624 Y119.588
M3
G0 X91.531 Y119.588
M5
G0 X82.203 Y125.855
M3
G0 X79.288 Y125.855
M5
G0 X79.288 Y126.438
M3
G0 X82.203 Y126.438
M5
G0 X81.620 Y127.021
M3
G0 X79.288 Y127.021
M5
G0 X79.871 Y127.604
M3
G0 X81.620 Y127.604
M5
G0 X81.037 Y128.187
M3
G0 X79.871 Y128.187
M5
G0 X76.956 Y125.855
M3
G0 X76.373 Y125.855
M5
G0 X74.624 Y128.333
M3
G0 X74.041 Y128.333
M5
G0 X74.041 Y128.770
M3
G0 X74.624 Y128.770
M5
G0 X74.624 Y128.916
M3
G0 X74.041 Y128.916
M5
G0 X71.126 Y126.292
M3
G0 X69.377 Y126.292
M5
G0 X68.794 Y125.126
M3
G0 X67.628 Y125.126
M5
G0 X67.628 Y125.272
M3
G0 X68.211 Y125.272
M5
G0 X68.211 Y125.418
M3
G0 X67.628 Y125.418
M5
G0 X64.932 Y124.179
M3
G0 X64.932 Y244.860
M5
G0 X64.713 Y244.204
M3
G0 X71.126 Y244.204
M5
G0 X71.126 Y243.621
M3
G0 X64.713 Y243.621
M5
G0 X64.130 Y243.621
M3
G0 X57.717 Y243.621
M5
G0 X57.717 Y243.038
M3
G0 X71.126 Y243.038
M5
G0 X71.126 Y242.455
M3
G0 X57.717 Y242.455
M5
G0 X58.300 Y241.872
M3
G0 X71.126 Y241.872
M5
G0 X71.126 Y241.289
M3
G0 X58.300 Y241.289
M5
G0 X58.300 Y240.706
M3
G0 X71.126 Y240.706
M5
G0 X71.126 Y240.123
M3
G0 X57.717 Y240.123
M5
G0 X57.717 Y239.540
M3
G0 X71.126 Y239.540
M5
G0 X71.126 Y238.957
M3
G0 X57.717 Y238.957
M5
G0 X57.717 Y238.374
M3
G0 X71.126 Y238.374
M5
G0 X71.126 Y237.791
M3
G0 X57.134 Y237.791
M5
G0 X57.717 Y237.208
M3
G0 X71.126 Y237.208
M5
G0 X71.126 Y236.625
M3
G0 X57.717 Y236.625
M5
G0 X58.300 Y236.042
M3
G0 X71.126 Y236.042
M5
G0 X71.126 Y235.459
M3
G0 X58.300 Y235.459
M5
G0 X57.717 Y234.876
M3
G0 X71.126 Y234.876
M5
G0 X71.126 Y234.293
M3
G0 X57.717 Y234.293
M5
G0 X57.134 Y233.710
M3
G0 X71.126 Y233.710
M5
G0 X71.126 Y233.127
M3
G0 X57.717 Y233.127
M5
G0 X57.717 Y232.544
M3
G0 X71.126 Y232.544
M5
G0 X71.126 Y231.961
M3
G0 X57.717 Y231.961
M5
G0 X57.717 Y231.378
M3
G0 X71.126 Y231.378
M5
G0 X71.709 Y230.795
M3
G0 X57.717 Y230.795
M5
G0 X57.717 Y230.212
M3
G0 X71.709 Y230.212
M5
G0 X71.709 Y229.629
M3
G0 X57.717 Y229.629
M5
G0 X57.717 Y229.046
M3
G0 X71.709 Y229.046
M5
G0 X72.292 Y228.463
M3
G0 X58.300 Y228.463
M5
G0 X58.883 Y227.880
M3
G0 X72.292 Y227.880
M5
G0 X72.875 Y227.297
M3
G0 X58.883 Y227.297
M5
G0 X58.883 Y226.714
M3
G0 X72.875 Y226.714
M5
G0 X72.875 Y226.131
M3
G0 X64.713 Y226.131
M5
G0 X64.640 Y226.204
M3
G0 X64.640 Y227.370
M5
G0 X65.223 Y226.787
M3
G0 X65.223 Y226.204
M5
G0 X64.713 Y225.548
M3
G0 X72.875 Y225.548
M5
G0 X72.875 Y224.965
M3
G0 X64.130 Y224.965
M5
G0 X64.203 Y225.038
M3
G0 X64.203 Y196.471
M5
G0 X64.130 Y196.398
M3
G0 X63.547 Y196.398
M5
G0 X62.381 Y195.815
M3
G0 X61.798 Y195.815
M5
G0 X58.883 Y196.398
M3
G0 X58.300 Y196.398
M5
G0 X56.551 Y196.398
M3
G0 X55.968 Y196.398
M5
G0 X54.802 Y196.981
M3
G0 X54.219 Y196.981
M5
G0 X50.794 Y199.969
M3
G0 X50.794 Y144.001
M5
G0 X48.170 Y139.337
M3
G0 X48.170 Y138.171
M5
G0 X48.462 Y138.171
M3
G0 X48.462 Y138.754
M5
G0 X44.308 Y138.535
M3
G0 X11.660 Y138.535
M5
G0 X13.409 Y138.244
M3
G0 X13.992 Y138.244
M5
G0 X13.992 Y137.661
M3
G0 X13.409 Y137.661
M5
G0 X12.243 Y136.786
M3
G0 X60.632 Y136.786
M5
G0 X60.632 Y136.495
M3
G0 X59.466 Y136.495
M5
G0 X58.300 Y137.078
M3
G0 X57.717 Y137.078
M5
G0 X57.134 Y139.410
M3
G0 X55.385 Y139.410
M5
G0 X57.717 Y141.013
M3
G0 X58.300 Y141.013
M5
G0 X57.717 Y141.159
M3
G0 X58.883 Y141.159
M5
G0 X58.883 Y141.742
M3
G0 X57.717 Y141.742
M5
G0 X58.300 Y143.345
M3
G0 X58.883 Y143.345
M5
G0 X58.956 Y143.418
M3
G0 X58.956 Y147.499
M5
G0 X57.790 Y146.916
M3
G0 X57.790 Y177.232
M5
G0 X57.207 Y177.232
M3
G0 X57.207 Y145.167
M5
G0 X57.790 Y145.750
M3
G0 X57.790 Y146.333
M5
G0 X61.288 Y148.665
M3
G0 X61.288 Y149.248
M5
G0 X63.037 Y147.499
M3
G0 X63.037 Y146.916
M5
G0 X62.964 Y146.406
M3
G0 X64.130 Y146.406
M5
G0 X64.057 Y146.333
M3
G0 X64.057 Y145.750
M5
G0 X64.130 Y145.677
M3
G0 X63.547 Y145.677
M5
G0 X63.547 Y146.260
M3
G0 X64.130 Y146.260
M5
G0 X64.130 Y145.823
M3
G0 X62.964 Y145.823
M5
G0 X62.964 Y146.114
M3
G0 X64.713 Y146.114
M5
G0 X65.077 Y146.916
M3
G0 X65.077 Y195.305
M5
G0 X67.628 Y193.629
M3
G0 X74.041 Y193.629
M5
G0 X70.616 Y194.139
M3
G0 X70.616 Y194.722
M5
G0 X70.033 Y194.722
M3
G0 X70.033 Y195.305
M5
G0 X69.450 Y194.722
M3
G0 X69.450 Y194.139
M5
G0 X68.284 Y194.139
M3
G0 X68.284 Y244.860
M5
G0 X64.203 Y244.860
M3
G0 X64.203 Y225.621
M5
G0 X64.130 Y226.131
M3
G0 X58.300 Y226.131
M5
G0 X57.717 Y224.382
M3
G0 X59.466 Y224.382
M5
G0 X58.300 Y223.799
M3
G0 X57.134 Y223.799
M5
G0 X55.968 Y223.799
M3
G0 X55.385 Y223.799
M5
G0 X55.385 Y223.216
M3
G0 X54.802 Y223.216
M5
G0 X53.636 Y223.216
M3
G0 X52.470 Y223.216
M5
G0 X53.053 Y222.633
M3
G0 X51.887 Y222.633
M5
G0 X51.887 Y223.799
M3
G0 X51.304 Y223.799
M5
G0 X51.304 Y224.382
M3
G0 X51.887 Y224.382
M5
G0 X51.304 Y224.965
M3
G0 X52.470 Y224.965
M5
G0 X53.053 Y223.799
M3
G0 X53.636 Y223.799
M5
G0 X55.458 Y219.791
M3
G0 X55.458 Y219.208
M5
G0 X55.458 Y218.042
M3
G0 X55.458 Y217.459
M5
G0 X53.709 Y217.459
M3
G0 X53.709 Y216.876
M5
G0 X51.960 Y212.212
M3
G0 X51.960 Y244.860
M5
G0 X51.304 Y241.289
M3
G0 X44.891 Y241.289
M5
G0 X44.308 Y243.767
M3
G0 X43.142 Y243.767
M5
G0 X43.142 Y244.350
M3
G0 X44.308 Y244.350
M5
G0 X43.798 Y244.860
M3
G0 X43.798 Y150.414
M5
G0 X44.891 Y150.341
M3
G0 X46.057 Y150.341
M5
G0 X46.640 Y150.341
M3
G0 X47.806 Y150.341
M5
G0 X47.806 Y149.758
M3
G0 X44.891 Y149.758
M5
G0 X46.640 Y149.175
M3
G0 X47.806 Y149.175
M5
G0 X44.891 Y142.033
M3
G0 X12.826 Y142.033
M5
G0 X12.826 Y142.616
M3
G0 X112.519 Y142.616
M5
G0 X117.183 Y139.701
M3
G0 X118.349 Y139.701
M5
G0 X118.349 Y139.118
M3
G0 X117.183 Y139.118
M5
G0 X117.183 Y138.535
M3
G0 X118.349 Y138.535
M5
G0 X118.349 Y137.952
M3
G0 X117.183 Y137.952
M5
G0 X117.183 Y137.369
M3
G0 X118.932 Y137.369
M5
G0 X118.932 Y136.786
M3
G0 X117.183 Y136.786
M5
G0 X119.734 Y144.584
M3
G0 X119.734 Y0.000
M5
G0 X119.879 Y0.000
M3
G0 X119.879 Y80.454
M5
G0 X119.296 Y78.122
M3
G0 X119.296 Y56.551
M5
G0 X119.296 Y55.968
M3
G0 X119.296 Y0.000
M5
G0 X119.588 Y0.000
M3
G0 X119.588 Y2.915
M5
G0 X120.171 Y2.915
M3
G0 X120.171 Y0.000
M5
G0 X121.045 Y0.000
M3
G0 X121.045 Y85.701
M5
G0 X123.596 Y86.357
M3
G0 X124.762 Y86.357
M5
G0 X124.762 Y86.940
M3
G0 X123.596 Y86.940
M5
G0 X125.928 Y80.381
M3
G0 X126.511 Y80.381
M5
G0 X126.511 Y79.798
M3
G0 X125.928 Y79.798
M5
G0 X125.928 Y78.049
M3
G0 X126.511 Y78.049
M5
G0 X125.928 Y77.466
M3
G0 X127.094 Y77.466
M5
G0 X127.677 Y76.883
M3
G0 X124.762 Y76.883
M5
G0 X124.179 Y76.300
M3
G0 X128.260 Y76.300
M5
G0 X128.260 Y75.717
M3
G0 X123.596 Y75.717
M5
G0 X123.596 Y75.134
M3
G0 X128.260 Y75.134
M5
G0 X128.843 Y74.551
M3
G0 X123.596 Y74.551
M5
G0 X123.013 Y73.968
M3
G0 X128.843 Y73.968
M5
G0 X128.260 Y73.385
M3
G0 X123.013 Y73.385
M5
G0 X122.430 Y72.802
M3
G0 X128.260 Y72.802
M5
G0 X128.260 Y72.219
M3
G0 X122.430 Y72.219
M5
G0 X122.430 Y71.636
M3
G0 X127.677 Y71.636
M5
G0 X127.677 Y71.053
M3
G0 X122.430 Y71.053
M5
G0 X122.430 Y70.470
M3
G0 X127.677 Y70.470
M5
G0 X127.677 Y69.887
M3
G0 X122.430 Y69.887
M5
G0 X123.013 Y69.304
M3
G0 X127.677 Y69.304
M5
G0 X127.677 Y68.721
M3
G0 X123.013 Y68.721
M5
G0 X123.013 Y68.138
M3
G0 X128.260 Y68.138
M5
G0 X127.677 Y67.555
M3
G0 X123.013 Y67.555
M5
G0 X123.013 Y66.972
M3
G0 X127.677 Y66.972
M5
G0 X128.843 Y66.389
M3
G0 X123.013 Y66.389
M5
G0 X123.013 Y65.806
M3
G0 X134.090 Y65.806
M5
G0 X135.256 Y65.223
M3
G0 X123.013 Y65.223
M5
G0 X123.013 Y64.640
M3
G0 X137.005 Y64.640
M5
G0 X137.588 Y63.620
M3
G0 X120.098 Y63.620
M5
G0 X120.098 Y63.037
M3
G0 X137.588 Y63.037
M5
G0 X137.588 Y62.454
M3
G0 X120.098 Y62.454
M5
G0 X120.098 Y61.871
M3
G0 X137.588 Y61.871
M5
G0 X137.588 Y61.288
M3
G0 X120.098 Y61.288
M5
G0 X120.098 Y60.705
M3
G0 X137.588 Y60.705
M5
G0 X137.588 Y60.122
M3
G0 X120.098 Y60.122
M5
G0 X120.098 Y59.539
M3
G0 X137.588 Y59.539
M5
G0 X137.588 Y59.393
M3
G0 X137.005 Y59.393
M5
G0 X137.005 Y58.810
M3
G0 X137.588 Y58.810
M5
G0 X137.588 Y58.956
M3
G0 X120.098 Y58.956
M5
G0 X120.098 Y58.373
M3
G0 X137.588 Y58.373
M5
G0 X137.588 Y58.227
M3
G0 X137.005 Y58.227
M5
G0 X137.005 Y57.644
M3
G0 X137.588 Y57.644
M5
G0 X137.588 Y57.790
M3
G0 X120.098 Y57.790
M5
G0 X120.098 Y57.207
M3
G0 X137.588 Y57.207
M5
G0 X137.588 Y57.061
M3
G0 X137.005 Y57.061
M5
G0 X137.005 Y56.478
M3
G0 X137.588 Y56.478
M5
G0 X137.588 Y56.624
M3
G0 X120.098 Y56.624
M5
G0 X120.098 Y56.041
M3
G0 X137.588 Y56.041
M5
G0 X137.588 Y55.458
M3
G0 X120.098 Y55.458
M5
G0 X120.098 Y54.875
M3
G0 X137.588 Y54.875
M5
G0 X137.588 Y54.292
M3
G0 X120.098 Y54.292
M5
G0 X120.098 Y53.709
M3
G0 X137.588 Y53.709
M5
G0 X137.588 Y53.126
M3
G0 X120.098 Y53.126
M5
G0 X120.098 Y52.543
M3
G0 X137.588 Y52.543
M5
G0 X137.588 Y51.960
M3
G0 X120.098 Y51.960
M5
G0 X120.098 Y51.377
M3
G0 X137.588 Y51.377
M5
G0 X137.588 Y50.794
M3
G0 X120.098 Y50.794
M5
G0 X120.098 Y50.211
M3
G0 X137.588 Y50.211
M5
G0 X137.588 Y49.628
M3
G0 X120.098 Y49.628
M5
G0 X120.098 Y49.045
M3
G0 X137.588 Y49.045
M5
G0 X137.588 Y48.899
M3
G0 X134.090 Y48.899
M5
G0 X135.256 Y49.482
M3
G0 X136.422 Y49.482
M5
G0 X137.588 Y43.798
M3
G0 X120.098 Y43.798
M5
G0 X125.272 Y45.474
M3
G0 X125.272 Y46.640
M5
G0 X125.855 Y47.223
M3
G0 X125.855 Y44.891
M5
G0 X126.438 Y44.891
M3
G0 X126.438 Y47.806
M5
G0 X127.021 Y47.223
M3
G0 X127.021 Y44.308
M5
G0 X127.604 Y44.308
M3
G0 X127.604 Y46.640
M5
G0 X128.187 Y46.640
M3
G0 X128.187 Y44.308
M5
G0 X129.426 Y32.575
M3
G0 X123.013 Y32.575
M5
G0 X123.013 Y31.992
M3
G0 X128.260 Y31.992
M5
G0 X126.511 Y31.409
M3
G0 X123.013 Y31.409
M5
G0 X123.013 Y30.826
M3
G0 X126.511 Y30.826
M5
G0 X124.762 Y30.243
M3
G0 X123.596 Y30.243
M5
G0 X121.920 Y27.984
M3
G0 X121.920 Y75.790
M5
G0 X121.337 Y74.624
M3
G0 X121.337 Y65.879
M5
G0 X121.337 Y65.296
M3
G0 X121.337 Y64.130
M5
G0 X118.130 Y63.547
M3
G0 X118.130 Y75.790
M5
G0 X117.547 Y76.373
M3
G0 X117.547 Y63.547
M5
G0 X116.964 Y63.547
M3
G0 X116.964 Y77.539
M5
G0 X118.713 Y76.956
M3
G0 X118.713 Y61.798
M5
G0 X116.381 Y62.964
M3
G0 X116.381 Y81.037
M5
G0 X115.798 Y79.871
M3
G0 X115.798 Y62.964
M5
G0 X115.215 Y62.964
M3
G0 X115.215 Y67.045
M5
G0 X118.932 Y68.284
M3
G0 X137.588 Y68.284
M5
G0 X137.588 Y68.430
M3
G0 X0.000 Y68.430
M5
G0 X0.000 Y68.575
M3
G0 X0.583 Y68.575
M5
G0 X2.332 Y68.575
M3
G0 X2.915 Y68.575
M5
G0 X2.915 Y67.992
M3
G0 X2.332 Y67.992
M5
G0 X4.664 Y67.992
M3
G0 X5.247 Y67.992
M5
G0 X5.247 Y67.409
M3
G0 X4.664 Y67.409
M5
G0 X4.664 Y66.826
M3
G0 X5.247 Y66.826
M5
G0 X5.247 Y66.243
M3
G0 X4.081 Y66.243
M5
G0 X4.081 Y65.660
M3
G0 X5.247 Y65.660
M5
G0 X5.247 Y65.077
M3
G0 X4.664 Y65.077
M5
G0 X5.028 Y64.713
M3
G0 X5.028 Y62.964
M5
G0 X5.247 Y62.745
M3
G0 X4.081 Y62.745
M5
G0 X4.445 Y62.964
M3
G0 X4.445 Y64.130
M5
G0 X4.081 Y63.911
M3
G0 X5.247 Y63.911
M5
G0 X5.247 Y64.494
M3
G0 X4.081 Y64.494
M5
G0 X4.081 Y63.328
M3
G0 X5.247 Y63.328
M5
G0 X6.996 Y65.077
M3
G0 X7.579 Y65.077
M5
G0 X8.162 Y63.328
M3
G0 X8.745 Y63.328
M5
G0 X7.579 Y61.579
M3
G0 X6.996 Y61.579
M5
G0 X6.996 Y60.996
M3
G0 X7.579 Y60.996
M5
G0 X8.162 Y55.749
M3
G0 X8.745 Y55.749
M5
G0 X1.749 Y62.745
M3
G0 X1.166 Y62.745
M5
G0 X0.000 Y66.681
M3
G0 X137.588 Y66.681
M5
G0 X137.588 Y67.701
M3
G0 X119.515 Y67.701
M5
G0 X120.754 Y69.377
M3
G0 X120.754 Y71.126
M5
G0 X109.604 Y71.199
M3
G0 X105.523 Y71.199
M5
G0 X105.523 Y70.616
M3
G0 X109.604 Y70.616
M5
G0 X109.604 Y71.782
M3
G0 X108.438 Y71.782
M5
G0 X107.855 Y71.782
M3
G0 X106.106 Y71.782
M5
G0 X106.689 Y72.365
M3
G0 X107.855 Y72.365
M5
G0 X109.021 Y72.365
M3
G0 X109.604 Y72.365
M5
G0 X109.604 Y72.948
M3
G0 X109.021 Y72.948
M5
G0 X100.276 Y74.697
M3
G0 X97.361 Y74.697
M5
G0 X97.361 Y74.114
M3
G0 X99.693 Y74.114
M5
G0 X99.693 Y73.531
M3
G0 X97.361 Y73.531
M5
G0 X97.361 Y72.948
M3
G0 X99.693 Y72.948
M5
G0 X99.693 Y72.365
M3
G0 X97.361 Y72.365
M5
G0 X97.361 Y71.782
M3
G0 X99.693 Y71.782
M5
G0 X99.693 Y71.199
M3
G0 X97.361 Y71.199
M5
G0 X97.361 Y70.616
M3
G0 X100.276 Y70.616
M5
G0 X100.276 Y70.033
M3
G0 X97.361 Y70.033
M5
G0 X96.778 Y69.450
M3
G0 X100.276 Y69.450
M5
G0 X100.276 Y68.867
M3
G0 X96.778 Y68.867
M5
G0 X96.778 Y68.284
M3
G0 X100.276 Y68.284
M5
G0 X100.276 Y67.701
M3
G0 X96.778 Y67.701
M5
G0 X96.778 Y67.118
M3
G0 X100.276 Y67.118
M5
G0 X99.693 Y66.535
M3
G0 X96.778 Y66.535
M5
G0 X96.778 Y65.952
M3
G0 X99.693 Y65.952
M5
G0 X94.810 Y69.960
M3
G0 X94.810 Y73.458
M5
G0 X92.478 Y71.709
M3
G0 X92.478 Y70.543
M5
G0 X97.361 Y75.280
M3
G0 X100.276 Y75.280
M5
G0 X100.276 Y75.863
M3
G0 X97.361 Y75.863
M5
G0 X97.361 Y76.446
M3
G0 X100.276 Y76.446
M5
G0 X100.859 Y77.029
M3
G0 X97.361 Y77.029
M5
G0 X97.944 Y77.612
M3
G0 X100.859 Y77.612
M5
G0 X101.442 Y78.195
M3
G0 X97.944 Y78.195
M5
G0 X97.944 Y78.778
M3
G0 X101.442 Y78.778
M5
G0 X100.859 Y79.361
M3
G0 X97.361 Y79.361
M5
G0 X97.944 Y79.944
M3
G0 X100.859 Y79.944
M5
G0 X100.276 Y80.527
M3
G0 X97.944 Y80.527
M5
G0 X97.944 Y81.110
M3
G0 X99.693 Y81.110
M5
G0 X99.110 Y81.693
M3
G0 X97.944 Y81.693
M5
G0 X97.434 Y86.867
M3
G0 X97.434 Y87.450
M5
G0 X91.531 Y86.794
M3
G0 X90.948 Y86.794
M5
G0 X91.604 Y89.199
M3
G0 X91.604 Y100.859
M5
G0 X95.029 Y103.264
M3
G0 X79.288 Y103.264
M5
G0 X78.122 Y103.118
M3
G0 X76.956 Y103.118
M5
G0 X77.539 Y101.952
M3
G0 X79.288 Y101.952
M5
G0 X79.361 Y102.025
M3
G0 X79.361 Y152.746
M5
G0 X79.944 Y152.163
M3
G0 X79.944 Y102.025
M5
G0 X79.871 Y101.369
M3
G0 X78.122 Y101.369
M5
G0 X80.454 Y105.450
M3
G0 X82.203 Y105.450
M5
G0 X82.786 Y104.867
M3
G0 X83.952 Y104.867
M5
G0 X83.952 Y104.284
M3
G0 X82.786 Y104.284
M5
G0 X82.786 Y107.199
M3
G0 X82.203 Y107.199
M5
G0 X82.786 Y107.782
M3
G0 X83.369 Y107.782
M5
G0 X74.988 Y109.604
M3
G0 X74.988 Y0.000
M5
G0 X74.843 Y0.000
M3
G0 X74.843 Y109.604
M5
G0 X68.867 Y116.017
M3
G0 X68.867 Y116.600
M5
G0 X64.130 Y125.126
M3
G0 X60.049 Y125.126
M5
G0 X60.122 Y124.762
M3
G0 X60.122 Y124.179
M5
G0 X64.713 Y129.936
M3
G0 X65.296 Y129.936
M5
G0 X65.296 Y130.082
M3
G0 X64.713 Y130.082
M5
G0 X64.130 Y130.373
M3
G0 X65.879 Y130.373
M5
G0 X65.296 Y131.831
M3
G0 X64.130 Y131.831
M5
G0 X64.130 Y132.122
M3
G0 X65.879 Y132.122
M5
G0 X71.126 Y138.681
M3
G0 X71.709 Y138.681
M5
G0 X74.624 Y141.596
M3
G0 X75.207 Y141.596
M5
G0 X75.207 Y142.179
M3
G0 X74.624 Y142.179
M5
G0 X74.624 Y142.762
M3
G0 X75.207 Y142.762
M5
G0 X75.207 Y143.345
M3
G0 X74.624 Y143.345
M5
G0 X74.624 Y143.928
M3
G0 X75.207 Y143.928
M5
G0 X75.207 Y144.511
M3
G0 X74.041 Y144.511
M5
G0 X74.041 Y144.657
M3
G0 X86.867 Y144.657
M5
G0 X87.450 Y144.074
M3
G0 X74.041 Y144.074
M5
G0 X74.041 Y143.491
M3
G0 X87.450 Y143.491
M5
G0 X87.450 Y142.908
M3
G0 X74.041 Y142.908
M5
G0 X74.041 Y142.325
M3
G0 X87.450 Y142.325
M5
G0 X80.454 Y141.013
M3
G0 X79.288 Y141.013
M5
G0 X78.705 Y141.013
M3
G0 X76.373 Y141.013
M5
G0 X76.373 Y141.596
M3
G0 X78.705 Y141.596
M5
G0 X79.288 Y141.596
M3
G0 X79.871 Y141.596
M5
G0 X79.871 Y142.179
M3
G0 X76.373 Y142.179
M5
G0 X76.373 Y142.762
M3
G0 X79.288 Y142.762
M5
G0 X78.705 Y143.345
M3
G0 X76.373 Y143.345
M5
G0 X76.373 Y143.928
M3
G0 X79.288 Y143.928
M5
G0 X79.288 Y144.511
M3
G0 X75.790 Y144.511
M5
G0 X75.790 Y145.094
M3
G0 X78.122 Y145.094
M5
G0 X78.705 Y145.094
M3
G0 X79.288 Y145.094
M5
G0 X79.288 Y145.677
M3
G0 X75.790 Y145.677
M5
G0 X76.956 Y140.430
M3
G0 X80.454 Y140.430
M5
G0 X80.454 Y139.847
M3
G0 X77.539 Y139.847
M5
G0 X77.539 Y139.264
M3
G0 X80.454 Y139.264
M5
G0 X80.454 Y138.681
M3
G0 X77.539 Y138.681
M5
G0 X77.539 Y138.098
M3
G0 X76.373 Y138.098
M5
G0 X76.373 Y138.681
M3
G0 X76.956 Y138.681
M5
G0 X76.956 Y139.264
M3
G0 X76.373 Y139.264
M5
G0 X76.373 Y139.847
M3
G0 X76.956 Y139.847
M5
G0 X78.122 Y138.098
M3
G0 X80.454 Y138.098
M5
G0 X80.454 Y137.515
M3
G0 X78.122 Y137.515
M5
G0 X78.705 Y136.932
M3
G0 X80.454 Y136.932
M5
G0 X66.243 Y142.835
M3
G0 X66.243 Y192.390
M5
G0 X66.535 Y192.390
M3
G0 X66.535 Y191.807
M5
G0 X66.462 Y191.588
M3
G0 X0.583 Y191.588
M5
G0 X0.000 Y190.860
M3
G0 X137.588 Y190.860
M5
G0 X137.588 Y191.005
M3
G0 X68.794 Y191.005
M5
G0 X68.575 Y190.641
M3
G0 X68.575 Y190.058
M5
G0 X68.211 Y189.548
M3
G0 X26.818 Y189.548
M5
G0 X26.891 Y189.475
M3
G0 X26.891 Y187.726
M5
G0 X25.069 Y186.050
M3
G0 X21.571 Y186.050
M5
G0 X20.988 Y186.050
M3
G0 X12.826 Y186.050
M5
G0 X12.243 Y185.467
M3
G0 X20.988 Y185.467
M5
G0 X20.405 Y184.738
M3
G0 X19.239 Y184.738
M5
G0 X19.239 Y184.155
M3
G0 X20.405 Y184.155
M5
G0 X20.405 Y183.572
M3
G0 X19.239 Y183.572
M5
G0 X19.239 Y182.989
M3
G0 X20.405 Y182.989
M5
G0 X21.061 Y181.896
M3
G0 X21.061 Y172.568
M5
G0 X21.061 Y171.985
M3
G0 X21.061 Y164.989
M5
G0 X20.988 Y164.916
M3
G0 X19.822 Y164.916
M5
G0 X19.822 Y165.499
M3
G0 X20.988 Y165.499
M5
G0 X20.988 Y166.082
M3
G0 X19.822 Y166.082
M5
G0 X19.822 Y166.665
M3
G0 X20.988 Y166.665
M5
G0 X20.405 Y167.248
M3
G0 X19.822 Y167.248
M5
G0 X19.822 Y167.831
M3
G0 X20.405 Y167.831
M5
G0 X19.822 Y168.414
M3
G0 X20.988 Y168.414
M5
G0 X20.988 Y168.997
M3
G0 X19.822 Y168.997
M5
G0 X19.822 Y169.580
M3
G0 X20.405 Y169.580
M5
G0 X20.405 Y170.163
M3
G0 X19.822 Y170.163
M5
G0 X19.822 Y170.746
M3
G0 X20.988 Y170.746
M5
G0 X20.988 Y171.329
M3
G0 X19.822 Y171.329
M5
G0 X19.822 Y171.912
M3
G0 X20.988 Y171.912
M5
G0 X18.146 Y172.568
M3
G0 X18.146 Y173.734
M5
G0 X16.907 Y173.078
M3
G0 X15.741 Y173.078
M5
G0 X15.741 Y172.495
M3
G0 X16.907 Y172.495
M5
G0 X16.834 Y172.568
M3
G0 X16.834 Y171.985
M5
G0 X21.644 Y167.904
M3
G0 X21.644 Y165.572
M5
G0 X22.737 Y164.916
M3
G0 X23.903 Y164.916
M5
G0 X23.903 Y164.333
M3
G0 X23.320 Y164.333
M5
G0 X23.320 Y163.750
M3
G0 X23.903 Y163.750
M5
G0 X23.976 Y163.240
M3
G0 X23.976 Y162.074
M5
G0 X25.069 Y162.001
M3
G0 X26.235 Y162.001
M5
G0 X26.235 Y162.584
M3
G0 X25.069 Y162.584
M5
G0 X27.401 Y162.584
M3
G0 X32.065 Y162.584
M5
G0 X32.065 Y163.167
M3
G0 X27.401 Y163.167
M5
G0 X27.401 Y162.001
M3
G0 X31.482 Y162.001
M5
G0 X30.899 Y159.669
M3
G0 X26.818 Y159.669
M5
G0 X26.818 Y159.086
M3
G0 X30.316 Y159.086
M5
G0 X25.652 Y159.669
M3
G0 X24.486 Y159.669
M5
G0 X24.486 Y160.252
M3
G0 X25.652 Y160.252
M5
G0 X22.737 Y159.232
M3
G0 X22.154 Y159.232
M5
G0 X22.154 Y158.649
M3
G0 X22.737 Y158.649
M5
G0 X22.154 Y158.066
M3
G0 X20.988 Y158.066
M5
G0 X20.988 Y157.483
M3
G0 X22.154 Y157.483
M5
G0 X22.154 Y156.900
M3
G0 X20.988 Y156.900
M5
G0 X20.988 Y156.317
M3
G0 X22.154 Y156.317
M5
G0 X22.154 Y155.734
M3
G0 X20.988 Y155.734
M5
G0 X20.769 Y155.661
M3
G0 X20.769 Y192.390
M5
G0 X20.988 Y191.880
M3
G0 X26.818 Y191.880
M5
G0 X26.818 Y193.483
M3
G0 X25.069 Y193.483
M5
G0 X28.567 Y194.649
M3
G0 X31.482 Y194.649
M5
G0 X31.482 Y195.232
M3
G0 X29.150 Y195.232
M5
G0 X30.899 Y193.483
M3
G0 X32.065 Y193.483
M5
G0 X32.138 Y192.973
M3
G0 X32.138 Y244.860
M5
G0 X26.235 Y242.018
M3
G0 X11.077 Y242.018
M5
G0 X11.077 Y241.435
M3
G0 X12.243 Y241.435
M5
G0 X12.243 Y240.852
M3
G0 X11.660 Y240.852
M5
G0 X11.660 Y240.269
M3
G0 X12.243 Y240.269
M5
G0 X11.733 Y240.196
M3
G0 X11.733 Y241.945
M5
G0 X12.826 Y241.435
M3
G0 X26.235 Y241.435
M5
G0 X26.235 Y240.852
M3
G0 X25.069 Y240.852
M5
G0 X25.069 Y240.269
M3
G0 X26.818 Y240.269
M5
G0 X24.486 Y240.852
M3
G0 X12.826 Y240.852
M5
G0 X13.992 Y240.706
M3
G0 X14.575 Y240.706
M5
G0 X14.575 Y241.289
M3
G0 X13.992 Y241.289
M5
G0 X12.243 Y238.520
M3
G0 X23.903 Y238.520
M5
G0 X23.320 Y237.937
M3
G0 X12.826 Y237.937
M5
G0 X13.409 Y237.354
M3
G0 X23.320 Y237.354
M5
G0 X23.320 Y236.771
M3
G0 X13.409 Y236.771
M5
G0 X15.158 Y237.791
M3
G0 X16.324 Y237.791
M5
G0 X16.907 Y237.791
M3
G0 X18.073 Y237.791
M5
G0 X21.061 Y241.945
M3
G0 X21.061 Y242.528
M5
G0 X21.644 Y241.945
M3
G0 X21.644 Y243.111
M5
G0 X25.069 Y233.856
M3
G0 X26.818 Y233.856
M5
G0 X26.235 Y233.710
M3
G0 X25.652 Y233.710
M5
G0 X25.652 Y233.127
M3
G0 X26.235 Y233.127
M5
G0 X27.401 Y233.710
M3
G0 X27.984 Y233.710
M5
G0 X30.972 Y233.783
M3
G0 X30.972 Y227.370
M5
G0 X33.814 Y229.629
M3
G0 X34.980 Y229.629
M5
G0 X35.563 Y229.629
M3
G0 X36.146 Y229.629
M5
G0 X36.146 Y230.212
M3
G0 X34.397 Y230.212
M5
G0 X37.385 Y230.868
M3
G0 X37.385 Y185.394
M5
G0 X35.490 Y186.560
M3
G0 X35.490 Y188.892
M5
G0 X36.146 Y189.985
M3
G0 X34.397 Y189.985
M5
G0 X35.490 Y190.641
M3
G0 X35.490 Y191.224
M5
G0 X32.065 Y192.900
M3
G0 X30.899 Y192.900
M5
G0 X30.316 Y191.151
M3
G0 X29.733 Y191.151
M5
G0 X24.486 Y186.487
M3
G0 X23.320 Y186.487
M5
G0 X23.320 Y185.904
M3
G0 X24.486 Y185.904
M5
G0 X24.486 Y185.321
M3
G0 X23.320 Y185.321
M5
G0 X23.320 Y184.738
M3
G0 X24.486 Y184.738
M5
G0 X24.486 Y184.155
M3
G0 X23.320 Y184.155
M5
G0 X22.810 Y183.062
M3
G0 X22.810 Y181.896
M5
G0 X22.810 Y180.730
M3
G0 X22.810 Y167.904
M5
G0 X22.227 Y168.487
M3
G0 X22.227 Y176.066
M5
G0 X23.320 Y177.742
M3
G0 X23.903 Y177.742
M5
G0 X23.903 Y178.325
M3
G0 X23.320 Y178.325
M5
G0 X25.069 Y181.386
M3
G0 X12.826 Y181.386
M5
G0 X12.899 Y181.896
M3
G0 X12.899 Y182.479
M5
G0 X12.826 Y182.552
M3
G0 X25.069 Y182.552
M5
G0 X25.069 Y181.969
M3
G0 X12.826 Y181.969
M5
G0 X12.826 Y183.135
M3
G0 X25.069 Y183.135
M5
G0 X25.652 Y181.386
M3
G0 X72.292 Y181.386
M5
G0 X74.624 Y182.552
M3
G0 X75.207 Y182.552
M5
G0 X69.450 Y187.726
M3
G0 X69.450 Y188.309
M5
G0 X67.701 Y188.892
M3
G0 X67.701 Y190.641
M5
G0 X67.118 Y190.641
M3
G0 X67.118 Y189.475
M5
G0 X65.952 Y188.892
M3
G0 X65.952 Y187.143
M5
G0 X65.369 Y186.560
M3
G0 X65.369 Y184.228
M5
G0 X65.369 Y187.726
M3
G0 X65.369 Y188.892
M5
G0 X65.369 Y189.475
M3
G0 X65.369 Y190.058
M5
G0 X64.786 Y190.058
M3
G0 X64.786 Y180.147
M5
G0 X64.203 Y178.981
M3
G0 X64.203 Y191.224
M5
G0 X65.952 Y191.224
M3
G0 X65.952 Y190.058
M5
G0 X61.288 Y181.896
M3
G0 X61.288 Y178.981
M5
G0 X60.705 Y180.147
M3
G0 X60.705 Y181.896
M5
G0 X64.713 Y172.495
M3
G0 X65.296 Y172.495
M5
G0 X62.381 Y156.171
M3
G0 X56.551 Y156.171
M5
G0 X57.717 Y155.588
M3
G0 X62.964 Y155.588
M5
G0 X61.798 Y154.422
M3
G0 X66.462 Y154.422
M5
G0 X67.701 Y148.082
M3
G0 X67.701 Y147.499
M5
G0 X64.130 Y146.843
M3
G0 X63.547 Y146.843
M5
G0 X63.037 Y146.333
M3
G0 X63.037 Y142.252
M5
G0 X63.547 Y141.742
M3
G0 X62.381 Y141.742
M5
G0 X60.632 Y139.993
M3
G0 X59.466 Y139.993
M5
G0 X42.923 Y142.835
M3
G0 X42.923 Y237.281
M5
G0 X39.717 Y237.864
M3
G0 X39.717 Y238.447
M5
G0 X42.559 Y233.710
M3
G0 X48.389 Y233.710
M5
G0 X47.806 Y231.961
M3
G0 X41.976 Y231.961
M5
G0 X41.976 Y232.107
M3
G0 X85.701 Y232.107
M5
G0 X85.701 Y231.524
M3
G0 X41.393 Y231.524
M5
G0 X41.393 Y230.941
M3
G0 X85.701 Y230.941
M5
G0 X79.361 Y231.451
M3
G0 X79.361 Y218.042
M5
G0 X79.944 Y219.208
M3
G0 X79.944 Y222.706
M5
G0 X79.944 Y223.289
M3
G0 X79.944 Y226.204
M5
G0 X73.458 Y223.799
M3
G0 X64.130 Y223.799
M5
G0 X64.130 Y224.382
M3
G0 X72.875 Y224.382
M5
G0 X73.458 Y220.884
M3
G0 X62.964 Y220.884
M5
G0 X62.891 Y220.957
M3
G0 X62.891 Y221.540
M5
G0 X62.964 Y220.301
M3
G0 X74.041 Y220.301
M5
G0 X74.624 Y219.718
M3
G0 X63.547 Y219.718
M5
G0 X63.547 Y219.135
M3
G0 X74.041 Y219.135
M5
G0 X78.778 Y215.127
M3
G0 X78.778 Y242.528
M5
G0 X78.195 Y242.528
M3
G0 X78.195 Y201.135
M5
G0 X78.778 Y201.135
M3
G0 X78.778 Y214.544
M5
G0 X79.361 Y209.880
M3
G0 X79.361 Y204.633
M5
G0 X79.944 Y205.216
M3
G0 X79.944 Y209.880
M5
G0 X80.527 Y206.382
M3
G0 X80.527 Y205.216
M5
G0 X88.033 Y204.706
M3
G0 X58.883 Y204.706
M5
G0 X58.664 Y203.467
M3
G0 X58.664 Y201.135
M5
G0 X57.717 Y202.374
M3
G0 X57.134 Y202.374
M5
G0 X57.134 Y202.811
M3
G0 X57.717 Y202.811
M5
G0 X58.300 Y202.957
M3
G0 X57.134 Y202.957
M5
G0 X56.551 Y202.957
M3
G0 X55.968 Y202.957
M5
G0 X55.968 Y202.811
M3
G0 X56.551 Y202.811
M5
G0 X56.551 Y203.394
M3
G0 X55.968 Y203.394
M5
G0 X55.968 Y203.540
M3
G0 X56.551 Y203.540
M5
G0 X56.551 Y203.977
M3
G0 X55.968 Y203.977
M5
G0 X55.385 Y203.977
M3
G0 X54.802 Y203.977
M5
G0 X54.802 Y204.123
M3
G0 X55.385 Y204.123
M5
G0 X55.385 Y204.560
M3
G0 X54.802 Y204.560
M5
G0 X54.802 Y204.706
M3
G0 X57.134 Y204.706
M5
G0 X55.385 Y203.540
M3
G0 X54.802 Y203.540
M5
G0 X54.802 Y202.374
M3
G0 X54.219 Y202.374
M5
G0 X54.219 Y202.228
M3
G0 X54.802 Y202.228
M5
G0 X60.049 Y202.957
M3
G0 X60.632 Y202.957
M5
G0 X61.798 Y202.228
M3
G0 X62.381 Y202.228
M5
G0 X70.616 Y204.633
M3
G0 X70.616 Y205.799
M5
G0 X65.806 Y217.459
M3
G0 X65.806 Y219.208
M5
G0 X66.389 Y219.208
M3
G0 X66.389 Y218.042
M5
G0 X65.223 Y218.042
M3
G0 X65.223 Y218.625
M5
G0 X66.972 Y219.208
M3
G0 X66.972 Y220.374
M5
G0 X62.964 Y219.718
M3
G0 X61.798 Y219.718
M5
G0 X62.381 Y219.135
M3
G0 X62.964 Y219.135
M5
G0 X59.539 Y220.957
M3
G0 X59.539 Y222.123
M5
G0 X58.956 Y222.123
M3
G0 X58.956 Y220.957
M5
G0 X58.956 Y220.374
M3
G0 X58.956 Y219.791
M5
G0 X62.308 Y225.621
M3
G0 X62.308 Y226.204
M5
G0 X63.474 Y226.204
M3
G0 X63.474 Y227.370
M5
G0 X65.223 Y225.038
M3
G0 X65.223 Y224.455
M5
G0 X64.130 Y244.204
M3
G0 X57.134 Y244.204
M5
G0 X43.069 Y233.783
M3
G0 X43.069 Y231.451
M5
G0 X42.486 Y232.034
M3
G0 X42.486 Y229.702
M5
G0 X41.903 Y229.702
M3
G0 X41.903 Y226.204
M5
G0 X39.644 Y227.880
M3
G0 X38.478 Y227.880
M5
G0 X37.968 Y227.953
M3
G0 X37.968 Y229.119
M5
G0 X38.478 Y229.046
M3
G0 X39.644 Y229.046
M5
G0 X39.644 Y229.629
M3
G0 X38.478 Y229.629
M5
G0 X40.300 Y230.285
M3
G0 X40.300 Y231.451
M5
G0 X25.069 Y230.795
M3
G0 X24.486 Y230.795
M5
G0 X24.486 Y232.544
M3
G0 X23.903 Y232.544
M5
G0 X24.559 Y232.617
M3
G0 X24.559 Y223.872
M5
G0 X24.486 Y225.548
M3
G0 X23.903 Y225.548
M5
G0 X23.320 Y226.131
M3
G0 X24.486 Y226.131
M5
G0 X24.486 Y226.714
M3
G0 X23.320 Y226.714
M5
G0 X21.644 Y223.289
M3
G0 X21.644 Y222.123
M5
G0 X24.267 Y219.208
M3
G0 X24.267 Y218.625
M5
G0 X26.235 Y218.552
M3
G0 X26.818 Y218.552
M5
G0 X26.818 Y217.386
M3
G0 X26.235 Y217.386
M5
G0 X25.725 Y215.127
M3
G0 X25.725 Y210.463
M5
G0 X27.401 Y212.139
M3
G0 X28.567 Y212.139
M5
G0 X27.401 Y215.054
M3
G0 X26.818 Y215.054
M5
G0 X25.652 Y214.471
M3
G0 X25.069 Y214.471
M5
G0 X23.320 Y214.471
M3
G0 X22.154 Y214.471
M5
G0 X22.154 Y216.220
M3
G0 X22.737 Y216.220
M5
G0 X21.061 Y218.042
M3
G0 X21.061 Y211.629
M5
G0 X19.822 Y213.451
M3
G0 X13.992 Y213.451
M5
G0 X15.231 Y213.378
M3
G0 X15.231 Y211.629
M5
G0 X8.162 Y211.702
M3
G0 X7.579 Y211.702
M5
G0 X7.579 Y212.868
M3
G0 X6.996 Y212.868
M5
G0 X6.996 Y213.451
M3
G0 X7.579 Y213.451
M5
G0 X7.943 Y213.378
M3
G0 X7.943 Y208.131
M5
G0 X8.162 Y207.621
M3
G0 X8.745 Y207.621
M5
G0 X6.996 Y207.038
M3
G0 X6.413 Y207.038
M5
G0 X6.413 Y205.872
M3
G0 X6.996 Y205.872
M5
G0 X6.996 Y205.289
M3
G0 X6.413 Y205.289
M5
G0 X5.247 Y211.702
M3
G0 X3.498 Y211.702
M5
G0 X3.498 Y212.285
M3
G0 X5.247 Y212.285
M5
G0 X4.737 Y212.212
M3
G0 X4.737 Y214.544
M5
G0 X6.777 Y214.544
M3
G0 X6.777 Y225.621
M5
G0 X8.818 Y226.787
M3
G0 X8.818 Y229.119
M5
G0 X8.745 Y232.398
M3
G0 X6.996 Y232.398
M5
G0 X6.996 Y232.981
M3
G0 X8.745 Y232.981
M5
G0 X9.328 Y233.273
M3
G0 X9.911 Y233.273
M5
G0 X10.275 Y236.115
M3
G0 X10.275 Y237.864
M5
G0 X3.862 Y228.536
M3
G0 X3.862 Y227.953
M5
G0 X14.575 Y225.548
M3
G0 X15.158 Y225.548
M5
G0 X15.158 Y224.965
M3
G0 X14.575 Y224.965
M5
G0 X14.575 Y220.301
M3
G0 X15.158 Y220.301
M5
G0 X15.741 Y219.135
M3
G0 X17.490 Y219.135
M5
G0 X7.579 Y214.034
M3
G0 X6.996 Y214.034
M5
G0 X14.065 Y203.467
M3
G0 X14.065 Y202.884
M5
G0 X18.146 Y201.718
M3
G0 X18.146 Y201.135
M5
G0 X23.903 Y201.645
M3
G0 X24.486 Y201.645
M5
G0 X24.486 Y202.228
M3
G0 X23.903 Y202.228
M5
G0 X23.903 Y202.811
M3
G0 X24.486 Y202.811
M5
G0 X23.320 Y204.706
M3
G0 X25.652 Y204.706
M5
G0 X25.069 Y205.289
M3
G0 X23.320 Y205.289
M5
G0 X23.320 Y205.143
M3
G0 X23.903 Y205.143
M5
G0 X27.984 Y203.977
M3
G0 X29.150 Y203.977
M5
G0 X25.069 Y200.042
M3
G0 X23.903 Y200.042
M5
G0 X20.186 Y191.224
M3
G0 X20.186 Y157.410
M5
G0 X20.988 Y155.151
M3
G0 X22.154 Y155.151
M5
G0 X22.154 Y154.568
M3
G0 X20.988 Y154.568
M5
G0 X20.988 Y153.985
M3
G0 X22.154 Y153.985
M5
G0 X22.737 Y153.402
M3
G0 X21.571 Y153.402
M5
G0 X20.988 Y152.819
M3
G0 X22.737 Y152.819
M5
G0 X23.903 Y145.240
M3
G0 X36.146 Y145.240
M5
G0 X36.146 Y144.657
M3
G0 X23.903 Y144.657
M5
G0 X23.320 Y144.074
M3
G0 X22.737 Y144.074
M5
G0 X25.652 Y143.928
M3
G0 X30.316 Y143.928
M5
G0 X30.316 Y143.345
M3
G0 X25.652 Y143.345
M5
G0 X25.652 Y142.762
M3
G0 X30.316 Y142.762
M5
G0 X30.316 Y144.511
M3
G0 X25.652 Y144.511
M5
G0 X19.020 Y144.584
M3
G0 X19.020 Y145.750
M5
G0 X18.437 Y144.584
M3
G0 X18.437 Y141.669
M5
G0 X13.992 Y141.742
M3
G0 X13.409 Y141.742
M5
G0 X13.409 Y141.159
M3
G0 X13.992 Y141.159
M5
G0 X13.992 Y140.576
M3
G0 X13.409 Y140.576
M5
G0 X13.409 Y139.993
M3
G0 X13.992 Y139.993
M5
G0 X13.992 Y142.325
M3
G0 X13.409 Y142.325
M5
G0 X13.409 Y142.908
M3
G0 X13.992 Y142.908
M5
G0 X13.992 Y143.491
M3
G0 X13.409 Y143.491
M5
G0 X13.409 Y144.074
M3
G0 X13.992 Y144.074
M5
G0 X13.992 Y144.657
M3
G0 X13.409 Y144.657
M5
G0 X13.409 Y145.240
M3
G0 X13.992 Y145.240
M5
G0 X9.328 Y145.240
M3
G0 X6.996 Y145.240
M5
G0 X2.405 Y141.086
M3
G0 X2.405 Y130.592
M5
G0 X3.498 Y131.248
M3
G0 X0.000 Y131.248
M5
G0 X1.239 Y131.758
M3
G0 X1.239 Y124.179
M5
G0 X4.081 Y124.252
M3
G0 X5.830 Y124.252
M5
G0 X5.830 Y123.669
M3
G0 X4.081 Y123.669
M5
G0 X4.664 Y123.523
M3
G0 X5.247 Y123.523
M5
G0 X5.247 Y122.940
M3
G0 X4.664 Y122.940
M5
G0 X4.664 Y124.106
M3
G0 X5.247 Y124.106
M5
G0 X5.830 Y124.835
M3
G0 X4.081 Y124.835
M5
G0 X4.081 Y125.418
M3
G0 X5.830 Y125.418
M5
G0 X5.247 Y132.414
M3
G0 X7.579 Y132.414
M5
G0 X7.579 Y132.997
M3
G0 X5.830 Y132.997
M5
G0 X6.413 Y134.017
M3
G0 X6.996 Y134.017
M5
G0 X8.162 Y133.871
M3
G0 X0.000 Y133.871
M5
G0 X4.737 Y137.005
M3
G0 X4.737 Y139.337
M5
G0 X10.494 Y135.620
M3
G0 X11.077 Y135.620
M5
G0 X28.494 Y134.673
M3
G0 X28.494 Y131.758
M5
G0 X32.721 Y144.584
M3
G0 X32.721 Y149.248
M5
G0 X41.976 Y141.013
M3
G0 X42.559 Y141.013
M5
G0 X45.401 Y120.681
M3
G0 X45.401 Y119.515
M5
G0 X37.895 Y98.600
M3
G0 X22.154 Y98.600
M5
G0 X18.073 Y102.972
M3
G0 X11.077 Y102.972
M5
G0 X19.020 Y106.106
M3
G0 X19.020 Y106.689
M5
G0 X4.081 Y92.478
M3
G0 X2.332 Y92.478
M5
G0 X2.332 Y91.895
M3
G0 X4.081 Y91.895
M5
G0 X3.498 Y93.061
M3
G0 X2.332 Y93.061
M5
G0 X2.332 Y93.644
M3
G0 X2.915 Y93.644
M5
G0 X0.583 Y96.268
M3
G0 X0.000 Y96.268
M5
G0 X4.664 Y68.575
M3
G0 X5.247 Y68.575
M5
G0 X11.660 Y69.887
M3
G0 X12.243 Y69.887
M5
G0 X25.069 Y79.798
M3
G0 X26.235 Y79.798
M5
G0 X26.235 Y79.215
M3
G0 X25.652 Y79.215
M5
G0 X25.069 Y80.381
M3
G0 X26.235 Y80.381
M5
G0 X29.733 Y87.960
M3
G0 X30.316 Y87.960
M5
G0 X31.992 Y88.033
M3
G0 X31.992 Y88.616
M5
G0 X34.397 Y89.126
M3
G0 X34.980 Y89.126
M5
G0 X55.385 Y88.543
M3
G0 X57.134 Y88.543
M5
G0 X56.478 Y88.616
M3
G0 X56.478 Y92.114
M5
G0 X55.895 Y91.531
M3
G0 X55.895 Y92.697
M5
G0 X55.968 Y93.936
M3
G0 X102.608 Y93.936
M5
G0 X90.875 Y93.280
M3
G0 X90.875 Y92.697
M5
G0 X90.292 Y92.697
M3
G0 X90.292 Y93.280
M5
G0 X89.709 Y93.280
M3
G0 X89.709 Y92.697
M5
G0 X88.543 Y93.280
M3
G0 X88.543 Y93.863
M5
G0 X87.960 Y93.280
M3
G0 X87.960 Y94.446
M5
G0 X87.377 Y94.446
M3
G0 X87.377 Y93.863
M5
G0 X86.794 Y93.280
M3
G0 X86.794 Y92.697
M5
G0 X85.701 Y80.381
M3
G0 X85.118 Y80.381
M5
G0 X85.118 Y79.798
M3
G0 X86.284 Y79.798
M5
G0 X86.284 Y79.215
M3
G0 X84.535 Y79.215
M5
G0 X83.952 Y79.215
M3
G0 X83.369 Y79.215
M5
G0 X83.369 Y78.632
M3
G0 X82.786 Y78.632
M5
G0 X82.786 Y78.049
M3
G0 X82.203 Y78.049
M5
G0 X82.786 Y76.883
M3
G0 X83.369 Y76.883
M5
G0 X83.369 Y76.300
M3
G0 X82.203 Y76.300
M5
G0 X82.713 Y75.790
M3
G0 X82.713 Y75.207
M5
G0 X83.952 Y76.300
M3
G0 X85.118 Y76.300
M5
G0 X85.701 Y76.883
M3
G0 X83.952 Y76.883
M5
G0 X84.535 Y77.466
M3
G0 X85.701 Y77.466
M5
G0 X83.952 Y73.385
M3
G0 X82.203 Y73.385
M5
G0 X82.713 Y72.875
M3
G0 X82.713 Y72.292
M5
G0 X82.786 Y72.219
M3
G0 X81.037 Y72.219
M5
G0 X81.037 Y71.636
M3
G0 X82.786 Y71.636
M5
G0 X82.786 Y71.053
M3
G0 X83.369 Y71.053
M5
G0 X82.786 Y69.887
M3
G0 X82.203 Y69.887
M5
G0 X82.203 Y70.470
M3
G0 X79.871 Y70.470
M5
G0 X79.871 Y71.636
M3
G0 X78.705 Y71.636
M5
G0 X79.288 Y72.219
M3
G0 X79.871 Y72.219
M5
G0 X77.539 Y69.304
M3
G0 X75.790 Y69.304
M5
G0 X72.365 Y69.377
M3
G0 X72.365 Y69.960
M5
G0 X71.782 Y68.794
M3
G0 X71.782 Y60.632
M5
G0 X71.126 Y61.725
M3
G0 X70.543 Y61.725
M5
G0 X69.960 Y61.725
M3
G0 X69.377 Y61.725
M5
G0 X68.794 Y61.142
M3
G0 X69.960 Y61.142
M5
G0 X69.377 Y60.559
M3
G0 X68.794 Y60.559
M5
G0 X68.794 Y59.976
M3
G0 X68.211 Y59.976
M5
G0 X68.211 Y59.393
M3
G0 X68.794 Y59.393
M5
G0 X70.543 Y62.308
M3
G0 X71.709 Y62.308
M5
G0 X71.126 Y62.891
M3
G0 X72.292 Y62.891
M5
G0 X74.041 Y61.725
M3
G0 X74.624 Y61.725
M5
G0 X75.207 Y62.308
M3
G0 X75.790 Y62.308
M5
G0 X75.207 Y62.891
M3
G0 X76.373 Y62.891
M5
G0 X76.373 Y63.474
M3
G0 X75.790 Y63.474
M5
G0 X77.539 Y63.474
M3
G0 X78.122 Y63.474
M5
G0 X77.539 Y64.057
M3
G0 X78.705 Y64.057
M5
G0 X79.288 Y64.640
M3
G0 X77.539 Y64.640
M5
G0 X77.539 Y65.223
M3
G0 X78.122 Y65.223
M5
G0 X78.705 Y65.223
M3
G0 X79.288 Y65.223
M5
G0 X78.705 Y65.806
M3
G0 X79.871 Y65.806
M5
G0 X79.871 Y66.972
M3
G0 X80.454 Y66.972
M5
G0 X80.527 Y63.547
M3
G0 X80.527 Y60.632
M5
G0 X80.454 Y59.393
M3
G0 X81.037 Y59.393
M5
G0 X86.648 Y56.551
M3
G0 X86.648 Y53.053
M5
G0 X88.689 Y54.802
M3
G0 X88.689 Y55.968
M5
G0 X105.887 Y50.721
M3
G0 X105.887 Y30.316
M5
G0 X110.260 Y24.486
M3
G0 X110.260 Y6.996
M5
G0 X109.677 Y5.830
M3
G0 X109.677 Y23.903
M5
G0 X109.094 Y23.320
M3
G0 X109.094 Y5.830
M5
G0 X110.187 Y14.502
M3
G0 X113.685 Y14.502
M5
G0 X114.268 Y15.085
M3
G0 X109.604 Y15.085
M5
G0 X109.021 Y15.668
M3
G0 X121.264 Y15.668
M5
G0 X121.264 Y16.251
M3
G0 X109.021 Y16.251
M5
G0 X109.021 Y16.834
M3
G0 X120.681 Y16.834
M5
G0 X120.681 Y17.417
M3
G0 X109.021 Y17.417
M5
G0 X109.021 Y18.000
M3
G0 X120.098 Y18.000
M5
G0 X120.098 Y18.583
M3
G0 X109.021 Y18.583
M5
G0 X109.021 Y19.166
M3
G0 X119.515 Y19.166
M5
G0 X119.515 Y19.749
M3
G0 X109.021 Y19.749
M5
G0 X109.604 Y20.332
M3
G0 X118.932 Y20.332
M5
G0 X117.766 Y20.915
M3
G0 X109.604 Y20.915
M5
G0 X109.604 Y21.498
M3
G0 X116.600 Y21.498
M5
G0 X116.600 Y22.081
M3
G0 X110.187 Y22.081
M5
G0 X110.770 Y22.664
M3
G0 X116.017 Y22.664
M5
G0 X116.017 Y23.247
M3
G0 X111.353 Y23.247
M5
G0 X112.519 Y23.830
M3
G0 X115.434 Y23.830
M5
G0 X114.851 Y24.413
M3
G0 X112.519 Y24.413
M5
G0 X113.612 Y21.571
M3
G0 X113.612 Y16.324
M5
G0 X113.029 Y16.324
M3
G0 X113.029 Y20.988
M5
G0 X112.446 Y20.405
M3
G0 X112.446 Y16.324
M5
G0 X111.863 Y16.907
M3
G0 X111.863 Y19.239
M5
G0 X114.195 Y21.571
M3
G0 X114.195 Y16.324
M5
G0 X114.778 Y16.907
M3
G0 X114.778 Y20.988
M5
G0 X115.361 Y20.988
M3
G0 X115.361 Y16.907
M5
G0 X115.944 Y16.907
M3
G0 X115.944 Y19.822
M5
G0 X116.527 Y19.822
M3
G0 X116.527 Y17.490
M5
G0 X117.766 Y15.085
M3
G0 X120.681 Y15.085
M5
G0 X132.851 Y18.073
M3
G0 X132.851 Y18.656
M5
G0 X133.434 Y19.822
M3
G0 X133.434 Y16.907
M5
G0 X134.017 Y16.907
M3
G0 X134.017 Y19.822
M5
G0 X134.600 Y19.822
M3
G0 X134.600 Y16.907
M5
G0 X135.183 Y16.907
M3
G0 X135.183 Y19.822
M5
G0 X135.766 Y19.822
M3
G0 X135.766 Y17.490
M5
G0 X136.349 Y17.490
M3
G0 X136.349 Y20.405
M5
G0 X136.932 Y20.405
M3
G0 X136.932 Y17.490
M5
G0 X109.021 Y49.628
M3
G0 X108.438 Y49.628
M5
G0 X108.438 Y50.211
M3
G0 X109.021 Y50.211
M5
G0 X134.090 Y74.551
M3
G0 X135.256 Y74.551
M5
G0 X134.090 Y90.438
M3
G0 X137.588 Y90.438
M5
G0 X137.588 Y91.021
M3
G0 X133.507 Y91.021
M5
G0 X127.094 Y103.118
M3
G0 X125.928 Y103.118
M5
G0 X125.928 Y103.701
M3
G0 X126.511 Y103.701
M5
G0 X121.628 Y103.774
M3
G0 X121.628 Y124.179
M5
G0 X121.045 Y122.430
M3
G0 X121.045 Y114.268
M5
G0 X120.462 Y116.600
M3
G0 X120.462 Y120.681
M5
G0 X121.847 Y120.754
M3
G0 X137.588 Y120.754
M5
G0 X133.580 Y119.515
M3
G0 X133.580 Y115.434
M5
G0 X134.163 Y116.017
M3
G0 X134.163 Y117.766
M5
G0 X132.997 Y114.851
M3
G0 X132.997 Y120.681
M5
G0 X132.414 Y124.179
M3
G0 X132.414 Y114.268
M5
G0 X118.713 Y121.264
M3
G0 X118.713 Y121.847
M5
G0 X116.017 Y120.754
M3
G0 X115.434 Y120.754
M5
G0 X108.802 Y121.264
M3
G0 X108.802 Y125.928
M5
G0 X105.887 Y125.345
M3
G0 X105.887 Y123.596
M5
G0 X105.887 Y122.430
M3
G0 X105.887 Y121.264
M5
G0 X105.304 Y120.681
M3
G0 X105.304 Y125.928
M5
G0 X104.721 Y125.345
M3
G0 X104.721 Y120.681
M5
G0 X104.940 Y117.839
M3
G0 X103.774 Y117.839
M5
G0 X102.681 Y117.183
M3
G0 X102.681 Y116.600
M5
G0 X104.357 Y114.341
M3
G0 X104.940 Y114.341
M5
G0 X128.843 Y138.098
M3
G0 X129.426 Y138.098
M5
G0 X129.426 Y138.681
M3
G0 X128.843 Y138.681
M5
G0 X130.592 Y139.264
M3
G0 X131.175 Y139.264
M5
G0 X136.495 Y141.086
M3
G0 X136.495 Y145.750
M5
G0 X137.078 Y145.750
M3
G0 X137.078 Y141.669
M5
G0 X126.584 Y161.491
M3
G0 X126.584 Y163.823
M5
G0 X127.167 Y163.823
M3
G0 X127.167 Y162.074
M5
G0 X127.750 Y162.074
M3
G0 X127.750 Y163.823
M5
G0 X128.333 Y163.823
M3
G0 X128.333 Y162.657
M5
G0 X128.916 Y163.240
M3
G0 X128.916 Y163.823
M5
G0 X130.082 Y163.823
M3
G0 X130.082 Y163.240
M5
G0 X130.009 Y165.645
M3
G0 X124.762 Y165.645
M5
G0 X124.835 Y164.406
M3
G0 X124.835 Y161.491
M5
G0 X125.418 Y160.908
M3
G0 X125.418 Y164.406
M5
G0 X126.001 Y164.406
M3
G0 X126.001 Y161.491
M5
G0 X124.252 Y163.240
M3
G0 X124.252 Y163.823
M5
G0 X123.596 Y165.062
M3
G0 X133.507 Y165.062
M5
G0 X127.094 Y166.228
M3
G0 X126.511 Y166.228
M5
G0 X126.292 Y171.402
M3
G0 X126.292 Y179.564
M5
G0 X126.875 Y178.981
M3
G0 X126.875 Y171.402
M5
G0 X127.458 Y172.568
M3
G0 X127.458 Y178.981
M5
G0 X128.041 Y178.981
M3
G0 X128.041 Y172.568
M5
G0 X128.624 Y172.568
M3
G0 X128.624 Y179.564
M5
G0 X129.207 Y180.730
M3
G0 X129.207 Y172.568
M5
G0 X125.928 Y173.224
M3
G0 X119.515 Y173.224
M5
G0 X119.515 Y173.807
M3
G0 X125.928 Y173.807
M5
G0 X125.928 Y174.390
M3
G0 X119.515 Y174.390
M5
G0 X118.932 Y174.973
M3
G0 X125.928 Y174.973
M5
G0 X125.345 Y175.556
M3
G0 X119.515 Y175.556
M5
G0 X119.515 Y176.139
M3
G0 X124.762 Y176.139
M5
G0 X123.596 Y176.722
M3
G0 X120.098 Y176.722
M5
G0 X120.098 Y177.305
M3
G0 X121.847 Y177.305
M5
G0 X121.264 Y177.888
M3
G0 X119.515 Y177.888
M5
G0 X120.098 Y178.471
M3
G0 X120.681 Y178.471
M5
G0 X120.098 Y184.301
M3
G0 X121.264 Y184.301
M5
G0 X121.264 Y184.884
M3
G0 X120.098 Y184.884
M5
G0 X120.098 Y185.467
M3
G0 X121.847 Y185.467
M5
G0 X122.430 Y186.050
M3
G0 X120.098 Y186.050
M5
G0 X120.098 Y186.633
M3
G0 X122.430 Y186.633
M5
G0 X123.013 Y187.216
M3
G0 X120.098 Y187.216
M5
G0 X120.098 Y187.799
M3
G0 X123.596 Y187.799
M5
G0 X123.596 Y188.382
M3
G0 X120.098 Y188.382
M5
G0 X120.098 Y188.965
M3
G0 X123.013 Y188.965
M5
G0 X132.341 Y181.969
M3
G0 X137.588 Y181.969
M5
G0 X137.588 Y182.115
M3
G0 X84.535 Y182.115
M5
G0 X84.535 Y182.260
M3
G0 X87.450 Y182.260
M5
G0 X88.033 Y182.260
M3
G0 X137.588 Y182.260
M5
G0 X137.588 Y182.552
M3
G0 X132.924 Y182.552
M5
G0 X132.924 Y181.386
M3
G0 X137.588 Y181.386
M5
G0 X137.588 Y181.532
M3
G0 X84.535 Y181.532
M5
G0 X84.535 Y181.677
M3
G0 X85.118 Y181.677
M5
G0 X85.701 Y181.677
M3
G0 X86.867 Y181.677
M5
G0 X86.867 Y181.969
M3
G0 X86.284 Y181.969
M5
G0 X86.648 Y181.896
M3
G0 X86.648 Y183.645
M5
G0 X86.065 Y182.479
M3
G0 X86.065 Y185.977
M5
G0 X85.118 Y182.552
M3
G0 X84.535 Y182.552
M5
G0 X88.033 Y181.677
M3
G0 X137.588 Y181.677
M5
G0 X137.078 Y181.896
M3
G0 X137.078 Y175.483
M5
G0 X137.588 Y175.556
M3
G0 X132.924 Y175.556
M5
G0 X132.924 Y174.973
M3
G0 X137.588 Y174.973
M5
G0 X137.588 Y174.390
M3
G0 X132.924 Y174.390
M5
G0 X133.507 Y173.807
M3
G0 X137.588 Y173.807
M5
G0 X137.588 Y173.224
M3
G0 X136.422 Y173.224
M5
G0 X136.495 Y175.483
M3
G0 X136.495 Y181.313
M5
G0 X135.912 Y180.730
M3
G0 X135.912 Y175.483
M5
G0 X135.329 Y175.483
M3
G0 X135.329 Y180.730
M5
G0 X137.588 Y180.803
M3
G0 X132.924 Y180.803
M5
G0 X132.924 Y180.220
M3
G0 X137.588 Y180.220
M5
G0 X137.588 Y179.637
M3
G0 X132.924 Y179.637
M5
G0 X132.924 Y179.054
M3
G0 X137.588 Y179.054
M5
G0 X137.588 Y178.471
M3
G0 X132.341 Y178.471
M5
G0 X132.341 Y177.888
M3
G0 X137.588 Y177.888
M5
G0 X137.588 Y177.305
M3
G0 X132.341 Y177.305
M5
G0 X132.341 Y176.722
M3
G0 X137.588 Y176.722
M5
G0 X137.588 Y176.139
M3
G0 X132.341 Y176.139
M5
G0 X134.746 Y176.649
M3
G0 X134.746 Y178.398
M5
G0 X134.090 Y183.135
M3
G0 X137.588 Y183.135
M5
G0 X137.588 Y183.718
M3
G0 X137.005 Y183.718
M5
G0 X123.013 Y172.641
M3
G0 X121.847 Y172.641
M5
G0 X121.264 Y172.641
M3
G0 X120.098 Y172.641
M5
G0 X118.349 Y158.357
M3
G0 X115.434 Y158.357
M5
G0 X115.434 Y157.774
M3
G0 X117.766 Y157.774
M5
G0 X117.766 Y157.191
M3
G0 X115.434 Y157.191
M5
G0 X115.434 Y156.608
M3
G0 X117.766 Y156.608
M5
G0 X117.766 Y156.025
M3
G0 X116.017 Y156.025
M5
G0 X116.600 Y155.442
M3
G0 X117.766 Y155.442
M5
G0 X117.183 Y154.859
M3
G0 X116.600 Y154.859
M5
G0 X116.600 Y154.276
M3
G0 X117.183 Y154.276
M5
G0 X97.361 Y154.276
M3
G0 X92.114 Y154.276
M5
G0 X92.114 Y154.859
M3
G0 X91.531 Y154.859
M5
G0 X93.280 Y154.859
M3
G0 X97.361 Y154.859
M5
G0 X88.397 Y158.576
M3
G0 X88.397 Y159.159
M5
G0 X88.689 Y160.325
M3
G0 X88.689 Y160.908
M5
G0 X88.397 Y163.823
M3
G0 X88.397 Y164.989
M5
G0 X88.689 Y164.989
M3
G0 X88.689 Y164.406
M5
G0 X88.980 Y164.406
M3
G0 X88.980 Y164.989
M5
G0 X91.531 Y166.228
M3
G0 X92.114 Y166.228
M5
G0 X89.563 Y167.904
M3
G0 X89.563 Y169.070
M5
G0 X89.782 Y168.560
M3
G0 X87.450 Y168.560
M5
G0 X87.523 Y168.487
M3
G0 X87.523 Y169.070
M5
G0 X88.835 Y169.070
M3
G0 X88.835 Y167.904
M5
G0 X88.980 Y167.904
M3
G0 X88.980 Y169.070
M5
G0 X89.782 Y171.475
M3
G0 X90.365 Y171.475
M5
G0 X90.365 Y172.641
M3
G0 X90.948 Y172.641
M5
G0 X81.620 Y194.212
M3
G0 X81.037 Y194.212
M5
G0 X79.871 Y194.795
M3
G0 X82.786 Y194.795
M5
G0 X40.737 Y200.552
M3
G0 X40.737 Y205.216
M5
G0 X40.154 Y205.216
M3
G0 X40.154 Y198.220
M5
G0 X39.571 Y196.471
M3
G0 X39.571 Y205.216
M5
G0 X33.814 Y183.572
M3
G0 X29.733 Y183.572
M5
G0 X28.567 Y180.657
M3
G0 X30.899 Y180.657
M5
G0 X30.899 Y180.074
M3
G0 X32.648 Y180.074
M5
G0 X32.648 Y179.491
M3
G0 X30.899 Y179.491
M5
G0 X30.316 Y179.491
M3
G0 X28.567 Y179.491
M5
G0 X28.567 Y180.074
M3
G0 X30.316 Y180.074
M5
G0 X30.316 Y178.908
M3
G0 X32.648 Y178.908
M5
G0 X35.563 Y175.993
M3
G0 X39.644 Y175.993
M5
G0 X38.405 Y176.066
M3
G0 X38.405 Y177.232
M5
G0 X36.656 Y176.066
M3
G0 X36.656 Y174.317
M5
G0 X36.073 Y174.900
M3
G0 X36.073 Y173.151
M5
G0 X35.490 Y173.151
M3
G0 X35.490 Y174.317
M5
G0 X34.397 Y174.244
M3
G0 X40.810 Y174.244
M5
G0 X40.227 Y173.661
M3
G0 X34.397 Y173.661
M5
G0 X33.814 Y173.078
M3
G0 X39.644 Y173.078
M5
G0 X39.061 Y172.495
M3
G0 X36.146 Y172.495
M5
G0 X36.656 Y172.568
M3
G0 X36.656 Y171.402
M5
G0 X36.073 Y170.819
M3
G0 X36.073 Y169.653
M5
G0 X35.490 Y169.653
M3
G0 X35.490 Y167.904
M5
G0 X33.741 Y170.819
M3
G0 X33.741 Y164.989
M5
G0 X34.324 Y171.402
M3
G0 X34.324 Y172.568
M5
G0 X33.814 Y172.495
M3
G0 X34.980 Y172.495
M5
G0 X35.563 Y171.912
M3
G0 X39.061 Y171.912
M5
G0 X37.822 Y173.151
M3
G0 X37.822 Y173.734
M5
G0 X38.478 Y174.827
M3
G0 X34.397 Y174.827
M5
G0 X36.146 Y176.576
M3
G0 X40.810 Y176.576
M5
G0 X36.729 Y181.823
M3
G0 X36.146 Y181.823
M5
G0 X19.822 Y185.321
M3
G0 X19.239 Y185.321
M5
G0 X11.077 Y185.467
M3
G0 X10.494 Y185.467
M5
G0 X8.162 Y187.653
M3
G0 X7.579 Y187.653
M5
G0 X7.069 Y186.560
M3
G0 X7.069 Y190.058
M5
G0 X6.413 Y189.985
M3
G0 X5.830 Y189.985
M5
G0 X4.664 Y189.548
M3
G0 X8.162 Y189.548
M5
G0 X6.486 Y191.224
M3
G0 X6.486 Y186.560
M5
G0 X1.822 Y180.730
M3
G0 X1.822 Y176.066
M5
G0 X4.081 Y177.305
M3
G0 X4.664 Y177.305
M5
G0 X4.154 Y177.232
M3
G0 X4.154 Y177.815
M5
G0 X4.081 Y177.888
M3
G0 X4.664 Y177.888
M5
G0 X5.830 Y178.471
M3
G0 X6.996 Y178.471
M5
G0 X2.915 Y178.471
M3
G0 X0.000 Y178.471
M5
G0 X0.583 Y194.212
M3
G0 X2.332 Y194.212
M5
G0 X4.081 Y161.564
M3
G0 X4.664 Y161.564
M5
G0 X5.830 Y160.398
M3
G0 X6.413 Y160.398
M5
G0 X6.413 Y159.815
M3
G0 X5.830 Y159.815
M5
G0 X5.830 Y159.232
M3
G0 X6.413 Y159.232
M5
G0 X13.409 Y160.981
M3
G0 X13.992 Y160.981
M5
G0 X20.405 Y163.750
M3
G0 X20.988 Y163.750
M5
G0 X20.988 Y164.333
M3
G0 X20.405 Y164.333
M5
G0 X55.895 Y90.948
M3
G0 X55.895 Y88.033
M5
G0 X57.134 Y85.628
M3
G0 X58.300 Y85.628
M5
G0 X61.288 Y82.203
M3
G0 X61.288 Y81.620
M5
G0 X63.037 Y81.620
M3
G0 X63.037 Y81.037
M5
G0 X63.037 Y83.369
M3
G0 X63.037 Y83.952
M5
G0 X65.296 Y82.713
M3
G0 X66.462 Y82.713
M5
G0 X66.535 Y82.786
M3
G0 X66.535 Y82.203
M5
G0 X65.952 Y82.203
M3
G0 X65.952 Y82.786
M5
G0 X78.049 Y79.871
M3
G0 X78.049 Y79.288
M5
G0 X69.960 Y62.891
M3
G0 X69.377 Y62.891
M5
G0 X62.891 Y51.304
M3
G0 X62.891 Y49.555
M5
G0 X62.308 Y48.972
M3
G0 X62.308 Y51.304
M5
G0 X61.725 Y51.304
M3
G0 X61.725 Y48.389
M5
G0 X66.972 Y43.142
M3
G0 X66.972 Y41.393
M5
G0 X67.555 Y41.393
M3
G0 X67.555 Y42.559
M5
G0 X68.794 Y38.551
M3
G0 X69.960 Y38.551
M5
G0 X65.879 Y28.640
M3
G0 X65.296 Y28.640
M5
G0 X65.296 Y28.057
M3
G0 X65.879 Y28.057
M5
G0 X65.296 Y27.474
M3
G0 X67.045 Y27.474
M5
G0 X68.867 Y23.320
M3
G0 X68.867 Y22.737
M5
G0 X69.450 Y22.737
M3
G0 X69.450 Y23.320
M5
G0 X68.867 Y11.077
M3
G0 X68.867 Y4.664
M5
G0 X69.450 Y4.664
M3
G0 X69.450 Y9.328
M5
G0 X67.701 Y8.745
M3
G0 X67.701 Y2.915
M5
G0 X67.118 Y2.332
M3
G0 X67.118 Y8.162
M5
G0 X66.535 Y8.162
M3
G0 X66.535 Y1.749
M5
G0 X65.952 Y1.166
M3
G0 X65.952 Y8.162
M5
G0 X65.369 Y7.579
M3
G0 X65.369 Y1.166
M5
G0 X64.786 Y1.166
M3
G0 X64.786 Y4.081
M5
G0 X64.203 Y4.081
M3
G0 X64.203 Y1.749
M5
G0 X63.620 Y1.749
M3
G0 X63.620 Y4.664
M5
G0 X63.037 Y4.664
M3
G0 X63.037 Y2.915
M5
G0 X62.454 Y4.081
M3
G0 X62.454 Y10.494
M5
G0 X62.381 Y9.838
M3
G0 X57.717 Y9.838
M5
G0 X61.142 Y9.911
M3
G0 X61.142 Y9.328
M5
G0 X63.037 Y9.911
M3
G0 X63.037 Y5.830
M5
G0 X63.620 Y6.996
M3
G0 X63.620 Y8.162
M5
G0 X64.786 Y6.996
M3
G0 X64.786 Y6.413
M5
G0 X64.786 Y5.830
M3
G0 X64.786 Y4.664
M5
G0 X68.867 Y4.081
M3
G0 X68.867 Y2.332
M5
G0 X68.284 Y2.332
M3
G0 X68.284 Y11.077
M5
G0 X69.450 Y4.081
M3
G0 X69.450 Y2.332
M5
G0 X68.211 Y0.073
M3
G0 X72.875 Y0.073
M5
G0 X73.458 Y0.656
M3
G0 X63.547 Y0.656
M5
G0 X64.130 Y0.073
M3
G0 X67.628 Y0.073
M5
G0 X59.466 Y13.919
M3
G0 X58.883 Y13.919
M5
G0 X56.551 Y15.522
M3
G0 X53.636 Y15.522
M5
G0 X53.053 Y15.522
M3
G0 X50.138 Y15.522
M5
G0 X50.138 Y15.231
M3
G0 X51.887 Y15.231
M5
G0 X51.887 Y14.648
M3
G0 X50.138 Y14.648
M5
G0 X50.721 Y16.834
M3
G0 X51.304 Y16.834
M5
G0 X51.304 Y17.417
M3
G0 X50.721 Y17.417
M5
G0 X50.721 Y18.000
M3
G0 X51.304 Y18.000
M5
G0 X51.887 Y18.146
M3
G0 X50.138 Y18.146
M5
G0 X49.555 Y17.854
M3
G0 X43.142 Y17.854
M5
G0 X43.142 Y17.563
M3
G0 X46.057 Y17.563
M5
G0 X46.057 Y16.980
M3
G0 X43.142 Y16.980
M5
G0 X43.142 Y17.271
M3
G0 X49.555 Y17.271
M5
G0 X46.057 Y18.146
M3
G0 X43.142 Y18.146
M5
G0 X43.142 Y18.729
M3
G0 X46.057 Y18.729
M5
G0 X46.421 Y19.239
M3
G0 X46.421 Y13.409
M5
G0 X44.308 Y14.502
M3
G0 X43.725 Y14.502
M5
G0 X43.725 Y15.085
M3
G0 X44.308 Y15.085
M5
G0 X44.308 Y15.668
M3
G0 X43.725 Y15.668
M5
G0 X43.725 Y16.251
M3
G0 X44.308 Y16.251
M5
G0 X44.308 Y16.834
M3
G0 X43.725 Y16.834
M5
G0 X43.725 Y17.417
M3
G0 X44.308 Y17.417
M5
G0 X44.308 Y18.000
M3
G0 X43.725 Y18.000
M5
G0 X43.142 Y20.478
M3
G0 X45.474 Y20.478
M5
G0 X45.474 Y21.061
M3
G0 X43.142 Y21.061
M5
G0 X38.259 Y27.984
M3
G0 X38.259 Y32.648
M5
G0 X46.640 Y40.591
M3
G0 X4.664 Y40.591
M5
G0 X7.360 Y38.478
M3
G0 X7.360 Y37.312
M5
G0 X9.911 Y44.235
M3
G0 X11.077 Y44.235
M5
G0 X0.947 Y30.316
M3
G0 X0.947 Y27.401
M5
G0 X1.530 Y27.984
M3
G0 X1.530 Y29.150
M5
G0 X29.223 Y9.911
M3
G0 X29.223 Y6.996
M5
G0 X28.567 Y7.069
M3
G0 X30.899 Y7.069
M5
G0 X31.482 Y2.405
M3
G0 X28.567 Y2.405
M5
G0 X28.567 Y1.822
M3
G0 X31.482 Y1.822
M5
G0 X53.636 Y16.105
M3
G0 X56.551 Y16.105
M5
G0 X56.551 Y16.688
M3
G0 X53.636 Y16.688
M5
G0 X84.025 Y3.498
M3
G0 X84.025 Y0.000
M5
G0 X85.118 Y1.093
M3
G0 X86.867 Y1.093
M5
G0 X86.867 Y1.676
M3
G0 X84.535 Y1.676
M5
G0 X84.535 Y2.259
M3
G0 X86.867 Y2.259
M5
G0 X86.940 Y2.332
M3
G0 X86.940 Y0.000
M5
G0 X86.357 Y0.000
M3
G0 X86.357 Y6.413
M5
G0 X86.284 Y5.757
M3
G0 X85.701 Y5.757
M5
G0 X85.118 Y5.174
M3
G0 X86.284 Y5.174
M5
G0 X86.211 Y4.664
M3
G0 X86.211 Y2.332
M5
G0 X86.867 Y2.842
M3
G0 X85.118 Y2.842
M5
G0 X85.118 Y3.425
M3
G0 X86.284 Y3.425
M5
G0 X86.284 Y4.008
M3
G0 X85.118 Y4.008
M5
G0 X85.118 Y4.591
M3
G0 X86.284 Y4.591
M5
G0 X87.523 Y1.166
M3
G0 X87.523 Y0.000
M5
G0 X55.968 Y67.555
M3
G0 X55.385 Y67.555
M5
G0 X48.899 Y67.045
M3
G0 X48.899 Y65.879
M5
G0 X48.316 Y65.296
M3
G0 X48.316 Y64.130
M5
G0 X39.061 Y65.806
M3
G0 X38.478 Y65.806
M5
G0 X38.478 Y66.389
M3
G0 X39.061 Y66.389
M5
G0 X39.061 Y66.972
M3
G0 X38.478 Y66.972
M5
G0 X131.758 Y213.305
M3
G0 X132.924 Y213.305
M5
